code,name,metric,fy,basis,value,unit,source,as_of
1332,Nissui Corporation,dps,FY2026,actual,32.0,jpy,jquants,2026-05-20
1332,Nissui Corporation,eps,FY2026,actual,90.17,jpy,jquants,2026-05-20
1332,Nissui Corporation,net_profit,FY2026,actual,27517000000.0,jpy_abs,jquants,2026-05-20
1332,Nissui Corporation,net_sales,FY2026,actual,931265000000.0,jpy_abs,jquants,2026-05-20
1332,Nissui Corporation,operating_profit,FY2026,actual,40430000000.0,jpy_abs,jquants,2026-05-20
1332,Nissui Corporation,ordinary_profit,FY2026,actual,43187000000.0,jpy_abs,jquants,2026-05-20
1332,Nissui Corporation,dps,FY2027,company,32.0,jpy,jquants,2026-05-20
1332,Nissui Corporation,eps,FY2027,company,95.62,jpy,jquants,2026-05-20
1332,Nissui Corporation,eps,FY2027,consensus,97.19167,jpy,yfinance,2026-08-27
1332,Nissui Corporation,net_profit,FY2027,company,29000000000.0,jpy_abs,jquants,2026-05-20
1332,Nissui Corporation,net_sales,FY2027,company,980000000000.0,jpy_abs,jquants,2026-05-20
1332,Nissui Corporation,net_sales,FY2027,consensus,1002216666670.0,jpy_abs,yfinance,2026-08-27
1332,Nissui Corporation,operating_profit,FY2027,company,42500000000.0,jpy_abs,jquants,2026-05-20
1332,Nissui Corporation,ordinary_profit,FY2027,company,43000000000.0,jpy_abs,jquants,2026-05-20
1332,Nissui Corporation,eps,FY2028,consensus,106.14333,jpy,yfinance,2026-08-27
1332,Nissui Corporation,net_sales,FY2028,consensus,1046733333330.0,jpy_abs,yfinance,2026-08-27
1414,"SHO-BOND Holdings Co.,Ltd.",dps,FY2025,actual,175.5,jpy,jquants,2026-05-11
1414,"SHO-BOND Holdings Co.,Ltd.",eps,FY2025,actual,292.03,jpy,jquants,2026-05-11
1414,"SHO-BOND Holdings Co.,Ltd.",net_profit,FY2025,actual,15061000000.0,jpy_abs,jquants,2026-05-11
1414,"SHO-BOND Holdings Co.,Ltd.",net_sales,FY2025,actual,90712000000.0,jpy_abs,jquants,2026-05-11
1414,"SHO-BOND Holdings Co.,Ltd.",operating_profit,FY2025,actual,20794000000.0,jpy_abs,jquants,2026-05-11
1414,"SHO-BOND Holdings Co.,Ltd.",ordinary_profit,FY2025,actual,21139000000.0,jpy_abs,jquants,2026-05-11
1414,"SHO-BOND Holdings Co.,Ltd.",dps,FY2026,company,107.0,jpy,jquants,2026-05-11
1414,"SHO-BOND Holdings Co.,Ltd.",eps,FY2026,company,75.4,jpy,jquants,2026-05-11
1414,"SHO-BOND Holdings Co.,Ltd.",eps,FY2026,consensus,76.75424,jpy,yfinance,2026-08-27
1414,"SHO-BOND Holdings Co.,Ltd.",net_profit,FY2026,company,15300000000.0,jpy_abs,jquants,2026-05-11
1414,"SHO-BOND Holdings Co.,Ltd.",net_sales,FY2026,company,91000000000.0,jpy_abs,jquants,2026-05-11
1414,"SHO-BOND Holdings Co.,Ltd.",net_sales,FY2026,consensus,91025000000.0,jpy_abs,yfinance,2026-08-27
1414,"SHO-BOND Holdings Co.,Ltd.",operating_profit,FY2026,company,21000000000.0,jpy_abs,jquants,2026-05-11
1414,"SHO-BOND Holdings Co.,Ltd.",ordinary_profit,FY2026,company,21500000000.0,jpy_abs,jquants,2026-05-11
1414,"SHO-BOND Holdings Co.,Ltd.",eps,FY2027,consensus,80.64028,jpy,yfinance,2026-08-27
1414,"SHO-BOND Holdings Co.,Ltd.",net_sales,FY2027,consensus,97675000000.0,jpy_abs,yfinance,2026-08-27
1518,"MITSUI MATSUSHIMA HOLDINGS CO.,LTD.",dps,FY2026,actual,64.0,jpy,jquants,2026-05-13
1518,"MITSUI MATSUSHIMA HOLDINGS CO.,LTD.",eps,FY2026,actual,148.3,jpy,jquants,2026-05-13
1518,"MITSUI MATSUSHIMA HOLDINGS CO.,LTD.",net_profit,FY2026,actual,6716000000.0,jpy_abs,jquants,2026-05-13
1518,"MITSUI MATSUSHIMA HOLDINGS CO.,LTD.",net_sales,FY2026,actual,65468000000.0,jpy_abs,jquants,2026-05-13
1518,"MITSUI MATSUSHIMA HOLDINGS CO.,LTD.",operating_profit,FY2026,actual,9573000000.0,jpy_abs,jquants,2026-05-13
1518,"MITSUI MATSUSHIMA HOLDINGS CO.,LTD.",ordinary_profit,FY2026,actual,9944000000.0,jpy_abs,jquants,2026-05-13
1518,"MITSUI MATSUSHIMA HOLDINGS CO.,LTD.",dps,FY2027,company,74.0,jpy,jquants,2026-05-13
1518,"MITSUI MATSUSHIMA HOLDINGS CO.,LTD.",eps,FY2027,company,185.4,jpy,jquants,2026-05-13
1518,"MITSUI MATSUSHIMA HOLDINGS CO.,LTD.",net_profit,FY2027,company,7100000000.0,jpy_abs,jquants,2026-05-13
1518,"MITSUI MATSUSHIMA HOLDINGS CO.,LTD.",net_sales,FY2027,company,68000000000.0,jpy_abs,jquants,2026-05-13
1518,"MITSUI MATSUSHIMA HOLDINGS CO.,LTD.",net_sales,FY2027,consensus,0.0,jpy_abs,yfinance,2026-08-27
1518,"MITSUI MATSUSHIMA HOLDINGS CO.,LTD.",operating_profit,FY2027,company,9700000000.0,jpy_abs,jquants,2026-05-13
1518,"MITSUI MATSUSHIMA HOLDINGS CO.,LTD.",ordinary_profit,FY2027,company,10000000000.0,jpy_abs,jquants,2026-05-13
1518,"MITSUI MATSUSHIMA HOLDINGS CO.,LTD.",net_sales,FY2028,consensus,0.0,jpy_abs,yfinance,2026-08-27
1605,INPEX CORPORATION,dps,FY2025,actual,100.0,jpy,jquants,2026-05-13
1605,INPEX CORPORATION,eps,FY2025,actual,330.82,jpy,jquants,2026-05-13
1605,INPEX CORPORATION,net_profit,FY2025,actual,393836000000.0,jpy_abs,jquants,2026-05-13
1605,INPEX CORPORATION,net_sales,FY2025,actual,2011351000000.0,jpy_abs,jquants,2026-05-13
1605,INPEX CORPORATION,operating_profit,FY2025,actual,1135440000000.0,jpy_abs,jquants,2026-05-13
1605,INPEX CORPORATION,ordinary_profit,FY2025,actual,88145000000.0,jpy_abs,jquants,2026-05-13
1605,INPEX CORPORATION,dps,FY2026,company,108.0,jpy,jquants,2026-05-13
1605,INPEX CORPORATION,eps,FY2026,consensus,447.94833,jpy,yfinance,2026-08-27
1605,INPEX CORPORATION,net_sales,FY2026,consensus,2221501111110.0,jpy_abs,yfinance,2026-08-27
1605,INPEX CORPORATION,eps,FY2027,consensus,417.28116,jpy,yfinance,2026-08-27
1605,INPEX CORPORATION,net_sales,FY2027,consensus,2257914600000.0,jpy_abs,yfinance,2026-08-27
1662,"Japan Petroleum Exploration Co.,Ltd.",dps,FY2026,actual,65.0,jpy,jquants,2026-05-13
1662,"Japan Petroleum Exploration Co.,Ltd.",eps,FY2026,actual,208.74,jpy,jquants,2026-05-13
1662,"Japan Petroleum Exploration Co.,Ltd.",net_profit,FY2026,actual,53427000000.0,jpy_abs,jquants,2026-05-13
1662,"Japan Petroleum Exploration Co.,Ltd.",net_sales,FY2026,actual,340336000000.0,jpy_abs,jquants,2026-05-13
1662,"Japan Petroleum Exploration Co.,Ltd.",operating_profit,FY2026,actual,38915000000.0,jpy_abs,jquants,2026-05-13
1662,"Japan Petroleum Exploration Co.,Ltd.",ordinary_profit,FY2026,actual,61556000000.0,jpy_abs,jquants,2026-05-13
1662,"Japan Petroleum Exploration Co.,Ltd.",dps,FY2027,company,45.0,jpy,jquants,2026-05-13
1662,"Japan Petroleum Exploration Co.,Ltd.",eps,FY2027,company,234.38,jpy,jquants,2026-05-13
1662,"Japan Petroleum Exploration Co.,Ltd.",eps,FY2027,consensus,287.3,jpy,yfinance,2026-08-27
1662,"Japan Petroleum Exploration Co.,Ltd.",net_profit,FY2027,company,60000000000.0,jpy_abs,jquants,2026-05-13
1662,"Japan Petroleum Exploration Co.,Ltd.",net_sales,FY2027,company,303000000000.0,jpy_abs,jquants,2026-05-13
1662,"Japan Petroleum Exploration Co.,Ltd.",net_sales,FY2027,consensus,379660000000.0,jpy_abs,yfinance,2026-08-27
1662,"Japan Petroleum Exploration Co.,Ltd.",operating_profit,FY2027,company,41000000000.0,jpy_abs,jquants,2026-05-13
1662,"Japan Petroleum Exploration Co.,Ltd.",ordinary_profit,FY2027,company,45000000000.0,jpy_abs,jquants,2026-05-13
1662,"Japan Petroleum Exploration Co.,Ltd.",eps,FY2028,consensus,192.596,jpy,yfinance,2026-08-27
1662,"Japan Petroleum Exploration Co.,Ltd.",net_sales,FY2028,consensus,407140000000.0,jpy_abs,yfinance,2026-08-27
1719,HAZAMA ANDO CORPORATION,dps,FY2026,actual,80.0,jpy,jquants,2026-05-14
1719,HAZAMA ANDO CORPORATION,eps,FY2026,actual,189.68,jpy,jquants,2026-05-14
1719,HAZAMA ANDO CORPORATION,net_profit,FY2026,actual,29746000000.0,jpy_abs,jquants,2026-05-14
1719,HAZAMA ANDO CORPORATION,net_sales,FY2026,actual,439615000000.0,jpy_abs,jquants,2026-05-14
1719,HAZAMA ANDO CORPORATION,operating_profit,FY2026,actual,33618000000.0,jpy_abs,jquants,2026-05-14
1719,HAZAMA ANDO CORPORATION,ordinary_profit,FY2026,actual,33257000000.0,jpy_abs,jquants,2026-05-14
1719,HAZAMA ANDO CORPORATION,dps,FY2027,company,84.0,jpy,jquants,2026-05-14
1719,HAZAMA ANDO CORPORATION,eps,FY2027,company,141.51,jpy,jquants,2026-05-14
1719,HAZAMA ANDO CORPORATION,eps,FY2027,consensus,161.95332,jpy,yfinance,2026-08-27
1719,HAZAMA ANDO CORPORATION,net_profit,FY2027,company,22200000000.0,jpy_abs,jquants,2026-05-14
1719,HAZAMA ANDO CORPORATION,net_sales,FY2027,company,490000000000.0,jpy_abs,jquants,2026-05-14
1719,HAZAMA ANDO CORPORATION,net_sales,FY2027,consensus,474000000000.0,jpy_abs,yfinance,2026-08-27
1719,HAZAMA ANDO CORPORATION,operating_profit,FY2027,company,34000000000.0,jpy_abs,jquants,2026-05-14
1719,HAZAMA ANDO CORPORATION,ordinary_profit,FY2027,company,33600000000.0,jpy_abs,jquants,2026-05-14
1719,HAZAMA ANDO CORPORATION,eps,FY2028,consensus,159.63,jpy,yfinance,2026-08-27
1719,HAZAMA ANDO CORPORATION,net_sales,FY2028,consensus,488300000000.0,jpy_abs,yfinance,2026-08-27
1721,COMSYS Holdings Corporation,dps,FY2026,actual,130.0,jpy,jquants,2026-05-12
1721,COMSYS Holdings Corporation,eps,FY2026,actual,311.6,jpy,jquants,2026-05-12
1721,COMSYS Holdings Corporation,net_profit,FY2026,actual,36307000000.0,jpy_abs,jquants,2026-05-12
1721,COMSYS Holdings Corporation,net_sales,FY2026,actual,630658000000.0,jpy_abs,jquants,2026-05-12
1721,COMSYS Holdings Corporation,operating_profit,FY2026,actual,50904000000.0,jpy_abs,jquants,2026-05-12
1721,COMSYS Holdings Corporation,ordinary_profit,FY2026,actual,52164000000.0,jpy_abs,jquants,2026-05-12
1721,COMSYS Holdings Corporation,dps,FY2027,company,135.0,jpy,jquants,2026-05-12
1721,COMSYS Holdings Corporation,eps,FY2027,company,327.22,jpy,jquants,2026-05-12
1721,COMSYS Holdings Corporation,eps,FY2027,consensus,349.55,jpy,yfinance,2026-08-27
1721,COMSYS Holdings Corporation,net_profit,FY2027,company,37860000000.0,jpy_abs,jquants,2026-05-12
1721,COMSYS Holdings Corporation,net_sales,FY2027,company,670000000000.0,jpy_abs,jquants,2026-05-12
1721,COMSYS Holdings Corporation,net_sales,FY2027,consensus,671560000000.0,jpy_abs,yfinance,2026-08-27
1721,COMSYS Holdings Corporation,operating_profit,FY2027,company,54000000000.0,jpy_abs,jquants,2026-05-12
1721,COMSYS Holdings Corporation,ordinary_profit,FY2027,company,55000000000.0,jpy_abs,jquants,2026-05-12
1721,COMSYS Holdings Corporation,eps,FY2028,consensus,370.65,jpy,yfinance,2026-08-27
1721,COMSYS Holdings Corporation,net_sales,FY2028,consensus,699960000000.0,jpy_abs,yfinance,2026-08-27
1801,TAISEI CORPORATION,dps,FY2026,actual,310.0,jpy,jquants,2026-05-14
1801,TAISEI CORPORATION,eps,FY2026,actual,1025.53,jpy,jquants,2026-05-14
1801,TAISEI CORPORATION,net_profit,FY2026,actual,170004000000.0,jpy_abs,jquants,2026-05-14
1801,TAISEI CORPORATION,net_sales,FY2026,actual,2089091000000.0,jpy_abs,jquants,2026-05-14
1801,TAISEI CORPORATION,operating_profit,FY2026,actual,187973000000.0,jpy_abs,jquants,2026-05-14
1801,TAISEI CORPORATION,ordinary_profit,FY2026,actual,195777000000.0,jpy_abs,jquants,2026-05-14
1801,TAISEI CORPORATION,dps,FY2027,company,380.0,jpy,jquants,2026-05-14
1801,TAISEI CORPORATION,eps,FY2027,company,926.33,jpy,jquants,2026-05-14
1801,TAISEI CORPORATION,eps,FY2027,consensus,1032.1042,jpy,yfinance,2026-08-27
1801,TAISEI CORPORATION,net_profit,FY2027,company,151000000000.0,jpy_abs,jquants,2026-05-14
1801,TAISEI CORPORATION,net_sales,FY2027,company,2420000000000.0,jpy_abs,jquants,2026-05-14
1801,TAISEI CORPORATION,net_sales,FY2027,consensus,2420927250000.0,jpy_abs,yfinance,2026-08-27
1801,TAISEI CORPORATION,operating_profit,FY2027,company,188000000000.0,jpy_abs,jquants,2026-05-14
1801,TAISEI CORPORATION,ordinary_profit,FY2027,company,187000000000.0,jpy_abs,jquants,2026-05-14
1801,TAISEI CORPORATION,eps,FY2028,consensus,1004.73285,jpy,yfinance,2026-08-27
1801,TAISEI CORPORATION,net_sales,FY2028,consensus,2488497507500.0,jpy_abs,yfinance,2026-08-27
1802,OBAYASHI CORPORATION,dps,FY2026,actual,88.0,jpy,jquants,2026-05-13
1802,OBAYASHI CORPORATION,eps,FY2026,actual,249.42,jpy,jquants,2026-05-13
1802,OBAYASHI CORPORATION,net_profit,FY2026,actual,173759000000.0,jpy_abs,jquants,2026-05-13
1802,OBAYASHI CORPORATION,net_sales,FY2026,actual,2586258000000.0,jpy_abs,jquants,2026-05-13
1802,OBAYASHI CORPORATION,operating_profit,FY2026,actual,194678000000.0,jpy_abs,jquants,2026-05-13
1802,OBAYASHI CORPORATION,ordinary_profit,FY2026,actual,204195000000.0,jpy_abs,jquants,2026-05-13
1802,OBAYASHI CORPORATION,dps,FY2027,company,94.0,jpy,jquants,2026-05-13
1802,OBAYASHI CORPORATION,eps,FY2027,company,228.39,jpy,jquants,2026-05-13
1802,OBAYASHI CORPORATION,eps,FY2027,consensus,237.47626,jpy,yfinance,2026-08-27
1802,OBAYASHI CORPORATION,net_profit,FY2027,company,157000000000.0,jpy_abs,jquants,2026-05-13
1802,OBAYASHI CORPORATION,net_sales,FY2027,company,2945000000000.0,jpy_abs,jquants,2026-05-13
1802,OBAYASHI CORPORATION,net_sales,FY2027,consensus,2947273336240.0,jpy_abs,yfinance,2026-08-27
1802,OBAYASHI CORPORATION,operating_profit,FY2027,company,180000000000.0,jpy_abs,jquants,2026-05-13
1802,OBAYASHI CORPORATION,ordinary_profit,FY2027,company,183000000000.0,jpy_abs,jquants,2026-05-13
1802,OBAYASHI CORPORATION,eps,FY2028,consensus,243.90875,jpy,yfinance,2026-08-27
1802,OBAYASHI CORPORATION,net_sales,FY2028,consensus,3014144141240.0,jpy_abs,yfinance,2026-08-27
1803,SHIMIZU CORPORATION,dps,FY2026,actual,72.0,jpy,jquants,2026-05-12
1803,SHIMIZU CORPORATION,eps,FY2026,actual,186.68,jpy,jquants,2026-05-12
1803,SHIMIZU CORPORATION,net_profit,FY2026,actual,126617000000.0,jpy_abs,jquants,2026-05-12
1803,SHIMIZU CORPORATION,net_sales,FY2026,actual,2057802000000.0,jpy_abs,jquants,2026-05-12
1803,SHIMIZU CORPORATION,operating_profit,FY2026,actual,118669000000.0,jpy_abs,jquants,2026-05-12
1803,SHIMIZU CORPORATION,ordinary_profit,FY2026,actual,122324000000.0,jpy_abs,jquants,2026-05-12
1803,SHIMIZU CORPORATION,dps,FY2027,company,77.0,jpy,jquants,2026-05-12
1803,SHIMIZU CORPORATION,eps,FY2027,company,191.4,jpy,jquants,2026-05-12
1803,SHIMIZU CORPORATION,eps,FY2027,consensus,241.79167,jpy,yfinance,2026-08-27
1803,SHIMIZU CORPORATION,net_profit,FY2027,company,130000000000.0,jpy_abs,jquants,2026-05-12
1803,SHIMIZU CORPORATION,net_sales,FY2027,company,2310000000000.0,jpy_abs,jquants,2026-05-12
1803,SHIMIZU CORPORATION,net_sales,FY2027,consensus,2292436142860.0,jpy_abs,yfinance,2026-08-27
1803,SHIMIZU CORPORATION,operating_profit,FY2027,company,153000000000.0,jpy_abs,jquants,2026-05-12
1803,SHIMIZU CORPORATION,ordinary_profit,FY2027,company,148000000000.0,jpy_abs,jquants,2026-05-12
1803,SHIMIZU CORPORATION,eps,FY2028,consensus,195.58714,jpy,yfinance,2026-08-27
1803,SHIMIZU CORPORATION,net_sales,FY2028,consensus,2308346000000.0,jpy_abs,yfinance,2026-08-27
1808,HASEKO Corporation,dps,FY2026,actual,95.0,jpy,jquants,2026-05-15
1808,HASEKO Corporation,eps,FY2026,actual,204.54,jpy,jquants,2026-05-15
1808,HASEKO Corporation,net_profit,FY2026,actual,54839000000.0,jpy_abs,jquants,2026-05-15
1808,HASEKO Corporation,net_sales,FY2026,actual,1273136000000.0,jpy_abs,jquants,2026-05-15
1808,HASEKO Corporation,operating_profit,FY2026,actual,98743000000.0,jpy_abs,jquants,2026-05-15
1808,HASEKO Corporation,ordinary_profit,FY2026,actual,94051000000.0,jpy_abs,jquants,2026-05-15
1808,HASEKO Corporation,dps,FY2027,company,100.0,jpy,jquants,2026-05-15
1808,HASEKO Corporation,eps,FY2027,company,249.39,jpy,jquants,2026-05-15
1808,HASEKO Corporation,eps,FY2027,company_h1,113.36,jpy,jquants,2026-05-15
1808,HASEKO Corporation,eps,FY2027,consensus,265.19223,jpy,yfinance,2026-08-27
1808,HASEKO Corporation,net_profit,FY2027,company,66000000000.0,jpy_abs,jquants,2026-05-15
1808,HASEKO Corporation,net_profit,FY2027,company_h1,30000000000.0,jpy_abs,jquants,2026-05-15
1808,HASEKO Corporation,net_sales,FY2027,company,1380000000000.0,jpy_abs,jquants,2026-05-15
1808,HASEKO Corporation,net_sales,FY2027,company_h1,630000000000.0,jpy_abs,jquants,2026-05-15
1808,HASEKO Corporation,net_sales,FY2027,consensus,1377363958500.0,jpy_abs,yfinance,2026-08-27
1808,HASEKO Corporation,operating_profit,FY2027,company,110000000000.0,jpy_abs,jquants,2026-05-15
1808,HASEKO Corporation,operating_profit,FY2027,company_h1,49000000000.0,jpy_abs,jquants,2026-05-15
1808,HASEKO Corporation,ordinary_profit,FY2027,company,105000000000.0,jpy_abs,jquants,2026-05-15
1808,HASEKO Corporation,ordinary_profit,FY2027,company_h1,47000000000.0,jpy_abs,jquants,2026-05-15
1808,HASEKO Corporation,eps,FY2028,consensus,294.21445,jpy,yfinance,2026-08-27
1808,HASEKO Corporation,net_sales,FY2028,consensus,1444762393290.0,jpy_abs,yfinance,2026-08-27
1812,KAJIMA CORPORATION,dps,FY2026,actual,146.0,jpy,jquants,2026-05-14
1812,KAJIMA CORPORATION,eps,FY2026,actual,379.81,jpy,jquants,2026-05-14
1812,KAJIMA CORPORATION,net_profit,FY2026,actual,177334000000.0,jpy_abs,jquants,2026-05-14
1812,KAJIMA CORPORATION,net_sales,FY2026,actual,3067275000000.0,jpy_abs,jquants,2026-05-14
1812,KAJIMA CORPORATION,operating_profit,FY2026,actual,240780000000.0,jpy_abs,jquants,2026-05-14
1812,KAJIMA CORPORATION,ordinary_profit,FY2026,actual,240420000000.0,jpy_abs,jquants,2026-05-14
1812,KAJIMA CORPORATION,dps,FY2027,company,146.0,jpy,jquants,2026-05-14
1812,KAJIMA CORPORATION,eps,FY2027,company,364.85,jpy,jquants,2026-05-14
1812,KAJIMA CORPORATION,eps,FY2027,consensus,396.90167,jpy,yfinance,2026-08-27
1812,KAJIMA CORPORATION,net_profit,FY2027,company,170000000000.0,jpy_abs,jquants,2026-05-14
1812,KAJIMA CORPORATION,net_sales,FY2027,company,2900000000000.0,jpy_abs,jquants,2026-05-14
1812,KAJIMA CORPORATION,net_sales,FY2027,consensus,2954457571430.0,jpy_abs,yfinance,2026-08-27
1812,KAJIMA CORPORATION,operating_profit,FY2027,company,200000000000.0,jpy_abs,jquants,2026-05-14
1812,KAJIMA CORPORATION,ordinary_profit,FY2027,company,206000000000.0,jpy_abs,jquants,2026-05-14
1812,KAJIMA CORPORATION,eps,FY2028,consensus,431.53857,jpy,yfinance,2026-08-27
1812,KAJIMA CORPORATION,net_sales,FY2028,consensus,3162042857140.0,jpy_abs,yfinance,2026-08-27
1878,"DAITO TRUST CONSTRUCTION CO.,LTD.",dps,FY2026,actual,49548000000.0,jpy,jquants,2026-05-26
1878,"DAITO TRUST CONSTRUCTION CO.,LTD.",eps,FY2026,actual,299.01,jpy,jquants,2026-05-26
1878,"DAITO TRUST CONSTRUCTION CO.,LTD.",net_profit,FY2026,actual,99030000000.0,jpy_abs,jquants,2026-05-26
1878,"DAITO TRUST CONSTRUCTION CO.,LTD.",net_sales,FY2026,actual,1984743000000.0,jpy_abs,jquants,2026-05-26
1878,"DAITO TRUST CONSTRUCTION CO.,LTD.",operating_profit,FY2026,actual,135256000000.0,jpy_abs,jquants,2026-05-26
1878,"DAITO TRUST CONSTRUCTION CO.,LTD.",ordinary_profit,FY2026,actual,139169000000.0,jpy_abs,jquants,2026-05-26
1878,"DAITO TRUST CONSTRUCTION CO.,LTD.",dps,FY2027,company,163.0,jpy,jquants,2026-05-26
1878,"DAITO TRUST CONSTRUCTION CO.,LTD.",eps,FY2027,company,326.0,jpy,jquants,2026-05-26
1878,"DAITO TRUST CONSTRUCTION CO.,LTD.",eps,FY2027,company_h1,184.0,jpy,jquants,2026-05-26
1878,"DAITO TRUST CONSTRUCTION CO.,LTD.",eps,FY2027,consensus,333.66586,jpy,yfinance,2026-08-27
1878,"DAITO TRUST CONSTRUCTION CO.,LTD.",net_profit,FY2027,company,108000000000.0,jpy_abs,jquants,2026-05-26
1878,"DAITO TRUST CONSTRUCTION CO.,LTD.",net_profit,FY2027,company_h1,61000000000.0,jpy_abs,jquants,2026-05-26
1878,"DAITO TRUST CONSTRUCTION CO.,LTD.",net_sales,FY2027,company,2050000000000.0,jpy_abs,jquants,2026-05-26
1878,"DAITO TRUST CONSTRUCTION CO.,LTD.",net_sales,FY2027,company_h1,990000000000.0,jpy_abs,jquants,2026-05-26
1878,"DAITO TRUST CONSTRUCTION CO.,LTD.",net_sales,FY2027,consensus,2058974952290.0,jpy_abs,yfinance,2026-08-27
1878,"DAITO TRUST CONSTRUCTION CO.,LTD.",operating_profit,FY2027,company,142000000000.0,jpy_abs,jquants,2026-05-26
1878,"DAITO TRUST CONSTRUCTION CO.,LTD.",operating_profit,FY2027,company_h1,70000000000.0,jpy_abs,jquants,2026-05-26
1878,"DAITO TRUST CONSTRUCTION CO.,LTD.",ordinary_profit,FY2027,company,140000000000.0,jpy_abs,jquants,2026-05-26
1878,"DAITO TRUST CONSTRUCTION CO.,LTD.",ordinary_profit,FY2027,company_h1,69000000000.0,jpy_abs,jquants,2026-05-26
1878,"DAITO TRUST CONSTRUCTION CO.,LTD.",eps,FY2028,consensus,326.1204,jpy,yfinance,2026-08-27
1878,"DAITO TRUST CONSTRUCTION CO.,LTD.",net_sales,FY2028,consensus,2128864646319.0,jpy_abs,yfinance,2026-08-27
1885,TOA CORPORATION,dps,FY2026,actual,100.0,jpy,jquants,2026-05-13
1885,TOA CORPORATION,eps,FY2026,actual,248.4,jpy,jquants,2026-05-13
1885,TOA CORPORATION,net_profit,FY2026,actual,19361000000.0,jpy_abs,jquants,2026-05-13
1885,TOA CORPORATION,net_sales,FY2026,actual,358697000000.0,jpy_abs,jquants,2026-05-13
1885,TOA CORPORATION,operating_profit,FY2026,actual,24199000000.0,jpy_abs,jquants,2026-05-13
1885,TOA CORPORATION,ordinary_profit,FY2026,actual,24600000000.0,jpy_abs,jquants,2026-05-13
1885,TOA CORPORATION,dps,FY2027,company,77.0,jpy,jquants,2026-05-13
1885,TOA CORPORATION,eps,FY2027,company,187.54,jpy,jquants,2026-05-13
1885,TOA CORPORATION,eps,FY2027,consensus,217.75,jpy,yfinance,2026-08-27
1885,TOA CORPORATION,net_profit,FY2027,company,14500000000.0,jpy_abs,jquants,2026-05-13
1885,TOA CORPORATION,net_sales,FY2027,company,360000000000.0,jpy_abs,jquants,2026-05-13
1885,TOA CORPORATION,net_sales,FY2027,consensus,349200000000.0,jpy_abs,yfinance,2026-08-27
1885,TOA CORPORATION,operating_profit,FY2027,company,21100000000.0,jpy_abs,jquants,2026-05-13
1885,TOA CORPORATION,ordinary_profit,FY2027,company,20800000000.0,jpy_abs,jquants,2026-05-13
1885,TOA CORPORATION,eps,FY2028,consensus,226.8,jpy,yfinance,2026-08-27
1885,TOA CORPORATION,net_sales,FY2028,consensus,360700000000.0,jpy_abs,yfinance,2026-08-27
1893,"PENTA-OCEAN CONSTRUCTION CO.,LTD.",dps,FY2026,actual,48.0,jpy,jquants,2026-05-08
1893,"PENTA-OCEAN CONSTRUCTION CO.,LTD.",eps,FY2026,actual,125.58,jpy,jquants,2026-05-08
1893,"PENTA-OCEAN CONSTRUCTION CO.,LTD.",net_profit,FY2026,actual,34692000000.0,jpy_abs,jquants,2026-05-08
1893,"PENTA-OCEAN CONSTRUCTION CO.,LTD.",net_sales,FY2026,actual,794306000000.0,jpy_abs,jquants,2026-05-08
1893,"PENTA-OCEAN CONSTRUCTION CO.,LTD.",operating_profit,FY2026,actual,55304000000.0,jpy_abs,jquants,2026-05-08
1893,"PENTA-OCEAN CONSTRUCTION CO.,LTD.",ordinary_profit,FY2026,actual,53195000000.0,jpy_abs,jquants,2026-05-08
1893,"PENTA-OCEAN CONSTRUCTION CO.,LTD.",dps,FY2027,company,52.0,jpy,jquants,2026-05-08
1893,"PENTA-OCEAN CONSTRUCTION CO.,LTD.",eps,FY2027,company,129.88,jpy,jquants,2026-05-08
1893,"PENTA-OCEAN CONSTRUCTION CO.,LTD.",eps,FY2027,consensus,134.48857,jpy,yfinance,2026-08-27
1893,"PENTA-OCEAN CONSTRUCTION CO.,LTD.",net_profit,FY2027,company,35000000000.0,jpy_abs,jquants,2026-05-08
1893,"PENTA-OCEAN CONSTRUCTION CO.,LTD.",net_sales,FY2027,company,818000000000.0,jpy_abs,jquants,2026-05-08
1893,"PENTA-OCEAN CONSTRUCTION CO.,LTD.",net_sales,FY2027,consensus,812000000000.0,jpy_abs,yfinance,2026-08-27
1893,"PENTA-OCEAN CONSTRUCTION CO.,LTD.",operating_profit,FY2027,company,59000000000.0,jpy_abs,jquants,2026-05-08
1893,"PENTA-OCEAN CONSTRUCTION CO.,LTD.",ordinary_profit,FY2027,company,54000000000.0,jpy_abs,jquants,2026-05-08
1893,"PENTA-OCEAN CONSTRUCTION CO.,LTD.",eps,FY2028,consensus,145.37572,jpy,yfinance,2026-08-27
1893,"PENTA-OCEAN CONSTRUCTION CO.,LTD.",net_sales,FY2028,consensus,848571428570.0,jpy_abs,yfinance,2026-08-27
1911,"Sumitomo Forestry Co.,Ltd.",dps,FY2025,actual,32737000000.0,jpy,jquants,2026-05-07
1911,"Sumitomo Forestry Co.,Ltd.",eps,FY2025,actual,174.13,jpy,jquants,2026-05-07
1911,"Sumitomo Forestry Co.,Ltd.",net_profit,FY2025,actual,106666000000.0,jpy_abs,jquants,2026-05-07
1911,"Sumitomo Forestry Co.,Ltd.",net_sales,FY2025,actual,2267577000000.0,jpy_abs,jquants,2026-05-07
1911,"Sumitomo Forestry Co.,Ltd.",operating_profit,FY2025,actual,168724000000.0,jpy_abs,jquants,2026-05-07
1911,"Sumitomo Forestry Co.,Ltd.",ordinary_profit,FY2025,actual,174900000000.0,jpy_abs,jquants,2026-05-07
1911,"Sumitomo Forestry Co.,Ltd.",dps,FY2026,company,50.0,jpy,jquants,2026-05-07
1911,"Sumitomo Forestry Co.,Ltd.",eps,FY2026,company,155.09,jpy,jquants,2026-05-07
1911,"Sumitomo Forestry Co.,Ltd.",eps,FY2026,consensus,99.51,jpy,yfinance,2026-08-27
1911,"Sumitomo Forestry Co.,Ltd.",net_profit,FY2026,company,95000000000.0,jpy_abs,jquants,2026-05-07
1911,"Sumitomo Forestry Co.,Ltd.",net_sales,FY2026,company,2590000000000.0,jpy_abs,jquants,2026-05-07
1911,"Sumitomo Forestry Co.,Ltd.",net_sales,FY2026,consensus,2934533333330.0,jpy_abs,yfinance,2026-08-27
1911,"Sumitomo Forestry Co.,Ltd.",operating_profit,FY2026,company,157000000000.0,jpy_abs,jquants,2026-05-07
1911,"Sumitomo Forestry Co.,Ltd.",ordinary_profit,FY2026,company,160000000000.0,jpy_abs,jquants,2026-05-07
1911,"Sumitomo Forestry Co.,Ltd.",eps,FY2027,consensus,173.955,jpy,yfinance,2026-08-27
1911,"Sumitomo Forestry Co.,Ltd.",net_sales,FY2027,consensus,3200800000000.0,jpy_abs,yfinance,2026-08-27
1925,"DAIWA HOUSE INDUSTRY CO.,LTD.",dps,FY2026,actual,175.0,jpy,jquants,2026-05-13
1925,"DAIWA HOUSE INDUSTRY CO.,LTD.",eps,FY2026,actual,566.47,jpy,jquants,2026-05-13
1925,"DAIWA HOUSE INDUSTRY CO.,LTD.",net_profit,FY2026,actual,350568000000.0,jpy_abs,jquants,2026-05-13
1925,"DAIWA HOUSE INDUSTRY CO.,LTD.",net_sales,FY2026,actual,5576861000000.0,jpy_abs,jquants,2026-05-13
1925,"DAIWA HOUSE INDUSTRY CO.,LTD.",operating_profit,FY2026,actual,614879000000.0,jpy_abs,jquants,2026-05-13
1925,"DAIWA HOUSE INDUSTRY CO.,LTD.",ordinary_profit,FY2026,actual,571971000000.0,jpy_abs,jquants,2026-05-13
1925,"DAIWA HOUSE INDUSTRY CO.,LTD.",dps,FY2027,company,131.0,jpy,jquants,2026-05-13
1925,"DAIWA HOUSE INDUSTRY CO.,LTD.",eps,FY2027,company,183.26,jpy,jquants,2026-05-13
1925,"DAIWA HOUSE INDUSTRY CO.,LTD.",eps,FY2027,consensus,444.25104,jpy,yfinance,2026-08-27
1925,"DAIWA HOUSE INDUSTRY CO.,LTD.",net_profit,FY2027,company,227000000000.0,jpy_abs,jquants,2026-05-13
1925,"DAIWA HOUSE INDUSTRY CO.,LTD.",net_sales,FY2027,company,5800000000000.0,jpy_abs,jquants,2026-05-13
1925,"DAIWA HOUSE INDUSTRY CO.,LTD.",net_sales,FY2027,consensus,5937238761240.0,jpy_abs,yfinance,2026-08-27
1925,"DAIWA HOUSE INDUSTRY CO.,LTD.",operating_profit,FY2027,company,400000000000.0,jpy_abs,jquants,2026-05-13
1925,"DAIWA HOUSE INDUSTRY CO.,LTD.",ordinary_profit,FY2027,company,342000000000.0,jpy_abs,jquants,2026-05-13
1925,"DAIWA HOUSE INDUSTRY CO.,LTD.",eps,FY2028,consensus,511.9044,jpy,yfinance,2026-08-27
1925,"DAIWA HOUSE INDUSTRY CO.,LTD.",net_sales,FY2028,consensus,6178845986970.0,jpy_abs,yfinance,2026-08-27
1928,"Sekisui House,Ltd.",dps,FY2026,actual,144.0,jpy,jquants,2026-06-04
1928,"Sekisui House,Ltd.",eps,FY2026,actual,358.07,jpy,jquants,2026-06-04
1928,"Sekisui House,Ltd.",net_profit,FY2026,actual,232095000000.0,jpy_abs,jquants,2026-06-04
1928,"Sekisui House,Ltd.",net_sales,FY2026,actual,4197922000000.0,jpy_abs,jquants,2026-06-04
1928,"Sekisui House,Ltd.",operating_profit,FY2026,actual,341402000000.0,jpy_abs,jquants,2026-06-04
1928,"Sekisui House,Ltd.",ordinary_profit,FY2026,actual,327800000000.0,jpy_abs,jquants,2026-06-04
1928,"Sekisui House,Ltd.",dps,FY2027,company,145.0,jpy,jquants,2026-06-04
1928,"Sekisui House,Ltd.",eps,FY2027,company,336.3,jpy,jquants,2026-06-04
1928,"Sekisui House,Ltd.",eps,FY2027,consensus,339.11566,jpy,yfinance,2026-08-27
1928,"Sekisui House,Ltd.",net_profit,FY2027,company,218000000000.0,jpy_abs,jquants,2026-06-04
1928,"Sekisui House,Ltd.",net_sales,FY2027,company,4353000000000.0,jpy_abs,jquants,2026-06-04
1928,"Sekisui House,Ltd.",net_sales,FY2027,consensus,4295889340560.0,jpy_abs,yfinance,2026-08-27
1928,"Sekisui House,Ltd.",operating_profit,FY2027,company,350000000000.0,jpy_abs,jquants,2026-06-04
1928,"Sekisui House,Ltd.",ordinary_profit,FY2027,company,314000000000.0,jpy_abs,jquants,2026-06-04
1928,"Sekisui House,Ltd.",eps,FY2028,consensus,365.21378,jpy,yfinance,2026-08-27
1928,"Sekisui House,Ltd.",net_sales,FY2028,consensus,4522356594130.0,jpy_abs,yfinance,2026-08-27
1942,"KANDENKO CO.,LTD.",dps,FY2026,actual,124.0,jpy,jquants,2026-06-01
1942,"KANDENKO CO.,LTD.",eps,FY2026,actual,311.77,jpy,jquants,2026-06-01
1942,"KANDENKO CO.,LTD.",net_profit,FY2026,actual,63516000000.0,jpy_abs,jquants,2026-06-01
1942,"KANDENKO CO.,LTD.",net_sales,FY2026,actual,742022000000.0,jpy_abs,jquants,2026-06-01
1942,"KANDENKO CO.,LTD.",operating_profit,FY2026,actual,83140000000.0,jpy_abs,jquants,2026-06-01
1942,"KANDENKO CO.,LTD.",ordinary_profit,FY2026,actual,84981000000.0,jpy_abs,jquants,2026-06-01
1942,"KANDENKO CO.,LTD.",dps,FY2027,company,130.0,jpy,jquants,2026-06-01
1942,"KANDENKO CO.,LTD.",eps,FY2027,company,326.61,jpy,jquants,2026-06-01
1942,"KANDENKO CO.,LTD.",eps,FY2027,company_h1,142.2,jpy,jquants,2026-06-01
1942,"KANDENKO CO.,LTD.",eps,FY2027,consensus,354.54428,jpy,yfinance,2026-08-27
1942,"KANDENKO CO.,LTD.",net_profit,FY2027,company,65000000000.0,jpy_abs,jquants,2026-06-01
1942,"KANDENKO CO.,LTD.",net_profit,FY2027,company_h1,28300000000.0,jpy_abs,jquants,2026-06-01
1942,"KANDENKO CO.,LTD.",net_sales,FY2027,company,780000000000.0,jpy_abs,jquants,2026-06-01
1942,"KANDENKO CO.,LTD.",net_sales,FY2027,company_h1,361000000000.0,jpy_abs,jquants,2026-06-01
1942,"KANDENKO CO.,LTD.",net_sales,FY2027,consensus,787750000000.0,jpy_abs,yfinance,2026-08-27
1942,"KANDENKO CO.,LTD.",operating_profit,FY2027,company,90000000000.0,jpy_abs,jquants,2026-06-01
1942,"KANDENKO CO.,LTD.",operating_profit,FY2027,company_h1,43200000000.0,jpy_abs,jquants,2026-06-01
1942,"KANDENKO CO.,LTD.",ordinary_profit,FY2027,company,90500000000.0,jpy_abs,jquants,2026-06-01
1942,"KANDENKO CO.,LTD.",ordinary_profit,FY2027,company_h1,43500000000.0,jpy_abs,jquants,2026-06-01
1942,"KANDENKO CO.,LTD.",eps,FY2028,consensus,384.96713,jpy,yfinance,2026-08-27
1942,"KANDENKO CO.,LTD.",net_sales,FY2028,consensus,840285714290.0,jpy_abs,yfinance,2026-08-27
1944,KINDEN CORPORATION,dps,FY2026,actual,130.0,jpy,jquants,2026-04-27
1944,KINDEN CORPORATION,eps,FY2026,actual,350.53,jpy,jquants,2026-04-27
1944,KINDEN CORPORATION,net_profit,FY2026,actual,69447000000.0,jpy_abs,jquants,2026-04-27
1944,KINDEN CORPORATION,net_sales,FY2026,actual,750742000000.0,jpy_abs,jquants,2026-04-27
1944,KINDEN CORPORATION,operating_profit,FY2026,actual,90256000000.0,jpy_abs,jquants,2026-04-27
1944,KINDEN CORPORATION,ordinary_profit,FY2026,actual,94493000000.0,jpy_abs,jquants,2026-04-27
1944,KINDEN CORPORATION,dps,FY2027,company,240.0,jpy,jquants,2026-04-27
1944,KINDEN CORPORATION,eps,FY2027,company,406.46,jpy,jquants,2026-04-27
1944,KINDEN CORPORATION,eps,FY2027,company_h1,150.97,jpy,jquants,2026-04-27
1944,KINDEN CORPORATION,eps,FY2027,consensus,451.922,jpy,yfinance,2026-08-27
1944,KINDEN CORPORATION,net_profit,FY2027,company,70000000000.0,jpy_abs,jquants,2026-04-27
1944,KINDEN CORPORATION,net_profit,FY2027,company_h1,27000000000.0,jpy_abs,jquants,2026-04-27
1944,KINDEN CORPORATION,net_sales,FY2027,company,810000000000.0,jpy_abs,jquants,2026-04-27
1944,KINDEN CORPORATION,net_sales,FY2027,company_h1,340000000000.0,jpy_abs,jquants,2026-04-27
1944,KINDEN CORPORATION,net_sales,FY2027,consensus,825416666670.0,jpy_abs,yfinance,2026-08-27
1944,KINDEN CORPORATION,operating_profit,FY2027,company,97000000000.0,jpy_abs,jquants,2026-04-27
1944,KINDEN CORPORATION,operating_profit,FY2027,company_h1,35500000000.0,jpy_abs,jquants,2026-04-27
1944,KINDEN CORPORATION,ordinary_profit,FY2027,company,96000000000.0,jpy_abs,jquants,2026-04-27
1944,KINDEN CORPORATION,ordinary_profit,FY2027,company_h1,36000000000.0,jpy_abs,jquants,2026-04-27
1944,KINDEN CORPORATION,eps,FY2028,consensus,476.67285,jpy,yfinance,2026-08-27
1944,KINDEN CORPORATION,net_sales,FY2028,consensus,871000000000.0,jpy_abs,yfinance,2026-08-27
1951,"EXEO Group,Inc.",dps,FY2026,actual,68.0,jpy,jquants,2026-05-13
1951,"EXEO Group,Inc.",eps,FY2026,actual,151.13,jpy,jquants,2026-05-13
1951,"EXEO Group,Inc.",net_profit,FY2026,actual,31031000000.0,jpy_abs,jquants,2026-05-13
1951,"EXEO Group,Inc.",net_sales,FY2026,actual,787715000000.0,jpy_abs,jquants,2026-05-13
1951,"EXEO Group,Inc.",operating_profit,FY2026,actual,52016000000.0,jpy_abs,jquants,2026-05-13
1951,"EXEO Group,Inc.",ordinary_profit,FY2026,actual,52723000000.0,jpy_abs,jquants,2026-05-13
1951,"EXEO Group,Inc.",dps,FY2027,company,80.0,jpy,jquants,2026-05-13
1951,"EXEO Group,Inc.",eps,FY2027,company,174.82,jpy,jquants,2026-05-13
1951,"EXEO Group,Inc.",eps,FY2027,consensus,185.438,jpy,yfinance,2026-08-27
1951,"EXEO Group,Inc.",net_profit,FY2027,company,35500000000.0,jpy_abs,jquants,2026-05-13
1951,"EXEO Group,Inc.",net_sales,FY2027,company,750000000000.0,jpy_abs,jquants,2026-05-13
1951,"EXEO Group,Inc.",net_sales,FY2027,consensus,756200000000.0,jpy_abs,yfinance,2026-08-27
1951,"EXEO Group,Inc.",operating_profit,FY2027,company,56000000000.0,jpy_abs,jquants,2026-05-13
1951,"EXEO Group,Inc.",ordinary_profit,FY2027,company,54500000000.0,jpy_abs,jquants,2026-05-13
1951,"EXEO Group,Inc.",eps,FY2028,consensus,195.95,jpy,yfinance,2026-08-27
1951,"EXEO Group,Inc.",net_sales,FY2028,consensus,775700000000.0,jpy_abs,yfinance,2026-08-27
1959,KRAFTIA CORPORATION,dps,FY2026,actual,220.0,jpy,jquants,2026-04-28
1959,KRAFTIA CORPORATION,eps,FY2026,actual,566.25,jpy,jquants,2026-04-28
1959,KRAFTIA CORPORATION,net_profit,FY2026,actual,40053000000.0,jpy_abs,jquants,2026-04-28
1959,KRAFTIA CORPORATION,net_sales,FY2026,actual,476123000000.0,jpy_abs,jquants,2026-04-28
1959,KRAFTIA CORPORATION,operating_profit,FY2026,actual,54600000000.0,jpy_abs,jquants,2026-04-28
1959,KRAFTIA CORPORATION,ordinary_profit,FY2026,actual,58157000000.0,jpy_abs,jquants,2026-04-28
1959,KRAFTIA CORPORATION,dps,FY2027,company,220.0,jpy,jquants,2026-04-28
1959,KRAFTIA CORPORATION,eps,FY2027,company,572.56,jpy,jquants,2026-04-28
1959,KRAFTIA CORPORATION,eps,FY2027,consensus,599.919,jpy,yfinance,2026-08-27
1959,KRAFTIA CORPORATION,net_profit,FY2027,company,40500000000.0,jpy_abs,jquants,2026-04-28
1959,KRAFTIA CORPORATION,net_sales,FY2027,company,500000000000.0,jpy_abs,jquants,2026-04-28
1959,KRAFTIA CORPORATION,net_sales,FY2027,consensus,504268714290.0,jpy_abs,yfinance,2026-08-27
1959,KRAFTIA CORPORATION,operating_profit,FY2027,company,55500000000.0,jpy_abs,jquants,2026-04-28
1959,KRAFTIA CORPORATION,ordinary_profit,FY2027,company,59000000000.0,jpy_abs,jquants,2026-04-28
1959,KRAFTIA CORPORATION,eps,FY2028,consensus,668.19653,jpy,yfinance,2026-08-27
1959,KRAFTIA CORPORATION,net_sales,FY2028,consensus,528131000000.0,jpy_abs,yfinance,2026-08-27
1961,"SANKI ENGINEERING CO.,LTD.",dps,FY2026,actual,195.0,jpy,jquants,2026-05-14
1961,"SANKI ENGINEERING CO.,LTD.",eps,FY2026,actual,153.51,jpy,jquants,2026-05-14
1961,"SANKI ENGINEERING CO.,LTD.",net_profit,FY2026,actual,23688000000.0,jpy_abs,jquants,2026-05-14
1961,"SANKI ENGINEERING CO.,LTD.",net_sales,FY2026,actual,254674000000.0,jpy_abs,jquants,2026-05-14
1961,"SANKI ENGINEERING CO.,LTD.",operating_profit,FY2026,actual,27991000000.0,jpy_abs,jquants,2026-05-14
1961,"SANKI ENGINEERING CO.,LTD.",ordinary_profit,FY2026,actual,29287000000.0,jpy_abs,jquants,2026-05-14
1961,"SANKI ENGINEERING CO.,LTD.",dps,FY2027,company,65.0,jpy,jquants,2026-05-14
1961,"SANKI ENGINEERING CO.,LTD.",eps,FY2027,company,165.63,jpy,jquants,2026-05-14
1961,"SANKI ENGINEERING CO.,LTD.",eps,FY2027,consensus,172.7,jpy,yfinance,2026-08-27
1961,"SANKI ENGINEERING CO.,LTD.",net_profit,FY2027,company,25300000000.0,jpy_abs,jquants,2026-05-14
1961,"SANKI ENGINEERING CO.,LTD.",net_sales,FY2027,company,260000000000.0,jpy_abs,jquants,2026-05-14
1961,"SANKI ENGINEERING CO.,LTD.",net_sales,FY2027,consensus,272500000000.0,jpy_abs,yfinance,2026-08-27
1961,"SANKI ENGINEERING CO.,LTD.",operating_profit,FY2027,company,29500000000.0,jpy_abs,jquants,2026-05-14
1961,"SANKI ENGINEERING CO.,LTD.",ordinary_profit,FY2027,company,30000000000.0,jpy_abs,jquants,2026-05-14
1961,"SANKI ENGINEERING CO.,LTD.",eps,FY2028,consensus,189.0,jpy,yfinance,2026-08-27
1961,"SANKI ENGINEERING CO.,LTD.",net_sales,FY2028,consensus,287500000000.0,jpy_abs,yfinance,2026-08-27
1969,"Takasago Thermal Engineering Co.,Ltd.",dps,FY2026,actual,15336000000.0,jpy,jquants,2026-05-12
1969,"Takasago Thermal Engineering Co.,Ltd.",eps,FY2026,actual,285.73,jpy,jquants,2026-05-12
1969,"Takasago Thermal Engineering Co.,Ltd.",net_profit,FY2026,actual,37470000000.0,jpy_abs,jquants,2026-05-12
1969,"Takasago Thermal Engineering Co.,Ltd.",net_sales,FY2026,actual,423923000000.0,jpy_abs,jquants,2026-05-12
1969,"Takasago Thermal Engineering Co.,Ltd.",operating_profit,FY2026,actual,47745000000.0,jpy_abs,jquants,2026-05-12
1969,"Takasago Thermal Engineering Co.,Ltd.",ordinary_profit,FY2026,actual,50642000000.0,jpy_abs,jquants,2026-05-12
1969,"Takasago Thermal Engineering Co.,Ltd.",dps,FY2027,company,123.0,jpy,jquants,2026-05-12
1969,"Takasago Thermal Engineering Co.,Ltd.",eps,FY2027,company,305.02,jpy,jquants,2026-05-12
1969,"Takasago Thermal Engineering Co.,Ltd.",eps,FY2027,consensus,323.65332,jpy,yfinance,2026-08-27
1969,"Takasago Thermal Engineering Co.,Ltd.",net_profit,FY2027,company,40000000000.0,jpy_abs,jquants,2026-05-12
1969,"Takasago Thermal Engineering Co.,Ltd.",net_sales,FY2027,company,440000000000.0,jpy_abs,jquants,2026-05-12
1969,"Takasago Thermal Engineering Co.,Ltd.",net_sales,FY2027,consensus,446666666670.0,jpy_abs,yfinance,2026-08-27
1969,"Takasago Thermal Engineering Co.,Ltd.",operating_profit,FY2027,company,50000000000.0,jpy_abs,jquants,2026-05-12
1969,"Takasago Thermal Engineering Co.,Ltd.",ordinary_profit,FY2027,company,52000000000.0,jpy_abs,jquants,2026-05-12
1969,"Takasago Thermal Engineering Co.,Ltd.",eps,FY2028,consensus,350.36,jpy,yfinance,2026-08-27
1969,"Takasago Thermal Engineering Co.,Ltd.",net_sales,FY2028,consensus,481333333330.0,jpy_abs,yfinance,2026-08-27
1980,"DAI-DAN CO.,LTD.",dps,FY2026,actual,10849000000.0,jpy,jquants,2026-05-13
1980,"DAI-DAN CO.,LTD.",eps,FY2026,actual,207.33,jpy,jquants,2026-05-13
1980,"DAI-DAN CO.,LTD.",net_profit,FY2026,actual,26772000000.0,jpy_abs,jquants,2026-05-13
1980,"DAI-DAN CO.,LTD.",net_sales,FY2026,actual,256228000000.0,jpy_abs,jquants,2026-05-13
1980,"DAI-DAN CO.,LTD.",operating_profit,FY2026,actual,34479000000.0,jpy_abs,jquants,2026-05-13
1980,"DAI-DAN CO.,LTD.",ordinary_profit,FY2026,actual,35770000000.0,jpy_abs,jquants,2026-05-13
1980,"DAI-DAN CO.,LTD.",dps,FY2027,company,85.0,jpy,jquants,2026-05-13
1980,"DAI-DAN CO.,LTD.",eps,FY2027,company,211.42,jpy,jquants,2026-05-13
1980,"DAI-DAN CO.,LTD.",eps,FY2027,consensus,213.3,jpy,yfinance,2026-08-27
1980,"DAI-DAN CO.,LTD.",net_profit,FY2027,company,27300000000.0,jpy_abs,jquants,2026-05-13
1980,"DAI-DAN CO.,LTD.",net_sales,FY2027,company,265000000000.0,jpy_abs,jquants,2026-05-13
1980,"DAI-DAN CO.,LTD.",net_sales,FY2027,consensus,265000000000.0,jpy_abs,yfinance,2026-08-27
1980,"DAI-DAN CO.,LTD.",operating_profit,FY2027,company,36000000000.0,jpy_abs,jquants,2026-05-13
1980,"DAI-DAN CO.,LTD.",ordinary_profit,FY2027,company,36500000000.0,jpy_abs,jquants,2026-05-13
1980,"DAI-DAN CO.,LTD.",eps,FY2028,consensus,240.4,jpy,yfinance,2026-08-27
1980,"DAI-DAN CO.,LTD.",net_sales,FY2028,consensus,300000000000.0,jpy_abs,yfinance,2026-08-27
2124,"JAC Recruitment Co.,Ltd.",dps,FY2025,actual,36.0,jpy,jquants,2026-05-13
2124,"JAC Recruitment Co.,Ltd.",eps,FY2025,actual,52.98,jpy,jquants,2026-05-13
2124,"JAC Recruitment Co.,Ltd.",net_profit,FY2025,actual,8400000000.0,jpy_abs,jquants,2026-05-13
2124,"JAC Recruitment Co.,Ltd.",net_sales,FY2025,actual,46089000000.0,jpy_abs,jquants,2026-05-13
2124,"JAC Recruitment Co.,Ltd.",operating_profit,FY2025,actual,11683000000.0,jpy_abs,jquants,2026-05-13
2124,"JAC Recruitment Co.,Ltd.",ordinary_profit,FY2025,actual,11709000000.0,jpy_abs,jquants,2026-05-13
2124,"JAC Recruitment Co.,Ltd.",dps,FY2026,company,38.0,jpy,jquants,2026-05-13
2124,"JAC Recruitment Co.,Ltd.",eps,FY2026,company,54.18,jpy,jquants,2026-05-13
2124,"JAC Recruitment Co.,Ltd.",eps,FY2026,company_h1,31.53,jpy,jquants,2026-05-13
2124,"JAC Recruitment Co.,Ltd.",eps,FY2026,consensus,59.87667,jpy,yfinance,2026-08-27
2124,"JAC Recruitment Co.,Ltd.",net_profit,FY2026,company,8600000000.0,jpy_abs,jquants,2026-05-13
2124,"JAC Recruitment Co.,Ltd.",net_profit,FY2026,company_h1,5000000000.0,jpy_abs,jquants,2026-05-13
2124,"JAC Recruitment Co.,Ltd.",net_sales,FY2026,company,53200000000.0,jpy_abs,jquants,2026-05-13
2124,"JAC Recruitment Co.,Ltd.",net_sales,FY2026,company_h1,27000000000.0,jpy_abs,jquants,2026-05-13
2124,"JAC Recruitment Co.,Ltd.",net_sales,FY2026,consensus,52854000000.0,jpy_abs,yfinance,2026-08-27
2124,"JAC Recruitment Co.,Ltd.",operating_profit,FY2026,company,12600000000.0,jpy_abs,jquants,2026-05-13
2124,"JAC Recruitment Co.,Ltd.",operating_profit,FY2026,company_h1,7300000000.0,jpy_abs,jquants,2026-05-13
2124,"JAC Recruitment Co.,Ltd.",ordinary_profit,FY2026,company,12600000000.0,jpy_abs,jquants,2026-05-13
2124,"JAC Recruitment Co.,Ltd.",ordinary_profit,FY2026,company_h1,7300000000.0,jpy_abs,jquants,2026-05-13
2124,"JAC Recruitment Co.,Ltd.",eps,FY2027,consensus,69.92,jpy,yfinance,2026-08-27
2124,"JAC Recruitment Co.,Ltd.",net_sales,FY2027,consensus,60708000000.0,jpy_abs,yfinance,2026-08-27
2127,Nihon M&A Center Holdings Inc.,dps,FY2026,actual,29.0,jpy,jquants,2026-04-30
2127,Nihon M&A Center Holdings Inc.,eps,FY2026,actual,39.36,jpy,jquants,2026-04-30
2127,Nihon M&A Center Holdings Inc.,net_profit,FY2026,actual,12487000000.0,jpy_abs,jquants,2026-04-30
2127,Nihon M&A Center Holdings Inc.,net_sales,FY2026,actual,50257000000.0,jpy_abs,jquants,2026-04-30
2127,Nihon M&A Center Holdings Inc.,operating_profit,FY2026,actual,18761000000.0,jpy_abs,jquants,2026-04-30
2127,Nihon M&A Center Holdings Inc.,ordinary_profit,FY2026,actual,19154000000.0,jpy_abs,jquants,2026-04-30
2127,Nihon M&A Center Holdings Inc.,dps,FY2027,company,29.0,jpy,jquants,2026-04-30
2127,Nihon M&A Center Holdings Inc.,eps,FY2027,company,41.91,jpy,jquants,2026-04-30
2127,Nihon M&A Center Holdings Inc.,eps,FY2027,company_h1,19.46,jpy,jquants,2026-04-30
2127,Nihon M&A Center Holdings Inc.,eps,FY2027,consensus,43.43333,jpy,yfinance,2026-08-27
2127,Nihon M&A Center Holdings Inc.,net_profit,FY2027,company,13400000000.0,jpy_abs,jquants,2026-04-30
2127,Nihon M&A Center Holdings Inc.,net_profit,FY2027,company_h1,6200000000.0,jpy_abs,jquants,2026-04-30
2127,Nihon M&A Center Holdings Inc.,net_sales,FY2027,company,52800000000.0,jpy_abs,jquants,2026-04-30
2127,Nihon M&A Center Holdings Inc.,net_sales,FY2027,company_h1,23900000000.0,jpy_abs,jquants,2026-04-30
2127,Nihon M&A Center Holdings Inc.,net_sales,FY2027,consensus,54101833330.0,jpy_abs,yfinance,2026-08-27
2127,Nihon M&A Center Holdings Inc.,operating_profit,FY2027,company,19300000000.0,jpy_abs,jquants,2026-04-30
2127,Nihon M&A Center Holdings Inc.,operating_profit,FY2027,company_h1,8600000000.0,jpy_abs,jquants,2026-04-30
2127,Nihon M&A Center Holdings Inc.,ordinary_profit,FY2027,company,19300000000.0,jpy_abs,jquants,2026-04-30
2127,Nihon M&A Center Holdings Inc.,ordinary_profit,FY2027,company_h1,8600000000.0,jpy_abs,jquants,2026-04-30
2127,Nihon M&A Center Holdings Inc.,eps,FY2028,consensus,46.78333,jpy,yfinance,2026-08-27
2127,Nihon M&A Center Holdings Inc.,net_sales,FY2028,consensus,58826333330.0,jpy_abs,yfinance,2026-08-27
2154,Open Up Group Inc.,dps,FY2025,actual,75.0,jpy,jquants,2026-05-12
2154,Open Up Group Inc.,eps,FY2025,actual,144.56,jpy,jquants,2026-05-12
2154,Open Up Group Inc.,net_profit,FY2025,actual,12559000000.0,jpy_abs,jquants,2026-05-12
2154,Open Up Group Inc.,net_sales,FY2025,actual,187954000000.0,jpy_abs,jquants,2026-05-12
2154,Open Up Group Inc.,operating_profit,FY2025,actual,16244000000.0,jpy_abs,jquants,2026-05-12
2154,Open Up Group Inc.,dps,FY2026,company,85.0,jpy,jquants,2026-05-12
2154,Open Up Group Inc.,eps,FY2026,company,135.76,jpy,jquants,2026-05-12
2154,Open Up Group Inc.,eps,FY2026,consensus,147.61015,jpy,yfinance,2026-08-27
2154,Open Up Group Inc.,net_profit,FY2026,company,11800000000.0,jpy_abs,jquants,2026-05-12
2154,Open Up Group Inc.,net_sales,FY2026,company,171000000000.0,jpy_abs,jquants,2026-05-12
2154,Open Up Group Inc.,net_sales,FY2026,consensus,173985000000.0,jpy_abs,yfinance,2026-08-27
2154,Open Up Group Inc.,operating_profit,FY2026,company,16500000000.0,jpy_abs,jquants,2026-05-12
2154,Open Up Group Inc.,eps,FY2027,consensus,160.87947,jpy,yfinance,2026-08-27
2154,Open Up Group Inc.,net_sales,FY2027,consensus,190835770000.0,jpy_abs,yfinance,2026-08-27
2181,"PERSOL HOLDINGS CO.,LTD.",dps,FY2026,actual,11.5,jpy,jquants,2026-05-14
2181,"PERSOL HOLDINGS CO.,LTD.",eps,FY2026,actual,19.42,jpy,jquants,2026-05-14
2181,"PERSOL HOLDINGS CO.,LTD.",net_profit,FY2026,actual,42688000000.0,jpy_abs,jquants,2026-05-14
2181,"PERSOL HOLDINGS CO.,LTD.",net_sales,FY2026,actual,1555833000000.0,jpy_abs,jquants,2026-05-14
2181,"PERSOL HOLDINGS CO.,LTD.",operating_profit,FY2026,actual,66512000000.0,jpy_abs,jquants,2026-05-14
2181,"PERSOL HOLDINGS CO.,LTD.",ordinary_profit,FY2026,actual,55448000000.0,jpy_abs,jquants,2026-05-14
2181,"PERSOL HOLDINGS CO.,LTD.",dps,FY2027,company,13.0,jpy,jquants,2026-05-14
2181,"PERSOL HOLDINGS CO.,LTD.",eps,FY2027,company,19.6,jpy,jquants,2026-05-14
2181,"PERSOL HOLDINGS CO.,LTD.",eps,FY2027,company_h1,10.13,jpy,jquants,2026-05-14
2181,"PERSOL HOLDINGS CO.,LTD.",eps,FY2027,consensus,21.12143,jpy,yfinance,2026-08-27
2181,"PERSOL HOLDINGS CO.,LTD.",net_profit,FY2027,company,44500000000.0,jpy_abs,jquants,2026-05-14
2181,"PERSOL HOLDINGS CO.,LTD.",net_profit,FY2027,company_h1,23000000000.0,jpy_abs,jquants,2026-05-14
2181,"PERSOL HOLDINGS CO.,LTD.",net_sales,FY2027,company,1665000000000.0,jpy_abs,jquants,2026-05-14
2181,"PERSOL HOLDINGS CO.,LTD.",net_sales,FY2027,company_h1,809700000000.0,jpy_abs,jquants,2026-05-14
2181,"PERSOL HOLDINGS CO.,LTD.",net_sales,FY2027,consensus,1685998827670.0,jpy_abs,yfinance,2026-08-27
2181,"PERSOL HOLDINGS CO.,LTD.",operating_profit,FY2027,company,71000000000.0,jpy_abs,jquants,2026-05-14
2181,"PERSOL HOLDINGS CO.,LTD.",operating_profit,FY2027,company_h1,35000000000.0,jpy_abs,jquants,2026-05-14
2181,"PERSOL HOLDINGS CO.,LTD.",eps,FY2028,consensus,23.58714,jpy,yfinance,2026-08-27
2181,"PERSOL HOLDINGS CO.,LTD.",net_sales,FY2028,consensus,1749189442290.0,jpy_abs,yfinance,2026-08-27
2201,"Morinaga & Co.,Ltd.",dps,FY2026,actual,65.0,jpy,jquants,2026-05-11
2201,"Morinaga & Co.,Ltd.",eps,FY2026,actual,211.07,jpy,jquants,2026-05-11
2201,"Morinaga & Co.,Ltd.",net_profit,FY2026,actual,17765000000.0,jpy_abs,jquants,2026-05-11
2201,"Morinaga & Co.,Ltd.",net_sales,FY2026,actual,236672000000.0,jpy_abs,jquants,2026-05-11
2201,"Morinaga & Co.,Ltd.",operating_profit,FY2026,actual,22394000000.0,jpy_abs,jquants,2026-05-11
2201,"Morinaga & Co.,Ltd.",ordinary_profit,FY2026,actual,22659000000.0,jpy_abs,jquants,2026-05-11
2201,"Morinaga & Co.,Ltd.",dps,FY2027,company,70.0,jpy,jquants,2026-05-11
2201,"Morinaga & Co.,Ltd.",eps,FY2027,company,196.03,jpy,jquants,2026-05-11
2201,"Morinaga & Co.,Ltd.",eps,FY2027,company_h1,109.3,jpy,jquants,2026-05-11
2201,"Morinaga & Co.,Ltd.",eps,FY2027,consensus,193.60988,jpy,yfinance,2026-08-27
2201,"Morinaga & Co.,Ltd.",net_profit,FY2027,company,16500000000.0,jpy_abs,jquants,2026-05-11
2201,"Morinaga & Co.,Ltd.",net_profit,FY2027,company_h1,9200000000.0,jpy_abs,jquants,2026-05-11
2201,"Morinaga & Co.,Ltd.",net_sales,FY2027,company,257000000000.0,jpy_abs,jquants,2026-05-11
2201,"Morinaga & Co.,Ltd.",net_sales,FY2027,company_h1,131000000000.0,jpy_abs,jquants,2026-05-11
2201,"Morinaga & Co.,Ltd.",net_sales,FY2027,consensus,256044847530.0,jpy_abs,yfinance,2026-08-27
2201,"Morinaga & Co.,Ltd.",operating_profit,FY2027,company,22800000000.0,jpy_abs,jquants,2026-05-11
2201,"Morinaga & Co.,Ltd.",operating_profit,FY2027,company_h1,12100000000.0,jpy_abs,jquants,2026-05-11
2201,"Morinaga & Co.,Ltd.",ordinary_profit,FY2027,company,22200000000.0,jpy_abs,jquants,2026-05-11
2201,"Morinaga & Co.,Ltd.",ordinary_profit,FY2027,company_h1,11900000000.0,jpy_abs,jquants,2026-05-11
2201,"Morinaga & Co.,Ltd.",eps,FY2028,consensus,207.51096,jpy,yfinance,2026-08-27
2201,"Morinaga & Co.,Ltd.",net_sales,FY2028,consensus,264146557180.0,jpy_abs,yfinance,2026-08-27
2212,"YAMAZAKI BAKING CO.,LTD.",dps,FY2025,actual,60.0,jpy,jquants,2026-04-28
2212,"YAMAZAKI BAKING CO.,LTD.",eps,FY2025,actual,206.78,jpy,jquants,2026-04-28
2212,"YAMAZAKI BAKING CO.,LTD.",net_profit,FY2025,actual,40893000000.0,jpy_abs,jquants,2026-04-28
2212,"YAMAZAKI BAKING CO.,LTD.",net_sales,FY2025,actual,1311430000000.0,jpy_abs,jquants,2026-04-28
2212,"YAMAZAKI BAKING CO.,LTD.",operating_profit,FY2025,actual,61141000000.0,jpy_abs,jquants,2026-04-28
2212,"YAMAZAKI BAKING CO.,LTD.",ordinary_profit,FY2025,actual,64314000000.0,jpy_abs,jquants,2026-04-28
2212,"YAMAZAKI BAKING CO.,LTD.",dps,FY2026,company,60.0,jpy,jquants,2026-04-28
2212,"YAMAZAKI BAKING CO.,LTD.",eps,FY2026,company,215.73,jpy,jquants,2026-04-28
2212,"YAMAZAKI BAKING CO.,LTD.",eps,FY2026,company_h1,118.22,jpy,jquants,2026-04-28
2212,"YAMAZAKI BAKING CO.,LTD.",eps,FY2026,consensus,216.30621,jpy,yfinance,2026-08-27
2212,"YAMAZAKI BAKING CO.,LTD.",net_profit,FY2026,company,42500000000.0,jpy_abs,jquants,2026-04-28
2212,"YAMAZAKI BAKING CO.,LTD.",net_profit,FY2026,company_h1,23300000000.0,jpy_abs,jquants,2026-04-28
2212,"YAMAZAKI BAKING CO.,LTD.",net_sales,FY2026,company,1338000000000.0,jpy_abs,jquants,2026-04-28
2212,"YAMAZAKI BAKING CO.,LTD.",net_sales,FY2026,company_h1,663000000000.0,jpy_abs,jquants,2026-04-28
2212,"YAMAZAKI BAKING CO.,LTD.",net_sales,FY2026,consensus,1358387500000.0,jpy_abs,yfinance,2026-08-27
2212,"YAMAZAKI BAKING CO.,LTD.",operating_profit,FY2026,company,64000000000.0,jpy_abs,jquants,2026-04-28
2212,"YAMAZAKI BAKING CO.,LTD.",operating_profit,FY2026,company_h1,35000000000.0,jpy_abs,jquants,2026-04-28
2212,"YAMAZAKI BAKING CO.,LTD.",ordinary_profit,FY2026,company,67000000000.0,jpy_abs,jquants,2026-04-28
2212,"YAMAZAKI BAKING CO.,LTD.",ordinary_profit,FY2026,company_h1,35800000000.0,jpy_abs,jquants,2026-04-28
2212,"YAMAZAKI BAKING CO.,LTD.",eps,FY2027,consensus,231.93532,jpy,yfinance,2026-08-27
2212,"YAMAZAKI BAKING CO.,LTD.",net_sales,FY2027,consensus,1392837500000.0,jpy_abs,yfinance,2026-08-27
2222,"Kotobuki Spirits Co.,Ltd.",dps,FY2026,actual,35.0,jpy,jquants,2026-05-14
2222,"Kotobuki Spirits Co.,Ltd.",eps,FY2026,actual,81.32,jpy,jquants,2026-05-14
2222,"Kotobuki Spirits Co.,Ltd.",net_profit,FY2026,actual,12557000000.0,jpy_abs,jquants,2026-05-14
2222,"Kotobuki Spirits Co.,Ltd.",net_sales,FY2026,actual,78781000000.0,jpy_abs,jquants,2026-05-14
2222,"Kotobuki Spirits Co.,Ltd.",operating_profit,FY2026,actual,18598000000.0,jpy_abs,jquants,2026-05-14
2222,"Kotobuki Spirits Co.,Ltd.",ordinary_profit,FY2026,actual,18733000000.0,jpy_abs,jquants,2026-05-14
2222,"Kotobuki Spirits Co.,Ltd.",dps,FY2027,company,35.0,jpy,jquants,2026-05-14
2222,"Kotobuki Spirits Co.,Ltd.",eps,FY2027,company,89.42,jpy,jquants,2026-05-14
2222,"Kotobuki Spirits Co.,Ltd.",eps,FY2027,company_h1,35.61,jpy,jquants,2026-05-14
2222,"Kotobuki Spirits Co.,Ltd.",eps,FY2027,consensus,96.6475,jpy,yfinance,2026-08-27
2222,"Kotobuki Spirits Co.,Ltd.",net_profit,FY2027,company,13810000000.0,jpy_abs,jquants,2026-05-14
2222,"Kotobuki Spirits Co.,Ltd.",net_profit,FY2027,company_h1,5500000000.0,jpy_abs,jquants,2026-05-14
2222,"Kotobuki Spirits Co.,Ltd.",net_sales,FY2027,company,84500000000.0,jpy_abs,jquants,2026-05-14
2222,"Kotobuki Spirits Co.,Ltd.",net_sales,FY2027,company_h1,38300000000.0,jpy_abs,jquants,2026-05-14
2222,"Kotobuki Spirits Co.,Ltd.",net_sales,FY2027,consensus,86426455000.0,jpy_abs,yfinance,2026-08-27
2222,"Kotobuki Spirits Co.,Ltd.",operating_profit,FY2027,company,20550000000.0,jpy_abs,jquants,2026-05-14
2222,"Kotobuki Spirits Co.,Ltd.",operating_profit,FY2027,company_h1,8190000000.0,jpy_abs,jquants,2026-05-14
2222,"Kotobuki Spirits Co.,Ltd.",ordinary_profit,FY2027,company,20610000000.0,jpy_abs,jquants,2026-05-14
2222,"Kotobuki Spirits Co.,Ltd.",ordinary_profit,FY2027,company_h1,8220000000.0,jpy_abs,jquants,2026-05-14
2222,"Kotobuki Spirits Co.,Ltd.",eps,FY2028,consensus,113.86,jpy,yfinance,2026-08-27
2222,"Kotobuki Spirits Co.,Ltd.",net_sales,FY2028,consensus,95241154500.0,jpy_abs,yfinance,2026-08-27
2229,"CALBEE,Inc.",dps,FY2026,actual,66.0,jpy,jquants,2026-05-14
2229,"CALBEE,Inc.",eps,FY2026,actual,139.98,jpy,jquants,2026-05-14
2229,"CALBEE,Inc.",net_profit,FY2026,actual,17329000000.0,jpy_abs,jquants,2026-05-14
2229,"CALBEE,Inc.",net_sales,FY2026,actual,340151000000.0,jpy_abs,jquants,2026-05-14
2229,"CALBEE,Inc.",operating_profit,FY2026,actual,26173000000.0,jpy_abs,jquants,2026-05-14
2229,"CALBEE,Inc.",ordinary_profit,FY2026,actual,27091000000.0,jpy_abs,jquants,2026-05-14
2229,"CALBEE,Inc.",dps,FY2027,company,69.0,jpy,jquants,2026-05-14
2229,"CALBEE,Inc.",eps,FY2027,company,143.11,jpy,jquants,2026-05-14
2229,"CALBEE,Inc.",eps,FY2027,consensus,145.79968,jpy,yfinance,2026-08-27
2229,"CALBEE,Inc.",net_profit,FY2027,company,17400000000.0,jpy_abs,jquants,2026-05-14
2229,"CALBEE,Inc.",net_sales,FY2027,company,370000000000.0,jpy_abs,jquants,2026-05-14
2229,"CALBEE,Inc.",net_sales,FY2027,consensus,364720000000.0,jpy_abs,yfinance,2026-08-27
2229,"CALBEE,Inc.",operating_profit,FY2027,company,26200000000.0,jpy_abs,jquants,2026-05-14
2229,"CALBEE,Inc.",ordinary_profit,FY2027,company,26700000000.0,jpy_abs,jquants,2026-05-14
2229,"CALBEE,Inc.",eps,FY2028,consensus,163.47466,jpy,yfinance,2026-08-27
2229,"CALBEE,Inc.",net_sales,FY2028,consensus,376950000000.0,jpy_abs,yfinance,2026-08-27
2264,"MORINAGA MILK INDUSTRY CO.,LTD.",dps,FY2026,actual,100.0,jpy,jquants,2026-05-13
2264,"MORINAGA MILK INDUSTRY CO.,LTD.",eps,FY2026,actual,276.02,jpy,jquants,2026-05-13
2264,"MORINAGA MILK INDUSTRY CO.,LTD.",net_profit,FY2026,actual,22599000000.0,jpy_abs,jquants,2026-05-13
2264,"MORINAGA MILK INDUSTRY CO.,LTD.",net_sales,FY2026,actual,571458000000.0,jpy_abs,jquants,2026-05-13
2264,"MORINAGA MILK INDUSTRY CO.,LTD.",operating_profit,FY2026,actual,34479000000.0,jpy_abs,jquants,2026-05-13
2264,"MORINAGA MILK INDUSTRY CO.,LTD.",ordinary_profit,FY2026,actual,37121000000.0,jpy_abs,jquants,2026-05-13
2264,"MORINAGA MILK INDUSTRY CO.,LTD.",dps,FY2027,company,25.0,jpy,jquants,2026-05-13
2264,"MORINAGA MILK INDUSTRY CO.,LTD.",eps,FY2027,company,61.96,jpy,jquants,2026-05-13
2264,"MORINAGA MILK INDUSTRY CO.,LTD.",eps,FY2027,company_h1,40.28,jpy,jquants,2026-05-13
2264,"MORINAGA MILK INDUSTRY CO.,LTD.",eps,FY2027,consensus,72.31342,jpy,yfinance,2026-08-27
2264,"MORINAGA MILK INDUSTRY CO.,LTD.",net_profit,FY2027,company,20000000000.0,jpy_abs,jquants,2026-05-13
2264,"MORINAGA MILK INDUSTRY CO.,LTD.",net_profit,FY2027,company_h1,13000000000.0,jpy_abs,jquants,2026-05-13
2264,"MORINAGA MILK INDUSTRY CO.,LTD.",net_sales,FY2027,company,580000000000.0,jpy_abs,jquants,2026-05-13
2264,"MORINAGA MILK INDUSTRY CO.,LTD.",net_sales,FY2027,company_h1,300000000000.0,jpy_abs,jquants,2026-05-13
2264,"MORINAGA MILK INDUSTRY CO.,LTD.",net_sales,FY2027,consensus,589862257900.0,jpy_abs,yfinance,2026-08-27
2264,"MORINAGA MILK INDUSTRY CO.,LTD.",operating_profit,FY2027,company,32000000000.0,jpy_abs,jquants,2026-05-13
2264,"MORINAGA MILK INDUSTRY CO.,LTD.",operating_profit,FY2027,company_h1,17900000000.0,jpy_abs,jquants,2026-05-13
2264,"MORINAGA MILK INDUSTRY CO.,LTD.",ordinary_profit,FY2027,company,32700000000.0,jpy_abs,jquants,2026-05-13
2264,"MORINAGA MILK INDUSTRY CO.,LTD.",ordinary_profit,FY2027,company_h1,18400000000.0,jpy_abs,jquants,2026-05-13
2264,"MORINAGA MILK INDUSTRY CO.,LTD.",eps,FY2028,consensus,86.21356,jpy,yfinance,2026-08-27
2264,"MORINAGA MILK INDUSTRY CO.,LTD.",net_sales,FY2028,consensus,604874596480.0,jpy_abs,yfinance,2026-08-27
2267,"YAKULT HONSHA CO.,LTD.",dps,FY2026,actual,70.0,jpy,jquants,2026-05-12
2267,"YAKULT HONSHA CO.,LTD.",eps,FY2026,actual,150.72,jpy,jquants,2026-05-12
2267,"YAKULT HONSHA CO.,LTD.",net_profit,FY2026,actual,44228000000.0,jpy_abs,jquants,2026-05-12
2267,"YAKULT HONSHA CO.,LTD.",net_sales,FY2026,actual,486425000000.0,jpy_abs,jquants,2026-05-12
2267,"YAKULT HONSHA CO.,LTD.",operating_profit,FY2026,actual,45185000000.0,jpy_abs,jquants,2026-05-12
2267,"YAKULT HONSHA CO.,LTD.",ordinary_profit,FY2026,actual,61084000000.0,jpy_abs,jquants,2026-05-12
2267,"YAKULT HONSHA CO.,LTD.",dps,FY2027,company,72.0,jpy,jquants,2026-05-12
2267,"YAKULT HONSHA CO.,LTD.",eps,FY2027,company,174.21,jpy,jquants,2026-05-12
2267,"YAKULT HONSHA CO.,LTD.",eps,FY2027,company_h1,85.19,jpy,jquants,2026-05-12
2267,"YAKULT HONSHA CO.,LTD.",eps,FY2027,consensus,161.87363,jpy,yfinance,2026-08-27
2267,"YAKULT HONSHA CO.,LTD.",net_profit,FY2027,company,46500000000.0,jpy_abs,jquants,2026-05-12
2267,"YAKULT HONSHA CO.,LTD.",net_profit,FY2027,company_h1,24500000000.0,jpy_abs,jquants,2026-05-12
2267,"YAKULT HONSHA CO.,LTD.",net_sales,FY2027,company,527000000000.0,jpy_abs,jquants,2026-05-12
2267,"YAKULT HONSHA CO.,LTD.",net_sales,FY2027,company_h1,260000000000.0,jpy_abs,jquants,2026-05-12
2267,"YAKULT HONSHA CO.,LTD.",net_sales,FY2027,consensus,508165364220.0,jpy_abs,yfinance,2026-08-27
2267,"YAKULT HONSHA CO.,LTD.",operating_profit,FY2027,company,44000000000.0,jpy_abs,jquants,2026-05-12
2267,"YAKULT HONSHA CO.,LTD.",operating_profit,FY2027,company_h1,22500000000.0,jpy_abs,jquants,2026-05-12
2267,"YAKULT HONSHA CO.,LTD.",ordinary_profit,FY2027,company,57500000000.0,jpy_abs,jquants,2026-05-12
2267,"YAKULT HONSHA CO.,LTD.",ordinary_profit,FY2027,company_h1,30500000000.0,jpy_abs,jquants,2026-05-12
2267,"YAKULT HONSHA CO.,LTD.",eps,FY2028,consensus,147.47104,jpy,yfinance,2026-08-27
2267,"YAKULT HONSHA CO.,LTD.",net_sales,FY2028,consensus,521700589310.0,jpy_abs,yfinance,2026-08-27
2269,"Meiji Holdings Co.,Ltd.",dps,FY2026,actual,105.0,jpy,jquants,2026-05-14
2269,"Meiji Holdings Co.,Ltd.",eps,FY2026,actual,129.42,jpy,jquants,2026-05-14
2269,"Meiji Holdings Co.,Ltd.",net_profit,FY2026,actual,35076000000.0,jpy_abs,jquants,2026-05-14
2269,"Meiji Holdings Co.,Ltd.",net_sales,FY2026,actual,1173688000000.0,jpy_abs,jquants,2026-05-14
2269,"Meiji Holdings Co.,Ltd.",operating_profit,FY2026,actual,93307000000.0,jpy_abs,jquants,2026-05-14
2269,"Meiji Holdings Co.,Ltd.",ordinary_profit,FY2026,actual,96571000000.0,jpy_abs,jquants,2026-05-14
2269,"Meiji Holdings Co.,Ltd.",dps,FY2027,company,110.0,jpy,jquants,2026-05-14
2269,"Meiji Holdings Co.,Ltd.",eps,FY2027,company,230.61,jpy,jquants,2026-05-14
2269,"Meiji Holdings Co.,Ltd.",eps,FY2027,company_h1,101.46,jpy,jquants,2026-05-14
2269,"Meiji Holdings Co.,Ltd.",eps,FY2027,consensus,236.33868,jpy,yfinance,2026-08-27
2269,"Meiji Holdings Co.,Ltd.",net_profit,FY2027,company,62500000000.0,jpy_abs,jquants,2026-05-14
2269,"Meiji Holdings Co.,Ltd.",net_profit,FY2027,company_h1,27500000000.0,jpy_abs,jquants,2026-05-14
2269,"Meiji Holdings Co.,Ltd.",net_sales,FY2027,company,1212000000000.0,jpy_abs,jquants,2026-05-14
2269,"Meiji Holdings Co.,Ltd.",net_sales,FY2027,company_h1,594500000000.0,jpy_abs,jquants,2026-05-14
2269,"Meiji Holdings Co.,Ltd.",net_sales,FY2027,consensus,1217349365450.0,jpy_abs,yfinance,2026-08-27
2269,"Meiji Holdings Co.,Ltd.",operating_profit,FY2027,company,100000000000.0,jpy_abs,jquants,2026-05-14
2269,"Meiji Holdings Co.,Ltd.",operating_profit,FY2027,company_h1,45000000000.0,jpy_abs,jquants,2026-05-14
2269,"Meiji Holdings Co.,Ltd.",ordinary_profit,FY2027,company,101000000000.0,jpy_abs,jquants,2026-05-14
2269,"Meiji Holdings Co.,Ltd.",ordinary_profit,FY2027,company_h1,46000000000.0,jpy_abs,jquants,2026-05-14
2269,"Meiji Holdings Co.,Ltd.",eps,FY2028,consensus,262.48148,jpy,yfinance,2026-08-27
2269,"Meiji Holdings Co.,Ltd.",net_sales,FY2028,consensus,1242319867450.0,jpy_abs,yfinance,2026-08-27
2317,Systena Corporation,dps,FY2026,actual,14.0,jpy,jquants,2026-05-13
2317,Systena Corporation,eps,FY2026,actual,31.65,jpy,jquants,2026-05-13
2317,Systena Corporation,net_profit,FY2026,actual,11312000000.0,jpy_abs,jquants,2026-05-13
2317,Systena Corporation,net_sales,FY2026,actual,94400000000.0,jpy_abs,jquants,2026-05-13
2317,Systena Corporation,operating_profit,FY2026,actual,15367000000.0,jpy_abs,jquants,2026-05-13
2317,Systena Corporation,ordinary_profit,FY2026,actual,16145000000.0,jpy_abs,jquants,2026-05-13
2317,Systena Corporation,dps,FY2027,company,18.0,jpy,jquants,2026-05-13
2317,Systena Corporation,eps,FY2027,company,29.74,jpy,jquants,2026-05-13
2317,Systena Corporation,eps,FY2027,consensus,31.61722,jpy,yfinance,2026-08-27
2317,Systena Corporation,net_profit,FY2027,company,10630000000.0,jpy_abs,jquants,2026-05-13
2317,Systena Corporation,net_sales,FY2027,company,98000000000.0,jpy_abs,jquants,2026-05-13
2317,Systena Corporation,net_sales,FY2027,consensus,98050000000.0,jpy_abs,yfinance,2026-08-27
2317,Systena Corporation,operating_profit,FY2027,company,15960000000.0,jpy_abs,jquants,2026-05-13
2317,Systena Corporation,ordinary_profit,FY2027,company,15960000000.0,jpy_abs,jquants,2026-05-13
2317,Systena Corporation,eps,FY2028,consensus,35.27784,jpy,yfinance,2026-08-27
2317,Systena Corporation,net_sales,FY2028,consensus,104660000000.0,jpy_abs,yfinance,2026-08-27
2327,NS Solutions Corporation,dps,FY2026,actual,85.0,jpy,jquants,2026-04-27
2327,NS Solutions Corporation,eps,FY2026,actual,168.5,jpy,jquants,2026-04-27
2327,NS Solutions Corporation,net_profit,FY2026,actual,30832000000.0,jpy_abs,jquants,2026-04-27
2327,NS Solutions Corporation,net_sales,FY2026,actual,381340000000.0,jpy_abs,jquants,2026-04-27
2327,NS Solutions Corporation,operating_profit,FY2026,actual,44242000000.0,jpy_abs,jquants,2026-04-27
2327,NS Solutions Corporation,dps,FY2027,company,87.0,jpy,jquants,2026-04-27
2327,NS Solutions Corporation,eps,FY2027,company,172.7,jpy,jquants,2026-04-27
2327,NS Solutions Corporation,eps,FY2027,company_h1,68.86,jpy,jquants,2026-04-27
2327,NS Solutions Corporation,eps,FY2027,consensus,179.63165,jpy,yfinance,2026-08-27
2327,NS Solutions Corporation,net_profit,FY2027,company,31600000000.0,jpy_abs,jquants,2026-04-27
2327,NS Solutions Corporation,net_profit,FY2027,company_h1,12600000000.0,jpy_abs,jquants,2026-04-27
2327,NS Solutions Corporation,net_sales,FY2027,company,417000000000.0,jpy_abs,jquants,2026-04-27
2327,NS Solutions Corporation,net_sales,FY2027,company_h1,198000000000.0,jpy_abs,jquants,2026-04-27
2327,NS Solutions Corporation,net_sales,FY2027,consensus,417433333330.0,jpy_abs,yfinance,2026-08-27
2327,NS Solutions Corporation,operating_profit,FY2027,company,47500000000.0,jpy_abs,jquants,2026-04-27
2327,NS Solutions Corporation,operating_profit,FY2027,company_h1,20500000000.0,jpy_abs,jquants,2026-04-27
2327,NS Solutions Corporation,eps,FY2028,consensus,193.81398,jpy,yfinance,2026-08-27
2327,NS Solutions Corporation,net_sales,FY2028,consensus,434355555560.0,jpy_abs,yfinance,2026-08-27
2331,"ALSOK CO.,LTD.",dps,FY2026,actual,29.2,jpy,jquants,2026-05-12
2331,"ALSOK CO.,LTD.",eps,FY2026,actual,68.49,jpy,jquants,2026-05-12
2331,"ALSOK CO.,LTD.",net_profit,FY2026,actual,33262000000.0,jpy_abs,jquants,2026-05-12
2331,"ALSOK CO.,LTD.",net_sales,FY2026,actual,597026000000.0,jpy_abs,jquants,2026-05-12
2331,"ALSOK CO.,LTD.",operating_profit,FY2026,actual,46919000000.0,jpy_abs,jquants,2026-05-12
2331,"ALSOK CO.,LTD.",ordinary_profit,FY2026,actual,49913000000.0,jpy_abs,jquants,2026-05-12
2331,"ALSOK CO.,LTD.",dps,FY2027,company,33.0,jpy,jquants,2026-05-12
2331,"ALSOK CO.,LTD.",eps,FY2027,company,76.75,jpy,jquants,2026-05-12
2331,"ALSOK CO.,LTD.",eps,FY2027,company_h1,33.75,jpy,jquants,2026-05-12
2331,"ALSOK CO.,LTD.",eps,FY2027,consensus,85.182,jpy,yfinance,2026-08-27
2331,"ALSOK CO.,LTD.",net_profit,FY2027,company,37300000000.0,jpy_abs,jquants,2026-05-12
2331,"ALSOK CO.,LTD.",net_profit,FY2027,company_h1,16400000000.0,jpy_abs,jquants,2026-05-12
2331,"ALSOK CO.,LTD.",net_sales,FY2027,company,637500000000.0,jpy_abs,jquants,2026-05-12
2331,"ALSOK CO.,LTD.",net_sales,FY2027,company_h1,308700000000.0,jpy_abs,jquants,2026-05-12
2331,"ALSOK CO.,LTD.",net_sales,FY2027,consensus,633431200000.0,jpy_abs,yfinance,2026-08-27
2331,"ALSOK CO.,LTD.",operating_profit,FY2027,company,55700000000.0,jpy_abs,jquants,2026-05-12
2331,"ALSOK CO.,LTD.",operating_profit,FY2027,company_h1,24800000000.0,jpy_abs,jquants,2026-05-12
2331,"ALSOK CO.,LTD.",ordinary_profit,FY2027,company,58500000000.0,jpy_abs,jquants,2026-05-12
2331,"ALSOK CO.,LTD.",ordinary_profit,FY2027,company_h1,26300000000.0,jpy_abs,jquants,2026-05-12
2331,"ALSOK CO.,LTD.",eps,FY2028,consensus,84.91,jpy,yfinance,2026-08-27
2331,"ALSOK CO.,LTD.",net_sales,FY2028,consensus,681009200000.0,jpy_abs,yfinance,2026-08-27
2371,"Kakaku.com,Inc.",dps,FY2026,actual,50.0,jpy,jquants,2026-05-08
2371,"Kakaku.com,Inc.",eps,FY2026,actual,95.05,jpy,jquants,2026-05-08
2371,"Kakaku.com,Inc.",net_profit,FY2026,actual,18803000000.0,jpy_abs,jquants,2026-05-08
2371,"Kakaku.com,Inc.",net_sales,FY2026,actual,94127000000.0,jpy_abs,jquants,2026-05-08
2371,"Kakaku.com,Inc.",operating_profit,FY2026,actual,27243000000.0,jpy_abs,jquants,2026-05-08
2371,"Kakaku.com,Inc.",ordinary_profit,FY2026,actual,29127000000.0,jpy_abs,jquants,2026-05-08
2371,"Kakaku.com,Inc.",dps,FY2027,company,54.0,jpy,jquants,2026-05-08
2371,"Kakaku.com,Inc.",eps,FY2027,company,104.63,jpy,jquants,2026-05-08
2371,"Kakaku.com,Inc.",eps,FY2027,company_h1,46.5,jpy,jquants,2026-05-08
2371,"Kakaku.com,Inc.",eps,FY2027,consensus,114.83267,jpy,yfinance,2026-08-27
2371,"Kakaku.com,Inc.",net_profit,FY2027,company,20700000000.0,jpy_abs,jquants,2026-05-08
2371,"Kakaku.com,Inc.",net_profit,FY2027,company_h1,9200000000.0,jpy_abs,jquants,2026-05-08
2371,"Kakaku.com,Inc.",net_sales,FY2027,company,114500000000.0,jpy_abs,jquants,2026-05-08
2371,"Kakaku.com,Inc.",net_sales,FY2027,company_h1,53700000000.0,jpy_abs,jquants,2026-05-08
2371,"Kakaku.com,Inc.",net_sales,FY2027,consensus,111062891780.0,jpy_abs,yfinance,2026-08-27
2371,"Kakaku.com,Inc.",operating_profit,FY2027,company,30800000000.0,jpy_abs,jquants,2026-05-08
2371,"Kakaku.com,Inc.",operating_profit,FY2027,company_h1,13700000000.0,jpy_abs,jquants,2026-05-08
2371,"Kakaku.com,Inc.",eps,FY2028,consensus,136.17442,jpy,yfinance,2026-08-27
2371,"Kakaku.com,Inc.",net_sales,FY2028,consensus,124434565560.0,jpy_abs,yfinance,2026-08-27
2379,dip Corporation,dps,FY2026,actual,95.0,jpy,jquants,2026-04-14
2379,dip Corporation,eps,FY2026,actual,113.81,jpy,jquants,2026-04-14
2379,dip Corporation,net_profit,FY2026,actual,5956000000.0,jpy_abs,jquants,2026-04-14
2379,dip Corporation,net_sales,FY2026,actual,54852000000.0,jpy_abs,jquants,2026-04-14
2379,dip Corporation,operating_profit,FY2026,actual,9112000000.0,jpy_abs,jquants,2026-04-14
2379,dip Corporation,ordinary_profit,FY2026,actual,8990000000.0,jpy_abs,jquants,2026-04-14
2379,dip Corporation,dps,FY2027,company,97.0,jpy,jquants,2026-04-14
2379,dip Corporation,eps,FY2027,consensus,74.875,jpy,yfinance,2026-08-27
2379,dip Corporation,net_sales,FY2027,consensus,53109647610.0,jpy_abs,yfinance,2026-08-27
2379,dip Corporation,eps,FY2028,consensus,85.70333,jpy,yfinance,2026-08-27
2379,dip Corporation,net_sales,FY2028,consensus,54246502920.0,jpy_abs,yfinance,2026-08-27
2384,"SBS Holdings,Inc.",dps,FY2025,actual,90.0,jpy,jquants,2026-05-15
2384,"SBS Holdings,Inc.",eps,FY2025,actual,296.69,jpy,jquants,2026-05-15
2384,"SBS Holdings,Inc.",net_profit,FY2025,actual,11783000000.0,jpy_abs,jquants,2026-05-15
2384,"SBS Holdings,Inc.",net_sales,FY2025,actual,490344000000.0,jpy_abs,jquants,2026-05-15
2384,"SBS Holdings,Inc.",operating_profit,FY2025,actual,21295000000.0,jpy_abs,jquants,2026-05-15
2384,"SBS Holdings,Inc.",ordinary_profit,FY2025,actual,21143000000.0,jpy_abs,jquants,2026-05-15
2384,"SBS Holdings,Inc.",dps,FY2026,company,105.0,jpy,jquants,2026-05-15
2384,"SBS Holdings,Inc.",eps,FY2026,company,339.9,jpy,jquants,2026-05-15
2384,"SBS Holdings,Inc.",eps,FY2026,company_h1,239.19,jpy,jquants,2026-05-15
2384,"SBS Holdings,Inc.",eps,FY2026,consensus,356.7,jpy,yfinance,2026-08-27
2384,"SBS Holdings,Inc.",net_profit,FY2026,company,13500000000.0,jpy_abs,jquants,2026-05-15
2384,"SBS Holdings,Inc.",net_profit,FY2026,company_h1,9500000000.0,jpy_abs,jquants,2026-05-15
2384,"SBS Holdings,Inc.",net_sales,FY2026,company,560000000000.0,jpy_abs,jquants,2026-05-15
2384,"SBS Holdings,Inc.",net_sales,FY2026,company_h1,280000000000.0,jpy_abs,jquants,2026-05-15
2384,"SBS Holdings,Inc.",net_sales,FY2026,consensus,569433333330.0,jpy_abs,yfinance,2026-08-27
2384,"SBS Holdings,Inc.",operating_profit,FY2026,company,24000000000.0,jpy_abs,jquants,2026-05-15
2384,"SBS Holdings,Inc.",operating_profit,FY2026,company_h1,15000000000.0,jpy_abs,jquants,2026-05-15
2384,"SBS Holdings,Inc.",ordinary_profit,FY2026,company,24000000000.0,jpy_abs,jquants,2026-05-15
2384,"SBS Holdings,Inc.",ordinary_profit,FY2026,company_h1,15000000000.0,jpy_abs,jquants,2026-05-15
2384,"SBS Holdings,Inc.",eps,FY2027,consensus,397.8,jpy,yfinance,2026-08-27
2384,"SBS Holdings,Inc.",net_sales,FY2027,consensus,594133333330.0,jpy_abs,yfinance,2026-08-27
2413,"M3,Inc.",dps,FY2026,actual,22.0,jpy,jquants,2026-05-01
2413,"M3,Inc.",eps,FY2026,actual,72.53,jpy,jquants,2026-05-01
2413,"M3,Inc.",net_profit,FY2026,actual,49100000000.0,jpy_abs,jquants,2026-05-01
2413,"M3,Inc.",net_sales,FY2026,actual,351363000000.0,jpy_abs,jquants,2026-05-01
2413,"M3,Inc.",operating_profit,FY2026,actual,73547000000.0,jpy_abs,jquants,2026-05-01
2413,"M3,Inc.",dps,FY2027,company,0.0,jpy,jquants,2026-05-01
2413,"M3,Inc.",eps,FY2027,company,78.29,jpy,jquants,2026-05-01
2413,"M3,Inc.",eps,FY2027,company_h1,35.45,jpy,jquants,2026-05-01
2413,"M3,Inc.",eps,FY2027,consensus,79.39248,jpy,yfinance,2026-08-27
2413,"M3,Inc.",net_profit,FY2027,company,53000000000.0,jpy_abs,jquants,2026-05-01
2413,"M3,Inc.",net_profit,FY2027,company_h1,24000000000.0,jpy_abs,jquants,2026-05-01
2413,"M3,Inc.",net_sales,FY2027,company,400000000000.0,jpy_abs,jquants,2026-05-01
2413,"M3,Inc.",net_sales,FY2027,company_h1,192000000000.0,jpy_abs,jquants,2026-05-01
2413,"M3,Inc.",net_sales,FY2027,consensus,390195383040.0,jpy_abs,yfinance,2026-08-27
2413,"M3,Inc.",operating_profit,FY2027,company,80000000000.0,jpy_abs,jquants,2026-05-01
2413,"M3,Inc.",operating_profit,FY2027,company_h1,37000000000.0,jpy_abs,jquants,2026-05-01
2413,"M3,Inc.",eps,FY2028,consensus,88.65196,jpy,yfinance,2026-08-27
2413,"M3,Inc.",net_sales,FY2028,consensus,426012112170.0,jpy_abs,yfinance,2026-08-27
2503,"Kirin Holdings Company,Limited",dps,FY2025,actual,74.0,jpy,jquants,2026-05-14
2503,"Kirin Holdings Company,Limited",eps,FY2025,actual,182.13,jpy,jquants,2026-05-14
2503,"Kirin Holdings Company,Limited",net_profit,FY2025,actual,147542000000.0,jpy_abs,jquants,2026-05-14
2503,"Kirin Holdings Company,Limited",net_sales,FY2025,actual,2433363000000.0,jpy_abs,jquants,2026-05-14
2503,"Kirin Holdings Company,Limited",operating_profit,FY2025,actual,209677000000.0,jpy_abs,jquants,2026-05-14
2503,"Kirin Holdings Company,Limited",dps,FY2026,company,76.0,jpy,jquants,2026-05-14
2503,"Kirin Holdings Company,Limited",eps,FY2026,company,193.0,jpy,jquants,2026-05-14
2503,"Kirin Holdings Company,Limited",eps,FY2026,consensus,215.00833,jpy,yfinance,2026-08-27
2503,"Kirin Holdings Company,Limited",net_profit,FY2026,company,156000000000.0,jpy_abs,jquants,2026-05-14
2503,"Kirin Holdings Company,Limited",net_sales,FY2026,company,2480000000000.0,jpy_abs,jquants,2026-05-14
2503,"Kirin Holdings Company,Limited",net_sales,FY2026,consensus,2530040067380.0,jpy_abs,yfinance,2026-08-27
2503,"Kirin Holdings Company,Limited",eps,FY2027,consensus,224.84473,jpy,yfinance,2026-08-27
2503,"Kirin Holdings Company,Limited",net_sales,FY2027,consensus,2568520431700.0,jpy_abs,yfinance,2026-08-27
2587,Suntory Beverage & Food Limited,dps,FY2025,actual,120.0,jpy,jquants,2026-05-13
2587,Suntory Beverage & Food Limited,eps,FY2025,actual,287.13,jpy,jquants,2026-05-13
2587,Suntory Beverage & Food Limited,net_profit,FY2025,actual,88723000000.0,jpy_abs,jquants,2026-05-13
2587,Suntory Beverage & Food Limited,net_sales,FY2025,actual,1715438000000.0,jpy_abs,jquants,2026-05-13
2587,Suntory Beverage & Food Limited,operating_profit,FY2025,actual,148739000000.0,jpy_abs,jquants,2026-05-13
2587,Suntory Beverage & Food Limited,dps,FY2026,company,120.0,jpy,jquants,2026-05-13
2587,Suntory Beverage & Food Limited,eps,FY2026,company,288.03,jpy,jquants,2026-05-13
2587,Suntory Beverage & Food Limited,eps,FY2026,consensus,287.94568,jpy,yfinance,2026-08-27
2587,Suntory Beverage & Food Limited,net_profit,FY2026,company,89000000000.0,jpy_abs,jquants,2026-05-13
2587,Suntory Beverage & Food Limited,net_sales,FY2026,company,1826000000000.0,jpy_abs,jquants,2026-05-13
2587,Suntory Beverage & Food Limited,net_sales,FY2026,consensus,1852982576620.0,jpy_abs,yfinance,2026-08-27
2587,Suntory Beverage & Food Limited,operating_profit,FY2026,company,155000000000.0,jpy_abs,jquants,2026-05-13
2587,Suntory Beverage & Food Limited,eps,FY2027,consensus,304.17673,jpy,yfinance,2026-08-27
2587,Suntory Beverage & Food Limited,net_sales,FY2027,consensus,1901745576150.0,jpy_abs,yfinance,2026-08-27
2670,"ABC-MART,INC.",dps,FY2026,actual,75.0,jpy,jquants,2026-04-08
2670,"ABC-MART,INC.",eps,FY2026,actual,187.17,jpy,jquants,2026-04-08
2670,"ABC-MART,INC.",net_profit,FY2026,actual,46346000000.0,jpy_abs,jquants,2026-04-08
2670,"ABC-MART,INC.",net_sales,FY2026,actual,378624000000.0,jpy_abs,jquants,2026-04-08
2670,"ABC-MART,INC.",operating_profit,FY2026,actual,63287000000.0,jpy_abs,jquants,2026-04-08
2670,"ABC-MART,INC.",ordinary_profit,FY2026,actual,67156000000.0,jpy_abs,jquants,2026-04-08
2670,"ABC-MART,INC.",dps,FY2027,company,80.0,jpy,jquants,2026-04-08
2670,"ABC-MART,INC.",eps,FY2027,company,187.39,jpy,jquants,2026-04-08
2670,"ABC-MART,INC.",eps,FY2027,company_h1,99.51,jpy,jquants,2026-04-08
2670,"ABC-MART,INC.",eps,FY2027,consensus,193.34729,jpy,yfinance,2026-08-27
2670,"ABC-MART,INC.",net_profit,FY2027,company,46400000000.0,jpy_abs,jquants,2026-04-08
2670,"ABC-MART,INC.",net_profit,FY2027,company_h1,24640000000.0,jpy_abs,jquants,2026-04-08
2670,"ABC-MART,INC.",net_sales,FY2027,company,400800000000.0,jpy_abs,jquants,2026-04-08
2670,"ABC-MART,INC.",net_sales,FY2027,company_h1,200100000000.0,jpy_abs,jquants,2026-04-08
2670,"ABC-MART,INC.",net_sales,FY2027,consensus,401278070710.0,jpy_abs,yfinance,2026-08-27
2670,"ABC-MART,INC.",operating_profit,FY2027,company,65600000000.0,jpy_abs,jquants,2026-04-08
2670,"ABC-MART,INC.",operating_profit,FY2027,company_h1,34700000000.0,jpy_abs,jquants,2026-04-08
2670,"ABC-MART,INC.",ordinary_profit,FY2027,company,67400000000.0,jpy_abs,jquants,2026-04-08
2670,"ABC-MART,INC.",ordinary_profit,FY2027,company_h1,35670000000.0,jpy_abs,jquants,2026-04-08
2670,"ABC-MART,INC.",eps,FY2028,consensus,201.0366,jpy,yfinance,2026-08-27
2670,"ABC-MART,INC.",net_sales,FY2028,consensus,416092168970.0,jpy_abs,yfinance,2026-08-27
2678,ASKUL Corporation,dps,FY2025,actual,38.0,jpy,jquants,2026-03-27
2678,ASKUL Corporation,eps,FY2025,actual,95.45,jpy,jquants,2026-03-27
2678,ASKUL Corporation,net_profit,FY2025,actual,9068000000.0,jpy_abs,jquants,2026-03-27
2678,ASKUL Corporation,net_sales,FY2025,actual,481101000000.0,jpy_abs,jquants,2026-03-27
2678,ASKUL Corporation,operating_profit,FY2025,actual,14004000000.0,jpy_abs,jquants,2026-03-27
2678,ASKUL Corporation,ordinary_profit,FY2025,actual,13816000000.0,jpy_abs,jquants,2026-03-27
2678,ASKUL Corporation,dps,FY2026,company,10.0,jpy,jquants,2026-03-27
2678,ASKUL Corporation,eps,FY2026,company,70.57,jpy,jquants,2026-03-27
2678,ASKUL Corporation,eps,FY2026,consensus,43.42673,jpy,yfinance,2026-08-27
2678,ASKUL Corporation,net_profit,FY2026,company,6600000000.0,jpy_abs,jquants,2026-03-27
2678,ASKUL Corporation,net_sales,FY2026,company,395000000000.0,jpy_abs,jquants,2026-03-27
2678,ASKUL Corporation,net_sales,FY2026,consensus,479068755710.0,jpy_abs,yfinance,2026-08-27
2678,ASKUL Corporation,operating_profit,FY2026,company,-20500000000.0,jpy_abs,jquants,2026-03-27
2678,ASKUL Corporation,ordinary_profit,FY2026,company,-22000000000.0,jpy_abs,jquants,2026-03-27
2678,ASKUL Corporation,eps,FY2027,consensus,66.68417,jpy,yfinance,2026-08-27
2678,ASKUL Corporation,net_sales,FY2027,consensus,499373286740.0,jpy_abs,yfinance,2026-08-27
2685,"and ST HD Co.,Ltd.",dps,FY2026,actual,90.0,jpy,jquants,2026-04-06
2685,"and ST HD Co.,Ltd.",eps,FY2026,actual,205.86,jpy,jquants,2026-04-06
2685,"and ST HD Co.,Ltd.",net_profit,FY2026,actual,9498000000.0,jpy_abs,jquants,2026-04-06
2685,"and ST HD Co.,Ltd.",net_sales,FY2026,actual,304351000000.0,jpy_abs,jquants,2026-04-06
2685,"and ST HD Co.,Ltd.",operating_profit,FY2026,actual,16524000000.0,jpy_abs,jquants,2026-04-06
2685,"and ST HD Co.,Ltd.",ordinary_profit,FY2026,actual,16827000000.0,jpy_abs,jquants,2026-04-06
2685,"and ST HD Co.,Ltd.",dps,FY2027,company,90.0,jpy,jquants,2026-04-06
2685,"and ST HD Co.,Ltd.",eps,FY2027,company,227.63,jpy,jquants,2026-04-06
2685,"and ST HD Co.,Ltd.",eps,FY2027,consensus,252.07452,jpy,yfinance,2026-08-27
2685,"and ST HD Co.,Ltd.",net_profit,FY2027,company,10500000000.0,jpy_abs,jquants,2026-04-06
2685,"and ST HD Co.,Ltd.",net_sales,FY2027,company,314000000000.0,jpy_abs,jquants,2026-04-06
2685,"and ST HD Co.,Ltd.",net_sales,FY2027,consensus,315560000000.0,jpy_abs,yfinance,2026-08-27
2685,"and ST HD Co.,Ltd.",operating_profit,FY2027,company,17200000000.0,jpy_abs,jquants,2026-04-06
2685,"and ST HD Co.,Ltd.",ordinary_profit,FY2027,company,17200000000.0,jpy_abs,jquants,2026-04-06
2685,"and ST HD Co.,Ltd.",eps,FY2028,consensus,277.13766,jpy,yfinance,2026-08-27
2685,"and ST HD Co.,Ltd.",net_sales,FY2028,consensus,329566666670.0,jpy_abs,yfinance,2026-08-27
2702,"McDonald's Holdings Company(Japan),Ltd.",dps,FY2025,actual,56.0,jpy,jquants,2026-05-12
2702,"McDonald's Holdings Company(Japan),Ltd.",eps,FY2025,actual,255.04,jpy,jquants,2026-05-12
2702,"McDonald's Holdings Company(Japan),Ltd.",net_profit,FY2025,actual,33909000000.0,jpy_abs,jquants,2026-05-12
2702,"McDonald's Holdings Company(Japan),Ltd.",net_sales,FY2025,actual,416602000000.0,jpy_abs,jquants,2026-05-12
2702,"McDonald's Holdings Company(Japan),Ltd.",operating_profit,FY2025,actual,53257000000.0,jpy_abs,jquants,2026-05-12
2702,"McDonald's Holdings Company(Japan),Ltd.",ordinary_profit,FY2025,actual,52051000000.0,jpy_abs,jquants,2026-05-12
2702,"McDonald's Holdings Company(Japan),Ltd.",dps,FY2026,company,64.0,jpy,jquants,2026-05-12
2702,"McDonald's Holdings Company(Japan),Ltd.",eps,FY2026,company,259.48,jpy,jquants,2026-05-12
2702,"McDonald's Holdings Company(Japan),Ltd.",eps,FY2026,consensus,271.86667,jpy,yfinance,2026-08-27
2702,"McDonald's Holdings Company(Japan),Ltd.",net_profit,FY2026,company,34500000000.0,jpy_abs,jquants,2026-05-12
2702,"McDonald's Holdings Company(Japan),Ltd.",net_sales,FY2026,company,405500000000.0,jpy_abs,jquants,2026-05-12
2702,"McDonald's Holdings Company(Japan),Ltd.",net_sales,FY2026,consensus,414133333330.0,jpy_abs,yfinance,2026-08-27
2702,"McDonald's Holdings Company(Japan),Ltd.",operating_profit,FY2026,company,54500000000.0,jpy_abs,jquants,2026-05-12
2702,"McDonald's Holdings Company(Japan),Ltd.",ordinary_profit,FY2026,company,54500000000.0,jpy_abs,jquants,2026-05-12
2702,"McDonald's Holdings Company(Japan),Ltd.",eps,FY2027,consensus,288.83334,jpy,yfinance,2026-08-27
2702,"McDonald's Holdings Company(Japan),Ltd.",net_sales,FY2027,consensus,413800000000.0,jpy_abs,yfinance,2026-08-27
2726,"PAL GROUP Holdings CO.,LTD",dps,FY2026,actual,40.0,jpy,jquants,2026-04-07
2726,"PAL GROUP Holdings CO.,LTD",eps,FY2026,actual,102.01,jpy,jquants,2026-04-07
2726,"PAL GROUP Holdings CO.,LTD",net_profit,FY2026,actual,17714000000.0,jpy_abs,jquants,2026-04-07
2726,"PAL GROUP Holdings CO.,LTD",net_sales,FY2026,actual,234704000000.0,jpy_abs,jquants,2026-04-07
2726,"PAL GROUP Holdings CO.,LTD",operating_profit,FY2026,actual,27144000000.0,jpy_abs,jquants,2026-04-07
2726,"PAL GROUP Holdings CO.,LTD",ordinary_profit,FY2026,actual,27129000000.0,jpy_abs,jquants,2026-04-07
2726,"PAL GROUP Holdings CO.,LTD",dps,FY2027,company,40.0,jpy,jquants,2026-04-07
2726,"PAL GROUP Holdings CO.,LTD",eps,FY2027,company,109.41,jpy,jquants,2026-04-07
2726,"PAL GROUP Holdings CO.,LTD",eps,FY2027,company_h1,56.72,jpy,jquants,2026-04-07
2726,"PAL GROUP Holdings CO.,LTD",eps,FY2027,consensus,109.3,jpy,yfinance,2026-08-27
2726,"PAL GROUP Holdings CO.,LTD",net_profit,FY2027,company,19000000000.0,jpy_abs,jquants,2026-04-07
2726,"PAL GROUP Holdings CO.,LTD",net_profit,FY2027,company_h1,9850000000.0,jpy_abs,jquants,2026-04-07
2726,"PAL GROUP Holdings CO.,LTD",net_sales,FY2027,company,253000000000.0,jpy_abs,jquants,2026-04-07
2726,"PAL GROUP Holdings CO.,LTD",net_sales,FY2027,company_h1,126000000000.0,jpy_abs,jquants,2026-04-07
2726,"PAL GROUP Holdings CO.,LTD",net_sales,FY2027,consensus,248800000000.0,jpy_abs,yfinance,2026-08-27
2726,"PAL GROUP Holdings CO.,LTD",operating_profit,FY2027,company,29400000000.0,jpy_abs,jquants,2026-04-07
2726,"PAL GROUP Holdings CO.,LTD",operating_profit,FY2027,company_h1,15000000000.0,jpy_abs,jquants,2026-04-07
2726,"PAL GROUP Holdings CO.,LTD",ordinary_profit,FY2027,company,29400000000.0,jpy_abs,jquants,2026-04-07
2726,"PAL GROUP Holdings CO.,LTD",ordinary_profit,FY2027,company_h1,15000000000.0,jpy_abs,jquants,2026-04-07
2726,"PAL GROUP Holdings CO.,LTD",eps,FY2028,consensus,117.7025,jpy,yfinance,2026-08-27
2726,"PAL GROUP Holdings CO.,LTD",net_sales,FY2028,consensus,263500000000.0,jpy_abs,yfinance,2026-08-27
2767,TSUBURAYA FIELDS HOLDINGS INC.,dps,FY2026,actual,70.0,jpy,jquants,2026-05-12
2767,TSUBURAYA FIELDS HOLDINGS INC.,eps,FY2026,actual,209.7,jpy,jquants,2026-05-12
2767,TSUBURAYA FIELDS HOLDINGS INC.,net_profit,FY2026,actual,13050000000.0,jpy_abs,jquants,2026-05-12
2767,TSUBURAYA FIELDS HOLDINGS INC.,net_sales,FY2026,actual,174142000000.0,jpy_abs,jquants,2026-05-12
2767,TSUBURAYA FIELDS HOLDINGS INC.,operating_profit,FY2026,actual,17455000000.0,jpy_abs,jquants,2026-05-12
2767,TSUBURAYA FIELDS HOLDINGS INC.,ordinary_profit,FY2026,actual,17751000000.0,jpy_abs,jquants,2026-05-12
2767,TSUBURAYA FIELDS HOLDINGS INC.,dps,FY2027,company,70.0,jpy,jquants,2026-05-12
2767,TSUBURAYA FIELDS HOLDINGS INC.,eps,FY2027,company,216.86,jpy,jquants,2026-05-12
2767,TSUBURAYA FIELDS HOLDINGS INC.,eps,FY2027,consensus,224.1,jpy,yfinance,2026-08-27
2767,TSUBURAYA FIELDS HOLDINGS INC.,net_profit,FY2027,company,13500000000.0,jpy_abs,jquants,2026-05-12
2767,TSUBURAYA FIELDS HOLDINGS INC.,net_sales,FY2027,company,187000000000.0,jpy_abs,jquants,2026-05-12
2767,TSUBURAYA FIELDS HOLDINGS INC.,net_sales,FY2027,consensus,179300000000.0,jpy_abs,yfinance,2026-08-27
2767,TSUBURAYA FIELDS HOLDINGS INC.,operating_profit,FY2027,company,19000000000.0,jpy_abs,jquants,2026-05-12
2767,TSUBURAYA FIELDS HOLDINGS INC.,ordinary_profit,FY2027,company,19150000000.0,jpy_abs,jquants,2026-05-12
2767,TSUBURAYA FIELDS HOLDINGS INC.,eps,FY2028,consensus,242.6,jpy,yfinance,2026-08-27
2767,TSUBURAYA FIELDS HOLDINGS INC.,net_sales,FY2028,consensus,186350000000.0,jpy_abs,yfinance,2026-08-27
2768,Sojitz Corporation,dps,FY2026,actual,165.0,jpy,jquants,2026-05-01
2768,Sojitz Corporation,eps,FY2026,actual,494.95,jpy,jquants,2026-05-01
2768,Sojitz Corporation,net_profit,FY2026,actual,103611000000.0,jpy_abs,jquants,2026-05-01
2768,Sojitz Corporation,net_sales,FY2026,actual,2757350000000.0,jpy_abs,jquants,2026-05-01
2768,Sojitz Corporation,ordinary_profit,FY2026,actual,80205000000.0,jpy_abs,jquants,2026-05-01
2768,Sojitz Corporation,dps,FY2027,company,180.0,jpy,jquants,2026-05-01
2768,Sojitz Corporation,eps,FY2027,company,622.55,jpy,jquants,2026-05-01
2768,Sojitz Corporation,eps,FY2027,consensus,622.66956,jpy,yfinance,2026-08-27
2768,Sojitz Corporation,net_profit,FY2027,company,130000000000.0,jpy_abs,jquants,2026-05-01
2768,Sojitz Corporation,net_sales,FY2027,consensus,3086733333330.0,jpy_abs,yfinance,2026-08-27
2768,Sojitz Corporation,eps,FY2028,consensus,660.9313,jpy,yfinance,2026-08-27
2768,Sojitz Corporation,net_sales,FY2028,consensus,3190759789880.0,jpy_abs,yfinance,2026-08-27
2801,KIKKOMAN CORPORATION,dps,FY2026,actual,25.0,jpy,jquants,2026-04-24
2801,KIKKOMAN CORPORATION,eps,FY2026,actual,65.99,jpy,jquants,2026-04-24
2801,KIKKOMAN CORPORATION,net_profit,FY2026,actual,61615000000.0,jpy_abs,jquants,2026-04-24
2801,KIKKOMAN CORPORATION,net_sales,FY2026,actual,745539000000.0,jpy_abs,jquants,2026-04-24
2801,KIKKOMAN CORPORATION,operating_profit,FY2026,actual,75940000000.0,jpy_abs,jquants,2026-04-24
2801,KIKKOMAN CORPORATION,ordinary_profit,FY2026,actual,46079000000.0,jpy_abs,jquants,2026-04-24
2801,KIKKOMAN CORPORATION,dps,FY2027,company,25.0,jpy,jquants,2026-04-24
2801,KIKKOMAN CORPORATION,eps,FY2027,company,65.65,jpy,jquants,2026-04-24
2801,KIKKOMAN CORPORATION,eps,FY2027,consensus,71.12193,jpy,yfinance,2026-08-27
2801,KIKKOMAN CORPORATION,net_profit,FY2027,company,61300000000.0,jpy_abs,jquants,2026-04-24
2801,KIKKOMAN CORPORATION,net_sales,FY2027,company,799100000000.0,jpy_abs,jquants,2026-04-24
2801,KIKKOMAN CORPORATION,net_sales,FY2027,consensus,816436264150.0,jpy_abs,yfinance,2026-08-27
2801,KIKKOMAN CORPORATION,operating_profit,FY2027,company,78800000000.0,jpy_abs,jquants,2026-04-24
2801,KIKKOMAN CORPORATION,eps,FY2028,consensus,76.39264,jpy,yfinance,2026-08-27
2801,KIKKOMAN CORPORATION,net_sales,FY2028,consensus,858133829170.0,jpy_abs,yfinance,2026-08-27
2802,"Ajinomoto Co.,Inc.",dps,FY2026,actual,48.0,jpy,jquants,2026-05-07
2802,"Ajinomoto Co.,Inc.",eps,FY2026,actual,138.36,jpy,jquants,2026-05-07
2802,"Ajinomoto Co.,Inc.",net_profit,FY2026,actual,134675000000.0,jpy_abs,jquants,2026-05-07
2802,"Ajinomoto Co.,Inc.",net_sales,FY2026,actual,1583719000000.0,jpy_abs,jquants,2026-05-07
2802,"Ajinomoto Co.,Inc.",operating_profit,FY2026,actual,199412000000.0,jpy_abs,jquants,2026-05-07
2802,"Ajinomoto Co.,Inc.",ordinary_profit,FY2026,actual,121248000000.0,jpy_abs,jquants,2026-05-07
2802,"Ajinomoto Co.,Inc.",dps,FY2027,company,50.0,jpy,jquants,2026-05-07
2802,"Ajinomoto Co.,Inc.",eps,FY2027,company,126.16,jpy,jquants,2026-05-07
2802,"Ajinomoto Co.,Inc.",eps,FY2027,consensus,144.9622,jpy,yfinance,2026-08-27
2802,"Ajinomoto Co.,Inc.",net_profit,FY2027,company,120000000000.0,jpy_abs,jquants,2026-05-07
2802,"Ajinomoto Co.,Inc.",net_sales,FY2027,company,1723000000000.0,jpy_abs,jquants,2026-05-07
2802,"Ajinomoto Co.,Inc.",net_sales,FY2027,consensus,1729051230770.0,jpy_abs,yfinance,2026-08-27
2802,"Ajinomoto Co.,Inc.",eps,FY2028,consensus,176.65582,jpy,yfinance,2026-08-27
2802,"Ajinomoto Co.,Inc.",net_sales,FY2028,consensus,1835728807720.0,jpy_abs,yfinance,2026-08-27
2811,"KAGOME CO.,LTD.",dps,FY2025,actual,48.0,jpy,jquants,2026-05-11
2811,"KAGOME CO.,LTD.",eps,FY2025,actual,161.42,jpy,jquants,2026-05-11
2811,"KAGOME CO.,LTD.",net_profit,FY2025,actual,14800000000.0,jpy_abs,jquants,2026-05-11
2811,"KAGOME CO.,LTD.",net_sales,FY2025,actual,294264000000.0,jpy_abs,jquants,2026-05-11
2811,"KAGOME CO.,LTD.",operating_profit,FY2025,actual,22638000000.0,jpy_abs,jquants,2026-05-11
2811,"KAGOME CO.,LTD.",ordinary_profit,FY2025,actual,10377000000.0,jpy_abs,jquants,2026-05-11
2811,"KAGOME CO.,LTD.",dps,FY2026,company,58.0,jpy,jquants,2026-05-11
2811,"KAGOME CO.,LTD.",eps,FY2026,company,147.47,jpy,jquants,2026-05-11
2811,"KAGOME CO.,LTD.",eps,FY2026,consensus,138.6,jpy,yfinance,2026-08-27
2811,"KAGOME CO.,LTD.",net_profit,FY2026,company,13400000000.0,jpy_abs,jquants,2026-05-11
2811,"KAGOME CO.,LTD.",net_sales,FY2026,company,310000000000.0,jpy_abs,jquants,2026-05-11
2811,"KAGOME CO.,LTD.",net_sales,FY2026,consensus,304550000000.0,jpy_abs,yfinance,2026-08-27
2811,"KAGOME CO.,LTD.",operating_profit,FY2026,company,23000000000.0,jpy_abs,jquants,2026-05-11
2811,"KAGOME CO.,LTD.",eps,FY2027,consensus,157.38974,jpy,yfinance,2026-08-27
2811,"KAGOME CO.,LTD.",net_sales,FY2027,consensus,306850000000.0,jpy_abs,yfinance,2026-08-27
2871,NICHIREI CORPORATION,dps,FY2026,actual,47.0,jpy,jquants,2026-05-12
2871,NICHIREI CORPORATION,dps,FY2026,company,50.0,jpy,jquants,2026-05-12
2871,NICHIREI CORPORATION,eps,FY2026,actual,109.07,jpy,jquants,2026-05-12
2871,NICHIREI CORPORATION,eps,FY2026,company,100.55,jpy,jquants,2026-05-12
2871,NICHIREI CORPORATION,eps,FY2026,consensus,100.175,jpy,yfinance,2026-08-27
2871,NICHIREI CORPORATION,net_profit,FY2026,actual,27332000000.0,jpy_abs,jquants,2026-05-12
2871,NICHIREI CORPORATION,net_profit,FY2026,company,25200000000.0,jpy_abs,jquants,2026-05-12
2871,NICHIREI CORPORATION,net_sales,FY2026,actual,716144000000.0,jpy_abs,jquants,2026-05-12
2871,NICHIREI CORPORATION,net_sales,FY2026,company,609400000000.0,jpy_abs,jquants,2026-05-12
2871,NICHIREI CORPORATION,net_sales,FY2026,consensus,613325879100.0,jpy_abs,yfinance,2026-08-27
2871,NICHIREI CORPORATION,operating_profit,FY2026,actual,38999000000.0,jpy_abs,jquants,2026-05-12
2871,NICHIREI CORPORATION,operating_profit,FY2026,company,33800000000.0,jpy_abs,jquants,2026-05-12
2871,NICHIREI CORPORATION,ordinary_profit,FY2026,actual,40149000000.0,jpy_abs,jquants,2026-05-12
2871,NICHIREI CORPORATION,ordinary_profit,FY2026,company,34700000000.0,jpy_abs,jquants,2026-05-12
2871,NICHIREI CORPORATION,eps,FY2027,consensus,131.19157,jpy,yfinance,2026-08-27
2871,NICHIREI CORPORATION,net_sales,FY2027,consensus,773912893190.0,jpy_abs,yfinance,2026-08-27
2875,"TOYO SUISAN KAISHA,LTD.",dps,FY2026,actual,220.0,jpy,jquants,2026-05-15
2875,"TOYO SUISAN KAISHA,LTD.",eps,FY2026,actual,713.27,jpy,jquants,2026-05-15
2875,"TOYO SUISAN KAISHA,LTD.",net_profit,FY2026,actual,70188000000.0,jpy_abs,jquants,2026-05-15
2875,"TOYO SUISAN KAISHA,LTD.",net_sales,FY2026,actual,536636000000.0,jpy_abs,jquants,2026-05-15
2875,"TOYO SUISAN KAISHA,LTD.",operating_profit,FY2026,actual,85799000000.0,jpy_abs,jquants,2026-05-15
2875,"TOYO SUISAN KAISHA,LTD.",ordinary_profit,FY2026,actual,94050000000.0,jpy_abs,jquants,2026-05-15
2875,"TOYO SUISAN KAISHA,LTD.",dps,FY2027,company,220.0,jpy,jquants,2026-05-15
2875,"TOYO SUISAN KAISHA,LTD.",eps,FY2027,company,666.63,jpy,jquants,2026-05-15
2875,"TOYO SUISAN KAISHA,LTD.",eps,FY2027,company_h1,341.45,jpy,jquants,2026-05-15
2875,"TOYO SUISAN KAISHA,LTD.",eps,FY2027,consensus,720.1876,jpy,yfinance,2026-08-27
2875,"TOYO SUISAN KAISHA,LTD.",net_profit,FY2027,company,65600000000.0,jpy_abs,jquants,2026-05-15
2875,"TOYO SUISAN KAISHA,LTD.",net_profit,FY2027,company_h1,33600000000.0,jpy_abs,jquants,2026-05-15
2875,"TOYO SUISAN KAISHA,LTD.",net_sales,FY2027,company,560000000000.0,jpy_abs,jquants,2026-05-15
2875,"TOYO SUISAN KAISHA,LTD.",net_sales,FY2027,company_h1,274500000000.0,jpy_abs,jquants,2026-05-15
2875,"TOYO SUISAN KAISHA,LTD.",net_sales,FY2027,consensus,571110153750.0,jpy_abs,yfinance,2026-08-27
2875,"TOYO SUISAN KAISHA,LTD.",operating_profit,FY2027,company,82000000000.0,jpy_abs,jquants,2026-05-15
2875,"TOYO SUISAN KAISHA,LTD.",operating_profit,FY2027,company_h1,42000000000.0,jpy_abs,jquants,2026-05-15
2875,"TOYO SUISAN KAISHA,LTD.",ordinary_profit,FY2027,company,88500000000.0,jpy_abs,jquants,2026-05-15
2875,"TOYO SUISAN KAISHA,LTD.",ordinary_profit,FY2027,company_h1,45400000000.0,jpy_abs,jquants,2026-05-15
2875,"TOYO SUISAN KAISHA,LTD.",eps,FY2028,consensus,761.86804,jpy,yfinance,2026-08-27
2875,"TOYO SUISAN KAISHA,LTD.",net_sales,FY2028,consensus,591825413830.0,jpy_abs,yfinance,2026-08-27
2897,"NISSIN FOODS HOLDINGS CO.,LTD.",dps,FY2026,actual,70.0,jpy,jquants,2026-05-13
2897,"NISSIN FOODS HOLDINGS CO.,LTD.",eps,FY2026,actual,157.33,jpy,jquants,2026-05-13
2897,"NISSIN FOODS HOLDINGS CO.,LTD.",net_profit,FY2026,actual,45380000000.0,jpy_abs,jquants,2026-05-13
2897,"NISSIN FOODS HOLDINGS CO.,LTD.",net_sales,FY2026,actual,788131000000.0,jpy_abs,jquants,2026-05-13
2897,"NISSIN FOODS HOLDINGS CO.,LTD.",operating_profit,FY2026,actual,62330000000.0,jpy_abs,jquants,2026-05-13
2897,"NISSIN FOODS HOLDINGS CO.,LTD.",ordinary_profit,FY2026,actual,65128000000.0,jpy_abs,jquants,2026-05-13
2897,"NISSIN FOODS HOLDINGS CO.,LTD.",dps,FY2027,company,70.0,jpy,jquants,2026-05-13
2897,"NISSIN FOODS HOLDINGS CO.,LTD.",eps,FY2027,consensus,168.92494,jpy,yfinance,2026-08-27
2897,"NISSIN FOODS HOLDINGS CO.,LTD.",net_sales,FY2027,company,860000000000.0,jpy_abs,jquants,2026-05-13
2897,"NISSIN FOODS HOLDINGS CO.,LTD.",net_sales,FY2027,consensus,850610714820.0,jpy_abs,yfinance,2026-08-27
2897,"NISSIN FOODS HOLDINGS CO.,LTD.",eps,FY2028,consensus,183.6567,jpy,yfinance,2026-08-27
2897,"NISSIN FOODS HOLDINGS CO.,LTD.",net_sales,FY2028,consensus,897921505430.0,jpy_abs,yfinance,2026-08-27
2914,JAPAN TOBACCO INC.,dps,FY2025,actual,234.0,jpy,jquants,2026-05-08
2914,JAPAN TOBACCO INC.,eps,FY2025,actual,287.36,jpy,jquants,2026-05-08
2914,JAPAN TOBACCO INC.,net_profit,FY2025,actual,510175000000.0,jpy_abs,jquants,2026-05-08
2914,JAPAN TOBACCO INC.,net_sales,FY2025,actual,3467675000000.0,jpy_abs,jquants,2026-05-08
2914,JAPAN TOBACCO INC.,operating_profit,FY2025,actual,867038000000.0,jpy_abs,jquants,2026-05-08
2914,JAPAN TOBACCO INC.,dps,FY2026,company,242.0,jpy,jquants,2026-05-08
2914,JAPAN TOBACCO INC.,eps,FY2026,company,321.06,jpy,jquants,2026-05-08
2914,JAPAN TOBACCO INC.,eps,FY2026,consensus,362.85852,jpy,yfinance,2026-08-27
2914,JAPAN TOBACCO INC.,net_profit,FY2026,company,570000000000.0,jpy_abs,jquants,2026-05-08
2914,JAPAN TOBACCO INC.,net_sales,FY2026,company,3697000000000.0,jpy_abs,jquants,2026-05-08
2914,JAPAN TOBACCO INC.,net_sales,FY2026,consensus,3870313878970.0,jpy_abs,yfinance,2026-08-27
2914,JAPAN TOBACCO INC.,operating_profit,FY2026,company,921000000000.0,jpy_abs,jquants,2026-05-08
2914,JAPAN TOBACCO INC.,eps,FY2027,consensus,405.17117,jpy,yfinance,2026-08-27
2914,JAPAN TOBACCO INC.,net_sales,FY2027,consensus,4036527855210.0,jpy_abs,yfinance,2026-08-27
3003,"Hulic Co.,Ltd.",dps,FY2025,actual,62.0,jpy,jquants,2026-04-27
3003,"Hulic Co.,Ltd.",eps,FY2025,actual,150.5,jpy,jquants,2026-04-27
3003,"Hulic Co.,Ltd.",net_profit,FY2025,actual,114334000000.0,jpy_abs,jquants,2026-04-27
3003,"Hulic Co.,Ltd.",net_sales,FY2025,actual,727447000000.0,jpy_abs,jquants,2026-04-27
3003,"Hulic Co.,Ltd.",operating_profit,FY2025,actual,186826000000.0,jpy_abs,jquants,2026-04-27
3003,"Hulic Co.,Ltd.",ordinary_profit,FY2025,actual,172927000000.0,jpy_abs,jquants,2026-04-27
3003,"Hulic Co.,Ltd.",dps,FY2026,company,67.0,jpy,jquants,2026-04-27
3003,"Hulic Co.,Ltd.",eps,FY2026,company,159.41,jpy,jquants,2026-04-27
3003,"Hulic Co.,Ltd.",eps,FY2026,consensus,163.24924,jpy,yfinance,2026-08-27
3003,"Hulic Co.,Ltd.",net_profit,FY2026,company,121000000000.0,jpy_abs,jquants,2026-04-27
3003,"Hulic Co.,Ltd.",net_sales,FY2026,consensus,896914285710.0,jpy_abs,yfinance,2026-08-27
3003,"Hulic Co.,Ltd.",operating_profit,FY2026,company,210000000000.0,jpy_abs,jquants,2026-04-27
3003,"Hulic Co.,Ltd.",ordinary_profit,FY2026,company,185000000000.0,jpy_abs,jquants,2026-04-27
3003,"Hulic Co.,Ltd.",eps,FY2027,consensus,173.22633,jpy,yfinance,2026-08-27
3003,"Hulic Co.,Ltd.",net_sales,FY2027,consensus,946310571430.0,jpy_abs,yfinance,2026-08-27
3038,"KOBE BUSSAN CO.,LTD.",dps,FY2025,actual,30.0,jpy,jquants,2026-03-13
3038,"KOBE BUSSAN CO.,LTD.",eps,FY2025,actual,143.98,jpy,jquants,2026-03-13
3038,"KOBE BUSSAN CO.,LTD.",net_profit,FY2025,actual,31878000000.0,jpy_abs,jquants,2026-03-13
3038,"KOBE BUSSAN CO.,LTD.",net_sales,FY2025,actual,551701000000.0,jpy_abs,jquants,2026-03-13
3038,"KOBE BUSSAN CO.,LTD.",operating_profit,FY2025,actual,39878000000.0,jpy_abs,jquants,2026-03-13
3038,"KOBE BUSSAN CO.,LTD.",ordinary_profit,FY2025,actual,48081000000.0,jpy_abs,jquants,2026-03-13
3038,"KOBE BUSSAN CO.,LTD.",dps,FY2026,company,32.0,jpy,jquants,2026-03-13
3038,"KOBE BUSSAN CO.,LTD.",eps,FY2026,company,133.24,jpy,jquants,2026-03-13
3038,"KOBE BUSSAN CO.,LTD.",eps,FY2026,consensus,141.78934,jpy,yfinance,2026-08-27
3038,"KOBE BUSSAN CO.,LTD.",net_profit,FY2026,company,29500000000.0,jpy_abs,jquants,2026-03-13
3038,"KOBE BUSSAN CO.,LTD.",net_sales,FY2026,company,566500000000.0,jpy_abs,jquants,2026-03-13
3038,"KOBE BUSSAN CO.,LTD.",net_sales,FY2026,consensus,584571134380.0,jpy_abs,yfinance,2026-08-27
3038,"KOBE BUSSAN CO.,LTD.",operating_profit,FY2026,company,43000000000.0,jpy_abs,jquants,2026-03-13
3038,"KOBE BUSSAN CO.,LTD.",ordinary_profit,FY2026,company,43700000000.0,jpy_abs,jquants,2026-03-13
3038,"KOBE BUSSAN CO.,LTD.",eps,FY2027,consensus,151.113,jpy,yfinance,2026-08-27
3038,"KOBE BUSSAN CO.,LTD.",net_sales,FY2027,consensus,647899003640.0,jpy_abs,yfinance,2026-08-27
3064,"MonotaRO Co.,Ltd.",dps,FY2025,actual,33.0,jpy,jquants,2026-05-07
3064,"MonotaRO Co.,Ltd.",eps,FY2025,actual,65.27,jpy,jquants,2026-05-07
3064,"MonotaRO Co.,Ltd.",net_profit,FY2025,actual,32434000000.0,jpy_abs,jquants,2026-05-07
3064,"MonotaRO Co.,Ltd.",net_sales,FY2025,actual,333880000000.0,jpy_abs,jquants,2026-05-07
3064,"MonotaRO Co.,Ltd.",operating_profit,FY2025,actual,46192000000.0,jpy_abs,jquants,2026-05-07
3064,"MonotaRO Co.,Ltd.",ordinary_profit,FY2025,actual,46057000000.0,jpy_abs,jquants,2026-05-07
3064,"MonotaRO Co.,Ltd.",dps,FY2026,company,37.0,jpy,jquants,2026-05-07
3064,"MonotaRO Co.,Ltd.",eps,FY2026,company,72.81,jpy,jquants,2026-05-07
3064,"MonotaRO Co.,Ltd.",eps,FY2026,company_h1,35.26,jpy,jquants,2026-05-07
3064,"MonotaRO Co.,Ltd.",eps,FY2026,consensus,75.7554,jpy,yfinance,2026-08-27
3064,"MonotaRO Co.,Ltd.",net_profit,FY2026,company,36180000000.0,jpy_abs,jquants,2026-05-07
3064,"MonotaRO Co.,Ltd.",net_profit,FY2026,company_h1,17521000000.0,jpy_abs,jquants,2026-05-07
3064,"MonotaRO Co.,Ltd.",net_sales,FY2026,company,381379000000.0,jpy_abs,jquants,2026-05-07
3064,"MonotaRO Co.,Ltd.",net_sales,FY2026,company_h1,188325000000.0,jpy_abs,jquants,2026-05-07
3064,"MonotaRO Co.,Ltd.",net_sales,FY2026,consensus,381666057190.0,jpy_abs,yfinance,2026-08-27
3064,"MonotaRO Co.,Ltd.",operating_profit,FY2026,company,53069000000.0,jpy_abs,jquants,2026-05-07
3064,"MonotaRO Co.,Ltd.",operating_profit,FY2026,company_h1,25791000000.0,jpy_abs,jquants,2026-05-07
3064,"MonotaRO Co.,Ltd.",ordinary_profit,FY2026,company,52789000000.0,jpy_abs,jquants,2026-05-07
3064,"MonotaRO Co.,Ltd.",ordinary_profit,FY2026,company_h1,25647000000.0,jpy_abs,jquants,2026-05-07
3064,"MonotaRO Co.,Ltd.",eps,FY2027,consensus,85.13605,jpy,yfinance,2026-08-27
3064,"MonotaRO Co.,Ltd.",net_sales,FY2027,consensus,421942020360.0,jpy_abs,yfinance,2026-08-27
3086,"J.FRONT RETAILING Co.,Ltd.",dps,FY2026,actual,54.0,jpy,jquants,2026-04-14
3086,"J.FRONT RETAILING Co.,Ltd.",eps,FY2026,actual,112.93,jpy,jquants,2026-04-14
3086,"J.FRONT RETAILING Co.,Ltd.",net_profit,FY2026,actual,28282000000.0,jpy_abs,jquants,2026-04-14
3086,"J.FRONT RETAILING Co.,Ltd.",net_sales,FY2026,actual,445094000000.0,jpy_abs,jquants,2026-04-14
3086,"J.FRONT RETAILING Co.,Ltd.",operating_profit,FY2026,actual,49015000000.0,jpy_abs,jquants,2026-04-14
3086,"J.FRONT RETAILING Co.,Ltd.",ordinary_profit,FY2026,actual,14093000000.0,jpy_abs,jquants,2026-04-14
3086,"J.FRONT RETAILING Co.,Ltd.",dps,FY2027,company,56.0,jpy,jquants,2026-04-14
3086,"J.FRONT RETAILING Co.,Ltd.",eps,FY2027,company,118.16,jpy,jquants,2026-04-14
3086,"J.FRONT RETAILING Co.,Ltd.",eps,FY2027,company_h1,56.85,jpy,jquants,2026-04-14
3086,"J.FRONT RETAILING Co.,Ltd.",eps,FY2027,consensus,127.30858,jpy,yfinance,2026-08-27
3086,"J.FRONT RETAILING Co.,Ltd.",net_profit,FY2027,company,29000000000.0,jpy_abs,jquants,2026-04-14
3086,"J.FRONT RETAILING Co.,Ltd.",net_profit,FY2027,company_h1,14000000000.0,jpy_abs,jquants,2026-04-14
3086,"J.FRONT RETAILING Co.,Ltd.",net_sales,FY2027,company,469000000000.0,jpy_abs,jquants,2026-04-14
3086,"J.FRONT RETAILING Co.,Ltd.",net_sales,FY2027,company_h1,220000000000.0,jpy_abs,jquants,2026-04-14
3086,"J.FRONT RETAILING Co.,Ltd.",net_sales,FY2027,consensus,460160000000.0,jpy_abs,yfinance,2026-08-27
3086,"J.FRONT RETAILING Co.,Ltd.",operating_profit,FY2027,company,47000000000.0,jpy_abs,jquants,2026-04-14
3086,"J.FRONT RETAILING Co.,Ltd.",operating_profit,FY2027,company_h1,22000000000.0,jpy_abs,jquants,2026-04-14
3086,"J.FRONT RETAILING Co.,Ltd.",eps,FY2028,consensus,136.00842,jpy,yfinance,2026-08-27
3086,"J.FRONT RETAILING Co.,Ltd.",net_sales,FY2028,consensus,471980000000.0,jpy_abs,yfinance,2026-08-27
3088,MatsukiyoCocokara & Co.,dps,FY2026,actual,50.0,jpy,jquants,2026-05-13
3088,MatsukiyoCocokara & Co.,eps,FY2026,actual,139.94,jpy,jquants,2026-05-13
3088,MatsukiyoCocokara & Co.,net_profit,FY2026,actual,55776000000.0,jpy_abs,jquants,2026-05-13
3088,MatsukiyoCocokara & Co.,net_sales,FY2026,actual,1117440000000.0,jpy_abs,jquants,2026-05-13
3088,MatsukiyoCocokara & Co.,operating_profit,FY2026,actual,84935000000.0,jpy_abs,jquants,2026-05-13
3088,MatsukiyoCocokara & Co.,ordinary_profit,FY2026,actual,89855000000.0,jpy_abs,jquants,2026-05-13
3088,MatsukiyoCocokara & Co.,dps,FY2027,company,56.0,jpy,jquants,2026-05-13
3088,MatsukiyoCocokara & Co.,eps,FY2027,company,148.02,jpy,jquants,2026-05-13
3088,MatsukiyoCocokara & Co.,eps,FY2027,company_h1,67.74,jpy,jquants,2026-05-13
3088,MatsukiyoCocokara & Co.,eps,FY2027,consensus,154.51463,jpy,yfinance,2026-08-27
3088,MatsukiyoCocokara & Co.,net_profit,FY2027,company,59000000000.0,jpy_abs,jquants,2026-05-13
3088,MatsukiyoCocokara & Co.,net_profit,FY2027,company_h1,27000000000.0,jpy_abs,jquants,2026-05-13
3088,MatsukiyoCocokara & Co.,net_sales,FY2027,company,1155000000000.0,jpy_abs,jquants,2026-05-13
3088,MatsukiyoCocokara & Co.,net_sales,FY2027,company_h1,572000000000.0,jpy_abs,jquants,2026-05-13
3088,MatsukiyoCocokara & Co.,net_sales,FY2027,consensus,1171111666670.0,jpy_abs,yfinance,2026-08-27
3088,MatsukiyoCocokara & Co.,operating_profit,FY2027,company,87500000000.0,jpy_abs,jquants,2026-05-13
3088,MatsukiyoCocokara & Co.,operating_profit,FY2027,company_h1,39500000000.0,jpy_abs,jquants,2026-05-13
3088,MatsukiyoCocokara & Co.,ordinary_profit,FY2027,company,91500000000.0,jpy_abs,jquants,2026-05-13
3088,MatsukiyoCocokara & Co.,ordinary_profit,FY2027,company_h1,41500000000.0,jpy_abs,jquants,2026-05-13
3088,MatsukiyoCocokara & Co.,eps,FY2028,consensus,163.29036,jpy,yfinance,2026-08-27
3088,MatsukiyoCocokara & Co.,net_sales,FY2028,consensus,1207325900000.0,jpy_abs,yfinance,2026-08-27
3092,"ZOZO,Inc.",dps,FY2026,actual,39.0,jpy,jquants,2026-04-30
3092,"ZOZO,Inc.",eps,FY2026,actual,54.11,jpy,jquants,2026-04-30
3092,"ZOZO,Inc.",net_profit,FY2026,actual,47926000000.0,jpy_abs,jquants,2026-04-30
3092,"ZOZO,Inc.",net_sales,FY2026,actual,228373000000.0,jpy_abs,jquants,2026-04-30
3092,"ZOZO,Inc.",operating_profit,FY2026,actual,69366000000.0,jpy_abs,jquants,2026-04-30
3092,"ZOZO,Inc.",ordinary_profit,FY2026,actual,69261000000.0,jpy_abs,jquants,2026-04-30
3092,"ZOZO,Inc.",dps,FY2027,company,40.0,jpy,jquants,2026-04-30
3092,"ZOZO,Inc.",eps,FY2027,company,56.2,jpy,jquants,2026-04-30
3092,"ZOZO,Inc.",eps,FY2027,consensus,58.24605,jpy,yfinance,2026-08-27
3092,"ZOZO,Inc.",net_profit,FY2027,company,49700000000.0,jpy_abs,jquants,2026-04-30
3092,"ZOZO,Inc.",net_sales,FY2027,company,241900000000.0,jpy_abs,jquants,2026-04-30
3092,"ZOZO,Inc.",net_sales,FY2027,consensus,241656386460.0,jpy_abs,yfinance,2026-08-27
3092,"ZOZO,Inc.",operating_profit,FY2027,company,74400000000.0,jpy_abs,jquants,2026-04-30
3092,"ZOZO,Inc.",ordinary_profit,FY2027,company,74400000000.0,jpy_abs,jquants,2026-04-30
3092,"ZOZO,Inc.",eps,FY2028,consensus,61.69121,jpy,yfinance,2026-08-27
3092,"ZOZO,Inc.",net_sales,FY2028,consensus,254374410960.0,jpy_abs,yfinance,2026-08-27
3099,Isetan Mitsukoshi Holdings Ltd.,dps,FY2026,actual,70.0,jpy,jquants,2026-05-13
3099,Isetan Mitsukoshi Holdings Ltd.,eps,FY2026,actual,213.96,jpy,jquants,2026-05-13
3099,Isetan Mitsukoshi Holdings Ltd.,net_profit,FY2026,actual,76096000000.0,jpy_abs,jquants,2026-05-13
3099,Isetan Mitsukoshi Holdings Ltd.,net_sales,FY2026,actual,545626000000.0,jpy_abs,jquants,2026-05-13
3099,Isetan Mitsukoshi Holdings Ltd.,operating_profit,FY2026,actual,80020000000.0,jpy_abs,jquants,2026-05-13
3099,Isetan Mitsukoshi Holdings Ltd.,ordinary_profit,FY2026,actual,86587000000.0,jpy_abs,jquants,2026-05-13
3099,Isetan Mitsukoshi Holdings Ltd.,dps,FY2027,company,80.0,jpy,jquants,2026-05-13
3099,Isetan Mitsukoshi Holdings Ltd.,eps,FY2027,company,184.27,jpy,jquants,2026-05-13
3099,Isetan Mitsukoshi Holdings Ltd.,eps,FY2027,consensus,182.71059,jpy,yfinance,2026-08-27
3099,Isetan Mitsukoshi Holdings Ltd.,net_profit,FY2027,company,61500000000.0,jpy_abs,jquants,2026-05-13
3099,Isetan Mitsukoshi Holdings Ltd.,net_sales,FY2027,company,560000000000.0,jpy_abs,jquants,2026-05-13
3099,Isetan Mitsukoshi Holdings Ltd.,net_sales,FY2027,consensus,564569164710.0,jpy_abs,yfinance,2026-08-27
3099,Isetan Mitsukoshi Holdings Ltd.,operating_profit,FY2027,company,81500000000.0,jpy_abs,jquants,2026-05-13
3099,Isetan Mitsukoshi Holdings Ltd.,ordinary_profit,FY2027,company,80000000000.0,jpy_abs,jquants,2026-05-13
3099,Isetan Mitsukoshi Holdings Ltd.,eps,FY2028,consensus,185.09393,jpy,yfinance,2026-08-27
3099,Isetan Mitsukoshi Holdings Ltd.,net_sales,FY2028,consensus,575859812000.0,jpy_abs,yfinance,2026-08-27
3107,"Daiwabo Holdings Co.,Ltd.",dps,FY2026,actual,105.0,jpy,jquants,2026-05-13
3107,"Daiwabo Holdings Co.,Ltd.",eps,FY2026,actual,362.07,jpy,jquants,2026-05-13
3107,"Daiwabo Holdings Co.,Ltd.",net_profit,FY2026,actual,32030000000.0,jpy_abs,jquants,2026-05-13
3107,"Daiwabo Holdings Co.,Ltd.",net_sales,FY2026,actual,1350879000000.0,jpy_abs,jquants,2026-05-13
3107,"Daiwabo Holdings Co.,Ltd.",operating_profit,FY2026,actual,44169000000.0,jpy_abs,jquants,2026-05-13
3107,"Daiwabo Holdings Co.,Ltd.",ordinary_profit,FY2026,actual,44943000000.0,jpy_abs,jquants,2026-05-13
3107,"Daiwabo Holdings Co.,Ltd.",dps,FY2027,company,110.0,jpy,jquants,2026-05-13
3107,"Daiwabo Holdings Co.,Ltd.",eps,FY2027,company,291.09,jpy,jquants,2026-05-13
3107,"Daiwabo Holdings Co.,Ltd.",eps,FY2027,company_h1,131.16,jpy,jquants,2026-05-13
3107,"Daiwabo Holdings Co.,Ltd.",eps,FY2027,consensus,290.85,jpy,yfinance,2026-08-27
3107,"Daiwabo Holdings Co.,Ltd.",net_profit,FY2027,company,25300000000.0,jpy_abs,jquants,2026-05-13
3107,"Daiwabo Holdings Co.,Ltd.",net_profit,FY2027,company_h1,11400000000.0,jpy_abs,jquants,2026-05-13
3107,"Daiwabo Holdings Co.,Ltd.",net_sales,FY2027,company,1189000000000.0,jpy_abs,jquants,2026-05-13
3107,"Daiwabo Holdings Co.,Ltd.",net_sales,FY2027,company_h1,567050000000.0,jpy_abs,jquants,2026-05-13
3107,"Daiwabo Holdings Co.,Ltd.",net_sales,FY2027,consensus,1210500000000.0,jpy_abs,yfinance,2026-08-27
3107,"Daiwabo Holdings Co.,Ltd.",operating_profit,FY2027,company,36500000000.0,jpy_abs,jquants,2026-05-13
3107,"Daiwabo Holdings Co.,Ltd.",operating_profit,FY2027,company_h1,16500000000.0,jpy_abs,jquants,2026-05-13
3107,"Daiwabo Holdings Co.,Ltd.",ordinary_profit,FY2027,company,36700000000.0,jpy_abs,jquants,2026-05-13
3107,"Daiwabo Holdings Co.,Ltd.",ordinary_profit,FY2027,company_h1,16600000000.0,jpy_abs,jquants,2026-05-13
3107,"Daiwabo Holdings Co.,Ltd.",eps,FY2028,consensus,315.25,jpy,yfinance,2026-08-27
3107,"Daiwabo Holdings Co.,Ltd.",net_sales,FY2028,consensus,1278000000000.0,jpy_abs,yfinance,2026-08-27
3110,"NITTO BOSEKI CO.,LTD.",dps,FY2027,company,28.0,jpy,jquants,2026-05-25
3110,"NITTO BOSEKI CO.,LTD.",eps,FY2028,consensus,112.17594,jpy,yfinance,2026-08-27
3110,"NITTO BOSEKI CO.,LTD.",net_sales,FY2028,consensus,140435000000.0,jpy_abs,yfinance,2026-08-27
3110,"NITTO BOSEKI CO.,LTD.",eps,FY2029,consensus,144.63618,jpy,yfinance,2026-08-27
3110,"NITTO BOSEKI CO.,LTD.",net_sales,FY2029,consensus,161355555560.0,jpy_abs,yfinance,2026-08-27
3116,TOYOTA BOSHOKU CORPORATION,dps,FY2026,actual,86.0,jpy,jquants,2026-04-28
3116,TOYOTA BOSHOKU CORPORATION,eps,FY2026,actual,130.3,jpy,jquants,2026-04-28
3116,TOYOTA BOSHOKU CORPORATION,net_profit,FY2026,actual,23271000000.0,jpy_abs,jquants,2026-04-28
3116,TOYOTA BOSHOKU CORPORATION,net_sales,FY2026,actual,2037063000000.0,jpy_abs,jquants,2026-04-28
3116,TOYOTA BOSHOKU CORPORATION,operating_profit,FY2026,actual,53948000000.0,jpy_abs,jquants,2026-04-28
3116,TOYOTA BOSHOKU CORPORATION,dps,FY2027,company,86.0,jpy,jquants,2026-04-28
3116,TOYOTA BOSHOKU CORPORATION,eps,FY2027,company,268.77,jpy,jquants,2026-04-28
3116,TOYOTA BOSHOKU CORPORATION,eps,FY2027,consensus,261.12833,jpy,yfinance,2026-08-27
3116,TOYOTA BOSHOKU CORPORATION,net_profit,FY2027,company,48000000000.0,jpy_abs,jquants,2026-04-28
3116,TOYOTA BOSHOKU CORPORATION,net_sales,FY2027,company,2120000000000.0,jpy_abs,jquants,2026-04-28
3116,TOYOTA BOSHOKU CORPORATION,net_sales,FY2027,consensus,2113277827579.0,jpy_abs,yfinance,2026-08-27
3116,TOYOTA BOSHOKU CORPORATION,operating_profit,FY2027,company,80000000000.0,jpy_abs,jquants,2026-04-28
3116,TOYOTA BOSHOKU CORPORATION,eps,FY2028,consensus,292.67145,jpy,yfinance,2026-08-27
3116,TOYOTA BOSHOKU CORPORATION,net_sales,FY2028,consensus,2149559332060.0,jpy_abs,yfinance,2026-08-27
3132,"MACNICA HOLDINGS,INC.",dps,FY2026,actual,70.0,jpy,jquants,2026-05-11
3132,"MACNICA HOLDINGS,INC.",eps,FY2026,actual,155.54,jpy,jquants,2026-05-11
3132,"MACNICA HOLDINGS,INC.",net_profit,FY2026,actual,27765000000.0,jpy_abs,jquants,2026-05-11
3132,"MACNICA HOLDINGS,INC.",net_sales,FY2026,actual,1214196000000.0,jpy_abs,jquants,2026-05-11
3132,"MACNICA HOLDINGS,INC.",operating_profit,FY2026,actual,41950000000.0,jpy_abs,jquants,2026-05-11
3132,"MACNICA HOLDINGS,INC.",ordinary_profit,FY2026,actual,37392000000.0,jpy_abs,jquants,2026-05-11
3132,"MACNICA HOLDINGS,INC.",dps,FY2027,company,80.0,jpy,jquants,2026-05-11
3132,"MACNICA HOLDINGS,INC.",eps,FY2027,company,179.21,jpy,jquants,2026-05-11
3132,"MACNICA HOLDINGS,INC.",eps,FY2027,consensus,237.14,jpy,yfinance,2026-08-27
3132,"MACNICA HOLDINGS,INC.",net_profit,FY2027,company,32000000000.0,jpy_abs,jquants,2026-05-11
3132,"MACNICA HOLDINGS,INC.",net_sales,FY2027,company,1300000000000.0,jpy_abs,jquants,2026-05-11
3132,"MACNICA HOLDINGS,INC.",net_sales,FY2027,consensus,1556345000000.0,jpy_abs,yfinance,2026-08-27
3132,"MACNICA HOLDINGS,INC.",operating_profit,FY2027,company,52000000000.0,jpy_abs,jquants,2026-05-11
3132,"MACNICA HOLDINGS,INC.",ordinary_profit,FY2027,company,47000000000.0,jpy_abs,jquants,2026-05-11
3132,"MACNICA HOLDINGS,INC.",eps,FY2028,consensus,275.905,jpy,yfinance,2026-08-27
3132,"MACNICA HOLDINGS,INC.",net_sales,FY2028,consensus,1650360000000.0,jpy_abs,yfinance,2026-08-27
3148,"CREATE SD HOLDINGS CO.,LTD.",dps,FY2025,actual,78.0,jpy,jquants,2026-04-06
3148,"CREATE SD HOLDINGS CO.,LTD.",eps,FY2025,actual,242.82,jpy,jquants,2026-04-06
3148,"CREATE SD HOLDINGS CO.,LTD.",net_profit,FY2025,actual,15685000000.0,jpy_abs,jquants,2026-04-06
3148,"CREATE SD HOLDINGS CO.,LTD.",net_sales,FY2025,actual,457093000000.0,jpy_abs,jquants,2026-04-06
3148,"CREATE SD HOLDINGS CO.,LTD.",operating_profit,FY2025,actual,22625000000.0,jpy_abs,jquants,2026-04-06
3148,"CREATE SD HOLDINGS CO.,LTD.",ordinary_profit,FY2025,actual,23414000000.0,jpy_abs,jquants,2026-04-06
3148,"CREATE SD HOLDINGS CO.,LTD.",dps,FY2026,company,90.0,jpy,jquants,2026-04-06
3148,"CREATE SD HOLDINGS CO.,LTD.",eps,FY2026,company,252.31,jpy,jquants,2026-04-06
3148,"CREATE SD HOLDINGS CO.,LTD.",eps,FY2026,company_h1,122.29,jpy,jquants,2026-04-06
3148,"CREATE SD HOLDINGS CO.,LTD.",net_profit,FY2026,company,16300000000.0,jpy_abs,jquants,2026-04-06
3148,"CREATE SD HOLDINGS CO.,LTD.",net_profit,FY2026,company_h1,7900000000.0,jpy_abs,jquants,2026-04-06
3148,"CREATE SD HOLDINGS CO.,LTD.",net_sales,FY2026,company,491500000000.0,jpy_abs,jquants,2026-04-06
3148,"CREATE SD HOLDINGS CO.,LTD.",net_sales,FY2026,company_h1,240700000000.0,jpy_abs,jquants,2026-04-06
3148,"CREATE SD HOLDINGS CO.,LTD.",net_sales,FY2026,consensus,0.0,jpy_abs,yfinance,2026-08-27
3148,"CREATE SD HOLDINGS CO.,LTD.",operating_profit,FY2026,company,24100000000.0,jpy_abs,jquants,2026-04-06
3148,"CREATE SD HOLDINGS CO.,LTD.",operating_profit,FY2026,company_h1,11260000000.0,jpy_abs,jquants,2026-04-06
3148,"CREATE SD HOLDINGS CO.,LTD.",ordinary_profit,FY2026,company,24900000000.0,jpy_abs,jquants,2026-04-06
3148,"CREATE SD HOLDINGS CO.,LTD.",ordinary_profit,FY2026,company_h1,11660000000.0,jpy_abs,jquants,2026-04-06
3148,"CREATE SD HOLDINGS CO.,LTD.",net_sales,FY2027,consensus,0.0,jpy_abs,yfinance,2026-08-27
3186,"NEXTAGE Co.,Ltd.",dps,FY2025,actual,45.0,jpy,jquants,2026-04-06
3186,"NEXTAGE Co.,Ltd.",eps,FY2025,actual,161.65,jpy,jquants,2026-04-06
3186,"NEXTAGE Co.,Ltd.",net_profit,FY2025,actual,12811000000.0,jpy_abs,jquants,2026-04-06
3186,"NEXTAGE Co.,Ltd.",net_sales,FY2025,actual,652072000000.0,jpy_abs,jquants,2026-04-06
3186,"NEXTAGE Co.,Ltd.",operating_profit,FY2025,actual,19597000000.0,jpy_abs,jquants,2026-04-06
3186,"NEXTAGE Co.,Ltd.",ordinary_profit,FY2025,actual,18485000000.0,jpy_abs,jquants,2026-04-06
3186,"NEXTAGE Co.,Ltd.",dps,FY2026,company,50.0,jpy,jquants,2026-04-06
3186,"NEXTAGE Co.,Ltd.",eps,FY2026,company,191.58,jpy,jquants,2026-04-06
3186,"NEXTAGE Co.,Ltd.",eps,FY2026,company_h1,86.85,jpy,jquants,2026-04-06
3186,"NEXTAGE Co.,Ltd.",eps,FY2026,consensus,236.13333,jpy,yfinance,2026-08-27
3186,"NEXTAGE Co.,Ltd.",net_profit,FY2026,company,15000000000.0,jpy_abs,jquants,2026-04-06
3186,"NEXTAGE Co.,Ltd.",net_profit,FY2026,company_h1,6800000000.0,jpy_abs,jquants,2026-04-06
3186,"NEXTAGE Co.,Ltd.",net_sales,FY2026,company,684000000000.0,jpy_abs,jquants,2026-04-06
3186,"NEXTAGE Co.,Ltd.",net_sales,FY2026,company_h1,329000000000.0,jpy_abs,jquants,2026-04-06
3186,"NEXTAGE Co.,Ltd.",net_sales,FY2026,consensus,784814500000.0,jpy_abs,yfinance,2026-08-27
3186,"NEXTAGE Co.,Ltd.",operating_profit,FY2026,company,24000000000.0,jpy_abs,jquants,2026-04-06
3186,"NEXTAGE Co.,Ltd.",operating_profit,FY2026,company_h1,10500000000.0,jpy_abs,jquants,2026-04-06
3186,"NEXTAGE Co.,Ltd.",ordinary_profit,FY2026,company,22600000000.0,jpy_abs,jquants,2026-04-06
3186,"NEXTAGE Co.,Ltd.",ordinary_profit,FY2026,company_h1,10300000000.0,jpy_abs,jquants,2026-04-06
3186,"NEXTAGE Co.,Ltd.",eps,FY2027,consensus,276.26834,jpy,yfinance,2026-08-27
3186,"NEXTAGE Co.,Ltd.",net_sales,FY2027,consensus,862228833330.0,jpy_abs,yfinance,2026-08-27
3231,"Nomura Real Estate Holdings,Inc.",dps,FY2026,actual,40.0,jpy,jquants,2026-04-24
3231,"Nomura Real Estate Holdings,Inc.",eps,FY2026,actual,96.69,jpy,jquants,2026-04-24
3231,"Nomura Real Estate Holdings,Inc.",net_profit,FY2026,actual,82880000000.0,jpy_abs,jquants,2026-04-24
3231,"Nomura Real Estate Holdings,Inc.",net_sales,FY2026,actual,942505000000.0,jpy_abs,jquants,2026-04-24
3231,"Nomura Real Estate Holdings,Inc.",operating_profit,FY2026,actual,138242000000.0,jpy_abs,jquants,2026-04-24
3231,"Nomura Real Estate Holdings,Inc.",ordinary_profit,FY2026,actual,124807000000.0,jpy_abs,jquants,2026-04-24
3231,"Nomura Real Estate Holdings,Inc.",dps,FY2027,company,44.0,jpy,jquants,2026-04-24
3231,"Nomura Real Estate Holdings,Inc.",eps,FY2027,company,100.68,jpy,jquants,2026-04-24
3231,"Nomura Real Estate Holdings,Inc.",eps,FY2027,consensus,101.97347,jpy,yfinance,2026-08-27
3231,"Nomura Real Estate Holdings,Inc.",net_profit,FY2027,company,86000000000.0,jpy_abs,jquants,2026-04-24
3231,"Nomura Real Estate Holdings,Inc.",net_sales,FY2027,company,1080000000000.0,jpy_abs,jquants,2026-04-24
3231,"Nomura Real Estate Holdings,Inc.",net_sales,FY2027,consensus,1070662217520.0,jpy_abs,yfinance,2026-08-27
3231,"Nomura Real Estate Holdings,Inc.",operating_profit,FY2027,company,140000000000.0,jpy_abs,jquants,2026-04-24
3231,"Nomura Real Estate Holdings,Inc.",ordinary_profit,FY2027,company,125000000000.0,jpy_abs,jquants,2026-04-24
3231,"Nomura Real Estate Holdings,Inc.",eps,FY2028,consensus,108.171,jpy,yfinance,2026-08-27
3231,"Nomura Real Estate Holdings,Inc.",net_sales,FY2028,consensus,1086392952229.0,jpy_abs,yfinance,2026-08-27
3288,"Open House Group Co.,Ltd.",dps,FY2025,actual,178.0,jpy,jquants,2026-05-11
3288,"Open House Group Co.,Ltd.",eps,FY2025,actual,875.2,jpy,jquants,2026-05-11
3288,"Open House Group Co.,Ltd.",net_profit,FY2025,actual,100670000000.0,jpy_abs,jquants,2026-05-11
3288,"Open House Group Co.,Ltd.",net_sales,FY2025,actual,1336468000000.0,jpy_abs,jquants,2026-05-11
3288,"Open House Group Co.,Ltd.",operating_profit,FY2025,actual,145933000000.0,jpy_abs,jquants,2026-05-11
3288,"Open House Group Co.,Ltd.",ordinary_profit,FY2025,actual,139491000000.0,jpy_abs,jquants,2026-05-11
3288,"Open House Group Co.,Ltd.",dps,FY2026,company,200.0,jpy,jquants,2026-05-11
3288,"Open House Group Co.,Ltd.",eps,FY2026,company,1029.93,jpy,jquants,2026-05-11
3288,"Open House Group Co.,Ltd.",eps,FY2026,company_h1,507.39,jpy,jquants,2026-05-11
3288,"Open House Group Co.,Ltd.",eps,FY2026,consensus,1071.954,jpy,yfinance,2026-08-27
3288,"Open House Group Co.,Ltd.",net_profit,FY2026,company,115500000000.0,jpy_abs,jquants,2026-05-11
3288,"Open House Group Co.,Ltd.",net_profit,FY2026,company_h1,56900000000.0,jpy_abs,jquants,2026-05-11
3288,"Open House Group Co.,Ltd.",net_sales,FY2026,company,1485000000000.0,jpy_abs,jquants,2026-05-11
3288,"Open House Group Co.,Ltd.",net_sales,FY2026,company_h1,691600000000.0,jpy_abs,jquants,2026-05-11
3288,"Open House Group Co.,Ltd.",net_sales,FY2026,consensus,1494225000000.0,jpy_abs,yfinance,2026-08-27
3288,"Open House Group Co.,Ltd.",operating_profit,FY2026,company,174500000000.0,jpy_abs,jquants,2026-05-11
3288,"Open House Group Co.,Ltd.",operating_profit,FY2026,company_h1,84300000000.0,jpy_abs,jquants,2026-05-11
3288,"Open House Group Co.,Ltd.",ordinary_profit,FY2026,company,165000000000.0,jpy_abs,jquants,2026-05-11
3288,"Open House Group Co.,Ltd.",ordinary_profit,FY2026,company_h1,81200000000.0,jpy_abs,jquants,2026-05-11
3288,"Open House Group Co.,Ltd.",eps,FY2027,consensus,1136.678,jpy,yfinance,2026-08-27
3288,"Open House Group Co.,Ltd.",net_sales,FY2027,consensus,1635732463730.0,jpy_abs,yfinance,2026-08-27
3289,Tokyu Fudosan Holdings Corporation,dps,FY2026,actual,48.0,jpy,jquants,2026-05-11
3289,Tokyu Fudosan Holdings Corporation,eps,FY2026,actual,135.45,jpy,jquants,2026-05-11
3289,Tokyu Fudosan Holdings Corporation,net_profit,FY2026,actual,96697000000.0,jpy_abs,jquants,2026-05-11
3289,Tokyu Fudosan Holdings Corporation,net_sales,FY2026,actual,1246048000000.0,jpy_abs,jquants,2026-05-11
3289,Tokyu Fudosan Holdings Corporation,operating_profit,FY2026,actual,166882000000.0,jpy_abs,jquants,2026-05-11
3289,Tokyu Fudosan Holdings Corporation,ordinary_profit,FY2026,actual,147803000000.0,jpy_abs,jquants,2026-05-11
3289,Tokyu Fudosan Holdings Corporation,dps,FY2027,company,50.0,jpy,jquants,2026-05-11
3289,Tokyu Fudosan Holdings Corporation,eps,FY2027,company,140.02,jpy,jquants,2026-05-11
3289,Tokyu Fudosan Holdings Corporation,eps,FY2027,consensus,145.35419,jpy,yfinance,2026-08-27
3289,Tokyu Fudosan Holdings Corporation,net_profit,FY2027,company,100000000000.0,jpy_abs,jquants,2026-05-11
3289,Tokyu Fudosan Holdings Corporation,net_sales,FY2027,company,1400000000000.0,jpy_abs,jquants,2026-05-11
3289,Tokyu Fudosan Holdings Corporation,net_sales,FY2027,consensus,1406418752670.0,jpy_abs,yfinance,2026-08-27
3289,Tokyu Fudosan Holdings Corporation,operating_profit,FY2027,company,190000000000.0,jpy_abs,jquants,2026-05-11
3289,Tokyu Fudosan Holdings Corporation,ordinary_profit,FY2027,company,161000000000.0,jpy_abs,jquants,2026-05-11
3289,Tokyu Fudosan Holdings Corporation,eps,FY2028,consensus,151.68304,jpy,yfinance,2026-08-27
3289,Tokyu Fudosan Holdings Corporation,net_sales,FY2028,consensus,1419891309110.0,jpy_abs,yfinance,2026-08-27
3291,"Iida Group Holdings Co.,Ltd.",dps,FY2026,actual,100.0,jpy,jquants,2026-05-15
3291,"Iida Group Holdings Co.,Ltd.",eps,FY2026,actual,229.13,jpy,jquants,2026-05-15
3291,"Iida Group Holdings Co.,Ltd.",net_profit,FY2026,actual,63315000000.0,jpy_abs,jquants,2026-05-15
3291,"Iida Group Holdings Co.,Ltd.",net_sales,FY2026,actual,1508864000000.0,jpy_abs,jquants,2026-05-15
3291,"Iida Group Holdings Co.,Ltd.",operating_profit,FY2026,actual,94444000000.0,jpy_abs,jquants,2026-05-15
3291,"Iida Group Holdings Co.,Ltd.",dps,FY2027,company,92.0,jpy,jquants,2026-05-15
3291,"Iida Group Holdings Co.,Ltd.",eps,FY2027,company,237.04,jpy,jquants,2026-05-15
3291,"Iida Group Holdings Co.,Ltd.",eps,FY2027,company_h1,106.03,jpy,jquants,2026-05-15
3291,"Iida Group Holdings Co.,Ltd.",eps,FY2027,consensus,253.606,jpy,yfinance,2026-08-27
3291,"Iida Group Holdings Co.,Ltd.",net_profit,FY2027,company,65500000000.0,jpy_abs,jquants,2026-05-15
3291,"Iida Group Holdings Co.,Ltd.",net_profit,FY2027,company_h1,29300000000.0,jpy_abs,jquants,2026-05-15
3291,"Iida Group Holdings Co.,Ltd.",net_sales,FY2027,company,1663000000000.0,jpy_abs,jquants,2026-05-15
3291,"Iida Group Holdings Co.,Ltd.",net_sales,FY2027,company_h1,778000000000.0,jpy_abs,jquants,2026-05-15
3291,"Iida Group Holdings Co.,Ltd.",net_sales,FY2027,consensus,1652540000000.0,jpy_abs,yfinance,2026-08-27
3291,"Iida Group Holdings Co.,Ltd.",operating_profit,FY2027,company,103600000000.0,jpy_abs,jquants,2026-05-15
3291,"Iida Group Holdings Co.,Ltd.",operating_profit,FY2027,company_h1,46500000000.0,jpy_abs,jquants,2026-05-15
3291,"Iida Group Holdings Co.,Ltd.",eps,FY2028,consensus,262.902,jpy,yfinance,2026-08-27
3291,"Iida Group Holdings Co.,Ltd.",net_sales,FY2028,consensus,1719020000000.0,jpy_abs,yfinance,2026-08-27
3349,COSMOS Pharmaceutical Corporation,dps,FY2025,actual,70.0,jpy,jquants,2026-04-13
3349,COSMOS Pharmaceutical Corporation,eps,FY2025,actual,390.86,jpy,jquants,2026-04-13
3349,COSMOS Pharmaceutical Corporation,net_profit,FY2025,actual,30978000000.0,jpy_abs,jquants,2026-04-13
3349,COSMOS Pharmaceutical Corporation,net_sales,FY2025,actual,1011390000000.0,jpy_abs,jquants,2026-04-13
3349,COSMOS Pharmaceutical Corporation,operating_profit,FY2025,actual,40404000000.0,jpy_abs,jquants,2026-04-13
3349,COSMOS Pharmaceutical Corporation,ordinary_profit,FY2025,actual,43160000000.0,jpy_abs,jquants,2026-04-13
3349,COSMOS Pharmaceutical Corporation,dps,FY2026,company,75.0,jpy,jquants,2026-04-13
3349,COSMOS Pharmaceutical Corporation,eps,FY2026,company,391.13,jpy,jquants,2026-04-13
3349,COSMOS Pharmaceutical Corporation,eps,FY2026,company_h1,184.84,jpy,jquants,2026-04-13
3349,COSMOS Pharmaceutical Corporation,eps,FY2026,consensus,399.69327,jpy,yfinance,2026-08-27
3349,COSMOS Pharmaceutical Corporation,net_profit,FY2026,company,31000000000.0,jpy_abs,jquants,2026-04-13
3349,COSMOS Pharmaceutical Corporation,net_profit,FY2026,company_h1,14650000000.0,jpy_abs,jquants,2026-04-13
3349,COSMOS Pharmaceutical Corporation,net_sales,FY2026,company,1057000000000.0,jpy_abs,jquants,2026-04-13
3349,COSMOS Pharmaceutical Corporation,net_sales,FY2026,company_h1,525000000000.0,jpy_abs,jquants,2026-04-13
3349,COSMOS Pharmaceutical Corporation,net_sales,FY2026,consensus,1188160555560.0,jpy_abs,yfinance,2026-08-27
3349,COSMOS Pharmaceutical Corporation,operating_profit,FY2026,company,40500000000.0,jpy_abs,jquants,2026-04-13
3349,COSMOS Pharmaceutical Corporation,operating_profit,FY2026,company_h1,20420000000.0,jpy_abs,jquants,2026-04-13
3349,COSMOS Pharmaceutical Corporation,ordinary_profit,FY2026,company,43200000000.0,jpy_abs,jquants,2026-04-13
3349,COSMOS Pharmaceutical Corporation,ordinary_profit,FY2026,company_h1,21780000000.0,jpy_abs,jquants,2026-04-13
3349,COSMOS Pharmaceutical Corporation,eps,FY2027,consensus,430.1507,jpy,yfinance,2026-08-27
3349,COSMOS Pharmaceutical Corporation,net_sales,FY2027,consensus,1273308300000.0,jpy_abs,yfinance,2026-08-27
3382,"Seven & i Holdings Co.,Ltd.",dps,FY2026,actual,50.0,jpy,jquants,2026-04-09
3382,"Seven & i Holdings Co.,Ltd.",eps,FY2026,actual,118.81,jpy,jquants,2026-04-09
3382,"Seven & i Holdings Co.,Ltd.",net_profit,FY2026,actual,292760000000.0,jpy_abs,jquants,2026-04-09
3382,"Seven & i Holdings Co.,Ltd.",net_sales,FY2026,actual,10430269000000.0,jpy_abs,jquants,2026-04-09
3382,"Seven & i Holdings Co.,Ltd.",operating_profit,FY2026,actual,422993000000.0,jpy_abs,jquants,2026-04-09
3382,"Seven & i Holdings Co.,Ltd.",ordinary_profit,FY2026,actual,377411000000.0,jpy_abs,jquants,2026-04-09
3382,"Seven & i Holdings Co.,Ltd.",dps,FY2027,company,60.0,jpy,jquants,2026-04-09
3382,"Seven & i Holdings Co.,Ltd.",eps,FY2027,company,117.42,jpy,jquants,2026-04-09
3382,"Seven & i Holdings Co.,Ltd.",eps,FY2027,company_h1,38.07,jpy,jquants,2026-04-09
3382,"Seven & i Holdings Co.,Ltd.",eps,FY2027,consensus,120.94968,jpy,yfinance,2026-08-27
3382,"Seven & i Holdings Co.,Ltd.",net_profit,FY2027,company,270000000000.0,jpy_abs,jquants,2026-04-09
3382,"Seven & i Holdings Co.,Ltd.",net_profit,FY2027,company_h1,88000000000.0,jpy_abs,jquants,2026-04-09
3382,"Seven & i Holdings Co.,Ltd.",net_sales,FY2027,company,9448000000000.0,jpy_abs,jquants,2026-04-09
3382,"Seven & i Holdings Co.,Ltd.",net_sales,FY2027,company_h1,4687000000000.0,jpy_abs,jquants,2026-04-09
3382,"Seven & i Holdings Co.,Ltd.",net_sales,FY2027,consensus,10457727936410.0,jpy_abs,yfinance,2026-08-27
3382,"Seven & i Holdings Co.,Ltd.",operating_profit,FY2027,company,405000000000.0,jpy_abs,jquants,2026-04-09
3382,"Seven & i Holdings Co.,Ltd.",operating_profit,FY2027,company_h1,190000000000.0,jpy_abs,jquants,2026-04-09
3382,"Seven & i Holdings Co.,Ltd.",ordinary_profit,FY2027,company,367000000000.0,jpy_abs,jquants,2026-04-09
3382,"Seven & i Holdings Co.,Ltd.",ordinary_profit,FY2027,company_h1,168000000000.0,jpy_abs,jquants,2026-04-09
3382,"Seven & i Holdings Co.,Ltd.",eps,FY2028,consensus,121.23616,jpy,yfinance,2026-08-27
3382,"Seven & i Holdings Co.,Ltd.",net_sales,FY2028,consensus,10354736177700.0,jpy_abs,yfinance,2026-08-27
3391,TSURUHA HOLDINGS INC.,dps,FY2026,actual,16958000000.0,jpy,jquants,2026-04-09
3391,TSURUHA HOLDINGS INC.,eps,FY2026,actual,144.55,jpy,jquants,2026-04-09
3391,TSURUHA HOLDINGS INC.,net_profit,FY2026,actual,42670000000.0,jpy_abs,jquants,2026-04-09
3391,TSURUHA HOLDINGS INC.,net_sales,FY2026,actual,1450585000000.0,jpy_abs,jquants,2026-04-09
3391,TSURUHA HOLDINGS INC.,operating_profit,FY2026,actual,63037000000.0,jpy_abs,jquants,2026-04-09
3391,TSURUHA HOLDINGS INC.,ordinary_profit,FY2026,actual,63086000000.0,jpy_abs,jquants,2026-04-09
3391,TSURUHA HOLDINGS INC.,dps,FY2027,company,48.0,jpy,jquants,2026-04-09
3391,TSURUHA HOLDINGS INC.,eps,FY2027,company,91.62,jpy,jquants,2026-04-09
3391,TSURUHA HOLDINGS INC.,eps,FY2027,company_h1,60.05,jpy,jquants,2026-04-09
3391,TSURUHA HOLDINGS INC.,eps,FY2027,consensus,101.82474,jpy,yfinance,2026-08-27
3391,TSURUHA HOLDINGS INC.,net_profit,FY2027,company,41500000000.0,jpy_abs,jquants,2026-04-09
3391,TSURUHA HOLDINGS INC.,net_profit,FY2027,company_h1,27200000000.0,jpy_abs,jquants,2026-04-09
3391,TSURUHA HOLDINGS INC.,net_sales,FY2027,company,2555000000000.0,jpy_abs,jquants,2026-04-09
3391,TSURUHA HOLDINGS INC.,net_sales,FY2027,company_h1,1279300000000.0,jpy_abs,jquants,2026-04-09
3391,TSURUHA HOLDINGS INC.,net_sales,FY2027,consensus,2551585500000.0,jpy_abs,yfinance,2026-08-27
3391,TSURUHA HOLDINGS INC.,operating_profit,FY2027,company,99400000000.0,jpy_abs,jquants,2026-04-09
3391,TSURUHA HOLDINGS INC.,operating_profit,FY2027,company_h1,52600000000.0,jpy_abs,jquants,2026-04-09
3391,TSURUHA HOLDINGS INC.,ordinary_profit,FY2027,company,98100000000.0,jpy_abs,jquants,2026-04-09
3391,TSURUHA HOLDINGS INC.,ordinary_profit,FY2027,company_h1,51900000000.0,jpy_abs,jquants,2026-04-09
3391,TSURUHA HOLDINGS INC.,eps,FY2028,consensus,125.41018,jpy,yfinance,2026-08-27
3391,TSURUHA HOLDINGS INC.,net_sales,FY2028,consensus,2628352625000.0,jpy_abs,yfinance,2026-08-27
3402,"TORAY INDUSTRIES,INC.",dps,FY2026,actual,20.0,jpy,jquants,2026-05-13
3402,"TORAY INDUSTRIES,INC.",eps,FY2026,actual,52.96,jpy,jquants,2026-05-13
3402,"TORAY INDUSTRIES,INC.",net_profit,FY2026,actual,79521000000.0,jpy_abs,jquants,2026-05-13
3402,"TORAY INDUSTRIES,INC.",net_sales,FY2026,actual,2585077000000.0,jpy_abs,jquants,2026-05-13
3402,"TORAY INDUSTRIES,INC.",operating_profit,FY2026,actual,97221000000.0,jpy_abs,jquants,2026-05-13
3402,"TORAY INDUSTRIES,INC.",ordinary_profit,FY2026,actual,102821000000.0,jpy_abs,jquants,2026-05-13
3402,"TORAY INDUSTRIES,INC.",dps,FY2027,company,26.0,jpy,jquants,2026-05-13
3402,"TORAY INDUSTRIES,INC.",eps,FY2027,company,61.82,jpy,jquants,2026-05-13
3402,"TORAY INDUSTRIES,INC.",eps,FY2027,company_h1,27.48,jpy,jquants,2026-05-13
3402,"TORAY INDUSTRIES,INC.",eps,FY2027,consensus,66.06537,jpy,yfinance,2026-08-27
3402,"TORAY INDUSTRIES,INC.",net_profit,FY2027,company,90000000000.0,jpy_abs,jquants,2026-05-13
3402,"TORAY INDUSTRIES,INC.",net_profit,FY2027,company_h1,40000000000.0,jpy_abs,jquants,2026-05-13
3402,"TORAY INDUSTRIES,INC.",net_sales,FY2027,company,2830000000000.0,jpy_abs,jquants,2026-05-13
3402,"TORAY INDUSTRIES,INC.",net_sales,FY2027,company_h1,1370000000000.0,jpy_abs,jquants,2026-05-13
3402,"TORAY INDUSTRIES,INC.",net_sales,FY2027,consensus,2775343500000.0,jpy_abs,yfinance,2026-08-27
3402,"TORAY INDUSTRIES,INC.",eps,FY2028,consensus,78.20533,jpy,yfinance,2026-08-27
3402,"TORAY INDUSTRIES,INC.",net_sales,FY2028,consensus,2877430333330.0,jpy_abs,yfinance,2026-08-27
3465,"KI-STAR REAL ESTATE CO.,LTD",dps,FY2026,actual,235.0,jpy,jquants,2026-05-14
3465,"KI-STAR REAL ESTATE CO.,LTD",eps,FY2026,actual,495.15,jpy,jquants,2026-05-14
3465,"KI-STAR REAL ESTATE CO.,LTD",net_profit,FY2026,actual,15355000000.0,jpy_abs,jquants,2026-05-14
3465,"KI-STAR REAL ESTATE CO.,LTD",net_sales,FY2026,actual,393905000000.0,jpy_abs,jquants,2026-05-14
3465,"KI-STAR REAL ESTATE CO.,LTD",operating_profit,FY2026,actual,26995000000.0,jpy_abs,jquants,2026-05-14
3465,"KI-STAR REAL ESTATE CO.,LTD",ordinary_profit,FY2026,actual,24963000000.0,jpy_abs,jquants,2026-05-14
3465,"KI-STAR REAL ESTATE CO.,LTD",dps,FY2027,company,140.0,jpy,jquants,2026-05-14
3465,"KI-STAR REAL ESTATE CO.,LTD",eps,FY2027,company,563.69,jpy,jquants,2026-05-14
3465,"KI-STAR REAL ESTATE CO.,LTD",eps,FY2027,consensus,695.9,jpy,yfinance,2026-08-27
3465,"KI-STAR REAL ESTATE CO.,LTD",net_profit,FY2027,company,17500000000.0,jpy_abs,jquants,2026-05-14
3465,"KI-STAR REAL ESTATE CO.,LTD",net_sales,FY2027,company,450000000000.0,jpy_abs,jquants,2026-05-14
3465,"KI-STAR REAL ESTATE CO.,LTD",net_sales,FY2027,consensus,465200000000.0,jpy_abs,yfinance,2026-08-27
3465,"KI-STAR REAL ESTATE CO.,LTD",operating_profit,FY2027,company,31500000000.0,jpy_abs,jquants,2026-05-14
3465,"KI-STAR REAL ESTATE CO.,LTD",ordinary_profit,FY2027,company,28500000000.0,jpy_abs,jquants,2026-05-14
3465,"KI-STAR REAL ESTATE CO.,LTD",eps,FY2028,consensus,717.5,jpy,yfinance,2026-08-27
3465,"KI-STAR REAL ESTATE CO.,LTD",net_sales,FY2028,consensus,510400000000.0,jpy_abs,yfinance,2026-08-27
3549,"KUSURI NO AOKI HOLDINGS CO.,LTD.",dps,FY2025,actual,14.0,jpy,jquants,2026-04-02
3549,"KUSURI NO AOKI HOLDINGS CO.,LTD.",eps,FY2025,actual,175.42,jpy,jquants,2026-04-02
3549,"KUSURI NO AOKI HOLDINGS CO.,LTD.",net_profit,FY2025,actual,17786000000.0,jpy_abs,jquants,2026-04-02
3549,"KUSURI NO AOKI HOLDINGS CO.,LTD.",net_sales,FY2025,actual,501470000000.0,jpy_abs,jquants,2026-04-02
3549,"KUSURI NO AOKI HOLDINGS CO.,LTD.",operating_profit,FY2025,actual,26601000000.0,jpy_abs,jquants,2026-04-02
3549,"KUSURI NO AOKI HOLDINGS CO.,LTD.",ordinary_profit,FY2025,actual,27513000000.0,jpy_abs,jquants,2026-04-02
3549,"KUSURI NO AOKI HOLDINGS CO.,LTD.",dps,FY2026,company,56.0,jpy,jquants,2026-04-02
3549,"KUSURI NO AOKI HOLDINGS CO.,LTD.",eps,FY2026,company,153.31,jpy,jquants,2026-04-02
3549,"KUSURI NO AOKI HOLDINGS CO.,LTD.",eps,FY2026,company_h1,79.13,jpy,jquants,2026-04-02
3549,"KUSURI NO AOKI HOLDINGS CO.,LTD.",eps,FY2026,consensus,198.7272,jpy,yfinance,2026-08-27
3549,"KUSURI NO AOKI HOLDINGS CO.,LTD.",net_profit,FY2026,company,15500000000.0,jpy_abs,jquants,2026-04-02
3549,"KUSURI NO AOKI HOLDINGS CO.,LTD.",net_profit,FY2026,company_h1,8000000000.0,jpy_abs,jquants,2026-04-02
3549,"KUSURI NO AOKI HOLDINGS CO.,LTD.",net_sales,FY2026,company,560000000000.0,jpy_abs,jquants,2026-04-02
3549,"KUSURI NO AOKI HOLDINGS CO.,LTD.",net_sales,FY2026,company_h1,272000000000.0,jpy_abs,jquants,2026-04-02
3549,"KUSURI NO AOKI HOLDINGS CO.,LTD.",net_sales,FY2026,consensus,635726600000.0,jpy_abs,yfinance,2026-08-27
3549,"KUSURI NO AOKI HOLDINGS CO.,LTD.",operating_profit,FY2026,company,23000000000.0,jpy_abs,jquants,2026-04-02
3549,"KUSURI NO AOKI HOLDINGS CO.,LTD.",operating_profit,FY2026,company_h1,11300000000.0,jpy_abs,jquants,2026-04-02
3549,"KUSURI NO AOKI HOLDINGS CO.,LTD.",ordinary_profit,FY2026,company,22700000000.0,jpy_abs,jquants,2026-04-02
3549,"KUSURI NO AOKI HOLDINGS CO.,LTD.",ordinary_profit,FY2026,company_h1,11170000000.0,jpy_abs,jquants,2026-04-02
3549,"KUSURI NO AOKI HOLDINGS CO.,LTD.",eps,FY2027,consensus,224.83374,jpy,yfinance,2026-08-27
3549,"KUSURI NO AOKI HOLDINGS CO.,LTD.",net_sales,FY2027,consensus,700538800000.0,jpy_abs,yfinance,2026-08-27
3563,FOOD & LIFE COMPANIES LTD.,dps,FY2025,actual,35.0,jpy,jquants,2026-05-08
3563,FOOD & LIFE COMPANIES LTD.,eps,FY2025,actual,202.71,jpy,jquants,2026-05-08
3563,FOOD & LIFE COMPANIES LTD.,net_profit,FY2025,actual,22937000000.0,jpy_abs,jquants,2026-05-08
3563,FOOD & LIFE COMPANIES LTD.,net_sales,FY2025,actual,429574000000.0,jpy_abs,jquants,2026-05-08
3563,FOOD & LIFE COMPANIES LTD.,operating_profit,FY2025,actual,36093000000.0,jpy_abs,jquants,2026-05-08
3563,FOOD & LIFE COMPANIES LTD.,dps,FY2026,company,20.0,jpy,jquants,2026-05-08
3563,FOOD & LIFE COMPANIES LTD.,eps,FY2026,company,132.13,jpy,jquants,2026-05-08
3563,FOOD & LIFE COMPANIES LTD.,eps,FY2026,consensus,143.88556,jpy,yfinance,2026-08-27
3563,FOOD & LIFE COMPANIES LTD.,net_profit,FY2026,company,30000000000.0,jpy_abs,jquants,2026-05-08
3563,FOOD & LIFE COMPANIES LTD.,net_sales,FY2026,company,505000000000.0,jpy_abs,jquants,2026-05-08
3563,FOOD & LIFE COMPANIES LTD.,net_sales,FY2026,consensus,520342665810.0,jpy_abs,yfinance,2026-08-27
3563,FOOD & LIFE COMPANIES LTD.,operating_profit,FY2026,company,48500000000.0,jpy_abs,jquants,2026-05-08
3563,FOOD & LIFE COMPANIES LTD.,eps,FY2027,consensus,176.62764,jpy,yfinance,2026-08-27
3563,FOOD & LIFE COMPANIES LTD.,net_sales,FY2027,consensus,610777989800.0,jpy_abs,yfinance,2026-08-27
3626,TISI Inc.,dps,FY2026,actual,80.0,jpy,jquants,2026-05-08
3626,TISI Inc.,eps,FY2026,actual,204.91,jpy,jquants,2026-05-08
3626,TISI Inc.,net_profit,FY2026,actual,46624000000.0,jpy_abs,jquants,2026-05-08
3626,TISI Inc.,net_sales,FY2026,actual,596479000000.0,jpy_abs,jquants,2026-05-08
3626,TISI Inc.,operating_profit,FY2026,actual,76229000000.0,jpy_abs,jquants,2026-05-08
3626,TISI Inc.,ordinary_profit,FY2026,actual,76511000000.0,jpy_abs,jquants,2026-05-08
3626,TISI Inc.,dps,FY2027,company,90.0,jpy,jquants,2026-05-08
3626,TISI Inc.,eps,FY2027,company,271.7,jpy,jquants,2026-05-08
3626,TISI Inc.,eps,FY2027,company_h1,123.67,jpy,jquants,2026-05-08
3626,TISI Inc.,eps,FY2027,consensus,271.34488,jpy,yfinance,2026-08-27
3626,TISI Inc.,net_profit,FY2027,company,57000000000.0,jpy_abs,jquants,2026-05-08
3626,TISI Inc.,net_profit,FY2027,company_h1,26000000000.0,jpy_abs,jquants,2026-05-08
3626,TISI Inc.,net_sales,FY2027,company,620000000000.0,jpy_abs,jquants,2026-05-08
3626,TISI Inc.,net_sales,FY2027,company_h1,300000000000.0,jpy_abs,jquants,2026-05-08
3626,TISI Inc.,net_sales,FY2027,consensus,624754000000.0,jpy_abs,yfinance,2026-08-27
3626,TISI Inc.,operating_profit,FY2027,company,81000000000.0,jpy_abs,jquants,2026-05-08
3626,TISI Inc.,operating_profit,FY2027,company_h1,36500000000.0,jpy_abs,jquants,2026-05-08
3626,TISI Inc.,ordinary_profit,FY2027,company,81000000000.0,jpy_abs,jquants,2026-05-08
3626,TISI Inc.,ordinary_profit,FY2027,company_h1,36500000000.0,jpy_abs,jquants,2026-05-08
3626,TISI Inc.,eps,FY2028,consensus,281.35376,jpy,yfinance,2026-08-27
3626,TISI Inc.,net_sales,FY2028,consensus,650875916670.0,jpy_abs,yfinance,2026-08-27
3635,"KOEI TECMO HOLDINGS CO.,LTD.",dps,FY2026,actual,66.0,jpy,jquants,2026-04-27
3635,"KOEI TECMO HOLDINGS CO.,LTD.",eps,FY2026,actual,131.77,jpy,jquants,2026-04-27
3635,"KOEI TECMO HOLDINGS CO.,LTD.",net_profit,FY2026,actual,42830000000.0,jpy_abs,jquants,2026-04-27
3635,"KOEI TECMO HOLDINGS CO.,LTD.",net_sales,FY2026,actual,88393000000.0,jpy_abs,jquants,2026-04-27
3635,"KOEI TECMO HOLDINGS CO.,LTD.",operating_profit,FY2026,actual,37168000000.0,jpy_abs,jquants,2026-04-27
3635,"KOEI TECMO HOLDINGS CO.,LTD.",ordinary_profit,FY2026,actual,57000000000.0,jpy_abs,jquants,2026-04-27
3635,"KOEI TECMO HOLDINGS CO.,LTD.",dps,FY2027,company,48.0,jpy,jquants,2026-04-27
3635,"KOEI TECMO HOLDINGS CO.,LTD.",eps,FY2027,company,95.38,jpy,jquants,2026-04-27
3635,"KOEI TECMO HOLDINGS CO.,LTD.",eps,FY2027,company_h1,27.69,jpy,jquants,2026-04-27
3635,"KOEI TECMO HOLDINGS CO.,LTD.",eps,FY2027,consensus,109.38876,jpy,yfinance,2026-08-27
3635,"KOEI TECMO HOLDINGS CO.,LTD.",net_profit,FY2027,company,31000000000.0,jpy_abs,jquants,2026-04-27
3635,"KOEI TECMO HOLDINGS CO.,LTD.",net_profit,FY2027,company_h1,9000000000.0,jpy_abs,jquants,2026-04-27
3635,"KOEI TECMO HOLDINGS CO.,LTD.",net_sales,FY2027,company,90000000000.0,jpy_abs,jquants,2026-04-27
3635,"KOEI TECMO HOLDINGS CO.,LTD.",net_sales,FY2027,company_h1,34000000000.0,jpy_abs,jquants,2026-04-27
3635,"KOEI TECMO HOLDINGS CO.,LTD.",net_sales,FY2027,consensus,88270720220.0,jpy_abs,yfinance,2026-08-27
3635,"KOEI TECMO HOLDINGS CO.,LTD.",operating_profit,FY2027,company,32000000000.0,jpy_abs,jquants,2026-04-27
3635,"KOEI TECMO HOLDINGS CO.,LTD.",operating_profit,FY2027,company_h1,7000000000.0,jpy_abs,jquants,2026-04-27
3635,"KOEI TECMO HOLDINGS CO.,LTD.",ordinary_profit,FY2027,company,42000000000.0,jpy_abs,jquants,2026-04-27
3635,"KOEI TECMO HOLDINGS CO.,LTD.",ordinary_profit,FY2027,company_h1,12000000000.0,jpy_abs,jquants,2026-04-27
3635,"KOEI TECMO HOLDINGS CO.,LTD.",eps,FY2028,consensus,113.32523,jpy,yfinance,2026-08-27
3635,"KOEI TECMO HOLDINGS CO.,LTD.",net_sales,FY2028,consensus,92602025780.0,jpy_abs,yfinance,2026-08-27
3659,"NEXON Co.,Ltd.",dps,FY2025,actual,45.0,jpy,jquants,2026-05-14
3659,"NEXON Co.,Ltd.",eps,FY2025,actual,114.48,jpy,jquants,2026-05-14
3659,"NEXON Co.,Ltd.",net_profit,FY2025,actual,92052000000.0,jpy_abs,jquants,2026-05-14
3659,"NEXON Co.,Ltd.",net_sales,FY2025,actual,475102000000.0,jpy_abs,jquants,2026-05-14
3659,"NEXON Co.,Ltd.",operating_profit,FY2025,actual,124012000000.0,jpy_abs,jquants,2026-05-14
3659,"NEXON Co.,Ltd.",ordinary_profit,FY2025,actual,187833000000.0,jpy_abs,jquants,2026-05-14
3659,"NEXON Co.,Ltd.",dps,FY2026,company,60.0,jpy,jquants,2026-05-14
3659,"NEXON Co.,Ltd.",eps,FY2026,consensus,149.29173,jpy,yfinance,2026-08-27
3659,"NEXON Co.,Ltd.",net_sales,FY2026,consensus,509726759750.0,jpy_abs,yfinance,2026-08-27
3659,"NEXON Co.,Ltd.",eps,FY2027,consensus,142.90788,jpy,yfinance,2026-08-27
3659,"NEXON Co.,Ltd.",net_sales,FY2027,consensus,522008929280.0,jpy_abs,yfinance,2026-08-27
3697,SHIFT Inc.,dps,FY2025,actual,0.0,jpy,jquants,2026-04-14
3697,SHIFT Inc.,eps,FY2025,actual,33.93,jpy,jquants,2026-04-14
3697,SHIFT Inc.,net_profit,FY2025,actual,8935000000.0,jpy_abs,jquants,2026-04-14
3697,SHIFT Inc.,net_sales,FY2025,actual,129819000000.0,jpy_abs,jquants,2026-04-14
3697,SHIFT Inc.,operating_profit,FY2025,actual,15628000000.0,jpy_abs,jquants,2026-04-14
3697,SHIFT Inc.,ordinary_profit,FY2025,actual,15181000000.0,jpy_abs,jquants,2026-04-14
3697,SHIFT Inc.,dps,FY2026,company,0.0,jpy,jquants,2026-04-14
3697,SHIFT Inc.,eps,FY2026,company,43.67,jpy,jquants,2026-04-14
3697,SHIFT Inc.,eps,FY2026,consensus,34.13298,jpy,yfinance,2026-08-27
3697,SHIFT Inc.,net_sales,FY2026,company,150000000000.0,jpy_abs,jquants,2026-04-14
3697,SHIFT Inc.,net_sales,FY2026,consensus,157462800000.0,jpy_abs,yfinance,2026-08-27
3697,SHIFT Inc.,eps,FY2027,consensus,55.40397,jpy,yfinance,2026-08-27
3697,SHIFT Inc.,net_sales,FY2027,consensus,184898500000.0,jpy_abs,yfinance,2026-08-27
3769,"GMO Payment Gateway,Inc.",dps,FY2025,actual,144.0,jpy,jquants,2026-05-15
3769,"GMO Payment Gateway,Inc.",eps,FY2025,actual,287.79,jpy,jquants,2026-05-15
3769,"GMO Payment Gateway,Inc.",net_profit,FY2025,actual,21829000000.0,jpy_abs,jquants,2026-05-15
3769,"GMO Payment Gateway,Inc.",net_sales,FY2025,actual,82499000000.0,jpy_abs,jquants,2026-05-15
3769,"GMO Payment Gateway,Inc.",operating_profit,FY2025,actual,31340000000.0,jpy_abs,jquants,2026-05-15
3769,"GMO Payment Gateway,Inc.",ordinary_profit,FY2025,actual,29405000000.0,jpy_abs,jquants,2026-05-15
3769,"GMO Payment Gateway,Inc.",dps,FY2026,company,170.0,jpy,jquants,2026-05-15
3769,"GMO Payment Gateway,Inc.",eps,FY2026,company,308.58,jpy,jquants,2026-05-15
3769,"GMO Payment Gateway,Inc.",eps,FY2026,company_h1,143.57,jpy,jquants,2026-05-15
3769,"GMO Payment Gateway,Inc.",eps,FY2026,consensus,327.84854,jpy,yfinance,2026-08-27
3769,"GMO Payment Gateway,Inc.",net_profit,FY2026,company,23406000000.0,jpy_abs,jquants,2026-05-15
3769,"GMO Payment Gateway,Inc.",net_profit,FY2026,company_h1,10890000000.0,jpy_abs,jquants,2026-05-15
3769,"GMO Payment Gateway,Inc.",net_sales,FY2026,company,93235000000.0,jpy_abs,jquants,2026-05-15
3769,"GMO Payment Gateway,Inc.",net_sales,FY2026,company_h1,44131000000.0,jpy_abs,jquants,2026-05-15
3769,"GMO Payment Gateway,Inc.",net_sales,FY2026,consensus,94914772590.0,jpy_abs,yfinance,2026-08-27
3769,"GMO Payment Gateway,Inc.",operating_profit,FY2026,company,37639000000.0,jpy_abs,jquants,2026-05-15
3769,"GMO Payment Gateway,Inc.",operating_profit,FY2026,company_h1,18070000000.0,jpy_abs,jquants,2026-05-15
3769,"GMO Payment Gateway,Inc.",eps,FY2027,consensus,398.05136,jpy,yfinance,2026-08-27
3769,"GMO Payment Gateway,Inc.",net_sales,FY2027,consensus,110730965480.0,jpy_abs,yfinance,2026-08-27
3774,Internet Initiative Japan Inc.,dps,FY2026,actual,39.0,jpy,jquants,2026-05-14
3774,Internet Initiative Japan Inc.,eps,FY2026,actual,136.51,jpy,jquants,2026-05-14
3774,Internet Initiative Japan Inc.,net_profit,FY2026,actual,24188000000.0,jpy_abs,jquants,2026-05-14
3774,Internet Initiative Japan Inc.,net_sales,FY2026,actual,345395000000.0,jpy_abs,jquants,2026-05-14
3774,Internet Initiative Japan Inc.,operating_profit,FY2026,actual,34835000000.0,jpy_abs,jquants,2026-05-14
3774,Internet Initiative Japan Inc.,ordinary_profit,FY2026,actual,28844000000.0,jpy_abs,jquants,2026-05-14
3774,Internet Initiative Japan Inc.,dps,FY2027,company,43.0,jpy,jquants,2026-05-14
3774,Internet Initiative Japan Inc.,eps,FY2027,company,141.03,jpy,jquants,2026-05-14
3774,Internet Initiative Japan Inc.,eps,FY2027,company_h1,53.88,jpy,jquants,2026-05-14
3774,Internet Initiative Japan Inc.,eps,FY2027,consensus,143.87988,jpy,yfinance,2026-08-27
3774,Internet Initiative Japan Inc.,net_profit,FY2027,company,25000000000.0,jpy_abs,jquants,2026-05-14
3774,Internet Initiative Japan Inc.,net_profit,FY2027,company_h1,9550000000.0,jpy_abs,jquants,2026-05-14
3774,Internet Initiative Japan Inc.,net_sales,FY2027,company,385000000000.0,jpy_abs,jquants,2026-05-14
3774,Internet Initiative Japan Inc.,net_sales,FY2027,company_h1,180000000000.0,jpy_abs,jquants,2026-05-14
3774,Internet Initiative Japan Inc.,net_sales,FY2027,consensus,392172649110.0,jpy_abs,yfinance,2026-08-27
3774,Internet Initiative Japan Inc.,operating_profit,FY2027,company,38500000000.0,jpy_abs,jquants,2026-05-14
3774,Internet Initiative Japan Inc.,operating_profit,FY2027,company_h1,15350000000.0,jpy_abs,jquants,2026-05-14
3774,Internet Initiative Japan Inc.,eps,FY2028,consensus,164.08408,jpy,yfinance,2026-08-27
3774,Internet Initiative Japan Inc.,net_sales,FY2028,consensus,422749398900.0,jpy_abs,yfinance,2026-08-27
3923,"RAKUS Co.,Ltd.",dps,FY2026,actual,7.0,jpy,jquants,2026-05-14
3923,"RAKUS Co.,Ltd.",eps,FY2026,actual,36.91,jpy,jquants,2026-05-14
3923,"RAKUS Co.,Ltd.",net_profit,FY2026,actual,13293000000.0,jpy_abs,jquants,2026-05-14
3923,"RAKUS Co.,Ltd.",net_sales,FY2026,actual,60286000000.0,jpy_abs,jquants,2026-05-14
3923,"RAKUS Co.,Ltd.",operating_profit,FY2026,actual,17345000000.0,jpy_abs,jquants,2026-05-14
3923,"RAKUS Co.,Ltd.",ordinary_profit,FY2026,actual,17440000000.0,jpy_abs,jquants,2026-05-14
3923,"RAKUS Co.,Ltd.",dps,FY2027,company,8.0,jpy,jquants,2026-05-14
3923,"RAKUS Co.,Ltd.",eps,FY2027,company,71.16,jpy,jquants,2026-05-14
3923,"RAKUS Co.,Ltd.",eps,FY2027,consensus,74.62859,jpy,yfinance,2026-08-27
3923,"RAKUS Co.,Ltd.",net_profit,FY2027,company,25200000000.0,jpy_abs,jquants,2026-05-14
3923,"RAKUS Co.,Ltd.",net_sales,FY2027,company,59700000000.0,jpy_abs,jquants,2026-05-14
3923,"RAKUS Co.,Ltd.",net_sales,FY2027,consensus,60446011960.0,jpy_abs,yfinance,2026-08-27
3923,"RAKUS Co.,Ltd.",operating_profit,FY2027,company,20500000000.0,jpy_abs,jquants,2026-05-14
3923,"RAKUS Co.,Ltd.",ordinary_profit,FY2027,company,20500000000.0,jpy_abs,jquants,2026-05-14
3923,"RAKUS Co.,Ltd.",eps,FY2028,consensus,52.82498,jpy,yfinance,2026-08-27
3923,"RAKUS Co.,Ltd.",net_sales,FY2028,consensus,69680055710.0,jpy_abs,yfinance,2026-08-27
4004,Resonac Holdings Corporation,dps,FY2025,actual,65.0,jpy,jquants,2026-05-13
4004,Resonac Holdings Corporation,eps,FY2025,actual,160.49,jpy,jquants,2026-05-13
4004,Resonac Holdings Corporation,net_profit,FY2025,actual,29031000000.0,jpy_abs,jquants,2026-05-13
4004,Resonac Holdings Corporation,net_sales,FY2025,actual,1347125000000.0,jpy_abs,jquants,2026-05-13
4004,Resonac Holdings Corporation,operating_profit,FY2025,actual,46676000000.0,jpy_abs,jquants,2026-05-13
4004,Resonac Holdings Corporation,dps,FY2026,company,65.0,jpy,jquants,2026-05-13
4004,Resonac Holdings Corporation,eps,FY2026,company,425.45,jpy,jquants,2026-05-13
4004,Resonac Holdings Corporation,eps,FY2026,company_h1,209.96,jpy,jquants,2026-05-13
4004,Resonac Holdings Corporation,eps,FY2026,consensus,549.935,jpy,yfinance,2026-08-27
4004,Resonac Holdings Corporation,net_profit,FY2026,company,77000000000.0,jpy_abs,jquants,2026-05-13
4004,Resonac Holdings Corporation,net_profit,FY2026,company_h1,38000000000.0,jpy_abs,jquants,2026-05-13
4004,Resonac Holdings Corporation,net_sales,FY2026,company,1310000000000.0,jpy_abs,jquants,2026-05-13
4004,Resonac Holdings Corporation,net_sales,FY2026,company_h1,660000000000.0,jpy_abs,jquants,2026-05-13
4004,Resonac Holdings Corporation,net_sales,FY2026,consensus,1354827801360.0,jpy_abs,yfinance,2026-08-27
4004,Resonac Holdings Corporation,operating_profit,FY2026,company,105000000000.0,jpy_abs,jquants,2026-05-13
4004,Resonac Holdings Corporation,operating_profit,FY2026,company_h1,57000000000.0,jpy_abs,jquants,2026-05-13
4004,Resonac Holdings Corporation,eps,FY2027,consensus,797.49835,jpy,yfinance,2026-08-27
4004,Resonac Holdings Corporation,net_sales,FY2027,consensus,1354234468230.0,jpy_abs,yfinance,2026-08-27
4021,Nissan Chemical Corporation,dps,FY2026,actual,202.0,jpy,jquants,2026-05-15
4021,Nissan Chemical Corporation,eps,FY2026,actual,368.26,jpy,jquants,2026-05-15
4021,Nissan Chemical Corporation,net_profit,FY2026,actual,49707000000.0,jpy_abs,jquants,2026-05-15
4021,Nissan Chemical Corporation,net_sales,FY2026,actual,279586000000.0,jpy_abs,jquants,2026-05-15
4021,Nissan Chemical Corporation,operating_profit,FY2026,actual,63552000000.0,jpy_abs,jquants,2026-05-15
4021,Nissan Chemical Corporation,ordinary_profit,FY2026,actual,65897000000.0,jpy_abs,jquants,2026-05-15
4021,Nissan Chemical Corporation,dps,FY2027,company,212.0,jpy,jquants,2026-05-15
4021,Nissan Chemical Corporation,eps,FY2027,company,387.11,jpy,jquants,2026-05-15
4021,Nissan Chemical Corporation,eps,FY2027,company_h1,168.52,jpy,jquants,2026-05-15
4021,Nissan Chemical Corporation,eps,FY2027,consensus,403.2986,jpy,yfinance,2026-08-27
4021,Nissan Chemical Corporation,net_profit,FY2027,company,51500000000.0,jpy_abs,jquants,2026-05-15
4021,Nissan Chemical Corporation,net_profit,FY2027,company_h1,22400000000.0,jpy_abs,jquants,2026-05-15
4021,Nissan Chemical Corporation,net_sales,FY2027,company,289700000000.0,jpy_abs,jquants,2026-05-15
4021,Nissan Chemical Corporation,net_sales,FY2027,company_h1,131500000000.0,jpy_abs,jquants,2026-05-15
4021,Nissan Chemical Corporation,net_sales,FY2027,consensus,295587532420.0,jpy_abs,yfinance,2026-08-27
4021,Nissan Chemical Corporation,operating_profit,FY2027,company,66800000000.0,jpy_abs,jquants,2026-05-15
4021,Nissan Chemical Corporation,operating_profit,FY2027,company_h1,28700000000.0,jpy_abs,jquants,2026-05-15
4021,Nissan Chemical Corporation,ordinary_profit,FY2027,company,68800000000.0,jpy_abs,jquants,2026-05-15
4021,Nissan Chemical Corporation,ordinary_profit,FY2027,company_h1,29600000000.0,jpy_abs,jquants,2026-05-15
4021,Nissan Chemical Corporation,eps,FY2028,consensus,432.2925,jpy,yfinance,2026-08-27
4021,Nissan Chemical Corporation,net_sales,FY2028,consensus,312466620680.0,jpy_abs,yfinance,2026-08-27
4042,TOSOH CORPORATION,dps,FY2026,actual,100.0,jpy,jquants,2026-05-13
4042,TOSOH CORPORATION,eps,FY2026,actual,132.4,jpy,jquants,2026-05-13
4042,TOSOH CORPORATION,net_profit,FY2026,actual,41615000000.0,jpy_abs,jquants,2026-05-13
4042,TOSOH CORPORATION,net_sales,FY2026,actual,1019917000000.0,jpy_abs,jquants,2026-05-13
4042,TOSOH CORPORATION,operating_profit,FY2026,actual,95532000000.0,jpy_abs,jquants,2026-05-13
4042,TOSOH CORPORATION,ordinary_profit,FY2026,actual,106752000000.0,jpy_abs,jquants,2026-05-13
4042,TOSOH CORPORATION,dps,FY2027,company,100.0,jpy,jquants,2026-05-13
4042,TOSOH CORPORATION,eps,FY2027,consensus,207.36919,jpy,yfinance,2026-08-27
4042,TOSOH CORPORATION,net_sales,FY2027,consensus,1125439333330.0,jpy_abs,yfinance,2026-08-27
4042,TOSOH CORPORATION,eps,FY2028,consensus,221.26627,jpy,yfinance,2026-08-27
4042,TOSOH CORPORATION,net_sales,FY2028,consensus,1141553777780.0,jpy_abs,yfinance,2026-08-27
4062,"IBIDEN CO.,LTD.",dps,FY2026,actual,8393000000.0,jpy,jquants,2026-05-11
4062,"IBIDEN CO.,LTD.",eps,FY2026,actual,228.16,jpy,jquants,2026-05-11
4062,"IBIDEN CO.,LTD.",net_profit,FY2026,actual,63713000000.0,jpy_abs,jquants,2026-05-11
4062,"IBIDEN CO.,LTD.",net_sales,FY2026,actual,416201000000.0,jpy_abs,jquants,2026-05-11
4062,"IBIDEN CO.,LTD.",operating_profit,FY2026,actual,62027000000.0,jpy_abs,jquants,2026-05-11
4062,"IBIDEN CO.,LTD.",ordinary_profit,FY2026,actual,60822000000.0,jpy_abs,jquants,2026-05-11
4062,"IBIDEN CO.,LTD.",dps,FY2027,company,35.0,jpy,jquants,2026-05-11
4062,"IBIDEN CO.,LTD.",eps,FY2027,company,207.7,jpy,jquants,2026-05-11
4062,"IBIDEN CO.,LTD.",eps,FY2027,company_h1,82.36,jpy,jquants,2026-05-11
4062,"IBIDEN CO.,LTD.",eps,FY2027,consensus,286.54214,jpy,yfinance,2026-08-27
4062,"IBIDEN CO.,LTD.",net_profit,FY2027,company,58000000000.0,jpy_abs,jquants,2026-05-11
4062,"IBIDEN CO.,LTD.",net_profit,FY2027,company_h1,23000000000.0,jpy_abs,jquants,2026-05-11
4062,"IBIDEN CO.,LTD.",net_sales,FY2027,company,500000000000.0,jpy_abs,jquants,2026-05-11
4062,"IBIDEN CO.,LTD.",net_sales,FY2027,company_h1,230000000000.0,jpy_abs,jquants,2026-05-11
4062,"IBIDEN CO.,LTD.",net_sales,FY2027,consensus,537867485780.0,jpy_abs,yfinance,2026-08-27
4062,"IBIDEN CO.,LTD.",operating_profit,FY2027,company,90000000000.0,jpy_abs,jquants,2026-05-11
4062,"IBIDEN CO.,LTD.",operating_profit,FY2027,company_h1,38000000000.0,jpy_abs,jquants,2026-05-11
4062,"IBIDEN CO.,LTD.",ordinary_profit,FY2027,company,90000000000.0,jpy_abs,jquants,2026-05-11
4062,"IBIDEN CO.,LTD.",ordinary_profit,FY2027,company_h1,37500000000.0,jpy_abs,jquants,2026-05-11
4062,"IBIDEN CO.,LTD.",eps,FY2028,consensus,439.8833,jpy,yfinance,2026-08-27
4062,"IBIDEN CO.,LTD.",net_sales,FY2028,consensus,678375674980.0,jpy_abs,yfinance,2026-08-27
4063,"Shin-Etsu Chemical Co.,Ltd.",dps,FY2026,actual,106.0,jpy,jquants,2026-04-28
4063,"Shin-Etsu Chemical Co.,Ltd.",dps,FY2026,company,106.0,jpy,jquants,2026-04-28
4063,"Shin-Etsu Chemical Co.,Ltd.",eps,FY2026,actual,252.69,jpy,jquants,2026-04-28
4063,"Shin-Etsu Chemical Co.,Ltd.",eps,FY2026,company,250.0,jpy,jquants,2026-04-28
4063,"Shin-Etsu Chemical Co.,Ltd.",net_profit,FY2026,actual,474459000000.0,jpy_abs,jquants,2026-04-28
4063,"Shin-Etsu Chemical Co.,Ltd.",net_profit,FY2026,company,470000000000.0,jpy_abs,jquants,2026-04-28
4063,"Shin-Etsu Chemical Co.,Ltd.",net_sales,FY2026,actual,2573969000000.0,jpy_abs,jquants,2026-04-28
4063,"Shin-Etsu Chemical Co.,Ltd.",net_sales,FY2026,company,2400000000000.0,jpy_abs,jquants,2026-04-28
4063,"Shin-Etsu Chemical Co.,Ltd.",operating_profit,FY2026,actual,635204000000.0,jpy_abs,jquants,2026-04-28
4063,"Shin-Etsu Chemical Co.,Ltd.",operating_profit,FY2026,company,635000000000.0,jpy_abs,jquants,2026-04-28
4063,"Shin-Etsu Chemical Co.,Ltd.",ordinary_profit,FY2026,actual,708281000000.0,jpy_abs,jquants,2026-04-28
4063,"Shin-Etsu Chemical Co.,Ltd.",eps,FY2027,consensus,303.89178,jpy,yfinance,2026-08-27
4063,"Shin-Etsu Chemical Co.,Ltd.",net_sales,FY2027,consensus,2797031119780.0,jpy_abs,yfinance,2026-08-27
4063,"Shin-Etsu Chemical Co.,Ltd.",eps,FY2028,consensus,344.732,jpy,yfinance,2026-08-27
4063,"Shin-Etsu Chemical Co.,Ltd.",net_sales,FY2028,consensus,2982268497720.0,jpy_abs,yfinance,2026-08-27
4091,NIPPON SANSO HOLDINGS CORPORATION,dps,FY2026,actual,62.0,jpy,jquants,2026-05-11
4091,NIPPON SANSO HOLDINGS CORPORATION,eps,FY2026,actual,286.22,jpy,jquants,2026-05-11
4091,NIPPON SANSO HOLDINGS CORPORATION,net_profit,FY2026,actual,123891000000.0,jpy_abs,jquants,2026-05-11
4091,NIPPON SANSO HOLDINGS CORPORATION,net_sales,FY2026,actual,1359611000000.0,jpy_abs,jquants,2026-05-11
4091,NIPPON SANSO HOLDINGS CORPORATION,operating_profit,FY2026,actual,197882000000.0,jpy_abs,jquants,2026-05-11
4091,NIPPON SANSO HOLDINGS CORPORATION,dps,FY2027,company,66.0,jpy,jquants,2026-05-11
4091,NIPPON SANSO HOLDINGS CORPORATION,eps,FY2027,company,302.64,jpy,jquants,2026-05-11
4091,NIPPON SANSO HOLDINGS CORPORATION,eps,FY2027,consensus,324.74933,jpy,yfinance,2026-08-27
4091,NIPPON SANSO HOLDINGS CORPORATION,net_profit,FY2027,company,131000000000.0,jpy_abs,jquants,2026-05-11
4091,NIPPON SANSO HOLDINGS CORPORATION,net_sales,FY2027,company,1380000000000.0,jpy_abs,jquants,2026-05-11
4091,NIPPON SANSO HOLDINGS CORPORATION,net_sales,FY2027,consensus,1446836000000.0,jpy_abs,yfinance,2026-08-27
4091,NIPPON SANSO HOLDINGS CORPORATION,operating_profit,FY2027,company,215000000000.0,jpy_abs,jquants,2026-05-11
4091,NIPPON SANSO HOLDINGS CORPORATION,eps,FY2028,consensus,335.0859,jpy,yfinance,2026-08-27
4091,NIPPON SANSO HOLDINGS CORPORATION,net_sales,FY2028,consensus,1499775500000.0,jpy_abs,yfinance,2026-08-27
4151,"Kyowa Kirin Co.,Ltd.",dps,FY2025,actual,62.0,jpy,jquants,2026-05-07
4151,"Kyowa Kirin Co.,Ltd.",eps,FY2025,actual,128.07,jpy,jquants,2026-05-07
4151,"Kyowa Kirin Co.,Ltd.",net_profit,FY2025,actual,67040000000.0,jpy_abs,jquants,2026-05-07
4151,"Kyowa Kirin Co.,Ltd.",net_sales,FY2025,actual,496826000000.0,jpy_abs,jquants,2026-05-07
4151,"Kyowa Kirin Co.,Ltd.",ordinary_profit,FY2025,actual,56925000000.0,jpy_abs,jquants,2026-05-07
4151,"Kyowa Kirin Co.,Ltd.",dps,FY2026,company,70.0,jpy,jquants,2026-05-07
4151,"Kyowa Kirin Co.,Ltd.",eps,FY2026,company,143.27,jpy,jquants,2026-05-07
4151,"Kyowa Kirin Co.,Ltd.",eps,FY2026,consensus,155.50288,jpy,yfinance,2026-08-27
4151,"Kyowa Kirin Co.,Ltd.",net_sales,FY2026,company,520000000000.0,jpy_abs,jquants,2026-05-07
4151,"Kyowa Kirin Co.,Ltd.",net_sales,FY2026,consensus,529929680000.0,jpy_abs,yfinance,2026-08-27
4151,"Kyowa Kirin Co.,Ltd.",eps,FY2027,consensus,182.46388,jpy,yfinance,2026-08-27
4151,"Kyowa Kirin Co.,Ltd.",net_sales,FY2027,consensus,539826731820.0,jpy_abs,yfinance,2026-08-27
417A,"BLUE ZONES HOLDINGS CO.,LTD.",dps,FY2026,actual,97.5,jpy,jquants,2026-05-11
417A,"BLUE ZONES HOLDINGS CO.,LTD.",eps,FY2026,actual,115.91,jpy,jquants,2026-05-11
417A,"BLUE ZONES HOLDINGS CO.,LTD.",net_profit,FY2026,actual,23596000000.0,jpy_abs,jquants,2026-05-11
417A,"BLUE ZONES HOLDINGS CO.,LTD.",net_sales,FY2026,actual,813155000000.0,jpy_abs,jquants,2026-05-11
417A,"BLUE ZONES HOLDINGS CO.,LTD.",operating_profit,FY2026,actual,36392000000.0,jpy_abs,jquants,2026-05-11
417A,"BLUE ZONES HOLDINGS CO.,LTD.",ordinary_profit,FY2026,actual,35727000000.0,jpy_abs,jquants,2026-05-11
417A,"BLUE ZONES HOLDINGS CO.,LTD.",dps,FY2027,company,32.0,jpy,jquants,2026-05-11
417A,"BLUE ZONES HOLDINGS CO.,LTD.",eps,FY2027,company,117.4,jpy,jquants,2026-05-11
417A,"BLUE ZONES HOLDINGS CO.,LTD.",eps,FY2027,consensus,122.36667,jpy,yfinance,2026-08-27
417A,"BLUE ZONES HOLDINGS CO.,LTD.",net_profit,FY2027,company,23900000000.0,jpy_abs,jquants,2026-05-11
417A,"BLUE ZONES HOLDINGS CO.,LTD.",net_sales,FY2027,company,903000000000.0,jpy_abs,jquants,2026-05-11
417A,"BLUE ZONES HOLDINGS CO.,LTD.",net_sales,FY2027,consensus,912233333330.0,jpy_abs,yfinance,2026-08-27
417A,"BLUE ZONES HOLDINGS CO.,LTD.",operating_profit,FY2027,company,37450000000.0,jpy_abs,jquants,2026-05-11
417A,"BLUE ZONES HOLDINGS CO.,LTD.",ordinary_profit,FY2027,company,36350000000.0,jpy_abs,jquants,2026-05-11
417A,"BLUE ZONES HOLDINGS CO.,LTD.",eps,FY2028,consensus,132.7,jpy,yfinance,2026-08-27
417A,"BLUE ZONES HOLDINGS CO.,LTD.",net_sales,FY2028,consensus,972500000000.0,jpy_abs,yfinance,2026-08-27
4183,"Mitsui Chemicals,Inc.",dps,FY2026,actual,27924000000.0,jpy,jquants,2026-05-13
4183,"Mitsui Chemicals,Inc.",eps,FY2026,actual,91.62,jpy,jquants,2026-05-13
4183,"Mitsui Chemicals,Inc.",net_profit,FY2026,actual,34378000000.0,jpy_abs,jquants,2026-05-13
4183,"Mitsui Chemicals,Inc.",net_sales,FY2026,actual,1668754000000.0,jpy_abs,jquants,2026-05-13
4183,"Mitsui Chemicals,Inc.",operating_profit,FY2026,actual,73809000000.0,jpy_abs,jquants,2026-05-13
4183,"Mitsui Chemicals,Inc.",ordinary_profit,FY2026,actual,9344000000.0,jpy_abs,jquants,2026-05-13
4183,"Mitsui Chemicals,Inc.",dps,FY2027,company,75.0,jpy,jquants,2026-05-13
4183,"Mitsui Chemicals,Inc.",eps,FY2027,company,124.48,jpy,jquants,2026-05-13
4183,"Mitsui Chemicals,Inc.",eps,FY2027,consensus,134.64938,jpy,yfinance,2026-08-27
4183,"Mitsui Chemicals,Inc.",net_profit,FY2027,company,45000000000.0,jpy_abs,jquants,2026-05-13
4183,"Mitsui Chemicals,Inc.",net_sales,FY2027,company,1900000000000.0,jpy_abs,jquants,2026-05-13
4183,"Mitsui Chemicals,Inc.",net_sales,FY2027,consensus,1886304721290.0,jpy_abs,yfinance,2026-08-27
4183,"Mitsui Chemicals,Inc.",operating_profit,FY2027,company,83000000000.0,jpy_abs,jquants,2026-05-13
4183,"Mitsui Chemicals,Inc.",eps,FY2028,consensus,182.52286,jpy,yfinance,2026-08-27
4183,"Mitsui Chemicals,Inc.",net_sales,FY2028,consensus,1908191797630.0,jpy_abs,yfinance,2026-08-27
4186,"TOKYO OHKA KOGYO CO.,LTD.",dps,FY2025,actual,72.0,jpy,jquants,2026-05-11
4186,"TOKYO OHKA KOGYO CO.,LTD.",eps,FY2025,actual,278.42,jpy,jquants,2026-05-11
4186,"TOKYO OHKA KOGYO CO.,LTD.",net_profit,FY2025,actual,33345000000.0,jpy_abs,jquants,2026-05-11
4186,"TOKYO OHKA KOGYO CO.,LTD.",net_sales,FY2025,actual,237029000000.0,jpy_abs,jquants,2026-05-11
4186,"TOKYO OHKA KOGYO CO.,LTD.",operating_profit,FY2025,actual,47386000000.0,jpy_abs,jquants,2026-05-11
4186,"TOKYO OHKA KOGYO CO.,LTD.",ordinary_profit,FY2025,actual,49274000000.0,jpy_abs,jquants,2026-05-11
4186,"TOKYO OHKA KOGYO CO.,LTD.",dps,FY2026,company,80.0,jpy,jquants,2026-05-11
4186,"TOKYO OHKA KOGYO CO.,LTD.",eps,FY2026,company,291.62,jpy,jquants,2026-05-11
4186,"TOKYO OHKA KOGYO CO.,LTD.",eps,FY2026,company_h1,133.47,jpy,jquants,2026-05-11
4186,"TOKYO OHKA KOGYO CO.,LTD.",eps,FY2026,consensus,359.7042,jpy,yfinance,2026-08-27
4186,"TOKYO OHKA KOGYO CO.,LTD.",net_profit,FY2026,company,35000000000.0,jpy_abs,jquants,2026-05-11
4186,"TOKYO OHKA KOGYO CO.,LTD.",net_profit,FY2026,company_h1,16000000000.0,jpy_abs,jquants,2026-05-11
4186,"TOKYO OHKA KOGYO CO.,LTD.",net_sales,FY2026,company,261000000000.0,jpy_abs,jquants,2026-05-11
4186,"TOKYO OHKA KOGYO CO.,LTD.",net_sales,FY2026,company_h1,125000000000.0,jpy_abs,jquants,2026-05-11
4186,"TOKYO OHKA KOGYO CO.,LTD.",net_sales,FY2026,consensus,294414285710.0,jpy_abs,yfinance,2026-08-27
4186,"TOKYO OHKA KOGYO CO.,LTD.",operating_profit,FY2026,company,52200000000.0,jpy_abs,jquants,2026-05-11
4186,"TOKYO OHKA KOGYO CO.,LTD.",operating_profit,FY2026,company_h1,24300000000.0,jpy_abs,jquants,2026-05-11
4186,"TOKYO OHKA KOGYO CO.,LTD.",ordinary_profit,FY2026,company,53800000000.0,jpy_abs,jquants,2026-05-11
4186,"TOKYO OHKA KOGYO CO.,LTD.",ordinary_profit,FY2026,company_h1,25500000000.0,jpy_abs,jquants,2026-05-11
4186,"TOKYO OHKA KOGYO CO.,LTD.",eps,FY2027,consensus,412.87018,jpy,yfinance,2026-08-27
4186,"TOKYO OHKA KOGYO CO.,LTD.",net_sales,FY2027,consensus,321769089940.0,jpy_abs,yfinance,2026-08-27
4194,"Visional,Inc.",dps,FY2025,actual,0.0,jpy,jquants,2026-03-17
4194,"Visional,Inc.",eps,FY2025,actual,400.76,jpy,jquants,2026-03-17
4194,"Visional,Inc.",net_profit,FY2025,actual,15950000000.0,jpy_abs,jquants,2026-03-17
4194,"Visional,Inc.",net_sales,FY2025,actual,80161000000.0,jpy_abs,jquants,2026-03-17
4194,"Visional,Inc.",operating_profit,FY2025,actual,21442000000.0,jpy_abs,jquants,2026-03-17
4194,"Visional,Inc.",ordinary_profit,FY2025,actual,22715000000.0,jpy_abs,jquants,2026-03-17
4194,"Visional,Inc.",dps,FY2026,company,0.0,jpy,jquants,2026-03-17
4194,"Visional,Inc.",eps,FY2026,company,401.05,jpy,jquants,2026-03-17
4194,"Visional,Inc.",eps,FY2026,consensus,428.715,jpy,yfinance,2026-08-27
4194,"Visional,Inc.",net_profit,FY2026,company,16081000000.0,jpy_abs,jquants,2026-03-17
4194,"Visional,Inc.",net_sales,FY2026,company,99200000000.0,jpy_abs,jquants,2026-03-17
4194,"Visional,Inc.",net_sales,FY2026,consensus,99533167000.0,jpy_abs,yfinance,2026-08-27
4194,"Visional,Inc.",operating_profit,FY2026,company,23100000000.0,jpy_abs,jquants,2026-03-17
4194,"Visional,Inc.",ordinary_profit,FY2026,company,23530000000.0,jpy_abs,jquants,2026-03-17
4194,"Visional,Inc.",eps,FY2027,consensus,498.052,jpy,yfinance,2026-08-27
4194,"Visional,Inc.",net_sales,FY2027,consensus,117439868570.0,jpy_abs,yfinance,2026-08-27
4202,Daicel Corporation,dps,FY2027,company,70.0,jpy,jquants,2026-05-22
4202,Daicel Corporation,eps,FY2028,consensus,128.08498,jpy,yfinance,2026-08-27
4202,Daicel Corporation,net_sales,FY2028,consensus,610062500000.0,jpy_abs,yfinance,2026-08-27
4202,Daicel Corporation,eps,FY2029,consensus,144.67773,jpy,yfinance,2026-08-27
4202,Daicel Corporation,net_sales,FY2029,consensus,631650000000.0,jpy_abs,yfinance,2026-08-27
4203,"Sumitomo Bakelite Company,Limited",dps,FY2026,actual,110.0,jpy,jquants,2026-05-11
4203,"Sumitomo Bakelite Company,Limited",eps,FY2026,actual,319.52,jpy,jquants,2026-05-11
4203,"Sumitomo Bakelite Company,Limited",net_profit,FY2026,actual,28014000000.0,jpy_abs,jquants,2026-05-11
4203,"Sumitomo Bakelite Company,Limited",net_sales,FY2026,actual,319867000000.0,jpy_abs,jquants,2026-05-11
4203,"Sumitomo Bakelite Company,Limited",operating_profit,FY2026,actual,35478000000.0,jpy_abs,jquants,2026-05-11
4203,"Sumitomo Bakelite Company,Limited",ordinary_profit,FY2026,actual,17673000000.0,jpy_abs,jquants,2026-05-11
4203,"Sumitomo Bakelite Company,Limited",dps,FY2027,company,120.0,jpy,jquants,2026-05-11
4203,"Sumitomo Bakelite Company,Limited",eps,FY2027,company,324.84,jpy,jquants,2026-05-11
4203,"Sumitomo Bakelite Company,Limited",eps,FY2027,consensus,359.82,jpy,yfinance,2026-08-27
4203,"Sumitomo Bakelite Company,Limited",net_profit,FY2027,company,28500000000.0,jpy_abs,jquants,2026-05-11
4203,"Sumitomo Bakelite Company,Limited",net_sales,FY2027,company,337000000000.0,jpy_abs,jquants,2026-05-11
4203,"Sumitomo Bakelite Company,Limited",net_sales,FY2027,consensus,355771428570.0,jpy_abs,yfinance,2026-08-27
4203,"Sumitomo Bakelite Company,Limited",operating_profit,FY2027,company,37500000000.0,jpy_abs,jquants,2026-05-11
4203,"Sumitomo Bakelite Company,Limited",eps,FY2028,consensus,410.16287,jpy,yfinance,2026-08-27
4203,"Sumitomo Bakelite Company,Limited",net_sales,FY2028,consensus,381371428570.0,jpy_abs,yfinance,2026-08-27
4204,"Sekisui Chemical Co.,Ltd.",dps,FY2026,actual,80.0,jpy,jquants,2026-04-28
4204,"Sekisui Chemical Co.,Ltd.",eps,FY2026,actual,182.7,jpy,jquants,2026-04-28
4204,"Sekisui Chemical Co.,Ltd.",net_profit,FY2026,actual,75174000000.0,jpy_abs,jquants,2026-04-28
4204,"Sekisui Chemical Co.,Ltd.",net_sales,FY2026,actual,1309281000000.0,jpy_abs,jquants,2026-04-28
4204,"Sekisui Chemical Co.,Ltd.",operating_profit,FY2026,actual,106477000000.0,jpy_abs,jquants,2026-04-28
4204,"Sekisui Chemical Co.,Ltd.",ordinary_profit,FY2026,actual,117215000000.0,jpy_abs,jquants,2026-04-28
4204,"Sekisui Chemical Co.,Ltd.",dps,FY2027,company,81.0,jpy,jquants,2026-04-28
4204,"Sekisui Chemical Co.,Ltd.",eps,FY2027,company,188.26,jpy,jquants,2026-04-28
4204,"Sekisui Chemical Co.,Ltd.",eps,FY2027,company_h1,76.29,jpy,jquants,2026-04-28
4204,"Sekisui Chemical Co.,Ltd.",eps,FY2027,consensus,193.404,jpy,yfinance,2026-08-27
4204,"Sekisui Chemical Co.,Ltd.",net_profit,FY2027,company,76000000000.0,jpy_abs,jquants,2026-04-28
4204,"Sekisui Chemical Co.,Ltd.",net_profit,FY2027,company_h1,30800000000.0,jpy_abs,jquants,2026-04-28
4204,"Sekisui Chemical Co.,Ltd.",net_sales,FY2027,company,1408400000000.0,jpy_abs,jquants,2026-04-28
4204,"Sekisui Chemical Co.,Ltd.",net_sales,FY2027,company_h1,676800000000.0,jpy_abs,jquants,2026-04-28
4204,"Sekisui Chemical Co.,Ltd.",net_sales,FY2027,consensus,1397560000000.0,jpy_abs,yfinance,2026-08-27
4204,"Sekisui Chemical Co.,Ltd.",operating_profit,FY2027,company,115000000000.0,jpy_abs,jquants,2026-04-28
4204,"Sekisui Chemical Co.,Ltd.",operating_profit,FY2027,company_h1,46400000000.0,jpy_abs,jquants,2026-04-28
4204,"Sekisui Chemical Co.,Ltd.",ordinary_profit,FY2027,company,114000000000.0,jpy_abs,jquants,2026-04-28
4204,"Sekisui Chemical Co.,Ltd.",ordinary_profit,FY2027,company_h1,46600000000.0,jpy_abs,jquants,2026-04-28
4204,"Sekisui Chemical Co.,Ltd.",eps,FY2028,consensus,223.548,jpy,yfinance,2026-08-27
4204,"Sekisui Chemical Co.,Ltd.",net_sales,FY2028,consensus,1446600000000.0,jpy_abs,yfinance,2026-08-27
4206,"Aica Kogyo Company,Limited",dps,FY2026,actual,138.0,jpy,jquants,2026-05-01
4206,"Aica Kogyo Company,Limited",eps,FY2026,actual,296.48,jpy,jquants,2026-05-01
4206,"Aica Kogyo Company,Limited",net_profit,FY2026,actual,18533000000.0,jpy_abs,jquants,2026-05-01
4206,"Aica Kogyo Company,Limited",net_sales,FY2026,actual,251764000000.0,jpy_abs,jquants,2026-05-01
4206,"Aica Kogyo Company,Limited",operating_profit,FY2026,actual,29143000000.0,jpy_abs,jquants,2026-05-01
4206,"Aica Kogyo Company,Limited",ordinary_profit,FY2026,actual,30136000000.0,jpy_abs,jquants,2026-05-01
4206,"Aica Kogyo Company,Limited",dps,FY2027,company,140.0,jpy,jquants,2026-05-01
4206,"Aica Kogyo Company,Limited",eps,FY2027,company,293.95,jpy,jquants,2026-05-01
4206,"Aica Kogyo Company,Limited",eps,FY2027,consensus,327.1,jpy,yfinance,2026-08-27
4206,"Aica Kogyo Company,Limited",net_profit,FY2027,company,18600000000.0,jpy_abs,jquants,2026-05-01
4206,"Aica Kogyo Company,Limited",net_sales,FY2027,company,280000000000.0,jpy_abs,jquants,2026-05-01
4206,"Aica Kogyo Company,Limited",net_sales,FY2027,consensus,295000000000.0,jpy_abs,yfinance,2026-08-27
4206,"Aica Kogyo Company,Limited",operating_profit,FY2027,company,31000000000.0,jpy_abs,jquants,2026-05-01
4206,"Aica Kogyo Company,Limited",ordinary_profit,FY2027,company,32000000000.0,jpy_abs,jquants,2026-05-01
4206,"Aica Kogyo Company,Limited",eps,FY2028,consensus,328.53333,jpy,yfinance,2026-08-27
4206,"Aica Kogyo Company,Limited",net_sales,FY2028,consensus,301233333330.0,jpy_abs,yfinance,2026-08-27
4307,"Nomura Research Institute,Ltd.",dps,FY2026,actual,77.0,jpy,jquants,2026-04-24
4307,"Nomura Research Institute,Ltd.",eps,FY2026,actual,26.62,jpy,jquants,2026-04-24
4307,"Nomura Research Institute,Ltd.",net_profit,FY2026,actual,15257000000.0,jpy_abs,jquants,2026-04-24
4307,"Nomura Research Institute,Ltd.",net_sales,FY2026,actual,814708000000.0,jpy_abs,jquants,2026-04-24
4307,"Nomura Research Institute,Ltd.",operating_profit,FY2026,actual,58273000000.0,jpy_abs,jquants,2026-04-24
4307,"Nomura Research Institute,Ltd.",dps,FY2027,company,84.0,jpy,jquants,2026-04-24
4307,"Nomura Research Institute,Ltd.",eps,FY2027,company,207.17,jpy,jquants,2026-04-24
4307,"Nomura Research Institute,Ltd.",eps,FY2027,consensus,218.09694,jpy,yfinance,2026-08-27
4307,"Nomura Research Institute,Ltd.",net_profit,FY2027,company,119000000000.0,jpy_abs,jquants,2026-04-24
4307,"Nomura Research Institute,Ltd.",net_sales,FY2027,company,850000000000.0,jpy_abs,jquants,2026-04-24
4307,"Nomura Research Institute,Ltd.",net_sales,FY2027,consensus,864324594970.0,jpy_abs,yfinance,2026-08-27
4307,"Nomura Research Institute,Ltd.",operating_profit,FY2027,company,175000000000.0,jpy_abs,jquants,2026-04-24
4307,"Nomura Research Institute,Ltd.",eps,FY2028,consensus,244.37796,jpy,yfinance,2026-08-27
4307,"Nomura Research Institute,Ltd.",net_sales,FY2028,consensus,912993917560.0,jpy_abs,yfinance,2026-08-27
4373,"Simplex Holdings,Inc.",dps,FY2026,actual,18.0,jpy,jquants,2026-04-30
4373,"Simplex Holdings,Inc.",eps,FY2026,actual,46.42,jpy,jquants,2026-04-30
4373,"Simplex Holdings,Inc.",net_profit,FY2026,actual,10538000000.0,jpy_abs,jquants,2026-04-30
4373,"Simplex Holdings,Inc.",net_sales,FY2026,actual,58682000000.0,jpy_abs,jquants,2026-04-30
4373,"Simplex Holdings,Inc.",operating_profit,FY2026,actual,14420000000.0,jpy_abs,jquants,2026-04-30
4373,"Simplex Holdings,Inc.",ordinary_profit,FY2026,actual,6079000000.0,jpy_abs,jquants,2026-04-30
4373,"Simplex Holdings,Inc.",dps,FY2027,company,24.0,jpy,jquants,2026-04-30
4373,"Simplex Holdings,Inc.",eps,FY2027,company,55.08,jpy,jquants,2026-04-30
4373,"Simplex Holdings,Inc.",eps,FY2027,company_h1,22.19,jpy,jquants,2026-04-30
4373,"Simplex Holdings,Inc.",eps,FY2027,consensus,56.60983,jpy,yfinance,2026-08-27
4373,"Simplex Holdings,Inc.",net_profit,FY2027,company,12420000000.0,jpy_abs,jquants,2026-04-30
4373,"Simplex Holdings,Inc.",net_profit,FY2027,company_h1,4979000000.0,jpy_abs,jquants,2026-04-30
4373,"Simplex Holdings,Inc.",net_sales,FY2027,company,70000000000.0,jpy_abs,jquants,2026-04-30
4373,"Simplex Holdings,Inc.",net_sales,FY2027,company_h1,33200000000.0,jpy_abs,jquants,2026-04-30
4373,"Simplex Holdings,Inc.",net_sales,FY2027,consensus,70345714290.0,jpy_abs,yfinance,2026-08-27
4373,"Simplex Holdings,Inc.",operating_profit,FY2027,company,17200000000.0,jpy_abs,jquants,2026-04-30
4373,"Simplex Holdings,Inc.",operating_profit,FY2027,company_h1,7350000000.0,jpy_abs,jquants,2026-04-30
4373,"Simplex Holdings,Inc.",eps,FY2028,consensus,66.00098,jpy,yfinance,2026-08-27
4373,"Simplex Holdings,Inc.",net_sales,FY2028,consensus,81588571430.0,jpy_abs,yfinance,2026-08-27
4385,"Mercari,Inc.",dps,FY2026,company,0.0,jpy,jquants,2026-05-11
4385,"Mercari,Inc.",eps,FY2026,consensus,231.04013,jpy,yfinance,2026-08-27
4385,"Mercari,Inc.",net_sales,FY2026,company,220000000000.0,jpy_abs,jquants,2026-05-11
4385,"Mercari,Inc.",net_sales,FY2026,consensus,265929809480.0,jpy_abs,yfinance,2026-08-27
4385,"Mercari,Inc.",eps,FY2027,consensus,261.95428,jpy,yfinance,2026-08-27
4385,"Mercari,Inc.",net_sales,FY2027,consensus,287193689360.0,jpy_abs,yfinance,2026-08-27
4401,ADEKA CORPORATION,dps,FY2026,actual,112.0,jpy,jquants,2026-05-14
4401,ADEKA CORPORATION,eps,FY2026,actual,277.95,jpy,jquants,2026-05-14
4401,ADEKA CORPORATION,net_profit,FY2026,actual,27866000000.0,jpy_abs,jquants,2026-05-14
4401,ADEKA CORPORATION,net_sales,FY2026,actual,416563000000.0,jpy_abs,jquants,2026-05-14
4401,ADEKA CORPORATION,operating_profit,FY2026,actual,41614000000.0,jpy_abs,jquants,2026-05-14
4401,ADEKA CORPORATION,ordinary_profit,FY2026,actual,42772000000.0,jpy_abs,jquants,2026-05-14
4401,ADEKA CORPORATION,dps,FY2027,company,120.0,jpy,jquants,2026-05-14
4401,ADEKA CORPORATION,eps,FY2027,company,294.3,jpy,jquants,2026-05-14
4401,ADEKA CORPORATION,eps,FY2027,company_h1,145.11,jpy,jquants,2026-05-14
4401,ADEKA CORPORATION,eps,FY2027,consensus,305.0,jpy,yfinance,2026-08-27
4401,ADEKA CORPORATION,net_profit,FY2027,company,28800000000.0,jpy_abs,jquants,2026-05-14
4401,ADEKA CORPORATION,net_profit,FY2027,company_h1,14200000000.0,jpy_abs,jquants,2026-05-14
4401,ADEKA CORPORATION,net_sales,FY2027,company,453000000000.0,jpy_abs,jquants,2026-05-14
4401,ADEKA CORPORATION,net_sales,FY2027,company_h1,215000000000.0,jpy_abs,jquants,2026-05-14
4401,ADEKA CORPORATION,net_sales,FY2027,consensus,450252697140.0,jpy_abs,yfinance,2026-08-27
4401,ADEKA CORPORATION,operating_profit,FY2027,company,46800000000.0,jpy_abs,jquants,2026-05-14
4401,ADEKA CORPORATION,operating_profit,FY2027,company_h1,21700000000.0,jpy_abs,jquants,2026-05-14
4401,ADEKA CORPORATION,ordinary_profit,FY2027,company,46600000000.0,jpy_abs,jquants,2026-05-14
4401,ADEKA CORPORATION,ordinary_profit,FY2027,company_h1,21800000000.0,jpy_abs,jquants,2026-05-14
4401,ADEKA CORPORATION,eps,FY2028,consensus,320.84286,jpy,yfinance,2026-08-27
4401,ADEKA CORPORATION,net_sales,FY2028,consensus,465545662170.0,jpy_abs,yfinance,2026-08-27
4403,NOF CORPORATION,dps,FY2026,actual,61.0,jpy,jquants,2026-05-11
4403,NOF CORPORATION,eps,FY2026,actual,176.34,jpy,jquants,2026-05-11
4403,NOF CORPORATION,net_profit,FY2026,actual,40550000000.0,jpy_abs,jquants,2026-05-11
4403,NOF CORPORATION,net_sales,FY2026,actual,257967000000.0,jpy_abs,jquants,2026-05-11
4403,NOF CORPORATION,operating_profit,FY2026,actual,47411000000.0,jpy_abs,jquants,2026-05-11
4403,NOF CORPORATION,ordinary_profit,FY2026,actual,50366000000.0,jpy_abs,jquants,2026-05-11
4403,NOF CORPORATION,dps,FY2027,company,70.0,jpy,jquants,2026-05-11
4403,NOF CORPORATION,eps,FY2027,company,169.6,jpy,jquants,2026-05-11
4403,NOF CORPORATION,eps,FY2027,consensus,181.7357,jpy,yfinance,2026-08-27
4403,NOF CORPORATION,net_profit,FY2027,company,39000000000.0,jpy_abs,jquants,2026-05-11
4403,NOF CORPORATION,net_sales,FY2027,company,319000000000.0,jpy_abs,jquants,2026-05-11
4403,NOF CORPORATION,net_sales,FY2027,consensus,306400000000.0,jpy_abs,yfinance,2026-08-27
4403,NOF CORPORATION,operating_profit,FY2027,company,50000000000.0,jpy_abs,jquants,2026-05-11
4403,NOF CORPORATION,ordinary_profit,FY2027,company,51000000000.0,jpy_abs,jquants,2026-05-11
4403,NOF CORPORATION,eps,FY2028,consensus,209.645,jpy,yfinance,2026-08-27
4403,NOF CORPORATION,net_sales,FY2028,consensus,326083333330.0,jpy_abs,yfinance,2026-08-27
4452,Kao Corporation,dps,FY2025,actual,154.0,jpy,jquants,2026-05-12
4452,Kao Corporation,eps,FY2025,actual,260.3,jpy,jquants,2026-05-12
4452,Kao Corporation,net_profit,FY2025,actual,120081000000.0,jpy_abs,jquants,2026-05-12
4452,Kao Corporation,net_sales,FY2025,actual,1688633000000.0,jpy_abs,jquants,2026-05-12
4452,Kao Corporation,operating_profit,FY2025,actual,164069000000.0,jpy_abs,jquants,2026-05-12
4452,Kao Corporation,dps,FY2026,company,117.0,jpy,jquants,2026-05-12
4452,Kao Corporation,eps,FY2026,company,143.7,jpy,jquants,2026-05-12
4452,Kao Corporation,eps,FY2026,consensus,153.50053,jpy,yfinance,2026-08-27
4452,Kao Corporation,net_profit,FY2026,company,130000000000.0,jpy_abs,jquants,2026-05-12
4452,Kao Corporation,net_sales,FY2026,company,1750000000000.0,jpy_abs,jquants,2026-05-12
4452,Kao Corporation,net_sales,FY2026,consensus,1793088058930.0,jpy_abs,yfinance,2026-08-27
4452,Kao Corporation,operating_profit,FY2026,company,182000000000.0,jpy_abs,jquants,2026-05-12
4452,Kao Corporation,eps,FY2027,consensus,163.26694,jpy,yfinance,2026-08-27
4452,Kao Corporation,net_sales,FY2027,consensus,1857025311960.0,jpy_abs,yfinance,2026-08-27
4503,Astellas Pharma Inc.,dps,FY2026,actual,78.0,jpy,jquants,2026-04-27
4503,Astellas Pharma Inc.,eps,FY2026,actual,162.77,jpy,jquants,2026-04-27
4503,Astellas Pharma Inc.,net_profit,FY2026,actual,291535000000.0,jpy_abs,jquants,2026-04-27
4503,Astellas Pharma Inc.,net_sales,FY2026,actual,2139245000000.0,jpy_abs,jquants,2026-04-27
4503,Astellas Pharma Inc.,operating_profit,FY2026,actual,382633000000.0,jpy_abs,jquants,2026-04-27
4503,Astellas Pharma Inc.,ordinary_profit,FY2026,actual,513062000000.0,jpy_abs,jquants,2026-04-27
4503,Astellas Pharma Inc.,dps,FY2027,company,80.0,jpy,jquants,2026-04-27
4503,Astellas Pharma Inc.,eps,FY2027,company,167.46,jpy,jquants,2026-04-27
4503,Astellas Pharma Inc.,eps,FY2027,consensus,205.9237,jpy,yfinance,2026-08-27
4503,Astellas Pharma Inc.,net_profit,FY2027,company,300000000000.0,jpy_abs,jquants,2026-04-27
4503,Astellas Pharma Inc.,net_sales,FY2027,company,2220000000000.0,jpy_abs,jquants,2026-04-27
4503,Astellas Pharma Inc.,net_sales,FY2027,consensus,2315495962230.0,jpy_abs,yfinance,2026-08-27
4503,Astellas Pharma Inc.,operating_profit,FY2027,company,395000000000.0,jpy_abs,jquants,2026-04-27
4503,Astellas Pharma Inc.,eps,FY2028,consensus,194.01665,jpy,yfinance,2026-08-27
4503,Astellas Pharma Inc.,net_sales,FY2028,consensus,2136534159310.0,jpy_abs,yfinance,2026-08-27
4507,"Shionogi & Co.,Ltd.",dps,FY2026,actual,71.0,jpy,jquants,2026-05-12
4507,"Shionogi & Co.,Ltd.",eps,FY2026,actual,241.11,jpy,jquants,2026-05-12
4507,"Shionogi & Co.,Ltd.",net_profit,FY2026,actual,205159000000.0,jpy_abs,jquants,2026-05-12
4507,"Shionogi & Co.,Ltd.",net_sales,FY2026,actual,499677000000.0,jpy_abs,jquants,2026-05-12
4507,"Shionogi & Co.,Ltd.",operating_profit,FY2026,actual,166725000000.0,jpy_abs,jquants,2026-05-12
4507,"Shionogi & Co.,Ltd.",ordinary_profit,FY2026,actual,138315000000.0,jpy_abs,jquants,2026-05-12
4507,"Shionogi & Co.,Ltd.",dps,FY2027,company,76.0,jpy,jquants,2026-05-12
4507,"Shionogi & Co.,Ltd.",eps,FY2027,company,246.79,jpy,jquants,2026-05-12
4507,"Shionogi & Co.,Ltd.",eps,FY2027,company_h1,126.91,jpy,jquants,2026-05-12
4507,"Shionogi & Co.,Ltd.",eps,FY2027,consensus,254.79102,jpy,yfinance,2026-08-27
4507,"Shionogi & Co.,Ltd.",net_profit,FY2027,company,210000000000.0,jpy_abs,jquants,2026-05-12
4507,"Shionogi & Co.,Ltd.",net_profit,FY2027,company_h1,108000000000.0,jpy_abs,jquants,2026-05-12
4507,"Shionogi & Co.,Ltd.",net_sales,FY2027,company,700000000000.0,jpy_abs,jquants,2026-05-12
4507,"Shionogi & Co.,Ltd.",net_sales,FY2027,company_h1,340000000000.0,jpy_abs,jquants,2026-05-12
4507,"Shionogi & Co.,Ltd.",net_sales,FY2027,consensus,702650040000.0,jpy_abs,yfinance,2026-08-27
4507,"Shionogi & Co.,Ltd.",operating_profit,FY2027,company,220000000000.0,jpy_abs,jquants,2026-05-12
4507,"Shionogi & Co.,Ltd.",operating_profit,FY2027,company_h1,96000000000.0,jpy_abs,jquants,2026-05-12
4507,"Shionogi & Co.,Ltd.",eps,FY2028,consensus,277.11606,jpy,yfinance,2026-08-27
4507,"Shionogi & Co.,Ltd.",net_sales,FY2028,consensus,735223238330.0,jpy_abs,yfinance,2026-08-27
4516,"Nippon Shinyaku Co.,Ltd.",dps,FY2026,actual,124.0,jpy,jquants,2026-05-15
4516,"Nippon Shinyaku Co.,Ltd.",eps,FY2026,actual,441.0,jpy,jquants,2026-05-15
4516,"Nippon Shinyaku Co.,Ltd.",net_profit,FY2026,actual,29721000000.0,jpy_abs,jquants,2026-05-15
4516,"Nippon Shinyaku Co.,Ltd.",net_sales,FY2026,actual,170771000000.0,jpy_abs,jquants,2026-05-15
4516,"Nippon Shinyaku Co.,Ltd.",operating_profit,FY2026,actual,35496000000.0,jpy_abs,jquants,2026-05-15
4516,"Nippon Shinyaku Co.,Ltd.",ordinary_profit,FY2026,actual,38067000000.0,jpy_abs,jquants,2026-05-15
4516,"Nippon Shinyaku Co.,Ltd.",dps,FY2027,company,124.0,jpy,jquants,2026-05-15
4516,"Nippon Shinyaku Co.,Ltd.",eps,FY2027,company,449.55,jpy,jquants,2026-05-15
4516,"Nippon Shinyaku Co.,Ltd.",eps,FY2027,company_h1,207.71,jpy,jquants,2026-05-15
4516,"Nippon Shinyaku Co.,Ltd.",eps,FY2027,consensus,408.59766,jpy,yfinance,2026-08-27
4516,"Nippon Shinyaku Co.,Ltd.",net_profit,FY2027,company,30300000000.0,jpy_abs,jquants,2026-05-15
4516,"Nippon Shinyaku Co.,Ltd.",net_profit,FY2027,company_h1,14000000000.0,jpy_abs,jquants,2026-05-15
4516,"Nippon Shinyaku Co.,Ltd.",net_sales,FY2027,company,200000000000.0,jpy_abs,jquants,2026-05-15
4516,"Nippon Shinyaku Co.,Ltd.",net_sales,FY2027,company_h1,95000000000.0,jpy_abs,jquants,2026-05-15
4516,"Nippon Shinyaku Co.,Ltd.",net_sales,FY2027,consensus,189980416670.0,jpy_abs,yfinance,2026-08-27
4516,"Nippon Shinyaku Co.,Ltd.",operating_profit,FY2027,company,38000000000.0,jpy_abs,jquants,2026-05-15
4516,"Nippon Shinyaku Co.,Ltd.",operating_profit,FY2027,company_h1,17500000000.0,jpy_abs,jquants,2026-05-15
4516,"Nippon Shinyaku Co.,Ltd.",eps,FY2028,consensus,182.58786,jpy,yfinance,2026-08-27
4516,"Nippon Shinyaku Co.,Ltd.",net_sales,FY2028,consensus,168285071430.0,jpy_abs,yfinance,2026-08-27
4519,"CHUGAI PHARMACEUTICAL CO.,LTD.",dps,FY2025,actual,272.0,jpy,jquants,2026-04-24
4519,"CHUGAI PHARMACEUTICAL CO.,LTD.",eps,FY2025,actual,263.73,jpy,jquants,2026-04-24
4519,"CHUGAI PHARMACEUTICAL CO.,LTD.",net_profit,FY2025,actual,434012000000.0,jpy_abs,jquants,2026-04-24
4519,"CHUGAI PHARMACEUTICAL CO.,LTD.",net_sales,FY2025,actual,1257941000000.0,jpy_abs,jquants,2026-04-24
4519,"CHUGAI PHARMACEUTICAL CO.,LTD.",operating_profit,FY2025,actual,598833000000.0,jpy_abs,jquants,2026-04-24
4519,"CHUGAI PHARMACEUTICAL CO.,LTD.",dps,FY2026,company,132.0,jpy,jquants,2026-04-24
4519,"CHUGAI PHARMACEUTICAL CO.,LTD.",eps,FY2026,consensus,307.98862,jpy,yfinance,2026-08-27
4519,"CHUGAI PHARMACEUTICAL CO.,LTD.",net_sales,FY2026,consensus,1388292624290.0,jpy_abs,yfinance,2026-08-27
4519,"CHUGAI PHARMACEUTICAL CO.,LTD.",eps,FY2027,consensus,355.6543,jpy,yfinance,2026-08-27
4519,"CHUGAI PHARMACEUTICAL CO.,LTD.",net_sales,FY2027,consensus,1529410582140.0,jpy_abs,yfinance,2026-08-27
4523,"Eisai Co.,Ltd.",dps,FY2026,actual,160.0,jpy,jquants,2026-05-15
4523,"Eisai Co.,Ltd.",eps,FY2026,actual,136.78,jpy,jquants,2026-05-15
4523,"Eisai Co.,Ltd.",net_profit,FY2026,actual,38558000000.0,jpy_abs,jquants,2026-05-15
4523,"Eisai Co.,Ltd.",net_sales,FY2026,actual,825378000000.0,jpy_abs,jquants,2026-05-15
4523,"Eisai Co.,Ltd.",operating_profit,FY2026,actual,44138000000.0,jpy_abs,jquants,2026-05-15
4523,"Eisai Co.,Ltd.",ordinary_profit,FY2026,actual,12936000000.0,jpy_abs,jquants,2026-05-15
4523,"Eisai Co.,Ltd.",dps,FY2027,company,160.0,jpy,jquants,2026-05-15
4523,"Eisai Co.,Ltd.",eps,FY2027,company,185.0,jpy,jquants,2026-05-15
4523,"Eisai Co.,Ltd.",eps,FY2027,consensus,202.58781,jpy,yfinance,2026-08-27
4523,"Eisai Co.,Ltd.",net_profit,FY2027,company,52300000000.0,jpy_abs,jquants,2026-05-15
4523,"Eisai Co.,Ltd.",net_sales,FY2027,company,883500000000.0,jpy_abs,jquants,2026-05-15
4523,"Eisai Co.,Ltd.",net_sales,FY2027,consensus,907625006640.0,jpy_abs,yfinance,2026-08-27
4523,"Eisai Co.,Ltd.",operating_profit,FY2027,company,70000000000.0,jpy_abs,jquants,2026-05-15
4523,"Eisai Co.,Ltd.",eps,FY2028,consensus,236.50235,jpy,yfinance,2026-08-27
4523,"Eisai Co.,Ltd.",net_sales,FY2028,consensus,962680063850.0,jpy_abs,yfinance,2026-08-27
4527,"ROHTO PHARMACEUTICAL CO.,LTD.",dps,FY2026,actual,46.0,jpy,jquants,2026-05-13
4527,"ROHTO PHARMACEUTICAL CO.,LTD.",eps,FY2026,actual,151.56,jpy,jquants,2026-05-13
4527,"ROHTO PHARMACEUTICAL CO.,LTD.",net_profit,FY2026,actual,34247000000.0,jpy_abs,jquants,2026-05-13
4527,"ROHTO PHARMACEUTICAL CO.,LTD.",net_sales,FY2026,actual,343725000000.0,jpy_abs,jquants,2026-05-13
4527,"ROHTO PHARMACEUTICAL CO.,LTD.",operating_profit,FY2026,actual,41118000000.0,jpy_abs,jquants,2026-05-13
4527,"ROHTO PHARMACEUTICAL CO.,LTD.",ordinary_profit,FY2026,actual,47971000000.0,jpy_abs,jquants,2026-05-13
4527,"ROHTO PHARMACEUTICAL CO.,LTD.",dps,FY2027,company,50.0,jpy,jquants,2026-05-13
4527,"ROHTO PHARMACEUTICAL CO.,LTD.",eps,FY2027,company,152.68,jpy,jquants,2026-05-13
4527,"ROHTO PHARMACEUTICAL CO.,LTD.",eps,FY2027,consensus,156.92728,jpy,yfinance,2026-08-27
4527,"ROHTO PHARMACEUTICAL CO.,LTD.",net_profit,FY2027,company,34500000000.0,jpy_abs,jquants,2026-05-13
4527,"ROHTO PHARMACEUTICAL CO.,LTD.",net_sales,FY2027,company,369500000000.0,jpy_abs,jquants,2026-05-13
4527,"ROHTO PHARMACEUTICAL CO.,LTD.",net_sales,FY2027,consensus,370708833310.0,jpy_abs,yfinance,2026-08-27
4527,"ROHTO PHARMACEUTICAL CO.,LTD.",operating_profit,FY2027,company,43800000000.0,jpy_abs,jquants,2026-05-13
4527,"ROHTO PHARMACEUTICAL CO.,LTD.",ordinary_profit,FY2027,company,46100000000.0,jpy_abs,jquants,2026-05-13
4527,"ROHTO PHARMACEUTICAL CO.,LTD.",eps,FY2028,consensus,166.17346,jpy,yfinance,2026-08-27
4527,"ROHTO PHARMACEUTICAL CO.,LTD.",net_sales,FY2028,consensus,386282335400.0,jpy_abs,yfinance,2026-08-27
4528,"ONO PHARMACEUTICAL CO.,LTD.",dps,FY2026,actual,80.0,jpy,jquants,2026-05-08
4528,"ONO PHARMACEUTICAL CO.,LTD.",eps,FY2026,actual,148.49,jpy,jquants,2026-05-08
4528,"ONO PHARMACEUTICAL CO.,LTD.",net_profit,FY2026,actual,69767000000.0,jpy_abs,jquants,2026-05-08
4528,"ONO PHARMACEUTICAL CO.,LTD.",net_sales,FY2026,actual,515785000000.0,jpy_abs,jquants,2026-05-08
4528,"ONO PHARMACEUTICAL CO.,LTD.",operating_profit,FY2026,actual,92236000000.0,jpy_abs,jquants,2026-05-08
4528,"ONO PHARMACEUTICAL CO.,LTD.",dps,FY2027,company,80.0,jpy,jquants,2026-05-08
4528,"ONO PHARMACEUTICAL CO.,LTD.",eps,FY2027,company,151.09,jpy,jquants,2026-05-08
4528,"ONO PHARMACEUTICAL CO.,LTD.",eps,FY2027,consensus,153.51784,jpy,yfinance,2026-08-27
4528,"ONO PHARMACEUTICAL CO.,LTD.",net_profit,FY2027,company,71000000000.0,jpy_abs,jquants,2026-05-08
4528,"ONO PHARMACEUTICAL CO.,LTD.",net_sales,FY2027,company,455000000000.0,jpy_abs,jquants,2026-05-08
4528,"ONO PHARMACEUTICAL CO.,LTD.",net_sales,FY2027,consensus,457382601670.0,jpy_abs,yfinance,2026-08-27
4528,"ONO PHARMACEUTICAL CO.,LTD.",operating_profit,FY2027,company,94000000000.0,jpy_abs,jquants,2026-05-08
4528,"ONO PHARMACEUTICAL CO.,LTD.",eps,FY2028,consensus,134.30591,jpy,yfinance,2026-08-27
4528,"ONO PHARMACEUTICAL CO.,LTD.",net_sales,FY2028,consensus,447626078330.0,jpy_abs,yfinance,2026-08-27
4536,"SANTEN PHARMACEUTICAL CO.,LTD.",dps,FY2026,actual,38.0,jpy,jquants,2026-05-12
4536,"SANTEN PHARMACEUTICAL CO.,LTD.",eps,FY2026,actual,114.04,jpy,jquants,2026-05-12
4536,"SANTEN PHARMACEUTICAL CO.,LTD.",net_profit,FY2026,actual,37369000000.0,jpy_abs,jquants,2026-05-12
4536,"SANTEN PHARMACEUTICAL CO.,LTD.",net_sales,FY2026,actual,291624000000.0,jpy_abs,jquants,2026-05-12
4536,"SANTEN PHARMACEUTICAL CO.,LTD.",operating_profit,FY2026,actual,47797000000.0,jpy_abs,jquants,2026-05-12
4536,"SANTEN PHARMACEUTICAL CO.,LTD.",ordinary_profit,FY2026,actual,22013000000.0,jpy_abs,jquants,2026-05-12
4536,"SANTEN PHARMACEUTICAL CO.,LTD.",dps,FY2027,company,42.0,jpy,jquants,2026-05-12
4536,"SANTEN PHARMACEUTICAL CO.,LTD.",eps,FY2027,company,124.42,jpy,jquants,2026-05-12
4536,"SANTEN PHARMACEUTICAL CO.,LTD.",eps,FY2027,consensus,119.58756,jpy,yfinance,2026-08-27
4536,"SANTEN PHARMACEUTICAL CO.,LTD.",net_profit,FY2027,company,40000000000.0,jpy_abs,jquants,2026-05-12
4536,"SANTEN PHARMACEUTICAL CO.,LTD.",net_sales,FY2027,company,311000000000.0,jpy_abs,jquants,2026-05-12
4536,"SANTEN PHARMACEUTICAL CO.,LTD.",net_sales,FY2027,consensus,303546503330.0,jpy_abs,yfinance,2026-08-27
4536,"SANTEN PHARMACEUTICAL CO.,LTD.",operating_profit,FY2027,company,49500000000.0,jpy_abs,jquants,2026-05-12
4536,"SANTEN PHARMACEUTICAL CO.,LTD.",eps,FY2028,consensus,132.7096,jpy,yfinance,2026-08-27
4536,"SANTEN PHARMACEUTICAL CO.,LTD.",net_sales,FY2028,consensus,314308404440.0,jpy_abs,yfinance,2026-08-27
4543,TERUMO CORPORATION,dps,FY2026,actual,30.0,jpy,jquants,2026-05-15
4543,TERUMO CORPORATION,eps,FY2026,actual,92.14,jpy,jquants,2026-05-15
4543,TERUMO CORPORATION,net_profit,FY2026,actual,135914000000.0,jpy_abs,jquants,2026-05-15
4543,TERUMO CORPORATION,net_sales,FY2026,actual,1131877000000.0,jpy_abs,jquants,2026-05-15
4543,TERUMO CORPORATION,operating_profit,FY2026,actual,176320000000.0,jpy_abs,jquants,2026-05-15
4543,TERUMO CORPORATION,dps,FY2027,company,36.0,jpy,jquants,2026-05-15
4543,TERUMO CORPORATION,eps,FY2027,company,112.06,jpy,jquants,2026-05-15
4543,TERUMO CORPORATION,eps,FY2027,consensus,129.46265,jpy,yfinance,2026-08-27
4543,TERUMO CORPORATION,net_profit,FY2027,company,165300000000.0,jpy_abs,jquants,2026-05-15
4543,TERUMO CORPORATION,net_sales,FY2027,company,1239000000000.0,jpy_abs,jquants,2026-05-15
4543,TERUMO CORPORATION,net_sales,FY2027,consensus,1255837175710.0,jpy_abs,yfinance,2026-08-27
4543,TERUMO CORPORATION,operating_profit,FY2027,company,224500000000.0,jpy_abs,jquants,2026-05-15
4543,TERUMO CORPORATION,eps,FY2028,consensus,129.71486,jpy,yfinance,2026-08-27
4543,TERUMO CORPORATION,net_sales,FY2028,consensus,1336001853200.0,jpy_abs,yfinance,2026-08-27
4568,"DAIICHI SANKYO COMPANY,LIMITED",dps,FY2026,actual,78.0,jpy,jquants,2026-05-11
4568,"DAIICHI SANKYO COMPANY,LIMITED",eps,FY2026,actual,140.44,jpy,jquants,2026-05-11
4568,"DAIICHI SANKYO COMPANY,LIMITED",net_profit,FY2026,actual,259874000000.0,jpy_abs,jquants,2026-05-11
4568,"DAIICHI SANKYO COMPANY,LIMITED",net_sales,FY2026,actual,2123045000000.0,jpy_abs,jquants,2026-05-11
4568,"DAIICHI SANKYO COMPANY,LIMITED",operating_profit,FY2026,actual,229089000000.0,jpy_abs,jquants,2026-05-11
4568,"DAIICHI SANKYO COMPANY,LIMITED",ordinary_profit,FY2026,actual,519133000000.0,jpy_abs,jquants,2026-05-11
4568,"DAIICHI SANKYO COMPANY,LIMITED",dps,FY2027,company,100.0,jpy,jquants,2026-05-11
4568,"DAIICHI SANKYO COMPANY,LIMITED",eps,FY2027,company,142.88,jpy,jquants,2026-05-11
4568,"DAIICHI SANKYO COMPANY,LIMITED",eps,FY2027,consensus,153.56308,jpy,yfinance,2026-08-27
4568,"DAIICHI SANKYO COMPANY,LIMITED",net_profit,FY2027,company,260000000000.0,jpy_abs,jquants,2026-05-11
4568,"DAIICHI SANKYO COMPANY,LIMITED",net_sales,FY2027,company,2280000000000.0,jpy_abs,jquants,2026-05-11
4568,"DAIICHI SANKYO COMPANY,LIMITED",net_sales,FY2027,consensus,2358050958000.0,jpy_abs,yfinance,2026-08-27
4568,"DAIICHI SANKYO COMPANY,LIMITED",operating_profit,FY2027,company,315000000000.0,jpy_abs,jquants,2026-05-11
4568,"DAIICHI SANKYO COMPANY,LIMITED",eps,FY2028,consensus,182.52692,jpy,yfinance,2026-08-27
4568,"DAIICHI SANKYO COMPANY,LIMITED",net_sales,FY2028,consensus,2414835660620.0,jpy_abs,yfinance,2026-08-27
4578,"Otsuka Holdings Co.,Ltd.",dps,FY2025,actual,140.0,jpy,jquants,2026-04-28
4578,"Otsuka Holdings Co.,Ltd.",eps,FY2025,actual,685.06,jpy,jquants,2026-04-28
4578,"Otsuka Holdings Co.,Ltd.",net_profit,FY2025,actual,363150000000.0,jpy_abs,jquants,2026-04-28
4578,"Otsuka Holdings Co.,Ltd.",net_sales,FY2025,actual,2468892000000.0,jpy_abs,jquants,2026-04-28
4578,"Otsuka Holdings Co.,Ltd.",operating_profit,FY2025,actual,479375000000.0,jpy_abs,jquants,2026-04-28
4578,"Otsuka Holdings Co.,Ltd.",dps,FY2026,company,140.0,jpy,jquants,2026-04-28
4578,"Otsuka Holdings Co.,Ltd.",eps,FY2026,company,504.94,jpy,jquants,2026-04-28
4578,"Otsuka Holdings Co.,Ltd.",eps,FY2026,company_h1,243.07,jpy,jquants,2026-04-28
4578,"Otsuka Holdings Co.,Ltd.",eps,FY2026,consensus,664.7351,jpy,yfinance,2026-08-27
4578,"Otsuka Holdings Co.,Ltd.",net_profit,FY2026,company,265000000000.0,jpy_abs,jquants,2026-04-28
4578,"Otsuka Holdings Co.,Ltd.",net_profit,FY2026,company_h1,128000000000.0,jpy_abs,jquants,2026-04-28
4578,"Otsuka Holdings Co.,Ltd.",net_sales,FY2026,company,2520000000000.0,jpy_abs,jquants,2026-04-28
4578,"Otsuka Holdings Co.,Ltd.",net_sales,FY2026,company_h1,1218000000000.0,jpy_abs,jquants,2026-04-28
4578,"Otsuka Holdings Co.,Ltd.",net_sales,FY2026,consensus,2693057934920.0,jpy_abs,yfinance,2026-08-27
4578,"Otsuka Holdings Co.,Ltd.",operating_profit,FY2026,company,360000000000.0,jpy_abs,jquants,2026-04-28
4578,"Otsuka Holdings Co.,Ltd.",operating_profit,FY2026,company_h1,175000000000.0,jpy_abs,jquants,2026-04-28
4578,"Otsuka Holdings Co.,Ltd.",eps,FY2027,consensus,689.699,jpy,yfinance,2026-08-27
4578,"Otsuka Holdings Co.,Ltd.",net_sales,FY2027,consensus,2752581016750.0,jpy_abs,yfinance,2026-08-27
4612,"NIPPON PAINT HOLDINGS CO.,LTD.",dps,FY2025,actual,16.0,jpy,jquants,2026-05-15
4612,"NIPPON PAINT HOLDINGS CO.,LTD.",eps,FY2025,actual,76.66,jpy,jquants,2026-05-15
4612,"NIPPON PAINT HOLDINGS CO.,LTD.",net_profit,FY2025,actual,179800000000.0,jpy_abs,jquants,2026-05-15
4612,"NIPPON PAINT HOLDINGS CO.,LTD.",net_sales,FY2025,actual,1774231000000.0,jpy_abs,jquants,2026-05-15
4612,"NIPPON PAINT HOLDINGS CO.,LTD.",operating_profit,FY2025,actual,257104000000.0,jpy_abs,jquants,2026-05-15
4612,"NIPPON PAINT HOLDINGS CO.,LTD.",dps,FY2026,company,17.0,jpy,jquants,2026-05-15
4612,"NIPPON PAINT HOLDINGS CO.,LTD.",eps,FY2026,company,85.34,jpy,jquants,2026-05-15
4612,"NIPPON PAINT HOLDINGS CO.,LTD.",eps,FY2026,consensus,86.56676,jpy,yfinance,2026-08-27
4612,"NIPPON PAINT HOLDINGS CO.,LTD.",net_profit,FY2026,company,198000000000.0,jpy_abs,jquants,2026-05-15
4612,"NIPPON PAINT HOLDINGS CO.,LTD.",net_sales,FY2026,company,1920000000000.0,jpy_abs,jquants,2026-05-15
4612,"NIPPON PAINT HOLDINGS CO.,LTD.",net_sales,FY2026,consensus,1987864335000.0,jpy_abs,yfinance,2026-08-27
4612,"NIPPON PAINT HOLDINGS CO.,LTD.",operating_profit,FY2026,company,283000000000.0,jpy_abs,jquants,2026-05-15
4612,"NIPPON PAINT HOLDINGS CO.,LTD.",eps,FY2027,consensus,90.44745,jpy,yfinance,2026-08-27
4612,"NIPPON PAINT HOLDINGS CO.,LTD.",net_sales,FY2027,consensus,2104569785449.0,jpy_abs,yfinance,2026-08-27
4613,"KANSAI PAINT CO.,LTD.",dps,FY2026,actual,110.0,jpy,jquants,2026-05-11
4613,"KANSAI PAINT CO.,LTD.",eps,FY2026,actual,179.65,jpy,jquants,2026-05-11
4613,"KANSAI PAINT CO.,LTD.",net_profit,FY2026,actual,31641000000.0,jpy_abs,jquants,2026-05-11
4613,"KANSAI PAINT CO.,LTD.",net_sales,FY2026,actual,589795000000.0,jpy_abs,jquants,2026-05-11
4613,"KANSAI PAINT CO.,LTD.",operating_profit,FY2026,actual,49726000000.0,jpy_abs,jquants,2026-05-11
4613,"KANSAI PAINT CO.,LTD.",ordinary_profit,FY2026,actual,54713000000.0,jpy_abs,jquants,2026-05-11
4613,"KANSAI PAINT CO.,LTD.",dps,FY2027,company,110.0,jpy,jquants,2026-05-11
4613,"KANSAI PAINT CO.,LTD.",eps,FY2027,company,153.37,jpy,jquants,2026-05-11
4613,"KANSAI PAINT CO.,LTD.",eps,FY2027,consensus,165.37384,jpy,yfinance,2026-08-27
4613,"KANSAI PAINT CO.,LTD.",net_profit,FY2027,company,27000000000.0,jpy_abs,jquants,2026-05-11
4613,"KANSAI PAINT CO.,LTD.",net_sales,FY2027,company,610000000000.0,jpy_abs,jquants,2026-05-11
4613,"KANSAI PAINT CO.,LTD.",net_sales,FY2027,consensus,631216000000.0,jpy_abs,yfinance,2026-08-27
4613,"KANSAI PAINT CO.,LTD.",operating_profit,FY2027,company,53000000000.0,jpy_abs,jquants,2026-05-11
4613,"KANSAI PAINT CO.,LTD.",ordinary_profit,FY2027,company,55000000000.0,jpy_abs,jquants,2026-05-11
4613,"KANSAI PAINT CO.,LTD.",eps,FY2028,consensus,207.15332,jpy,yfinance,2026-08-27
4613,"KANSAI PAINT CO.,LTD.",net_sales,FY2028,consensus,646183452500.0,jpy_abs,yfinance,2026-08-27
4626,"TAIYO HOLDINGS CO.,LTD.",dps,FY2026,actual,165.0,jpy,jquants,2026-04-30
4626,"TAIYO HOLDINGS CO.,LTD.",eps,FY2026,actual,215.92,jpy,jquants,2026-04-30
4626,"TAIYO HOLDINGS CO.,LTD.",net_profit,FY2026,actual,24011000000.0,jpy_abs,jquants,2026-04-30
4626,"TAIYO HOLDINGS CO.,LTD.",net_sales,FY2026,actual,137851000000.0,jpy_abs,jquants,2026-04-30
4626,"TAIYO HOLDINGS CO.,LTD.",operating_profit,FY2026,actual,32529000000.0,jpy_abs,jquants,2026-04-30
4626,"TAIYO HOLDINGS CO.,LTD.",ordinary_profit,FY2026,actual,32244000000.0,jpy_abs,jquants,2026-04-30
4626,"TAIYO HOLDINGS CO.,LTD.",eps,FY2027,company,216.72,jpy,jquants,2026-04-30
4626,"TAIYO HOLDINGS CO.,LTD.",eps,FY2027,company_h1,106.11,jpy,jquants,2026-04-30
4626,"TAIYO HOLDINGS CO.,LTD.",eps,FY2027,consensus,237.4,jpy,yfinance,2026-08-27
4626,"TAIYO HOLDINGS CO.,LTD.",net_profit,FY2027,company,24100000000.0,jpy_abs,jquants,2026-04-30
4626,"TAIYO HOLDINGS CO.,LTD.",net_profit,FY2027,company_h1,11800000000.0,jpy_abs,jquants,2026-04-30
4626,"TAIYO HOLDINGS CO.,LTD.",net_sales,FY2027,company,146300000000.0,jpy_abs,jquants,2026-04-30
4626,"TAIYO HOLDINGS CO.,LTD.",net_sales,FY2027,company_h1,73100000000.0,jpy_abs,jquants,2026-04-30
4626,"TAIYO HOLDINGS CO.,LTD.",net_sales,FY2027,consensus,148000000000.0,jpy_abs,yfinance,2026-08-27
4626,"TAIYO HOLDINGS CO.,LTD.",operating_profit,FY2027,company,34300000000.0,jpy_abs,jquants,2026-04-30
4626,"TAIYO HOLDINGS CO.,LTD.",operating_profit,FY2027,company_h1,16800000000.0,jpy_abs,jquants,2026-04-30
4626,"TAIYO HOLDINGS CO.,LTD.",ordinary_profit,FY2027,company,33400000000.0,jpy_abs,jquants,2026-04-30
4626,"TAIYO HOLDINGS CO.,LTD.",ordinary_profit,FY2027,company_h1,16300000000.0,jpy_abs,jquants,2026-04-30
4626,"TAIYO HOLDINGS CO.,LTD.",eps,FY2028,consensus,235.82668,jpy,yfinance,2026-08-27
4626,"TAIYO HOLDINGS CO.,LTD.",net_sales,FY2028,consensus,155333333330.0,jpy_abs,yfinance,2026-08-27
4661,"ORIENTAL LAND CO.,LTD.",dps,FY2026,actual,15.0,jpy,jquants,2026-04-28
4661,"ORIENTAL LAND CO.,LTD.",eps,FY2026,actual,74.34,jpy,jquants,2026-04-28
4661,"ORIENTAL LAND CO.,LTD.",net_profit,FY2026,actual,121881000000.0,jpy_abs,jquants,2026-04-28
4661,"ORIENTAL LAND CO.,LTD.",net_sales,FY2026,actual,704539000000.0,jpy_abs,jquants,2026-04-28
4661,"ORIENTAL LAND CO.,LTD.",operating_profit,FY2026,actual,168413000000.0,jpy_abs,jquants,2026-04-28
4661,"ORIENTAL LAND CO.,LTD.",ordinary_profit,FY2026,actual,169641000000.0,jpy_abs,jquants,2026-04-28
4661,"ORIENTAL LAND CO.,LTD.",dps,FY2027,company,16.0,jpy,jquants,2026-04-28
4661,"ORIENTAL LAND CO.,LTD.",eps,FY2027,company,69.4,jpy,jquants,2026-04-28
4661,"ORIENTAL LAND CO.,LTD.",eps,FY2027,company_h1,27.76,jpy,jquants,2026-04-28
4661,"ORIENTAL LAND CO.,LTD.",eps,FY2027,consensus,79.5836,jpy,yfinance,2026-08-27
4661,"ORIENTAL LAND CO.,LTD.",net_profit,FY2027,company,113797000000.0,jpy_abs,jquants,2026-04-28
4661,"ORIENTAL LAND CO.,LTD.",net_profit,FY2027,company_h1,45520000000.0,jpy_abs,jquants,2026-04-28
4661,"ORIENTAL LAND CO.,LTD.",net_sales,FY2027,company,724312000000.0,jpy_abs,jquants,2026-04-28
4661,"ORIENTAL LAND CO.,LTD.",net_sales,FY2027,company_h1,324046000000.0,jpy_abs,jquants,2026-04-28
4661,"ORIENTAL LAND CO.,LTD.",net_sales,FY2027,consensus,750565133830.0,jpy_abs,yfinance,2026-08-27
4661,"ORIENTAL LAND CO.,LTD.",operating_profit,FY2027,company,160776000000.0,jpy_abs,jquants,2026-04-28
4661,"ORIENTAL LAND CO.,LTD.",operating_profit,FY2027,company_h1,58932000000.0,jpy_abs,jquants,2026-04-28
4661,"ORIENTAL LAND CO.,LTD.",ordinary_profit,FY2027,company,168057000000.0,jpy_abs,jquants,2026-04-28
4661,"ORIENTAL LAND CO.,LTD.",ordinary_profit,FY2027,company_h1,67185000000.0,jpy_abs,jquants,2026-04-28
4661,"ORIENTAL LAND CO.,LTD.",eps,FY2028,consensus,85.08509,jpy,yfinance,2026-08-27
4661,"ORIENTAL LAND CO.,LTD.",net_sales,FY2028,consensus,788203053610.0,jpy_abs,yfinance,2026-08-27
4666,"PARK24 Co.,Ltd.",dps,FY2026,company,65.0,jpy,jquants,2026-03-17
4666,"PARK24 Co.,Ltd.",eps,FY2026,company,152.31,jpy,jquants,2026-03-17
4666,"PARK24 Co.,Ltd.",net_profit,FY2026,company,26000000000.0,jpy_abs,jquants,2026-03-17
4666,"PARK24 Co.,Ltd.",net_sales,FY2026,company,410000000000.0,jpy_abs,jquants,2026-03-17
4666,"PARK24 Co.,Ltd.",operating_profit,FY2026,company,41500000000.0,jpy_abs,jquants,2026-03-17
4666,"PARK24 Co.,Ltd.",eps,FY2027,consensus,199.54317,jpy,yfinance,2026-08-27
4666,"PARK24 Co.,Ltd.",net_sales,FY2027,consensus,424921972000.0,jpy_abs,yfinance,2026-08-27
4666,"PARK24 Co.,Ltd.",eps,FY2028,consensus,159.53787,jpy,yfinance,2026-08-27
4666,"PARK24 Co.,Ltd.",net_sales,FY2028,consensus,446391838330.0,jpy_abs,yfinance,2026-08-27
4680,ROUND ONE Corporation,dps,FY2026,actual,18.0,jpy,jquants,2026-05-13
4680,ROUND ONE Corporation,eps,FY2026,actual,63.3,jpy,jquants,2026-05-13
4680,ROUND ONE Corporation,net_profit,FY2026,actual,16621000000.0,jpy_abs,jquants,2026-05-13
4680,ROUND ONE Corporation,net_sales,FY2026,actual,189548000000.0,jpy_abs,jquants,2026-05-13
4680,ROUND ONE Corporation,operating_profit,FY2026,actual,28773000000.0,jpy_abs,jquants,2026-05-13
4680,ROUND ONE Corporation,dps,FY2027,company,18.0,jpy,jquants,2026-05-13
4680,ROUND ONE Corporation,eps,FY2027,company,69.46,jpy,jquants,2026-05-13
4680,ROUND ONE Corporation,eps,FY2027,company_h1,30.05,jpy,jquants,2026-05-13
4680,ROUND ONE Corporation,eps,FY2027,consensus,74.1,jpy,yfinance,2026-08-27
4680,ROUND ONE Corporation,net_profit,FY2027,company,18260000000.0,jpy_abs,jquants,2026-05-13
4680,ROUND ONE Corporation,net_profit,FY2027,company_h1,7900000000.0,jpy_abs,jquants,2026-05-13
4680,ROUND ONE Corporation,net_sales,FY2027,company,219090000000.0,jpy_abs,jquants,2026-05-13
4680,ROUND ONE Corporation,net_sales,FY2027,company_h1,103730000000.0,jpy_abs,jquants,2026-05-13
4680,ROUND ONE Corporation,net_sales,FY2027,consensus,215901166670.0,jpy_abs,yfinance,2026-08-27
4680,ROUND ONE Corporation,operating_profit,FY2027,company,33050000000.0,jpy_abs,jquants,2026-05-13
4680,ROUND ONE Corporation,operating_profit,FY2027,company_h1,15010000000.0,jpy_abs,jquants,2026-05-13
4680,ROUND ONE Corporation,eps,FY2028,consensus,89.06667,jpy,yfinance,2026-08-27
4680,ROUND ONE Corporation,net_sales,FY2028,consensus,237136333330.0,jpy_abs,yfinance,2026-08-27
4681,"RESORTTRUST,INC.",dps,FY2026,actual,34.0,jpy,jquants,2026-05-15
4681,"RESORTTRUST,INC.",eps,FY2026,actual,98.58,jpy,jquants,2026-05-15
4681,"RESORTTRUST,INC.",net_profit,FY2026,actual,20912000000.0,jpy_abs,jquants,2026-05-15
4681,"RESORTTRUST,INC.",net_sales,FY2026,actual,263020000000.0,jpy_abs,jquants,2026-05-15
4681,"RESORTTRUST,INC.",operating_profit,FY2026,actual,29161000000.0,jpy_abs,jquants,2026-05-15
4681,"RESORTTRUST,INC.",ordinary_profit,FY2026,actual,29281000000.0,jpy_abs,jquants,2026-05-15
4681,"RESORTTRUST,INC.",dps,FY2027,company,36.0,jpy,jquants,2026-05-15
4681,"RESORTTRUST,INC.",eps,FY2027,company,98.99,jpy,jquants,2026-05-15
4681,"RESORTTRUST,INC.",eps,FY2027,company_h1,41.95,jpy,jquants,2026-05-15
4681,"RESORTTRUST,INC.",eps,FY2027,consensus,104.865,jpy,yfinance,2026-08-27
4681,"RESORTTRUST,INC.",net_profit,FY2027,company,21000000000.0,jpy_abs,jquants,2026-05-15
4681,"RESORTTRUST,INC.",net_profit,FY2027,company_h1,8900000000.0,jpy_abs,jquants,2026-05-15
4681,"RESORTTRUST,INC.",net_sales,FY2027,company,255000000000.0,jpy_abs,jquants,2026-05-15
4681,"RESORTTRUST,INC.",net_sales,FY2027,company_h1,119600000000.0,jpy_abs,jquants,2026-05-15
4681,"RESORTTRUST,INC.",net_sales,FY2027,consensus,263973118000.0,jpy_abs,yfinance,2026-08-27
4681,"RESORTTRUST,INC.",operating_profit,FY2027,company,31000000000.0,jpy_abs,jquants,2026-05-15
4681,"RESORTTRUST,INC.",operating_profit,FY2027,company_h1,12900000000.0,jpy_abs,jquants,2026-05-15
4681,"RESORTTRUST,INC.",ordinary_profit,FY2027,company,30500000000.0,jpy_abs,jquants,2026-05-15
4681,"RESORTTRUST,INC.",ordinary_profit,FY2027,company_h1,12900000000.0,jpy_abs,jquants,2026-05-15
4681,"RESORTTRUST,INC.",eps,FY2028,consensus,107.10689,jpy,yfinance,2026-08-27
4681,"RESORTTRUST,INC.",net_sales,FY2028,consensus,282770834000.0,jpy_abs,yfinance,2026-08-27
4684,"OBIC Co.,Ltd.",dps,FY2026,actual,84.0,jpy,jquants,2026-04-21
4684,"OBIC Co.,Ltd.",eps,FY2026,actual,171.61,jpy,jquants,2026-04-21
4684,"OBIC Co.,Ltd.",net_profit,FY2026,actual,75191000000.0,jpy_abs,jquants,2026-04-21
4684,"OBIC Co.,Ltd.",net_sales,FY2026,actual,135209000000.0,jpy_abs,jquants,2026-04-21
4684,"OBIC Co.,Ltd.",operating_profit,FY2026,actual,88823000000.0,jpy_abs,jquants,2026-04-21
4684,"OBIC Co.,Ltd.",ordinary_profit,FY2026,actual,104779000000.0,jpy_abs,jquants,2026-04-21
4684,"OBIC Co.,Ltd.",dps,FY2027,company,94.0,jpy,jquants,2026-04-21
4684,"OBIC Co.,Ltd.",eps,FY2027,company,189.23,jpy,jquants,2026-04-21
4684,"OBIC Co.,Ltd.",eps,FY2027,consensus,196.41296,jpy,yfinance,2026-08-27
4684,"OBIC Co.,Ltd.",net_profit,FY2027,company,82000000000.0,jpy_abs,jquants,2026-04-21
4684,"OBIC Co.,Ltd.",net_sales,FY2027,company,148700000000.0,jpy_abs,jquants,2026-04-21
4684,"OBIC Co.,Ltd.",net_sales,FY2027,consensus,151146351170.0,jpy_abs,yfinance,2026-08-27
4684,"OBIC Co.,Ltd.",operating_profit,FY2027,company,98000000000.0,jpy_abs,jquants,2026-04-21
4684,"OBIC Co.,Ltd.",ordinary_profit,FY2027,company,114500000000.0,jpy_abs,jquants,2026-04-21
4684,"OBIC Co.,Ltd.",eps,FY2028,consensus,218.11534,jpy,yfinance,2026-08-27
4684,"OBIC Co.,Ltd.",net_sales,FY2028,consensus,167057336670.0,jpy_abs,yfinance,2026-08-27
4686,JUSTSYSTEMS CORPORATION,dps,FY2026,actual,27.0,jpy,jquants,2026-05-14
4686,JUSTSYSTEMS CORPORATION,eps,FY2026,actual,234.99,jpy,jquants,2026-05-14
4686,JUSTSYSTEMS CORPORATION,net_profit,FY2026,actual,15092000000.0,jpy_abs,jquants,2026-05-14
4686,JUSTSYSTEMS CORPORATION,net_sales,FY2026,actual,51515000000.0,jpy_abs,jquants,2026-05-14
4686,JUSTSYSTEMS CORPORATION,operating_profit,FY2026,actual,22492000000.0,jpy_abs,jquants,2026-05-14
4686,JUSTSYSTEMS CORPORATION,ordinary_profit,FY2026,actual,23101000000.0,jpy_abs,jquants,2026-05-14
4686,JUSTSYSTEMS CORPORATION,dps,FY2027,company,30.0,jpy,jquants,2026-05-14
4686,JUSTSYSTEMS CORPORATION,net_sales,FY2027,consensus,0.0,jpy_abs,yfinance,2026-08-27
4686,JUSTSYSTEMS CORPORATION,net_sales,FY2028,consensus,0.0,jpy_abs,yfinance,2026-08-27
4689,LY Corporation,dps,FY2026,actual,7.3,jpy,jquants,2026-05-08
4689,LY Corporation,eps,FY2026,actual,27.97,jpy,jquants,2026-05-08
4689,LY Corporation,net_profit,FY2026,actual,193692000000.0,jpy_abs,jquants,2026-05-08
4689,LY Corporation,net_sales,FY2026,actual,2036366000000.0,jpy_abs,jquants,2026-05-08
4689,LY Corporation,operating_profit,FY2026,actual,341322000000.0,jpy_abs,jquants,2026-05-08
4689,LY Corporation,dps,FY2027,company,11.0,jpy,jquants,2026-05-08
4689,LY Corporation,eps,FY2027,consensus,29.27557,jpy,yfinance,2026-08-27
4689,LY Corporation,net_sales,FY2027,company,2240000000000.0,jpy_abs,jquants,2026-05-08
4689,LY Corporation,net_sales,FY2027,consensus,2287070522700.0,jpy_abs,yfinance,2026-08-27
4689,LY Corporation,eps,FY2028,consensus,33.62529,jpy,yfinance,2026-08-27
4689,LY Corporation,net_sales,FY2028,consensus,2498836001120.0,jpy_abs,yfinance,2026-08-27
4704,Trend Micro Incorporated,dps,FY2025,actual,185.0,jpy,jquants,2026-05-14
4704,Trend Micro Incorporated,eps,FY2025,actual,262.42,jpy,jquants,2026-05-14
4704,Trend Micro Incorporated,net_profit,FY2025,actual,34523000000.0,jpy_abs,jquants,2026-05-14
4704,Trend Micro Incorporated,net_sales,FY2025,actual,275984000000.0,jpy_abs,jquants,2026-05-14
4704,Trend Micro Incorporated,operating_profit,FY2025,actual,57777000000.0,jpy_abs,jquants,2026-05-14
4704,Trend Micro Incorporated,ordinary_profit,FY2025,actual,53980000000.0,jpy_abs,jquants,2026-05-14
4704,Trend Micro Incorporated,dps,FY2026,company,0.0,jpy,jquants,2026-05-14
4704,Trend Micro Incorporated,eps,FY2026,company,280.07,jpy,jquants,2026-05-14
4704,Trend Micro Incorporated,eps,FY2026,consensus,279.1506,jpy,yfinance,2026-08-27
4704,Trend Micro Incorporated,net_profit,FY2026,company,36600000000.0,jpy_abs,jquants,2026-05-14
4704,Trend Micro Incorporated,net_sales,FY2026,company,301500000000.0,jpy_abs,jquants,2026-05-14
4704,Trend Micro Incorporated,net_sales,FY2026,consensus,299233741160.0,jpy_abs,yfinance,2026-08-27
4704,Trend Micro Incorporated,operating_profit,FY2026,company,56400000000.0,jpy_abs,jquants,2026-05-14
4704,Trend Micro Incorporated,ordinary_profit,FY2026,company,55100000000.0,jpy_abs,jquants,2026-05-14
4704,Trend Micro Incorporated,eps,FY2027,consensus,312.51547,jpy,yfinance,2026-08-27
4704,Trend Micro Incorporated,net_sales,FY2027,consensus,316883332860.0,jpy_abs,yfinance,2026-08-27
4716,ORACLE CORPORATION JAPAN,dps,FY2025,actual,190.0,jpy,jquants,2026-03-24
4716,ORACLE CORPORATION JAPAN,eps,FY2025,actual,473.98,jpy,jquants,2026-03-24
4716,ORACLE CORPORATION JAPAN,net_profit,FY2025,actual,60725000000.0,jpy_abs,jquants,2026-03-24
4716,ORACLE CORPORATION JAPAN,net_sales,FY2025,actual,263510000000.0,jpy_abs,jquants,2026-03-24
4716,ORACLE CORPORATION JAPAN,operating_profit,FY2025,actual,86832000000.0,jpy_abs,jquants,2026-03-24
4716,ORACLE CORPORATION JAPAN,ordinary_profit,FY2025,actual,87454000000.0,jpy_abs,jquants,2026-03-24
4716,ORACLE CORPORATION JAPAN,eps,FY2026,consensus,545.57,jpy,yfinance,2026-08-27
4716,ORACLE CORPORATION JAPAN,net_sales,FY2026,consensus,306771428570.0,jpy_abs,yfinance,2026-08-27
4716,ORACLE CORPORATION JAPAN,eps,FY2027,consensus,588.61285,jpy,yfinance,2026-08-27
4716,ORACLE CORPORATION JAPAN,net_sales,FY2027,consensus,331285714290.0,jpy_abs,yfinance,2026-08-27
4722,Future Corporation,dps,FY2025,actual,46.0,jpy,jquants,2026-04-28
4722,Future Corporation,eps,FY2025,actual,132.11,jpy,jquants,2026-04-28
4722,Future Corporation,net_profit,FY2025,actual,11712000000.0,jpy_abs,jquants,2026-04-28
4722,Future Corporation,net_sales,FY2025,actual,75993000000.0,jpy_abs,jquants,2026-04-28
4722,Future Corporation,operating_profit,FY2025,actual,16176000000.0,jpy_abs,jquants,2026-04-28
4722,Future Corporation,ordinary_profit,FY2025,actual,16672000000.0,jpy_abs,jquants,2026-04-28
4722,Future Corporation,dps,FY2026,company,48.0,jpy,jquants,2026-04-28
4722,Future Corporation,eps,FY2026,company,133.07,jpy,jquants,2026-04-28
4722,Future Corporation,eps,FY2026,company_h1,55.26,jpy,jquants,2026-04-28
4722,Future Corporation,eps,FY2026,consensus,138.8,jpy,yfinance,2026-08-27
4722,Future Corporation,net_profit,FY2026,company,11800000000.0,jpy_abs,jquants,2026-04-28
4722,Future Corporation,net_profit,FY2026,company_h1,4900000000.0,jpy_abs,jquants,2026-04-28
4722,Future Corporation,net_sales,FY2026,company,80600000000.0,jpy_abs,jquants,2026-04-28
4722,Future Corporation,net_sales,FY2026,company_h1,38100000000.0,jpy_abs,jquants,2026-04-28
4722,Future Corporation,net_sales,FY2026,consensus,81214000000.0,jpy_abs,yfinance,2026-08-27
4722,Future Corporation,operating_profit,FY2026,company,17500000000.0,jpy_abs,jquants,2026-04-28
4722,Future Corporation,operating_profit,FY2026,company_h1,7300000000.0,jpy_abs,jquants,2026-04-28
4722,Future Corporation,eps,FY2027,consensus,166.96667,jpy,yfinance,2026-08-27
4722,Future Corporation,net_sales,FY2027,consensus,90620000000.0,jpy_abs,yfinance,2026-08-27
4732,"USS Co.,Ltd.",dps,FY2026,actual,54.7,jpy,jquants,2026-05-12
4732,"USS Co.,Ltd.",eps,FY2026,actual,88.78,jpy,jquants,2026-05-12
4732,"USS Co.,Ltd.",net_profit,FY2026,actual,41360000000.0,jpy_abs,jquants,2026-05-12
4732,"USS Co.,Ltd.",net_sales,FY2026,actual,113854000000.0,jpy_abs,jquants,2026-05-12
4732,"USS Co.,Ltd.",operating_profit,FY2026,actual,59847000000.0,jpy_abs,jquants,2026-05-12
4732,"USS Co.,Ltd.",ordinary_profit,FY2026,actual,60590000000.0,jpy_abs,jquants,2026-05-12
4732,"USS Co.,Ltd.",dps,FY2027,company,55.0,jpy,jquants,2026-05-12
4732,"USS Co.,Ltd.",eps,FY2027,company,91.35,jpy,jquants,2026-05-12
4732,"USS Co.,Ltd.",eps,FY2027,company_h1,44.42,jpy,jquants,2026-05-12
4732,"USS Co.,Ltd.",eps,FY2027,consensus,96.395,jpy,yfinance,2026-08-27
4732,"USS Co.,Ltd.",net_profit,FY2027,company,41600000000.0,jpy_abs,jquants,2026-05-12
4732,"USS Co.,Ltd.",net_profit,FY2027,company_h1,20290000000.0,jpy_abs,jquants,2026-05-12
4732,"USS Co.,Ltd.",net_sales,FY2027,company,119800000000.0,jpy_abs,jquants,2026-05-12
4732,"USS Co.,Ltd.",net_sales,FY2027,company_h1,59500000000.0,jpy_abs,jquants,2026-05-12
4732,"USS Co.,Ltd.",net_sales,FY2027,consensus,124025000000.0,jpy_abs,yfinance,2026-08-27
4732,"USS Co.,Ltd.",operating_profit,FY2027,company,61000000000.0,jpy_abs,jquants,2026-05-12
4732,"USS Co.,Ltd.",operating_profit,FY2027,company_h1,29850000000.0,jpy_abs,jquants,2026-05-12
4732,"USS Co.,Ltd.",ordinary_profit,FY2027,company,61800000000.0,jpy_abs,jquants,2026-05-12
4732,"USS Co.,Ltd.",ordinary_profit,FY2027,company_h1,30240000000.0,jpy_abs,jquants,2026-05-12
4732,"USS Co.,Ltd.",eps,FY2028,consensus,101.07667,jpy,yfinance,2026-08-27
4732,"USS Co.,Ltd.",net_sales,FY2028,consensus,126850000000.0,jpy_abs,yfinance,2026-08-27
4733,"OBIC BUSINESS CONSULTANTS CO.,LTD.",dps,FY2026,actual,111.0,jpy,jquants,2026-04-21
4733,"OBIC BUSINESS CONSULTANTS CO.,LTD.",eps,FY2026,actual,241.2,jpy,jquants,2026-04-21
4733,"OBIC BUSINESS CONSULTANTS CO.,LTD.",net_profit,FY2026,actual,18132000000.0,jpy_abs,jquants,2026-04-21
4733,"OBIC BUSINESS CONSULTANTS CO.,LTD.",net_sales,FY2026,actual,51400000000.0,jpy_abs,jquants,2026-04-21
4733,"OBIC BUSINESS CONSULTANTS CO.,LTD.",operating_profit,FY2026,actual,23580000000.0,jpy_abs,jquants,2026-04-21
4733,"OBIC BUSINESS CONSULTANTS CO.,LTD.",ordinary_profit,FY2026,actual,25218000000.0,jpy_abs,jquants,2026-04-21
4733,"OBIC BUSINESS CONSULTANTS CO.,LTD.",dps,FY2027,company,130.0,jpy,jquants,2026-04-21
4733,"OBIC BUSINESS CONSULTANTS CO.,LTD.",eps,FY2027,company,257.39,jpy,jquants,2026-04-21
4733,"OBIC BUSINESS CONSULTANTS CO.,LTD.",eps,FY2027,company_h1,120.7,jpy,jquants,2026-04-21
4733,"OBIC BUSINESS CONSULTANTS CO.,LTD.",eps,FY2027,consensus,272.1264,jpy,yfinance,2026-08-27
4733,"OBIC BUSINESS CONSULTANTS CO.,LTD.",net_profit,FY2027,company,19350000000.0,jpy_abs,jquants,2026-04-21
4733,"OBIC BUSINESS CONSULTANTS CO.,LTD.",net_profit,FY2027,company_h1,9074000000.0,jpy_abs,jquants,2026-04-21
4733,"OBIC BUSINESS CONSULTANTS CO.,LTD.",net_sales,FY2027,company,57500000000.0,jpy_abs,jquants,2026-04-21
4733,"OBIC BUSINESS CONSULTANTS CO.,LTD.",net_sales,FY2027,company_h1,27619000000.0,jpy_abs,jquants,2026-04-21
4733,"OBIC BUSINESS CONSULTANTS CO.,LTD.",net_sales,FY2027,consensus,58740522400.0,jpy_abs,yfinance,2026-08-27
4733,"OBIC BUSINESS CONSULTANTS CO.,LTD.",operating_profit,FY2027,company,26500000000.0,jpy_abs,jquants,2026-04-21
4733,"OBIC BUSINESS CONSULTANTS CO.,LTD.",operating_profit,FY2027,company_h1,12479000000.0,jpy_abs,jquants,2026-04-21
4733,"OBIC BUSINESS CONSULTANTS CO.,LTD.",ordinary_profit,FY2027,company,28260000000.0,jpy_abs,jquants,2026-04-21
4733,"OBIC BUSINESS CONSULTANTS CO.,LTD.",ordinary_profit,FY2027,company_h1,13254000000.0,jpy_abs,jquants,2026-04-21
4733,"OBIC BUSINESS CONSULTANTS CO.,LTD.",eps,FY2028,consensus,323.50418,jpy,yfinance,2026-08-27
4733,"OBIC BUSINESS CONSULTANTS CO.,LTD.",net_sales,FY2028,consensus,67228755439.0,jpy_abs,yfinance,2026-08-27
4751,"CyberAgent,Inc.",dps,FY2025,actual,17.0,jpy,jquants,2026-05-13
4751,"CyberAgent,Inc.",eps,FY2025,actual,62.52,jpy,jquants,2026-05-13
4751,"CyberAgent,Inc.",net_profit,FY2025,actual,31667000000.0,jpy_abs,jquants,2026-05-13
4751,"CyberAgent,Inc.",net_sales,FY2025,actual,874030000000.0,jpy_abs,jquants,2026-05-13
4751,"CyberAgent,Inc.",operating_profit,FY2025,actual,71702000000.0,jpy_abs,jquants,2026-05-13
4751,"CyberAgent,Inc.",ordinary_profit,FY2025,actual,71743000000.0,jpy_abs,jquants,2026-05-13
4751,"CyberAgent,Inc.",dps,FY2026,company,19.0,jpy,jquants,2026-05-13
4751,"CyberAgent,Inc.",eps,FY2026,consensus,84.73258,jpy,yfinance,2026-08-27
4751,"CyberAgent,Inc.",net_sales,FY2026,company,880000000000.0,jpy_abs,jquants,2026-05-13
4751,"CyberAgent,Inc.",net_sales,FY2026,consensus,950364181390.0,jpy_abs,yfinance,2026-08-27
4751,"CyberAgent,Inc.",eps,FY2027,consensus,92.13328,jpy,yfinance,2026-08-27
4751,"CyberAgent,Inc.",net_sales,FY2027,consensus,992161594640.0,jpy_abs,yfinance,2026-08-27
4768,OTSUKA CORPORATION,dps,FY2025,actual,90.0,jpy,jquants,2026-04-30
4768,OTSUKA CORPORATION,eps,FY2025,actual,169.58,jpy,jquants,2026-04-30
4768,OTSUKA CORPORATION,net_profit,FY2025,actual,64303000000.0,jpy_abs,jquants,2026-04-30
4768,OTSUKA CORPORATION,net_sales,FY2025,actual,1322791000000.0,jpy_abs,jquants,2026-04-30
4768,OTSUKA CORPORATION,operating_profit,FY2025,actual,89943000000.0,jpy_abs,jquants,2026-04-30
4768,OTSUKA CORPORATION,ordinary_profit,FY2025,actual,91525000000.0,jpy_abs,jquants,2026-04-30
4768,OTSUKA CORPORATION,dps,FY2026,company,95.0,jpy,jquants,2026-04-30
4768,OTSUKA CORPORATION,eps,FY2026,company,161.21,jpy,jquants,2026-04-30
4768,OTSUKA CORPORATION,eps,FY2026,company_h1,87.68,jpy,jquants,2026-04-30
4768,OTSUKA CORPORATION,eps,FY2026,consensus,175.96979,jpy,yfinance,2026-08-27
4768,OTSUKA CORPORATION,net_profit,FY2026,company,61130000000.0,jpy_abs,jquants,2026-04-30
4768,OTSUKA CORPORATION,net_profit,FY2026,company_h1,33250000000.0,jpy_abs,jquants,2026-04-30
4768,OTSUKA CORPORATION,net_sales,FY2026,company,1311000000000.0,jpy_abs,jquants,2026-04-30
4768,OTSUKA CORPORATION,net_sales,FY2026,company_h1,689300000000.0,jpy_abs,jquants,2026-04-30
4768,OTSUKA CORPORATION,net_sales,FY2026,consensus,1409494966880.0,jpy_abs,yfinance,2026-08-27
4768,OTSUKA CORPORATION,operating_profit,FY2026,company,90000000000.0,jpy_abs,jquants,2026-04-30
4768,OTSUKA CORPORATION,operating_profit,FY2026,company_h1,48700000000.0,jpy_abs,jquants,2026-04-30
4768,OTSUKA CORPORATION,ordinary_profit,FY2026,company,90100000000.0,jpy_abs,jquants,2026-04-30
4768,OTSUKA CORPORATION,ordinary_profit,FY2026,company_h1,48800000000.0,jpy_abs,jquants,2026-04-30
4768,OTSUKA CORPORATION,eps,FY2027,consensus,187.8532,jpy,yfinance,2026-08-27
4768,OTSUKA CORPORATION,net_sales,FY2027,consensus,1460048389050.0,jpy_abs,yfinance,2026-08-27
4812,DENTSU SOKEN INC.,dps,FY2025,actual,120.0,jpy,jquants,2026-04-28
4812,DENTSU SOKEN INC.,eps,FY2025,actual,83.83,jpy,jquants,2026-04-28
4812,DENTSU SOKEN INC.,net_profit,FY2025,actual,16365000000.0,jpy_abs,jquants,2026-04-28
4812,DENTSU SOKEN INC.,net_sales,FY2025,actual,164865000000.0,jpy_abs,jquants,2026-04-28
4812,DENTSU SOKEN INC.,operating_profit,FY2025,actual,22888000000.0,jpy_abs,jquants,2026-04-28
4812,DENTSU SOKEN INC.,ordinary_profit,FY2025,actual,23618000000.0,jpy_abs,jquants,2026-04-28
4812,DENTSU SOKEN INC.,dps,FY2026,company,45.0,jpy,jquants,2026-04-28
4812,DENTSU SOKEN INC.,eps,FY2026,company,92.22,jpy,jquants,2026-04-28
4812,DENTSU SOKEN INC.,eps,FY2026,company_h1,43.55,jpy,jquants,2026-04-28
4812,DENTSU SOKEN INC.,eps,FY2026,consensus,95.13214,jpy,yfinance,2026-08-27
4812,DENTSU SOKEN INC.,net_profit,FY2026,company,18000000000.0,jpy_abs,jquants,2026-04-28
4812,DENTSU SOKEN INC.,net_profit,FY2026,company_h1,8500000000.0,jpy_abs,jquants,2026-04-28
4812,DENTSU SOKEN INC.,net_sales,FY2026,company,182000000000.0,jpy_abs,jquants,2026-04-28
4812,DENTSU SOKEN INC.,net_sales,FY2026,company_h1,87000000000.0,jpy_abs,jquants,2026-04-28
4812,DENTSU SOKEN INC.,net_sales,FY2026,consensus,184416333330.0,jpy_abs,yfinance,2026-08-27
4812,DENTSU SOKEN INC.,operating_profit,FY2026,company,25500000000.0,jpy_abs,jquants,2026-04-28
4812,DENTSU SOKEN INC.,operating_profit,FY2026,company_h1,12000000000.0,jpy_abs,jquants,2026-04-28
4812,DENTSU SOKEN INC.,ordinary_profit,FY2026,company,26100000000.0,jpy_abs,jquants,2026-04-28
4812,DENTSU SOKEN INC.,ordinary_profit,FY2026,company_h1,12300000000.0,jpy_abs,jquants,2026-04-28
4812,DENTSU SOKEN INC.,eps,FY2027,consensus,110.81688,jpy,yfinance,2026-08-27
4812,DENTSU SOKEN INC.,net_sales,FY2027,consensus,201966666670.0,jpy_abs,yfinance,2026-08-27
4816,"TOEI ANIMATION CO.,LTD.",dps,FY2026,actual,44.0,jpy,jquants,2026-05-13
4816,"TOEI ANIMATION CO.,LTD.",eps,FY2026,actual,122.67,jpy,jquants,2026-05-13
4816,"TOEI ANIMATION CO.,LTD.",net_profit,FY2026,actual,25070000000.0,jpy_abs,jquants,2026-05-13
4816,"TOEI ANIMATION CO.,LTD.",net_sales,FY2026,actual,93669000000.0,jpy_abs,jquants,2026-05-13
4816,"TOEI ANIMATION CO.,LTD.",operating_profit,FY2026,actual,31018000000.0,jpy_abs,jquants,2026-05-13
4816,"TOEI ANIMATION CO.,LTD.",ordinary_profit,FY2026,actual,33462000000.0,jpy_abs,jquants,2026-05-13
4816,"TOEI ANIMATION CO.,LTD.",dps,FY2027,company,44.0,jpy,jquants,2026-05-13
4816,"TOEI ANIMATION CO.,LTD.",eps,FY2027,company,88.56,jpy,jquants,2026-05-13
4816,"TOEI ANIMATION CO.,LTD.",eps,FY2027,company_h1,49.42,jpy,jquants,2026-05-13
4816,"TOEI ANIMATION CO.,LTD.",eps,FY2027,consensus,113.48039,jpy,yfinance,2026-08-27
4816,"TOEI ANIMATION CO.,LTD.",net_profit,FY2027,company,18100000000.0,jpy_abs,jquants,2026-05-13
4816,"TOEI ANIMATION CO.,LTD.",net_profit,FY2027,company_h1,10100000000.0,jpy_abs,jquants,2026-05-13
4816,"TOEI ANIMATION CO.,LTD.",net_sales,FY2027,company,100000000000.0,jpy_abs,jquants,2026-05-13
4816,"TOEI ANIMATION CO.,LTD.",net_sales,FY2027,company_h1,55200000000.0,jpy_abs,jquants,2026-05-13
4816,"TOEI ANIMATION CO.,LTD.",net_sales,FY2027,consensus,101783666670.0,jpy_abs,yfinance,2026-08-27
4816,"TOEI ANIMATION CO.,LTD.",operating_profit,FY2027,company,25000000000.0,jpy_abs,jquants,2026-05-13
4816,"TOEI ANIMATION CO.,LTD.",operating_profit,FY2027,company_h1,13900000000.0,jpy_abs,jquants,2026-05-13
4816,"TOEI ANIMATION CO.,LTD.",ordinary_profit,FY2027,company,25600000000.0,jpy_abs,jquants,2026-05-13
4816,"TOEI ANIMATION CO.,LTD.",ordinary_profit,FY2027,company_h1,14230000000.0,jpy_abs,jquants,2026-05-13
4816,"TOEI ANIMATION CO.,LTD.",eps,FY2028,consensus,132.51126,jpy,yfinance,2026-08-27
4816,"TOEI ANIMATION CO.,LTD.",net_sales,FY2028,consensus,113524666670.0,jpy_abs,yfinance,2026-08-27
4901,FUJIFILM Holdings Corporation,dps,FY2026,actual,70.0,jpy,jquants,2026-05-12
4901,FUJIFILM Holdings Corporation,eps,FY2026,actual,229.65,jpy,jquants,2026-05-12
4901,FUJIFILM Holdings Corporation,net_profit,FY2026,actual,276735000000.0,jpy_abs,jquants,2026-05-12
4901,FUJIFILM Holdings Corporation,net_sales,FY2026,actual,3356969000000.0,jpy_abs,jquants,2026-05-12
4901,FUJIFILM Holdings Corporation,operating_profit,FY2026,actual,350210000000.0,jpy_abs,jquants,2026-05-12
4901,FUJIFILM Holdings Corporation,dps,FY2027,company,75.0,jpy,jquants,2026-05-12
4901,FUJIFILM Holdings Corporation,eps,FY2027,company,234.19,jpy,jquants,2026-05-12
4901,FUJIFILM Holdings Corporation,eps,FY2027,consensus,236.27155,jpy,yfinance,2026-08-27
4901,FUJIFILM Holdings Corporation,net_profit,FY2027,company,280000000000.0,jpy_abs,jquants,2026-05-12
4901,FUJIFILM Holdings Corporation,net_sales,FY2027,company,3470000000000.0,jpy_abs,jquants,2026-05-12
4901,FUJIFILM Holdings Corporation,net_sales,FY2027,consensus,3526266170550.0,jpy_abs,yfinance,2026-08-27
4901,FUJIFILM Holdings Corporation,operating_profit,FY2027,company,365000000000.0,jpy_abs,jquants,2026-05-12
4901,FUJIFILM Holdings Corporation,eps,FY2028,consensus,267.2719,jpy,yfinance,2026-08-27
4901,FUJIFILM Holdings Corporation,net_sales,FY2028,consensus,3678557734310.0,jpy_abs,yfinance,2026-08-27
4966,"C.Uyemura & Co.,Ltd.",dps,FY2026,actual,290.0,jpy,jquants,2026-05-13
4966,"C.Uyemura & Co.,Ltd.",eps,FY2026,actual,864.57,jpy,jquants,2026-05-13
4966,"C.Uyemura & Co.,Ltd.",net_profit,FY2026,actual,13946000000.0,jpy_abs,jquants,2026-05-13
4966,"C.Uyemura & Co.,Ltd.",net_sales,FY2026,actual,91784000000.0,jpy_abs,jquants,2026-05-13
4966,"C.Uyemura & Co.,Ltd.",operating_profit,FY2026,actual,21327000000.0,jpy_abs,jquants,2026-05-13
4966,"C.Uyemura & Co.,Ltd.",ordinary_profit,FY2026,actual,22085000000.0,jpy_abs,jquants,2026-05-13
4966,"C.Uyemura & Co.,Ltd.",dps,FY2027,company,290.0,jpy,jquants,2026-05-13
4966,"C.Uyemura & Co.,Ltd.",eps,FY2027,company,900.48,jpy,jquants,2026-05-13
4966,"C.Uyemura & Co.,Ltd.",eps,FY2027,company_h1,440.02,jpy,jquants,2026-05-13
4966,"C.Uyemura & Co.,Ltd.",eps,FY2027,consensus,1073.7333,jpy,yfinance,2026-08-27
4966,"C.Uyemura & Co.,Ltd.",net_profit,FY2027,company,14530000000.0,jpy_abs,jquants,2026-05-13
4966,"C.Uyemura & Co.,Ltd.",net_profit,FY2027,company_h1,7100000000.0,jpy_abs,jquants,2026-05-13
4966,"C.Uyemura & Co.,Ltd.",net_sales,FY2027,company,95840000000.0,jpy_abs,jquants,2026-05-13
4966,"C.Uyemura & Co.,Ltd.",net_sales,FY2027,company_h1,44710000000.0,jpy_abs,jquants,2026-05-13
4966,"C.Uyemura & Co.,Ltd.",net_sales,FY2027,consensus,104736666670.0,jpy_abs,yfinance,2026-08-27
4966,"C.Uyemura & Co.,Ltd.",operating_profit,FY2027,company,20330000000.0,jpy_abs,jquants,2026-05-13
4966,"C.Uyemura & Co.,Ltd.",operating_profit,FY2027,company_h1,9330000000.0,jpy_abs,jquants,2026-05-13
4966,"C.Uyemura & Co.,Ltd.",ordinary_profit,FY2027,company,20890000000.0,jpy_abs,jquants,2026-05-13
4966,"C.Uyemura & Co.,Ltd.",ordinary_profit,FY2027,company_h1,9620000000.0,jpy_abs,jquants,2026-05-13
4966,"C.Uyemura & Co.,Ltd.",eps,FY2028,consensus,1247.5,jpy,yfinance,2026-08-27
4966,"C.Uyemura & Co.,Ltd.",net_sales,FY2028,consensus,113803333330.0,jpy_abs,yfinance,2026-08-27
4980,Dexerials Corporation,dps,FY2026,actual,58.0,jpy,jquants,2026-05-13
4980,Dexerials Corporation,eps,FY2026,actual,166.48,jpy,jquants,2026-05-13
4980,Dexerials Corporation,net_profit,FY2026,actual,28009000000.0,jpy_abs,jquants,2026-05-13
4980,Dexerials Corporation,net_sales,FY2026,actual,113832000000.0,jpy_abs,jquants,2026-05-13
4980,Dexerials Corporation,operating_profit,FY2026,actual,38097000000.0,jpy_abs,jquants,2026-05-13
4980,Dexerials Corporation,ordinary_profit,FY2026,actual,36892000000.0,jpy_abs,jquants,2026-05-13
4980,Dexerials Corporation,dps,FY2027,company,64.0,jpy,jquants,2026-05-13
4980,Dexerials Corporation,eps,FY2027,company,163.45,jpy,jquants,2026-05-13
4980,Dexerials Corporation,eps,FY2027,consensus,169.34833,jpy,yfinance,2026-08-27
4980,Dexerials Corporation,net_profit,FY2027,company,27500000000.0,jpy_abs,jquants,2026-05-13
4980,Dexerials Corporation,net_sales,FY2027,company,123000000000.0,jpy_abs,jquants,2026-05-13
4980,Dexerials Corporation,net_sales,FY2027,consensus,122966666670.0,jpy_abs,yfinance,2026-08-27
4980,Dexerials Corporation,operating_profit,FY2027,company,38500000000.0,jpy_abs,jquants,2026-05-13
4980,Dexerials Corporation,eps,FY2028,consensus,210.225,jpy,yfinance,2026-08-27
4980,Dexerials Corporation,net_sales,FY2028,consensus,140250000000.0,jpy_abs,yfinance,2026-08-27
5019,"Idemitsu Kosan Co.,Ltd.",dps,FY2026,actual,36.0,jpy,jquants,2026-05-12
5019,"Idemitsu Kosan Co.,Ltd.",eps,FY2026,actual,140.38,jpy,jquants,2026-05-12
5019,"Idemitsu Kosan Co.,Ltd.",net_profit,FY2026,actual,171914000000.0,jpy_abs,jquants,2026-05-12
5019,"Idemitsu Kosan Co.,Ltd.",net_sales,FY2026,actual,8105891000000.0,jpy_abs,jquants,2026-05-12
5019,"Idemitsu Kosan Co.,Ltd.",operating_profit,FY2026,actual,212203000000.0,jpy_abs,jquants,2026-05-12
5019,"Idemitsu Kosan Co.,Ltd.",ordinary_profit,FY2026,actual,229646000000.0,jpy_abs,jquants,2026-05-12
5019,"Idemitsu Kosan Co.,Ltd.",dps,FY2027,company,36.0,jpy,jquants,2026-05-12
5019,"Idemitsu Kosan Co.,Ltd.",eps,FY2027,company,62.0,jpy,jquants,2026-05-12
5019,"Idemitsu Kosan Co.,Ltd.",eps,FY2027,consensus,162.075,jpy,yfinance,2026-08-27
5019,"Idemitsu Kosan Co.,Ltd.",net_profit,FY2027,company,75000000000.0,jpy_abs,jquants,2026-05-12
5019,"Idemitsu Kosan Co.,Ltd.",net_sales,FY2027,consensus,10068050000000.0,jpy_abs,yfinance,2026-08-27
5019,"Idemitsu Kosan Co.,Ltd.",eps,FY2028,consensus,151.0,jpy,yfinance,2026-08-27
5019,"Idemitsu Kosan Co.,Ltd.",net_sales,FY2028,consensus,9320242857140.0,jpy_abs,yfinance,2026-08-27
5020,"ENEOS Holdings,Inc.",dps,FY2026,actual,34.0,jpy,jquants,2026-05-14
5020,"ENEOS Holdings,Inc.",eps,FY2026,actual,96.18,jpy,jquants,2026-05-14
5020,"ENEOS Holdings,Inc.",net_profit,FY2026,actual,258726000000.0,jpy_abs,jquants,2026-05-14
5020,"ENEOS Holdings,Inc.",net_sales,FY2026,actual,11765470000000.0,jpy_abs,jquants,2026-05-14
5020,"ENEOS Holdings,Inc.",operating_profit,FY2026,actual,466627000000.0,jpy_abs,jquants,2026-05-14
5020,"ENEOS Holdings,Inc.",dps,FY2027,company,34.0,jpy,jquants,2026-05-14
5020,"ENEOS Holdings,Inc.",eps,FY2027,company,154.28,jpy,jquants,2026-05-14
5020,"ENEOS Holdings,Inc.",eps,FY2027,consensus,158.85,jpy,yfinance,2026-08-27
5020,"ENEOS Holdings,Inc.",net_profit,FY2027,company,415000000000.0,jpy_abs,jquants,2026-05-14
5020,"ENEOS Holdings,Inc.",net_sales,FY2027,company,12850000000000.0,jpy_abs,jquants,2026-05-14
5020,"ENEOS Holdings,Inc.",net_sales,FY2027,consensus,12867137500000.0,jpy_abs,yfinance,2026-08-27
5020,"ENEOS Holdings,Inc.",operating_profit,FY2027,company,610000000000.0,jpy_abs,jquants,2026-05-14
5020,"ENEOS Holdings,Inc.",eps,FY2028,consensus,119.28938,jpy,yfinance,2026-08-27
5020,"ENEOS Holdings,Inc.",net_sales,FY2028,consensus,12027362500000.0,jpy_abs,yfinance,2026-08-27
5021,"COSMO ENERGY HOLDINGS COMPANY,LIMITED",dps,FY2026,actual,26751000000.0,jpy,jquants,2026-05-12
5021,"COSMO ENERGY HOLDINGS COMPANY,LIMITED",eps,FY2026,actual,453.06,jpy,jquants,2026-05-12
5021,"COSMO ENERGY HOLDINGS COMPANY,LIMITED",net_profit,FY2026,actual,74023000000.0,jpy_abs,jquants,2026-05-12
5021,"COSMO ENERGY HOLDINGS COMPANY,LIMITED",net_sales,FY2026,actual,2677582000000.0,jpy_abs,jquants,2026-05-12
5021,"COSMO ENERGY HOLDINGS COMPANY,LIMITED",operating_profit,FY2026,actual,144790000000.0,jpy_abs,jquants,2026-05-12
5021,"COSMO ENERGY HOLDINGS COMPANY,LIMITED",ordinary_profit,FY2026,actual,149247000000.0,jpy_abs,jquants,2026-05-12
5021,"COSMO ENERGY HOLDINGS COMPANY,LIMITED",dps,FY2027,company,165.0,jpy,jquants,2026-05-12
5021,"COSMO ENERGY HOLDINGS COMPANY,LIMITED",eps,FY2027,company,277.1,jpy,jquants,2026-05-12
5021,"COSMO ENERGY HOLDINGS COMPANY,LIMITED",eps,FY2027,consensus,366.59805,jpy,yfinance,2026-08-27
5021,"COSMO ENERGY HOLDINGS COMPANY,LIMITED",net_profit,FY2027,company,44000000000.0,jpy_abs,jquants,2026-05-12
5021,"COSMO ENERGY HOLDINGS COMPANY,LIMITED",net_sales,FY2027,company,2870000000000.0,jpy_abs,jquants,2026-05-12
5021,"COSMO ENERGY HOLDINGS COMPANY,LIMITED",net_sales,FY2027,consensus,3024437375000.0,jpy_abs,yfinance,2026-08-27
5021,"COSMO ENERGY HOLDINGS COMPANY,LIMITED",operating_profit,FY2027,company,102000000000.0,jpy_abs,jquants,2026-05-12
5021,"COSMO ENERGY HOLDINGS COMPANY,LIMITED",ordinary_profit,FY2027,company,115000000000.0,jpy_abs,jquants,2026-05-12
5021,"COSMO ENERGY HOLDINGS COMPANY,LIMITED",eps,FY2028,consensus,487.93152,jpy,yfinance,2026-08-27
5021,"COSMO ENERGY HOLDINGS COMPANY,LIMITED",net_sales,FY2028,consensus,2829966571430.0,jpy_abs,yfinance,2026-08-27
5032,ANYCOLOR Inc.,dps,FY2025,actual,65.0,jpy,jquants,2026-03-11
5032,ANYCOLOR Inc.,eps,FY2025,actual,188.57,jpy,jquants,2026-03-11
5032,ANYCOLOR Inc.,net_profit,FY2025,actual,11510000000.0,jpy_abs,jquants,2026-03-11
5032,ANYCOLOR Inc.,net_sales,FY2025,actual,42876000000.0,jpy_abs,jquants,2026-03-11
5032,ANYCOLOR Inc.,operating_profit,FY2025,actual,16279000000.0,jpy_abs,jquants,2026-03-11
5032,ANYCOLOR Inc.,ordinary_profit,FY2025,actual,16214000000.0,jpy_abs,jquants,2026-03-11
5032,ANYCOLOR Inc.,dps,FY2026,company,75.0,jpy,jquants,2026-03-11
5032,ANYCOLOR Inc.,eps,FY2026,consensus,249.33,jpy,yfinance,2026-08-27
5032,ANYCOLOR Inc.,net_sales,FY2026,consensus,60945397570.0,jpy_abs,yfinance,2026-08-27
5032,ANYCOLOR Inc.,eps,FY2027,consensus,286.3557,jpy,yfinance,2026-08-27
5032,ANYCOLOR Inc.,net_sales,FY2027,consensus,68336426030.0,jpy_abs,yfinance,2026-08-27
5076,INFRONEER Holdings Inc.,dps,FY2026,actual,120.0,jpy,jquants,2026-05-13
5076,INFRONEER Holdings Inc.,eps,FY2026,actual,295.46,jpy,jquants,2026-05-13
5076,INFRONEER Holdings Inc.,net_profit,FY2026,actual,76573000000.0,jpy_abs,jquants,2026-05-13
5076,INFRONEER Holdings Inc.,net_sales,FY2026,actual,1124878000000.0,jpy_abs,jquants,2026-05-13
5076,INFRONEER Holdings Inc.,operating_profit,FY2026,actual,75805000000.0,jpy_abs,jquants,2026-05-13
5076,INFRONEER Holdings Inc.,dps,FY2027,company,100.0,jpy,jquants,2026-05-13
5076,INFRONEER Holdings Inc.,eps,FY2027,company,229.26,jpy,jquants,2026-05-13
5076,INFRONEER Holdings Inc.,eps,FY2027,consensus,334.9,jpy,yfinance,2026-08-27
5076,INFRONEER Holdings Inc.,net_profit,FY2027,company,60000000000.0,jpy_abs,jquants,2026-05-13
5076,INFRONEER Holdings Inc.,net_sales,FY2027,company,1366000000000.0,jpy_abs,jquants,2026-05-13
5076,INFRONEER Holdings Inc.,net_sales,FY2027,consensus,1448166666670.0,jpy_abs,yfinance,2026-08-27
5076,INFRONEER Holdings Inc.,operating_profit,FY2027,company,77800000000.0,jpy_abs,jquants,2026-05-13
5076,INFRONEER Holdings Inc.,eps,FY2028,consensus,243.48,jpy,yfinance,2026-08-27
5076,INFRONEER Holdings Inc.,net_sales,FY2028,consensus,1486748571430.0,jpy_abs,yfinance,2026-08-27
5101,"The Yokohama Rubber Company,Limited",dps,FY2025,actual,134.0,jpy,jquants,2026-05-15
5101,"The Yokohama Rubber Company,Limited",eps,FY2025,actual,668.55,jpy,jquants,2026-05-15
5101,"The Yokohama Rubber Company,Limited",net_profit,FY2025,actual,105398000000.0,jpy_abs,jquants,2026-05-15
5101,"The Yokohama Rubber Company,Limited",net_sales,FY2025,actual,1234959000000.0,jpy_abs,jquants,2026-05-15
5101,"The Yokohama Rubber Company,Limited",operating_profit,FY2025,actual,152901000000.0,jpy_abs,jquants,2026-05-15
5101,"The Yokohama Rubber Company,Limited",ordinary_profit,FY2025,actual,121160000000.0,jpy_abs,jquants,2026-05-15
5101,"The Yokohama Rubber Company,Limited",dps,FY2026,company,172.0,jpy,jquants,2026-05-15
5101,"The Yokohama Rubber Company,Limited",eps,FY2026,company,693.36,jpy,jquants,2026-05-15
5101,"The Yokohama Rubber Company,Limited",eps,FY2026,company_h1,286.25,jpy,jquants,2026-05-15
5101,"The Yokohama Rubber Company,Limited",eps,FY2026,consensus,834.33905,jpy,yfinance,2026-08-27
5101,"The Yokohama Rubber Company,Limited",net_profit,FY2026,company,109000000000.0,jpy_abs,jquants,2026-05-15
5101,"The Yokohama Rubber Company,Limited",net_profit,FY2026,company_h1,45000000000.0,jpy_abs,jquants,2026-05-15
5101,"The Yokohama Rubber Company,Limited",net_sales,FY2026,company,1300000000000.0,jpy_abs,jquants,2026-05-15
5101,"The Yokohama Rubber Company,Limited",net_sales,FY2026,company_h1,610000000000.0,jpy_abs,jquants,2026-05-15
5101,"The Yokohama Rubber Company,Limited",net_sales,FY2026,consensus,1333615973630.0,jpy_abs,yfinance,2026-08-27
5101,"The Yokohama Rubber Company,Limited",operating_profit,FY2026,company,191500000000.0,jpy_abs,jquants,2026-05-15
5101,"The Yokohama Rubber Company,Limited",operating_profit,FY2026,company_h1,86000000000.0,jpy_abs,jquants,2026-05-15
5101,"The Yokohama Rubber Company,Limited",eps,FY2027,consensus,869.5409,jpy,yfinance,2026-08-27
5101,"The Yokohama Rubber Company,Limited",net_sales,FY2027,consensus,1385480015320.0,jpy_abs,yfinance,2026-08-27
5105,Toyo Tire Corporation,dps,FY2025,actual,130.0,jpy,jquants,2026-05-15
5105,Toyo Tire Corporation,eps,FY2025,actual,413.1,jpy,jquants,2026-05-15
5105,Toyo Tire Corporation,net_profit,FY2025,actual,63614000000.0,jpy_abs,jquants,2026-05-15
5105,Toyo Tire Corporation,net_sales,FY2025,actual,594923000000.0,jpy_abs,jquants,2026-05-15
5105,Toyo Tire Corporation,operating_profit,FY2025,actual,97350000000.0,jpy_abs,jquants,2026-05-15
5105,Toyo Tire Corporation,ordinary_profit,FY2025,actual,101328000000.0,jpy_abs,jquants,2026-05-15
5105,Toyo Tire Corporation,dps,FY2026,company,135.0,jpy,jquants,2026-05-15
5105,Toyo Tire Corporation,eps,FY2026,company,350.66,jpy,jquants,2026-05-15
5105,Toyo Tire Corporation,eps,FY2026,company_h1,129.87,jpy,jquants,2026-05-15
5105,Toyo Tire Corporation,eps,FY2026,consensus,471.47867,jpy,yfinance,2026-08-27
5105,Toyo Tire Corporation,net_profit,FY2026,company,54000000000.0,jpy_abs,jquants,2026-05-15
5105,Toyo Tire Corporation,net_profit,FY2026,company_h1,20000000000.0,jpy_abs,jquants,2026-05-15
5105,Toyo Tire Corporation,net_sales,FY2026,company,620000000000.0,jpy_abs,jquants,2026-05-15
5105,Toyo Tire Corporation,net_sales,FY2026,company_h1,296000000000.0,jpy_abs,jquants,2026-05-15
5105,Toyo Tire Corporation,net_sales,FY2026,consensus,621642177170.0,jpy_abs,yfinance,2026-08-27
5105,Toyo Tire Corporation,operating_profit,FY2026,company,94000000000.0,jpy_abs,jquants,2026-05-15
5105,Toyo Tire Corporation,operating_profit,FY2026,company_h1,42000000000.0,jpy_abs,jquants,2026-05-15
5105,Toyo Tire Corporation,ordinary_profit,FY2026,company,82000000000.0,jpy_abs,jquants,2026-05-15
5105,Toyo Tire Corporation,ordinary_profit,FY2026,company_h1,32000000000.0,jpy_abs,jquants,2026-05-15
5105,Toyo Tire Corporation,eps,FY2027,consensus,535.7167,jpy,yfinance,2026-08-27
5105,Toyo Tire Corporation,net_sales,FY2027,consensus,659992431700.0,jpy_abs,yfinance,2026-08-27
5108,BRIDGESTONE CORPORATION,dps,FY2025,actual,230.0,jpy,jquants,2026-05-14
5108,BRIDGESTONE CORPORATION,eps,FY2025,actual,246.0,jpy,jquants,2026-05-14
5108,BRIDGESTONE CORPORATION,net_profit,FY2025,actual,327264000000.0,jpy_abs,jquants,2026-05-14
5108,BRIDGESTONE CORPORATION,net_sales,FY2025,actual,4429452000000.0,jpy_abs,jquants,2026-05-14
5108,BRIDGESTONE CORPORATION,operating_profit,FY2025,actual,381237000000.0,jpy_abs,jquants,2026-05-14
5108,BRIDGESTONE CORPORATION,ordinary_profit,FY2025,actual,241102000000.0,jpy_abs,jquants,2026-05-14
5108,BRIDGESTONE CORPORATION,dps,FY2026,company,125.0,jpy,jquants,2026-05-14
5108,BRIDGESTONE CORPORATION,eps,FY2026,company,270.87,jpy,jquants,2026-05-14
5108,BRIDGESTONE CORPORATION,eps,FY2026,consensus,288.11227,jpy,yfinance,2026-08-27
5108,BRIDGESTONE CORPORATION,net_profit,FY2026,company,340000000000.0,jpy_abs,jquants,2026-05-14
5108,BRIDGESTONE CORPORATION,net_sales,FY2026,company,4500000000000.0,jpy_abs,jquants,2026-05-14
5108,BRIDGESTONE CORPORATION,net_sales,FY2026,consensus,4706397241020.0,jpy_abs,yfinance,2026-08-27
5108,BRIDGESTONE CORPORATION,eps,FY2027,consensus,324.53952,jpy,yfinance,2026-08-27
5108,BRIDGESTONE CORPORATION,net_sales,FY2027,consensus,4862809386560.0,jpy_abs,yfinance,2026-08-27
5332,TOTO LTD.,dps,FY2026,actual,110.0,jpy,jquants,2026-04-30
5332,TOTO LTD.,eps,FY2026,actual,243.01,jpy,jquants,2026-04-30
5332,TOTO LTD.,net_profit,FY2026,actual,40257000000.0,jpy_abs,jquants,2026-04-30
5332,TOTO LTD.,net_sales,FY2026,actual,737441000000.0,jpy_abs,jquants,2026-04-30
5332,TOTO LTD.,operating_profit,FY2026,actual,53759000000.0,jpy_abs,jquants,2026-04-30
5332,TOTO LTD.,ordinary_profit,FY2026,actual,60689000000.0,jpy_abs,jquants,2026-04-30
5332,TOTO LTD.,dps,FY2027,company,120.0,jpy,jquants,2026-04-30
5332,TOTO LTD.,eps,FY2027,company,279.78,jpy,jquants,2026-04-30
5332,TOTO LTD.,eps,FY2027,company_h1,118.6,jpy,jquants,2026-04-30
5332,TOTO LTD.,eps,FY2027,consensus,295.4613,jpy,yfinance,2026-08-27
5332,TOTO LTD.,net_profit,FY2027,company,46000000000.0,jpy_abs,jquants,2026-04-30
5332,TOTO LTD.,net_profit,FY2027,company_h1,19500000000.0,jpy_abs,jquants,2026-04-30
5332,TOTO LTD.,net_sales,FY2027,company,785000000000.0,jpy_abs,jquants,2026-04-30
5332,TOTO LTD.,net_sales,FY2027,company_h1,370000000000.0,jpy_abs,jquants,2026-04-30
5332,TOTO LTD.,net_sales,FY2027,consensus,783375000000.0,jpy_abs,yfinance,2026-08-27
5332,TOTO LTD.,operating_profit,FY2027,company,60000000000.0,jpy_abs,jquants,2026-04-30
5332,TOTO LTD.,operating_profit,FY2027,company_h1,23000000000.0,jpy_abs,jquants,2026-04-30
5332,TOTO LTD.,ordinary_profit,FY2027,company,58500000000.0,jpy_abs,jquants,2026-04-30
5332,TOTO LTD.,ordinary_profit,FY2027,company_h1,22200000000.0,jpy_abs,jquants,2026-04-30
5332,TOTO LTD.,eps,FY2028,consensus,362.14935,jpy,yfinance,2026-08-27
5332,TOTO LTD.,net_sales,FY2028,consensus,822362500000.0,jpy_abs,yfinance,2026-08-27
5333,NGK Corporation,dps,FY2026,actual,80.0,jpy,jquants,2026-04-30
5333,NGK Corporation,eps,FY2026,actual,206.32,jpy,jquants,2026-04-30
5333,NGK Corporation,net_profit,FY2026,actual,59936000000.0,jpy_abs,jquants,2026-04-30
5333,NGK Corporation,net_sales,FY2026,actual,670125000000.0,jpy_abs,jquants,2026-04-30
5333,NGK Corporation,operating_profit,FY2026,actual,94997000000.0,jpy_abs,jquants,2026-04-30
5333,NGK Corporation,ordinary_profit,FY2026,actual,95202000000.0,jpy_abs,jquants,2026-04-30
5333,NGK Corporation,dps,FY2027,company,106.0,jpy,jquants,2026-04-30
5333,NGK Corporation,eps,FY2027,company,290.67,jpy,jquants,2026-04-30
5333,NGK Corporation,eps,FY2027,company_h1,159.03,jpy,jquants,2026-04-30
5333,NGK Corporation,eps,FY2027,consensus,321.53857,jpy,yfinance,2026-08-27
5333,NGK Corporation,net_profit,FY2027,company,82000000000.0,jpy_abs,jquants,2026-04-30
5333,NGK Corporation,net_profit,FY2027,company_h1,45000000000.0,jpy_abs,jquants,2026-04-30
5333,NGK Corporation,net_sales,FY2027,company,710000000000.0,jpy_abs,jquants,2026-04-30
5333,NGK Corporation,net_sales,FY2027,company_h1,350000000000.0,jpy_abs,jquants,2026-04-30
5333,NGK Corporation,net_sales,FY2027,consensus,728613423140.0,jpy_abs,yfinance,2026-08-27
5333,NGK Corporation,operating_profit,FY2027,company,107000000000.0,jpy_abs,jquants,2026-04-30
5333,NGK Corporation,operating_profit,FY2027,company_h1,53000000000.0,jpy_abs,jquants,2026-04-30
5333,NGK Corporation,ordinary_profit,FY2027,company,105000000000.0,jpy_abs,jquants,2026-04-30
5333,NGK Corporation,ordinary_profit,FY2027,company_h1,53000000000.0,jpy_abs,jquants,2026-04-30
5333,NGK Corporation,eps,FY2028,consensus,339.72287,jpy,yfinance,2026-08-27
5333,NGK Corporation,net_sales,FY2028,consensus,769642851710.0,jpy_abs,yfinance,2026-08-27
5334,"Niterra Co.,Ltd.",dps,FY2026,actual,205.0,jpy,jquants,2026-04-30
5334,"Niterra Co.,Ltd.",eps,FY2026,actual,570.43,jpy,jquants,2026-04-30
5334,"Niterra Co.,Ltd.",net_profit,FY2026,actual,112892000000.0,jpy_abs,jquants,2026-04-30
5334,"Niterra Co.,Ltd.",net_sales,FY2026,actual,731207000000.0,jpy_abs,jquants,2026-04-30
5334,"Niterra Co.,Ltd.",operating_profit,FY2026,actual,138158000000.0,jpy_abs,jquants,2026-04-30
5334,"Niterra Co.,Ltd.",ordinary_profit,FY2026,actual,121994000000.0,jpy_abs,jquants,2026-04-30
5334,"Niterra Co.,Ltd.",dps,FY2027,company,210.0,jpy,jquants,2026-04-30
5334,"Niterra Co.,Ltd.",eps,FY2027,company,535.0,jpy,jquants,2026-04-30
5334,"Niterra Co.,Ltd.",eps,FY2027,company_h1,249.67,jpy,jquants,2026-04-30
5334,"Niterra Co.,Ltd.",eps,FY2027,consensus,609.525,jpy,yfinance,2026-08-27
5334,"Niterra Co.,Ltd.",net_profit,FY2027,company,105000000000.0,jpy_abs,jquants,2026-04-30
5334,"Niterra Co.,Ltd.",net_profit,FY2027,company_h1,49000000000.0,jpy_abs,jquants,2026-04-30
5334,"Niterra Co.,Ltd.",net_sales,FY2027,company,790000000000.0,jpy_abs,jquants,2026-04-30
5334,"Niterra Co.,Ltd.",net_sales,FY2027,company_h1,391000000000.0,jpy_abs,jquants,2026-04-30
5334,"Niterra Co.,Ltd.",net_sales,FY2027,consensus,790333654030.0,jpy_abs,yfinance,2026-08-27
5334,"Niterra Co.,Ltd.",operating_profit,FY2027,company,150000000000.0,jpy_abs,jquants,2026-04-30
5334,"Niterra Co.,Ltd.",operating_profit,FY2027,company_h1,72000000000.0,jpy_abs,jquants,2026-04-30
5334,"Niterra Co.,Ltd.",eps,FY2028,consensus,654.9585,jpy,yfinance,2026-08-27
5334,"Niterra Co.,Ltd.",net_sales,FY2028,consensus,830440316640.0,jpy_abs,yfinance,2026-08-27
5344,"MARUWA CO.,LTD.",dps,FY2026,actual,102.0,jpy,jquants,2026-05-08
5344,"MARUWA CO.,LTD.",eps,FY2026,actual,1472.03,jpy,jquants,2026-05-08
5344,"MARUWA CO.,LTD.",net_profit,FY2026,actual,18163000000.0,jpy_abs,jquants,2026-05-08
5344,"MARUWA CO.,LTD.",net_sales,FY2026,actual,74476000000.0,jpy_abs,jquants,2026-05-08
5344,"MARUWA CO.,LTD.",operating_profit,FY2026,actual,24976000000.0,jpy_abs,jquants,2026-05-08
5344,"MARUWA CO.,LTD.",ordinary_profit,FY2026,actual,26321000000.0,jpy_abs,jquants,2026-05-08
5344,"MARUWA CO.,LTD.",dps,FY2027,company,110.0,jpy,jquants,2026-05-08
5344,"MARUWA CO.,LTD.",eps,FY2027,consensus,1957.58,jpy,yfinance,2026-08-27
5344,"MARUWA CO.,LTD.",net_sales,FY2027,company,84100000000.0,jpy_abs,jquants,2026-05-08
5344,"MARUWA CO.,LTD.",net_sales,FY2027,company_h1,39400000000.0,jpy_abs,jquants,2026-05-08
5344,"MARUWA CO.,LTD.",net_sales,FY2027,consensus,92550000000.0,jpy_abs,yfinance,2026-08-27
5344,"MARUWA CO.,LTD.",operating_profit,FY2027,company,29700000000.0,jpy_abs,jquants,2026-05-08
5344,"MARUWA CO.,LTD.",operating_profit,FY2027,company_h1,13500000000.0,jpy_abs,jquants,2026-05-08
5344,"MARUWA CO.,LTD.",eps,FY2028,consensus,2565.746,jpy,yfinance,2026-08-27
5344,"MARUWA CO.,LTD.",net_sales,FY2028,consensus,104420000000.0,jpy_abs,yfinance,2026-08-27
5393,NICHIAS CORPORATION,dps,FY2026,actual,164.0,jpy,jquants,2026-05-11
5393,NICHIAS CORPORATION,eps,FY2026,actual,165.59,jpy,jquants,2026-05-11
5393,NICHIAS CORPORATION,net_profit,FY2026,actual,31634000000.0,jpy_abs,jquants,2026-05-11
5393,NICHIAS CORPORATION,net_sales,FY2026,actual,251910000000.0,jpy_abs,jquants,2026-05-11
5393,NICHIAS CORPORATION,operating_profit,FY2026,actual,37014000000.0,jpy_abs,jquants,2026-05-11
5393,NICHIAS CORPORATION,ordinary_profit,FY2026,actual,39377000000.0,jpy_abs,jquants,2026-05-11
5393,NICHIAS CORPORATION,dps,FY2027,company,65.0,jpy,jquants,2026-05-11
5393,NICHIAS CORPORATION,eps,FY2027,company,167.51,jpy,jquants,2026-05-11
5393,NICHIAS CORPORATION,eps,FY2027,company_h1,75.9,jpy,jquants,2026-05-11
5393,NICHIAS CORPORATION,eps,FY2027,consensus,185.536,jpy,yfinance,2026-08-27
5393,NICHIAS CORPORATION,net_profit,FY2027,company,32000000000.0,jpy_abs,jquants,2026-05-11
5393,NICHIAS CORPORATION,net_profit,FY2027,company_h1,14500000000.0,jpy_abs,jquants,2026-05-11
5393,NICHIAS CORPORATION,net_sales,FY2027,company,270000000000.0,jpy_abs,jquants,2026-05-11
5393,NICHIAS CORPORATION,net_sales,FY2027,company_h1,130000000000.0,jpy_abs,jquants,2026-05-11
5393,NICHIAS CORPORATION,net_sales,FY2027,consensus,277881000000.0,jpy_abs,yfinance,2026-08-27
5393,NICHIAS CORPORATION,operating_profit,FY2027,company,45000000000.0,jpy_abs,jquants,2026-05-11
5393,NICHIAS CORPORATION,operating_profit,FY2027,company_h1,20500000000.0,jpy_abs,jquants,2026-05-11
5393,NICHIAS CORPORATION,ordinary_profit,FY2027,company,45000000000.0,jpy_abs,jquants,2026-05-11
5393,NICHIAS CORPORATION,ordinary_profit,FY2027,company_h1,20500000000.0,jpy_abs,jquants,2026-05-11
5393,NICHIAS CORPORATION,eps,FY2028,consensus,204.766,jpy,yfinance,2026-08-27
5393,NICHIAS CORPORATION,net_sales,FY2028,consensus,293987000000.0,jpy_abs,yfinance,2026-08-27
5401,NIPPON STEEL CORPORATION,dps,FY2026,actual,125592000000.0,jpy,jquants,2026-05-13
5401,NIPPON STEEL CORPORATION,eps,FY2026,actual,3.28,jpy,jquants,2026-05-13
5401,NIPPON STEEL CORPORATION,net_profit,FY2026,actual,17158000000.0,jpy_abs,jquants,2026-05-13
5401,NIPPON STEEL CORPORATION,net_sales,FY2026,actual,10063216000000.0,jpy_abs,jquants,2026-05-13
5401,NIPPON STEEL CORPORATION,operating_profit,FY2026,actual,242903000000.0,jpy_abs,jquants,2026-05-13
5401,NIPPON STEEL CORPORATION,ordinary_profit,FY2026,actual,177904000000.0,jpy_abs,jquants,2026-05-13
5401,NIPPON STEEL CORPORATION,dps,FY2027,company,24.0,jpy,jquants,2026-05-13
5401,NIPPON STEEL CORPORATION,eps,FY2027,company,42.0,jpy,jquants,2026-05-13
5401,NIPPON STEEL CORPORATION,eps,FY2027,company_h1,17.0,jpy,jquants,2026-05-13
5401,NIPPON STEEL CORPORATION,eps,FY2027,consensus,54.6,jpy,yfinance,2026-08-27
5401,NIPPON STEEL CORPORATION,net_profit,FY2027,company,220000000000.0,jpy_abs,jquants,2026-05-13
5401,NIPPON STEEL CORPORATION,net_profit,FY2027,company_h1,90000000000.0,jpy_abs,jquants,2026-05-13
5401,NIPPON STEEL CORPORATION,net_sales,FY2027,company,11000000000000.0,jpy_abs,jquants,2026-05-13
5401,NIPPON STEEL CORPORATION,net_sales,FY2027,company_h1,5400000000000.0,jpy_abs,jquants,2026-05-13
5401,NIPPON STEEL CORPORATION,net_sales,FY2027,consensus,11799052500000.0,jpy_abs,yfinance,2026-08-27
5401,NIPPON STEEL CORPORATION,ordinary_profit,FY2027,company,120000000000.0,jpy_abs,jquants,2026-05-13
5401,NIPPON STEEL CORPORATION,eps,FY2028,consensus,70.73617,jpy,yfinance,2026-08-27
5401,NIPPON STEEL CORPORATION,net_sales,FY2028,consensus,12036599092220.0,jpy_abs,yfinance,2026-08-27
5406,"Kobe Steel,Ltd.",dps,FY2026,actual,80.0,jpy,jquants,2026-05-11
5406,"Kobe Steel,Ltd.",eps,FY2026,actual,237.8,jpy,jquants,2026-05-11
5406,"Kobe Steel,Ltd.",net_profit,FY2026,actual,93717000000.0,jpy_abs,jquants,2026-05-11
5406,"Kobe Steel,Ltd.",net_sales,FY2026,actual,2436581000000.0,jpy_abs,jquants,2026-05-11
5406,"Kobe Steel,Ltd.",operating_profit,FY2026,actual,129883000000.0,jpy_abs,jquants,2026-05-11
5406,"Kobe Steel,Ltd.",ordinary_profit,FY2026,actual,121336000000.0,jpy_abs,jquants,2026-05-11
5406,"Kobe Steel,Ltd.",dps,FY2027,company,80.0,jpy,jquants,2026-05-11
5406,"Kobe Steel,Ltd.",eps,FY2027,company,251.8,jpy,jquants,2026-05-11
5406,"Kobe Steel,Ltd.",eps,FY2027,company_h1,88.4,jpy,jquants,2026-05-11
5406,"Kobe Steel,Ltd.",eps,FY2027,consensus,233.91167,jpy,yfinance,2026-08-27
5406,"Kobe Steel,Ltd.",net_profit,FY2027,company,100000000000.0,jpy_abs,jquants,2026-05-11
5406,"Kobe Steel,Ltd.",net_profit,FY2027,company_h1,35000000000.0,jpy_abs,jquants,2026-05-11
5406,"Kobe Steel,Ltd.",net_sales,FY2027,company,2560000000000.0,jpy_abs,jquants,2026-05-11
5406,"Kobe Steel,Ltd.",net_sales,FY2027,company_h1,1240000000000.0,jpy_abs,jquants,2026-05-11
5406,"Kobe Steel,Ltd.",net_sales,FY2027,consensus,2556960888570.0,jpy_abs,yfinance,2026-08-27
5406,"Kobe Steel,Ltd.",operating_profit,FY2027,company,150000000000.0,jpy_abs,jquants,2026-05-11
5406,"Kobe Steel,Ltd.",operating_profit,FY2027,company_h1,60000000000.0,jpy_abs,jquants,2026-05-11
5406,"Kobe Steel,Ltd.",ordinary_profit,FY2027,company,120000000000.0,jpy_abs,jquants,2026-05-11
5406,"Kobe Steel,Ltd.",ordinary_profit,FY2027,company_h1,45000000000.0,jpy_abs,jquants,2026-05-11
5406,"Kobe Steel,Ltd.",eps,FY2028,consensus,235.0232,jpy,yfinance,2026-08-27
5406,"Kobe Steel,Ltd.",net_sales,FY2028,consensus,2596359220000.0,jpy_abs,yfinance,2026-08-27
5411,"JFE Holdings,Inc.",dps,FY2026,actual,80.0,jpy,jquants,2026-05-08
5411,"JFE Holdings,Inc.",eps,FY2026,actual,110.3,jpy,jquants,2026-05-08
5411,"JFE Holdings,Inc.",net_profit,FY2026,actual,70165000000.0,jpy_abs,jquants,2026-05-08
5411,"JFE Holdings,Inc.",net_sales,FY2026,actual,4539270000000.0,jpy_abs,jquants,2026-05-08
5411,"JFE Holdings,Inc.",operating_profit,FY2026,actual,112203000000.0,jpy_abs,jquants,2026-05-08
5411,"JFE Holdings,Inc.",dps,FY2027,company,80.0,jpy,jquants,2026-05-08
5411,"JFE Holdings,Inc.",eps,FY2027,company,235.8,jpy,jquants,2026-05-08
5411,"JFE Holdings,Inc.",eps,FY2027,consensus,201.74097,jpy,yfinance,2026-08-27
5411,"JFE Holdings,Inc.",net_profit,FY2027,company,150000000000.0,jpy_abs,jquants,2026-05-08
5411,"JFE Holdings,Inc.",net_sales,FY2027,company,4800000000000.0,jpy_abs,jquants,2026-05-08
5411,"JFE Holdings,Inc.",net_sales,FY2027,consensus,4875788331340.0,jpy_abs,yfinance,2026-08-27
5411,"JFE Holdings,Inc.",eps,FY2028,consensus,211.52567,jpy,yfinance,2026-08-27
5411,"JFE Holdings,Inc.",net_sales,FY2028,consensus,4911736127600.0,jpy_abs,yfinance,2026-08-27
5471,"Daido Steel Co.,Ltd.",dps,FY2026,actual,49.0,jpy,jquants,2026-05-15
5471,"Daido Steel Co.,Ltd.",eps,FY2026,actual,161.74,jpy,jquants,2026-05-15
5471,"Daido Steel Co.,Ltd.",net_profit,FY2026,actual,32605000000.0,jpy_abs,jquants,2026-05-15
5471,"Daido Steel Co.,Ltd.",net_sales,FY2026,actual,578129000000.0,jpy_abs,jquants,2026-05-15
5471,"Daido Steel Co.,Ltd.",operating_profit,FY2026,actual,42081000000.0,jpy_abs,jquants,2026-05-15
5471,"Daido Steel Co.,Ltd.",ordinary_profit,FY2026,actual,29740000000.0,jpy_abs,jquants,2026-05-15
5471,"Daido Steel Co.,Ltd.",dps,FY2027,company,52.0,jpy,jquants,2026-05-15
5471,"Daido Steel Co.,Ltd.",eps,FY2027,company,137.6,jpy,jquants,2026-05-15
5471,"Daido Steel Co.,Ltd.",eps,FY2027,company_h1,70.05,jpy,jquants,2026-05-15
5471,"Daido Steel Co.,Ltd.",eps,FY2027,consensus,163.8,jpy,yfinance,2026-08-27
5471,"Daido Steel Co.,Ltd.",net_profit,FY2027,company,27500000000.0,jpy_abs,jquants,2026-05-15
5471,"Daido Steel Co.,Ltd.",net_profit,FY2027,company_h1,14000000000.0,jpy_abs,jquants,2026-05-15
5471,"Daido Steel Co.,Ltd.",net_sales,FY2027,company,630000000000.0,jpy_abs,jquants,2026-05-15
5471,"Daido Steel Co.,Ltd.",net_sales,FY2027,company_h1,305000000000.0,jpy_abs,jquants,2026-05-15
5471,"Daido Steel Co.,Ltd.",net_sales,FY2027,consensus,632225000000.0,jpy_abs,yfinance,2026-08-27
5471,"Daido Steel Co.,Ltd.",operating_profit,FY2027,company,40000000000.0,jpy_abs,jquants,2026-05-15
5471,"Daido Steel Co.,Ltd.",operating_profit,FY2027,company_h1,21000000000.0,jpy_abs,jquants,2026-05-15
5471,"Daido Steel Co.,Ltd.",eps,FY2028,consensus,182.975,jpy,yfinance,2026-08-27
5471,"Daido Steel Co.,Ltd.",net_sales,FY2028,consensus,650750000000.0,jpy_abs,yfinance,2026-08-27
547A,Muninova Holdings Inc.,dps,FY2027,company,20.0,jpy,jquants,2026-05-15
547A,Muninova Holdings Inc.,eps,FY2027,company,66.81,jpy,jquants,2026-05-15
547A,Muninova Holdings Inc.,net_profit,FY2027,company,32000000000.0,jpy_abs,jquants,2026-05-15
547A,Muninova Holdings Inc.,net_sales,FY2027,company,238600000000.0,jpy_abs,jquants,2026-05-15
547A,Muninova Holdings Inc.,operating_profit,FY2027,company,41300000000.0,jpy_abs,jquants,2026-05-15
547A,Muninova Holdings Inc.,eps,FY2028,consensus,68.41415,jpy,yfinance,2026-08-27
547A,Muninova Holdings Inc.,net_sales,FY2028,consensus,234711459460.0,jpy_abs,yfinance,2026-08-27
547A,Muninova Holdings Inc.,eps,FY2029,consensus,71.77811,jpy,yfinance,2026-08-27
547A,Muninova Holdings Inc.,net_sales,FY2029,consensus,253688454350.0,jpy_abs,yfinance,2026-08-27
5706,"Mitsui Kinzoku Company,Limited",dps,FY2026,actual,245.0,jpy,jquants,2026-05-13
5706,"Mitsui Kinzoku Company,Limited",eps,FY2026,actual,1595.45,jpy,jquants,2026-05-13
5706,"Mitsui Kinzoku Company,Limited",net_profit,FY2026,actual,91263000000.0,jpy_abs,jquants,2026-05-13
5706,"Mitsui Kinzoku Company,Limited",net_sales,FY2026,actual,758532000000.0,jpy_abs,jquants,2026-05-13
5706,"Mitsui Kinzoku Company,Limited",operating_profit,FY2026,actual,130912000000.0,jpy_abs,jquants,2026-05-13
5706,"Mitsui Kinzoku Company,Limited",ordinary_profit,FY2026,actual,136736000000.0,jpy_abs,jquants,2026-05-13
5706,"Mitsui Kinzoku Company,Limited",dps,FY2027,company,280.0,jpy,jquants,2026-05-13
5706,"Mitsui Kinzoku Company,Limited",eps,FY2027,company,1311.14,jpy,jquants,2026-05-13
5706,"Mitsui Kinzoku Company,Limited",eps,FY2027,company_h1,646.83,jpy,jquants,2026-05-13
5706,"Mitsui Kinzoku Company,Limited",eps,FY2027,consensus,1533.4962,jpy,yfinance,2026-08-27
5706,"Mitsui Kinzoku Company,Limited",net_profit,FY2027,company,75000000000.0,jpy_abs,jquants,2026-05-13
5706,"Mitsui Kinzoku Company,Limited",net_profit,FY2027,company_h1,37000000000.0,jpy_abs,jquants,2026-05-13
5706,"Mitsui Kinzoku Company,Limited",net_sales,FY2027,company,830000000000.0,jpy_abs,jquants,2026-05-13
5706,"Mitsui Kinzoku Company,Limited",net_sales,FY2027,company_h1,410000000000.0,jpy_abs,jquants,2026-05-13
5706,"Mitsui Kinzoku Company,Limited",net_sales,FY2027,consensus,840887031110.0,jpy_abs,yfinance,2026-08-27
5706,"Mitsui Kinzoku Company,Limited",operating_profit,FY2027,company,91000000000.0,jpy_abs,jquants,2026-05-13
5706,"Mitsui Kinzoku Company,Limited",operating_profit,FY2027,company_h1,49000000000.0,jpy_abs,jquants,2026-05-13
5706,"Mitsui Kinzoku Company,Limited",ordinary_profit,FY2027,company,93000000000.0,jpy_abs,jquants,2026-05-13
5706,"Mitsui Kinzoku Company,Limited",ordinary_profit,FY2027,company_h1,50000000000.0,jpy_abs,jquants,2026-05-13
5706,"Mitsui Kinzoku Company,Limited",eps,FY2028,consensus,1797.2478,jpy,yfinance,2026-08-27
5706,"Mitsui Kinzoku Company,Limited",net_sales,FY2028,consensus,887139792000.0,jpy_abs,yfinance,2026-08-27
5713,"Sumitomo Metal Mining Co.,Ltd.",dps,FY2026,actual,228.0,jpy,jquants,2026-05-11
5713,"Sumitomo Metal Mining Co.,Ltd.",eps,FY2026,actual,649.55,jpy,jquants,2026-05-11
5713,"Sumitomo Metal Mining Co.,Ltd.",net_profit,FY2026,actual,176290000000.0,jpy_abs,jquants,2026-05-11
5713,"Sumitomo Metal Mining Co.,Ltd.",net_sales,FY2026,actual,1741586000000.0,jpy_abs,jquants,2026-05-11
5713,"Sumitomo Metal Mining Co.,Ltd.",ordinary_profit,FY2026,actual,299800000000.0,jpy_abs,jquants,2026-05-11
5713,"Sumitomo Metal Mining Co.,Ltd.",dps,FY2027,company,207.0,jpy,jquants,2026-05-11
5713,"Sumitomo Metal Mining Co.,Ltd.",eps,FY2027,company,518.08,jpy,jquants,2026-05-11
5713,"Sumitomo Metal Mining Co.,Ltd.",eps,FY2027,consensus,858.3348,jpy,yfinance,2026-08-27
5713,"Sumitomo Metal Mining Co.,Ltd.",net_profit,FY2027,company,139000000000.0,jpy_abs,jquants,2026-05-11
5713,"Sumitomo Metal Mining Co.,Ltd.",net_sales,FY2027,company,1883000000000.0,jpy_abs,jquants,2026-05-11
5713,"Sumitomo Metal Mining Co.,Ltd.",net_sales,FY2027,consensus,2075382835500.0,jpy_abs,yfinance,2026-08-27
5713,"Sumitomo Metal Mining Co.,Ltd.",eps,FY2028,consensus,844.8657,jpy,yfinance,2026-08-27
5713,"Sumitomo Metal Mining Co.,Ltd.",net_sales,FY2028,consensus,2086820342000.0,jpy_abs,yfinance,2026-08-27
5714,"DOWA HOLDINGS CO.,LTD.",dps,FY2026,actual,368.0,jpy,jquants,2026-05-14
5714,"DOWA HOLDINGS CO.,LTD.",eps,FY2026,actual,1049.83,jpy,jquants,2026-05-14
5714,"DOWA HOLDINGS CO.,LTD.",net_profit,FY2026,actual,62458000000.0,jpy_abs,jquants,2026-05-14
5714,"DOWA HOLDINGS CO.,LTD.",net_sales,FY2026,actual,745410000000.0,jpy_abs,jquants,2026-05-14
5714,"DOWA HOLDINGS CO.,LTD.",operating_profit,FY2026,actual,34192000000.0,jpy_abs,jquants,2026-05-14
5714,"DOWA HOLDINGS CO.,LTD.",ordinary_profit,FY2026,actual,54325000000.0,jpy_abs,jquants,2026-05-14
5714,"DOWA HOLDINGS CO.,LTD.",dps,FY2027,company,338.0,jpy,jquants,2026-05-14
5714,"DOWA HOLDINGS CO.,LTD.",eps,FY2027,company,963.68,jpy,jquants,2026-05-14
5714,"DOWA HOLDINGS CO.,LTD.",eps,FY2027,company_h1,449.72,jpy,jquants,2026-05-14
5714,"DOWA HOLDINGS CO.,LTD.",eps,FY2027,consensus,1010.3065,jpy,yfinance,2026-08-27
5714,"DOWA HOLDINGS CO.,LTD.",net_profit,FY2027,company,57000000000.0,jpy_abs,jquants,2026-05-14
5714,"DOWA HOLDINGS CO.,LTD.",net_profit,FY2027,company_h1,26600000000.0,jpy_abs,jquants,2026-05-14
5714,"DOWA HOLDINGS CO.,LTD.",net_sales,FY2027,company,941000000000.0,jpy_abs,jquants,2026-05-14
5714,"DOWA HOLDINGS CO.,LTD.",net_sales,FY2027,company_h1,449400000000.0,jpy_abs,jquants,2026-05-14
5714,"DOWA HOLDINGS CO.,LTD.",net_sales,FY2027,consensus,942930506510.0,jpy_abs,yfinance,2026-08-27
5714,"DOWA HOLDINGS CO.,LTD.",operating_profit,FY2027,company,53000000000.0,jpy_abs,jquants,2026-05-14
5714,"DOWA HOLDINGS CO.,LTD.",operating_profit,FY2027,company_h1,23700000000.0,jpy_abs,jquants,2026-05-14
5714,"DOWA HOLDINGS CO.,LTD.",ordinary_profit,FY2027,company,80000000000.0,jpy_abs,jquants,2026-05-14
5714,"DOWA HOLDINGS CO.,LTD.",ordinary_profit,FY2027,company_h1,37100000000.0,jpy_abs,jquants,2026-05-14
5714,"DOWA HOLDINGS CO.,LTD.",eps,FY2028,consensus,1013.5284,jpy,yfinance,2026-08-27
5714,"DOWA HOLDINGS CO.,LTD.",net_sales,FY2028,consensus,953263508170.0,jpy_abs,yfinance,2026-08-27
5741,UACJ Corporation,dps,FY2026,actual,9959000000.0,jpy,jquants,2026-05-14
5741,UACJ Corporation,eps,FY2026,actual,214.75,jpy,jquants,2026-05-14
5741,UACJ Corporation,net_profit,FY2026,actual,38882000000.0,jpy_abs,jquants,2026-05-14
5741,UACJ Corporation,net_sales,FY2026,actual,1181716000000.0,jpy_abs,jquants,2026-05-14
5741,UACJ Corporation,operating_profit,FY2026,actual,76863000000.0,jpy_abs,jquants,2026-05-14
5741,UACJ Corporation,ordinary_profit,FY2026,actual,10546000000.0,jpy_abs,jquants,2026-05-14
5741,UACJ Corporation,dps,FY2027,company,58.0,jpy,jquants,2026-05-14
5741,UACJ Corporation,eps,FY2027,company,154.64,jpy,jquants,2026-05-14
5741,UACJ Corporation,eps,FY2027,consensus,239.28992,jpy,yfinance,2026-08-27
5741,UACJ Corporation,net_profit,FY2027,company,28000000000.0,jpy_abs,jquants,2026-05-14
5741,UACJ Corporation,net_sales,FY2027,company,1300000000000.0,jpy_abs,jquants,2026-05-14
5741,UACJ Corporation,net_sales,FY2027,consensus,1367413166360.0,jpy_abs,yfinance,2026-08-27
5741,UACJ Corporation,operating_profit,FY2027,company,64000000000.0,jpy_abs,jquants,2026-05-14
5741,UACJ Corporation,eps,FY2028,consensus,232.0731,jpy,yfinance,2026-08-27
5741,UACJ Corporation,net_sales,FY2028,consensus,1378553604390.0,jpy_abs,yfinance,2026-08-27
5801,"Furukawa Electric Co.,Ltd.",dps,FY2026,actual,210.0,jpy,jquants,2026-05-12
5801,"Furukawa Electric Co.,Ltd.",eps,FY2026,actual,1030.17,jpy,jquants,2026-05-12
5801,"Furukawa Electric Co.,Ltd.",net_profit,FY2026,actual,72514000000.0,jpy_abs,jquants,2026-05-12
5801,"Furukawa Electric Co.,Ltd.",net_sales,FY2026,actual,1307560000000.0,jpy_abs,jquants,2026-05-12
5801,"Furukawa Electric Co.,Ltd.",operating_profit,FY2026,actual,63856000000.0,jpy_abs,jquants,2026-05-12
5801,"Furukawa Electric Co.,Ltd.",ordinary_profit,FY2026,actual,75858000000.0,jpy_abs,jquants,2026-05-12
5801,"Furukawa Electric Co.,Ltd.",dps,FY2027,company,22.0,jpy,jquants,2026-05-12
5801,"Furukawa Electric Co.,Ltd.",eps,FY2027,company,116.56,jpy,jquants,2026-05-12
5801,"Furukawa Electric Co.,Ltd.",eps,FY2027,company_h1,35.54,jpy,jquants,2026-05-12
5801,"Furukawa Electric Co.,Ltd.",eps,FY2027,consensus,154.792,jpy,yfinance,2026-08-27
5801,"Furukawa Electric Co.,Ltd.",net_profit,FY2027,company,82000000000.0,jpy_abs,jquants,2026-05-12
5801,"Furukawa Electric Co.,Ltd.",net_profit,FY2027,company_h1,25000000000.0,jpy_abs,jquants,2026-05-12
5801,"Furukawa Electric Co.,Ltd.",net_sales,FY2027,company,1460000000000.0,jpy_abs,jquants,2026-05-12
5801,"Furukawa Electric Co.,Ltd.",net_sales,FY2027,company_h1,700000000000.0,jpy_abs,jquants,2026-05-12
5801,"Furukawa Electric Co.,Ltd.",net_sales,FY2027,consensus,1504148625000.0,jpy_abs,yfinance,2026-08-27
5801,"Furukawa Electric Co.,Ltd.",operating_profit,FY2027,company,95000000000.0,jpy_abs,jquants,2026-05-12
5801,"Furukawa Electric Co.,Ltd.",operating_profit,FY2027,company_h1,35000000000.0,jpy_abs,jquants,2026-05-12
5801,"Furukawa Electric Co.,Ltd.",ordinary_profit,FY2027,company,100000000000.0,jpy_abs,jquants,2026-05-12
5801,"Furukawa Electric Co.,Ltd.",ordinary_profit,FY2027,company_h1,37000000000.0,jpy_abs,jquants,2026-05-12
5801,"Furukawa Electric Co.,Ltd.",eps,FY2028,consensus,201.875,jpy,yfinance,2026-08-27
5801,"Furukawa Electric Co.,Ltd.",net_sales,FY2028,consensus,1719889500000.0,jpy_abs,yfinance,2026-08-27
5802,"Sumitomo Electric Industries,Ltd.",dps,FY2026,actual,154.0,jpy,jquants,2026-05-12
5802,"Sumitomo Electric Industries,Ltd.",eps,FY2026,actual,473.78,jpy,jquants,2026-05-12
5802,"Sumitomo Electric Industries,Ltd.",net_profit,FY2026,actual,369508000000.0,jpy_abs,jquants,2026-05-12
5802,"Sumitomo Electric Industries,Ltd.",net_sales,FY2026,actual,5110171000000.0,jpy_abs,jquants,2026-05-12
5802,"Sumitomo Electric Industries,Ltd.",operating_profit,FY2026,actual,418173000000.0,jpy_abs,jquants,2026-05-12
5802,"Sumitomo Electric Industries,Ltd.",ordinary_profit,FY2026,actual,431274000000.0,jpy_abs,jquants,2026-05-12
5802,"Sumitomo Electric Industries,Ltd.",dps,FY2027,company,39.0,jpy,jquants,2026-05-12
5802,"Sumitomo Electric Industries,Ltd.",eps,FY2027,company,102.57,jpy,jquants,2026-05-12
5802,"Sumitomo Electric Industries,Ltd.",eps,FY2027,company_h1,35.26,jpy,jquants,2026-05-12
5802,"Sumitomo Electric Industries,Ltd.",eps,FY2027,consensus,116.21291,jpy,yfinance,2026-08-27
5802,"Sumitomo Electric Industries,Ltd.",net_profit,FY2027,company,320000000000.0,jpy_abs,jquants,2026-05-12
5802,"Sumitomo Electric Industries,Ltd.",net_profit,FY2027,company_h1,110000000000.0,jpy_abs,jquants,2026-05-12
5802,"Sumitomo Electric Industries,Ltd.",net_sales,FY2027,company,5300000000000.0,jpy_abs,jquants,2026-05-12
5802,"Sumitomo Electric Industries,Ltd.",net_sales,FY2027,company_h1,2540000000000.0,jpy_abs,jquants,2026-05-12
5802,"Sumitomo Electric Industries,Ltd.",net_sales,FY2027,consensus,5500536846700.0,jpy_abs,yfinance,2026-08-27
5802,"Sumitomo Electric Industries,Ltd.",operating_profit,FY2027,company,425000000000.0,jpy_abs,jquants,2026-05-12
5802,"Sumitomo Electric Industries,Ltd.",operating_profit,FY2027,company_h1,167000000000.0,jpy_abs,jquants,2026-05-12
5802,"Sumitomo Electric Industries,Ltd.",ordinary_profit,FY2027,company,432000000000.0,jpy_abs,jquants,2026-05-12
5802,"Sumitomo Electric Industries,Ltd.",ordinary_profit,FY2027,company_h1,169000000000.0,jpy_abs,jquants,2026-05-12
5802,"Sumitomo Electric Industries,Ltd.",eps,FY2028,consensus,138.40775,jpy,yfinance,2026-08-27
5802,"Sumitomo Electric Industries,Ltd.",net_sales,FY2028,consensus,5788752598220.0,jpy_abs,yfinance,2026-08-27
5803,Fujikura Ltd.,dps,FY2026,actual,225.0,jpy,jquants,2026-05-14
5803,Fujikura Ltd.,eps,FY2026,actual,94.93,jpy,jquants,2026-05-14
5803,Fujikura Ltd.,net_profit,FY2026,actual,157163000000.0,jpy_abs,jquants,2026-05-14
5803,Fujikura Ltd.,net_sales,FY2026,actual,1182358000000.0,jpy_abs,jquants,2026-05-14
5803,Fujikura Ltd.,operating_profit,FY2026,actual,188707000000.0,jpy_abs,jquants,2026-05-14
5803,Fujikura Ltd.,ordinary_profit,FY2026,actual,199481000000.0,jpy_abs,jquants,2026-05-14
5803,Fujikura Ltd.,dps,FY2027,company,38.0,jpy,jquants,2026-05-14
5803,Fujikura Ltd.,eps,FY2027,company,94.22,jpy,jquants,2026-05-14
5803,Fujikura Ltd.,eps,FY2027,company_h1,40.47,jpy,jquants,2026-05-14
5803,Fujikura Ltd.,eps,FY2027,consensus,177.43895,jpy,yfinance,2026-08-27
5803,Fujikura Ltd.,net_profit,FY2027,company,156000000000.0,jpy_abs,jquants,2026-05-14
5803,Fujikura Ltd.,net_profit,FY2027,company_h1,67000000000.0,jpy_abs,jquants,2026-05-14
5803,Fujikura Ltd.,net_sales,FY2027,company,1243000000000.0,jpy_abs,jquants,2026-05-14
5803,Fujikura Ltd.,net_sales,FY2027,company_h1,594000000000.0,jpy_abs,jquants,2026-05-14
5803,Fujikura Ltd.,net_sales,FY2027,consensus,1627063374440.0,jpy_abs,yfinance,2026-08-27
5803,Fujikura Ltd.,operating_profit,FY2027,company,211000000000.0,jpy_abs,jquants,2026-05-14
5803,Fujikura Ltd.,operating_profit,FY2027,company_h1,92000000000.0,jpy_abs,jquants,2026-05-14
5803,Fujikura Ltd.,ordinary_profit,FY2027,company,218000000000.0,jpy_abs,jquants,2026-05-14
5803,Fujikura Ltd.,ordinary_profit,FY2027,company_h1,95000000000.0,jpy_abs,jquants,2026-05-14
5803,Fujikura Ltd.,eps,FY2028,consensus,210.947,jpy,yfinance,2026-08-27
5803,Fujikura Ltd.,net_sales,FY2028,consensus,1832046445480.0,jpy_abs,yfinance,2026-08-27
5805,SWCC Corporation,dps,FY2026,actual,223.0,jpy,jquants,2026-05-14
5805,SWCC Corporation,eps,FY2026,actual,636.48,jpy,jquants,2026-05-14
5805,SWCC Corporation,net_profit,FY2026,actual,18840000000.0,jpy_abs,jquants,2026-05-14
5805,SWCC Corporation,net_sales,FY2026,actual,277736000000.0,jpy_abs,jquants,2026-05-14
5805,SWCC Corporation,operating_profit,FY2026,actual,27320000000.0,jpy_abs,jquants,2026-05-14
5805,SWCC Corporation,ordinary_profit,FY2026,actual,26130000000.0,jpy_abs,jquants,2026-05-14
5805,SWCC Corporation,dps,FY2027,company,250.0,jpy,jquants,2026-05-14
5805,SWCC Corporation,eps,FY2027,company,624.66,jpy,jquants,2026-05-14
5805,SWCC Corporation,eps,FY2027,consensus,756.585,jpy,yfinance,2026-08-27
5805,SWCC Corporation,net_profit,FY2027,company,18500000000.0,jpy_abs,jquants,2026-05-14
5805,SWCC Corporation,net_sales,FY2027,company,325000000000.0,jpy_abs,jquants,2026-05-14
5805,SWCC Corporation,net_sales,FY2027,consensus,334300000000.0,jpy_abs,yfinance,2026-08-27
5805,SWCC Corporation,operating_profit,FY2027,company,28500000000.0,jpy_abs,jquants,2026-05-14
5805,SWCC Corporation,ordinary_profit,FY2027,company,27900000000.0,jpy_abs,jquants,2026-05-14
5805,SWCC Corporation,eps,FY2028,consensus,843.6232,jpy,yfinance,2026-08-27
5805,SWCC Corporation,net_sales,FY2028,consensus,350069964000.0,jpy_abs,yfinance,2026-08-27
5838,"Rakuten Bank,Ltd.",dps,FY2026,actual,0.0,jpy,jquants,2026-05-12
5838,"Rakuten Bank,Ltd.",eps,FY2026,actual,418.76,jpy,jquants,2026-05-12
5838,"Rakuten Bank,Ltd.",net_profit,FY2026,actual,73072000000.0,jpy_abs,jquants,2026-05-12
5838,"Rakuten Bank,Ltd.",net_sales,FY2026,actual,255579000000.0,jpy_abs,jquants,2026-05-12
5838,"Rakuten Bank,Ltd.",ordinary_profit,FY2026,actual,103091000000.0,jpy_abs,jquants,2026-05-12
5838,"Rakuten Bank,Ltd.",dps,FY2027,company,0.0,jpy,jquants,2026-05-12
5838,"Rakuten Bank,Ltd.",eps,FY2027,company,466.04,jpy,jquants,2026-05-12
5838,"Rakuten Bank,Ltd.",eps,FY2027,consensus,463.726,jpy,yfinance,2026-08-27
5838,"Rakuten Bank,Ltd.",net_profit,FY2027,company,81325000000.0,jpy_abs,jquants,2026-05-12
5838,"Rakuten Bank,Ltd.",net_sales,FY2027,company,314669000000.0,jpy_abs,jquants,2026-05-12
5838,"Rakuten Bank,Ltd.",net_sales,FY2027,consensus,186500000000000.0,jpy_abs,yfinance,2026-08-27
5838,"Rakuten Bank,Ltd.",ordinary_profit,FY2027,company,115622000000.0,jpy_abs,jquants,2026-05-12
5838,"Rakuten Bank,Ltd.",eps,FY2028,consensus,529.65125,jpy,yfinance,2026-08-27
5838,"Rakuten Bank,Ltd.",net_sales,FY2028,consensus,201000000000000.0,jpy_abs,yfinance,2026-08-27
5857,"ARE Holdings,Inc.",dps,FY2026,actual,125.0,jpy,jquants,2026-05-01
5857,"ARE Holdings,Inc.",eps,FY2026,actual,315.49,jpy,jquants,2026-05-01
5857,"ARE Holdings,Inc.",net_profit,FY2026,actual,24441000000.0,jpy_abs,jquants,2026-05-01
5857,"ARE Holdings,Inc.",net_sales,FY2026,actual,569992000000.0,jpy_abs,jquants,2026-05-01
5857,"ARE Holdings,Inc.",operating_profit,FY2026,actual,37088000000.0,jpy_abs,jquants,2026-05-01
5857,"ARE Holdings,Inc.",ordinary_profit,FY2026,actual,13197000000.0,jpy_abs,jquants,2026-05-01
5857,"ARE Holdings,Inc.",dps,FY2027,company,135.0,jpy,jquants,2026-05-01
5857,"ARE Holdings,Inc.",eps,FY2027,company,337.43,jpy,jquants,2026-05-01
5857,"ARE Holdings,Inc.",eps,FY2027,company_h1,162.9,jpy,jquants,2026-05-01
5857,"ARE Holdings,Inc.",eps,FY2027,consensus,371.23334,jpy,yfinance,2026-08-27
5857,"ARE Holdings,Inc.",net_profit,FY2027,company,29000000000.0,jpy_abs,jquants,2026-05-01
5857,"ARE Holdings,Inc.",net_profit,FY2027,company_h1,14000000000.0,jpy_abs,jquants,2026-05-01
5857,"ARE Holdings,Inc.",net_sales,FY2027,company,680000000000.0,jpy_abs,jquants,2026-05-01
5857,"ARE Holdings,Inc.",net_sales,FY2027,company_h1,330000000000.0,jpy_abs,jquants,2026-05-01
5857,"ARE Holdings,Inc.",net_sales,FY2027,consensus,744333333330.0,jpy_abs,yfinance,2026-08-27
5857,"ARE Holdings,Inc.",operating_profit,FY2027,company,41000000000.0,jpy_abs,jquants,2026-05-01
5857,"ARE Holdings,Inc.",operating_profit,FY2027,company_h1,20000000000.0,jpy_abs,jquants,2026-05-01
5857,"ARE Holdings,Inc.",eps,FY2028,consensus,385.13333,jpy,yfinance,2026-08-27
5857,"ARE Holdings,Inc.",net_sales,FY2028,consensus,788100000000.0,jpy_abs,yfinance,2026-08-27
5929,Sanwa Holdings Corporation,dps,FY2026,actual,130.0,jpy,jquants,2026-05-14
5929,Sanwa Holdings Corporation,eps,FY2026,actual,281.61,jpy,jquants,2026-05-14
5929,Sanwa Holdings Corporation,net_profit,FY2026,actual,59776000000.0,jpy_abs,jquants,2026-05-14
5929,Sanwa Holdings Corporation,net_sales,FY2026,actual,660712000000.0,jpy_abs,jquants,2026-05-14
5929,Sanwa Holdings Corporation,operating_profit,FY2026,actual,79095000000.0,jpy_abs,jquants,2026-05-14
5929,Sanwa Holdings Corporation,ordinary_profit,FY2026,actual,80647000000.0,jpy_abs,jquants,2026-05-14
5929,Sanwa Holdings Corporation,dps,FY2027,company,146.0,jpy,jquants,2026-05-14
5929,Sanwa Holdings Corporation,eps,FY2027,company,288.08,jpy,jquants,2026-05-14
5929,Sanwa Holdings Corporation,eps,FY2027,company_h1,109.6,jpy,jquants,2026-05-14
5929,Sanwa Holdings Corporation,eps,FY2027,consensus,282.77142,jpy,yfinance,2026-08-27
5929,Sanwa Holdings Corporation,net_profit,FY2027,company,60000000000.0,jpy_abs,jquants,2026-05-14
5929,Sanwa Holdings Corporation,net_profit,FY2027,company_h1,22900000000.0,jpy_abs,jquants,2026-05-14
5929,Sanwa Holdings Corporation,net_sales,FY2027,company,677000000000.0,jpy_abs,jquants,2026-05-14
5929,Sanwa Holdings Corporation,net_sales,FY2027,company_h1,313500000000.0,jpy_abs,jquants,2026-05-14
5929,Sanwa Holdings Corporation,net_sales,FY2027,consensus,682285714290.0,jpy_abs,yfinance,2026-08-27
5929,Sanwa Holdings Corporation,operating_profit,FY2027,company,81000000000.0,jpy_abs,jquants,2026-05-14
5929,Sanwa Holdings Corporation,operating_profit,FY2027,company_h1,30200000000.0,jpy_abs,jquants,2026-05-14
5929,Sanwa Holdings Corporation,ordinary_profit,FY2027,company,82500000000.0,jpy_abs,jquants,2026-05-14
5929,Sanwa Holdings Corporation,ordinary_profit,FY2027,company_h1,31100000000.0,jpy_abs,jquants,2026-05-14
5929,Sanwa Holdings Corporation,eps,FY2028,consensus,301.03668,jpy,yfinance,2026-08-27
5929,Sanwa Holdings Corporation,net_sales,FY2028,consensus,705750000000.0,jpy_abs,yfinance,2026-08-27
5947,RINNAI CORPORATION,dps,FY2026,actual,100.0,jpy,jquants,2026-05-12
5947,RINNAI CORPORATION,eps,FY2026,actual,259.96,jpy,jquants,2026-05-12
5947,RINNAI CORPORATION,net_profit,FY2026,actual,36160000000.0,jpy_abs,jquants,2026-05-12
5947,RINNAI CORPORATION,net_sales,FY2026,actual,470392000000.0,jpy_abs,jquants,2026-05-12
5947,RINNAI CORPORATION,operating_profit,FY2026,actual,50531000000.0,jpy_abs,jquants,2026-05-12
5947,RINNAI CORPORATION,ordinary_profit,FY2026,actual,57686000000.0,jpy_abs,jquants,2026-05-12
5947,RINNAI CORPORATION,dps,FY2027,company,106.0,jpy,jquants,2026-05-12
5947,RINNAI CORPORATION,eps,FY2027,company,262.91,jpy,jquants,2026-05-12
5947,RINNAI CORPORATION,eps,FY2027,company_h1,94.15,jpy,jquants,2026-05-12
5947,RINNAI CORPORATION,eps,FY2027,consensus,260.05624,jpy,yfinance,2026-08-27
5947,RINNAI CORPORATION,net_profit,FY2027,company,36300000000.0,jpy_abs,jquants,2026-05-12
5947,RINNAI CORPORATION,net_profit,FY2027,company_h1,13000000000.0,jpy_abs,jquants,2026-05-12
5947,RINNAI CORPORATION,net_sales,FY2027,company,500000000000.0,jpy_abs,jquants,2026-05-12
5947,RINNAI CORPORATION,net_sales,FY2027,company_h1,231000000000.0,jpy_abs,jquants,2026-05-12
5947,RINNAI CORPORATION,net_sales,FY2027,consensus,503787500000.0,jpy_abs,yfinance,2026-08-27
5947,RINNAI CORPORATION,operating_profit,FY2027,company,50500000000.0,jpy_abs,jquants,2026-05-12
5947,RINNAI CORPORATION,operating_profit,FY2027,company_h1,19600000000.0,jpy_abs,jquants,2026-05-12
5947,RINNAI CORPORATION,ordinary_profit,FY2027,company,54100000000.0,jpy_abs,jquants,2026-05-12
5947,RINNAI CORPORATION,ordinary_profit,FY2027,company_h1,21400000000.0,jpy_abs,jquants,2026-05-12
5947,RINNAI CORPORATION,eps,FY2028,consensus,272.42715,jpy,yfinance,2026-08-27
5947,RINNAI CORPORATION,net_sales,FY2028,consensus,521542857140.0,jpy_abs,yfinance,2026-08-27
5991,"NHK SPRING CO.,LTD.",dps,FY2026,actual,66.0,jpy,jquants,2026-05-25
5991,"NHK SPRING CO.,LTD.",eps,FY2026,actual,137.46,jpy,jquants,2026-05-25
5991,"NHK SPRING CO.,LTD.",net_profit,FY2026,actual,27862000000.0,jpy_abs,jquants,2026-05-25
5991,"NHK SPRING CO.,LTD.",net_sales,FY2026,actual,816879000000.0,jpy_abs,jquants,2026-05-25
5991,"NHK SPRING CO.,LTD.",operating_profit,FY2026,actual,45784000000.0,jpy_abs,jquants,2026-05-25
5991,"NHK SPRING CO.,LTD.",ordinary_profit,FY2026,actual,52189000000.0,jpy_abs,jquants,2026-05-25
5991,"NHK SPRING CO.,LTD.",dps,FY2027,company,69.0,jpy,jquants,2026-05-25
5991,"NHK SPRING CO.,LTD.",eps,FY2027,company,222.12,jpy,jquants,2026-05-25
5991,"NHK SPRING CO.,LTD.",eps,FY2027,consensus,230.142,jpy,yfinance,2026-08-27
5991,"NHK SPRING CO.,LTD.",net_profit,FY2027,company,45000000000.0,jpy_abs,jquants,2026-05-25
5991,"NHK SPRING CO.,LTD.",net_sales,FY2027,company,860000000000.0,jpy_abs,jquants,2026-05-25
5991,"NHK SPRING CO.,LTD.",net_sales,FY2027,consensus,865140000000.0,jpy_abs,yfinance,2026-08-27
5991,"NHK SPRING CO.,LTD.",operating_profit,FY2027,company,59000000000.0,jpy_abs,jquants,2026-05-25
5991,"NHK SPRING CO.,LTD.",ordinary_profit,FY2027,company,64000000000.0,jpy_abs,jquants,2026-05-25
5991,"NHK SPRING CO.,LTD.",eps,FY2028,consensus,262.7575,jpy,yfinance,2026-08-27
5991,"NHK SPRING CO.,LTD.",net_sales,FY2028,consensus,912575000000.0,jpy_abs,yfinance,2026-08-27
6005,"MIURA CO.,LTD.",dps,FY2026,actual,72.0,jpy,jquants,2026-05-14
6005,"MIURA CO.,LTD.",eps,FY2026,actual,238.72,jpy,jquants,2026-05-14
6005,"MIURA CO.,LTD.",net_profit,FY2026,actual,27621000000.0,jpy_abs,jquants,2026-05-14
6005,"MIURA CO.,LTD.",net_sales,FY2026,actual,268701000000.0,jpy_abs,jquants,2026-05-14
6005,"MIURA CO.,LTD.",operating_profit,FY2026,actual,30917000000.0,jpy_abs,jquants,2026-05-14
6005,"MIURA CO.,LTD.",ordinary_profit,FY2026,actual,25947000000.0,jpy_abs,jquants,2026-05-14
6005,"MIURA CO.,LTD.",dps,FY2027,company,74.0,jpy,jquants,2026-05-14
6005,"MIURA CO.,LTD.",eps,FY2027,company,246.3,jpy,jquants,2026-05-14
6005,"MIURA CO.,LTD.",eps,FY2027,consensus,249.53703,jpy,yfinance,2026-08-27
6005,"MIURA CO.,LTD.",net_profit,FY2027,company,28500000000.0,jpy_abs,jquants,2026-05-14
6005,"MIURA CO.,LTD.",net_sales,FY2027,company,284500000000.0,jpy_abs,jquants,2026-05-14
6005,"MIURA CO.,LTD.",net_sales,FY2027,consensus,284500000000.0,jpy_abs,yfinance,2026-08-27
6005,"MIURA CO.,LTD.",operating_profit,FY2027,company,32600000000.0,jpy_abs,jquants,2026-05-14
6005,"MIURA CO.,LTD.",eps,FY2028,consensus,264.28094,jpy,yfinance,2026-08-27
6005,"MIURA CO.,LTD.",net_sales,FY2028,consensus,297790000000.0,jpy_abs,yfinance,2026-08-27
6098,"Recruit Holdings Co.,Ltd.",dps,FY2026,actual,25.0,jpy,jquants,2026-05-15
6098,"Recruit Holdings Co.,Ltd.",eps,FY2026,actual,349.78,jpy,jquants,2026-05-15
6098,"Recruit Holdings Co.,Ltd.",net_profit,FY2026,actual,496912000000.0,jpy_abs,jquants,2026-05-15
6098,"Recruit Holdings Co.,Ltd.",net_sales,FY2026,actual,3697351000000.0,jpy_abs,jquants,2026-05-15
6098,"Recruit Holdings Co.,Ltd.",operating_profit,FY2026,actual,630567000000.0,jpy_abs,jquants,2026-05-15
6098,"Recruit Holdings Co.,Ltd.",ordinary_profit,FY2026,actual,687461000000.0,jpy_abs,jquants,2026-05-15
6098,"Recruit Holdings Co.,Ltd.",dps,FY2027,company,26.0,jpy,jquants,2026-05-15
6098,"Recruit Holdings Co.,Ltd.",eps,FY2027,company,447.0,jpy,jquants,2026-05-15
6098,"Recruit Holdings Co.,Ltd.",eps,FY2027,consensus,534.57275,jpy,yfinance,2026-08-27
6098,"Recruit Holdings Co.,Ltd.",net_profit,FY2027,company,623000000000.0,jpy_abs,jquants,2026-05-15
6098,"Recruit Holdings Co.,Ltd.",net_sales,FY2027,company,4030000000000.0,jpy_abs,jquants,2026-05-15
6098,"Recruit Holdings Co.,Ltd.",net_sales,FY2027,consensus,4178191229340.0,jpy_abs,yfinance,2026-08-27
6098,"Recruit Holdings Co.,Ltd.",operating_profit,FY2027,company,787000000000.0,jpy_abs,jquants,2026-05-15
6098,"Recruit Holdings Co.,Ltd.",eps,FY2028,consensus,644.0197,jpy,yfinance,2026-08-27
6098,"Recruit Holdings Co.,Ltd.",net_sales,FY2028,consensus,4542979996330.0,jpy_abs,yfinance,2026-08-27
6101,TSUGAMI CORPORATION,dps,FY2026,actual,85.0,jpy,jquants,2026-05-13
6101,TSUGAMI CORPORATION,eps,FY2026,actual,361.2,jpy,jquants,2026-05-13
6101,TSUGAMI CORPORATION,net_profit,FY2026,actual,16745000000.0,jpy_abs,jquants,2026-05-13
6101,TSUGAMI CORPORATION,net_sales,FY2026,actual,129140000000.0,jpy_abs,jquants,2026-05-13
6101,TSUGAMI CORPORATION,operating_profit,FY2026,actual,36102000000.0,jpy_abs,jquants,2026-05-13
6101,TSUGAMI CORPORATION,ordinary_profit,FY2026,actual,7777000000.0,jpy_abs,jquants,2026-05-13
6101,TSUGAMI CORPORATION,dps,FY2027,company,98.0,jpy,jquants,2026-05-13
6101,TSUGAMI CORPORATION,eps,FY2027,company,370.28,jpy,jquants,2026-05-13
6101,TSUGAMI CORPORATION,eps,FY2027,company_h1,196.01,jpy,jquants,2026-05-13
6101,TSUGAMI CORPORATION,net_profit,FY2027,company,17000000000.0,jpy_abs,jquants,2026-05-13
6101,TSUGAMI CORPORATION,net_profit,FY2027,company_h1,9000000000.0,jpy_abs,jquants,2026-05-13
6101,TSUGAMI CORPORATION,net_sales,FY2027,company,145000000000.0,jpy_abs,jquants,2026-05-13
6101,TSUGAMI CORPORATION,net_sales,FY2027,company_h1,75000000000.0,jpy_abs,jquants,2026-05-13
6101,TSUGAMI CORPORATION,net_sales,FY2027,consensus,0.0,jpy_abs,yfinance,2026-08-27
6101,TSUGAMI CORPORATION,operating_profit,FY2027,company,36500000000.0,jpy_abs,jquants,2026-05-13
6101,TSUGAMI CORPORATION,operating_profit,FY2027,company_h1,19500000000.0,jpy_abs,jquants,2026-05-13
6101,TSUGAMI CORPORATION,net_sales,FY2028,consensus,0.0,jpy_abs,yfinance,2026-08-27
6113,"AMADA CO.,LTD.",dps,FY2026,actual,62.0,jpy,jquants,2026-05-14
6113,"AMADA CO.,LTD.",eps,FY2026,actual,96.67,jpy,jquants,2026-05-14
6113,"AMADA CO.,LTD.",net_profit,FY2026,actual,30554000000.0,jpy_abs,jquants,2026-05-14
6113,"AMADA CO.,LTD.",net_sales,FY2026,actual,437372000000.0,jpy_abs,jquants,2026-05-14
6113,"AMADA CO.,LTD.",operating_profit,FY2026,actual,44798000000.0,jpy_abs,jquants,2026-05-14
6113,"AMADA CO.,LTD.",ordinary_profit,FY2026,actual,55258000000.0,jpy_abs,jquants,2026-05-14
6113,"AMADA CO.,LTD.",dps,FY2027,company,64.0,jpy,jquants,2026-05-14
6113,"AMADA CO.,LTD.",eps,FY2027,company,109.49,jpy,jquants,2026-05-14
6113,"AMADA CO.,LTD.",eps,FY2027,consensus,128.90701,jpy,yfinance,2026-08-27
6113,"AMADA CO.,LTD.",net_profit,FY2027,company,34000000000.0,jpy_abs,jquants,2026-05-14
6113,"AMADA CO.,LTD.",net_sales,FY2027,company,460000000000.0,jpy_abs,jquants,2026-05-14
6113,"AMADA CO.,LTD.",net_sales,FY2027,consensus,484942857140.0,jpy_abs,yfinance,2026-08-27
6113,"AMADA CO.,LTD.",operating_profit,FY2027,company,48000000000.0,jpy_abs,jquants,2026-05-14
6113,"AMADA CO.,LTD.",eps,FY2028,consensus,154.1809,jpy,yfinance,2026-08-27
6113,"AMADA CO.,LTD.",net_sales,FY2028,consensus,516528571430.0,jpy_abs,yfinance,2026-08-27
6141,"DMG MORI CO.,LTD.",dps,FY2025,actual,105.0,jpy,jquants,2026-05-01
6141,"DMG MORI CO.,LTD.",eps,FY2025,actual,155.6,jpy,jquants,2026-05-01
6141,"DMG MORI CO.,LTD.",net_profit,FY2025,actual,24033000000.0,jpy_abs,jquants,2026-05-01
6141,"DMG MORI CO.,LTD.",net_sales,FY2025,actual,514976000000.0,jpy_abs,jquants,2026-05-01
6141,"DMG MORI CO.,LTD.",operating_profit,FY2025,actual,18974000000.0,jpy_abs,jquants,2026-05-01
6141,"DMG MORI CO.,LTD.",ordinary_profit,FY2025,actual,13221000000.0,jpy_abs,jquants,2026-05-01
6141,"DMG MORI CO.,LTD.",dps,FY2026,company,105.0,jpy,jquants,2026-05-01
6141,"DMG MORI CO.,LTD.",eps,FY2026,company,91.35,jpy,jquants,2026-05-01
6141,"DMG MORI CO.,LTD.",eps,FY2026,consensus,107.05995,jpy,yfinance,2026-08-27
6141,"DMG MORI CO.,LTD.",net_profit,FY2026,company,15000000000.0,jpy_abs,jquants,2026-05-01
6141,"DMG MORI CO.,LTD.",net_sales,FY2026,company,565000000000.0,jpy_abs,jquants,2026-05-01
6141,"DMG MORI CO.,LTD.",net_sales,FY2026,consensus,558025000000.0,jpy_abs,yfinance,2026-08-27
6141,"DMG MORI CO.,LTD.",operating_profit,FY2026,company,28000000000.0,jpy_abs,jquants,2026-05-01
6141,"DMG MORI CO.,LTD.",eps,FY2027,consensus,172.21565,jpy,yfinance,2026-08-27
6141,"DMG MORI CO.,LTD.",net_sales,FY2027,consensus,595925000000.0,jpy_abs,yfinance,2026-08-27
6146,DISCO CORPORATION,dps,FY2026,actual,505.0,jpy,jquants,2026-04-22
6146,DISCO CORPORATION,dps,FY2026,company,437.0,jpy,jquants,2026-04-22
6146,DISCO CORPORATION,eps,FY2026,actual,1249.84,jpy,jquants,2026-04-22
6146,DISCO CORPORATION,eps,FY2026,company,1128.83,jpy,jquants,2026-04-22
6146,DISCO CORPORATION,net_profit,FY2026,actual,135521000000.0,jpy_abs,jquants,2026-04-22
6146,DISCO CORPORATION,net_profit,FY2026,company,122400000000.0,jpy_abs,jquants,2026-04-22
6146,DISCO CORPORATION,net_sales,FY2026,actual,436889000000.0,jpy_abs,jquants,2026-04-22
6146,DISCO CORPORATION,net_sales,FY2026,company,342100000000.0,jpy_abs,jquants,2026-04-22
6146,DISCO CORPORATION,operating_profit,FY2026,actual,184989000000.0,jpy_abs,jquants,2026-04-22
6146,DISCO CORPORATION,operating_profit,FY2026,company,141800000000.0,jpy_abs,jquants,2026-04-22
6146,DISCO CORPORATION,ordinary_profit,FY2026,actual,184936000000.0,jpy_abs,jquants,2026-04-22
6146,DISCO CORPORATION,eps,FY2027,consensus,1719.0558,jpy,yfinance,2026-08-27
6146,DISCO CORPORATION,net_sales,FY2027,consensus,555847096350.0,jpy_abs,yfinance,2026-08-27
6146,DISCO CORPORATION,eps,FY2028,consensus,2092.865,jpy,yfinance,2026-08-27
6146,DISCO CORPORATION,net_sales,FY2028,consensus,653040124810.0,jpy_abs,yfinance,2026-08-27
6254,"Nomura Micro Science Co.,Ltd.",dps,FY2026,actual,81.0,jpy,jquants,2026-05-14
6254,"Nomura Micro Science Co.,Ltd.",eps,FY2026,actual,100.36,jpy,jquants,2026-05-14
6254,"Nomura Micro Science Co.,Ltd.",net_profit,FY2026,actual,3818000000.0,jpy_abs,jquants,2026-05-14
6254,"Nomura Micro Science Co.,Ltd.",net_sales,FY2026,actual,56245000000.0,jpy_abs,jquants,2026-05-14
6254,"Nomura Micro Science Co.,Ltd.",operating_profit,FY2026,actual,6667000000.0,jpy_abs,jquants,2026-05-14
6254,"Nomura Micro Science Co.,Ltd.",ordinary_profit,FY2026,actual,5629000000.0,jpy_abs,jquants,2026-05-14
6254,"Nomura Micro Science Co.,Ltd.",dps,FY2027,company,85.0,jpy,jquants,2026-05-14
6254,"Nomura Micro Science Co.,Ltd.",eps,FY2027,company,289.9,jpy,jquants,2026-05-14
6254,"Nomura Micro Science Co.,Ltd.",eps,FY2027,company_h1,51.22,jpy,jquants,2026-05-14
6254,"Nomura Micro Science Co.,Ltd.",eps,FY2027,consensus,278.045,jpy,yfinance,2026-08-27
6254,"Nomura Micro Science Co.,Ltd.",net_profit,FY2027,company,11100000000.0,jpy_abs,jquants,2026-05-14
6254,"Nomura Micro Science Co.,Ltd.",net_profit,FY2027,company_h1,1961000000.0,jpy_abs,jquants,2026-05-14
6254,"Nomura Micro Science Co.,Ltd.",net_sales,FY2027,company,97000000000.0,jpy_abs,jquants,2026-05-14
6254,"Nomura Micro Science Co.,Ltd.",net_sales,FY2027,company_h1,34500000000.0,jpy_abs,jquants,2026-05-14
6254,"Nomura Micro Science Co.,Ltd.",net_sales,FY2027,consensus,93500000000.0,jpy_abs,yfinance,2026-08-27
6254,"Nomura Micro Science Co.,Ltd.",operating_profit,FY2027,company,16000000000.0,jpy_abs,jquants,2026-05-14
6254,"Nomura Micro Science Co.,Ltd.",operating_profit,FY2027,company_h1,3600000000.0,jpy_abs,jquants,2026-05-14
6254,"Nomura Micro Science Co.,Ltd.",ordinary_profit,FY2027,company,15000000000.0,jpy_abs,jquants,2026-05-14
6254,"Nomura Micro Science Co.,Ltd.",ordinary_profit,FY2027,company_h1,2650000000.0,jpy_abs,jquants,2026-05-14
6254,"Nomura Micro Science Co.,Ltd.",eps,FY2028,consensus,367.705,jpy,yfinance,2026-08-27
6254,"Nomura Micro Science Co.,Ltd.",net_sales,FY2028,consensus,120000000000.0,jpy_abs,yfinance,2026-08-27
6269,"MODEC,INC.",dps,FY2025,actual,140.0,jpy,jquants,2026-05-13
6269,"MODEC,INC.",eps,FY2025,actual,826.25,jpy,jquants,2026-05-13
6269,"MODEC,INC.",net_profit,FY2025,actual,56456000000.0,jpy_abs,jquants,2026-05-13
6269,"MODEC,INC.",net_sales,FY2025,actual,717100000000.0,jpy_abs,jquants,2026-05-13
6269,"MODEC,INC.",operating_profit,FY2025,actual,68498000000.0,jpy_abs,jquants,2026-05-13
6269,"MODEC,INC.",ordinary_profit,FY2025,actual,27179000000.0,jpy_abs,jquants,2026-05-13
6269,"MODEC,INC.",dps,FY2026,company,200.0,jpy,jquants,2026-05-13
6269,"MODEC,INC.",eps,FY2026,company,847.46,jpy,jquants,2026-05-13
6269,"MODEC,INC.",eps,FY2026,consensus,907.82336,jpy,yfinance,2026-08-27
6269,"MODEC,INC.",net_profit,FY2026,company,57916000000.0,jpy_abs,jquants,2026-05-13
6269,"MODEC,INC.",net_sales,FY2026,company,720038000000.0,jpy_abs,jquants,2026-05-13
6269,"MODEC,INC.",net_sales,FY2026,consensus,744199320000.0,jpy_abs,yfinance,2026-08-27
6269,"MODEC,INC.",operating_profit,FY2026,company,72003000000.0,jpy_abs,jquants,2026-05-13
6269,"MODEC,INC.",eps,FY2027,consensus,967.07715,jpy,yfinance,2026-08-27
6269,"MODEC,INC.",net_sales,FY2027,consensus,756470720000.0,jpy_abs,yfinance,2026-08-27
6273,SMC CORPORATION,dps,FY2026,actual,1000.0,jpy,jquants,2026-05-14
6273,SMC CORPORATION,eps,FY2026,actual,2640.04,jpy,jquants,2026-05-14
6273,SMC CORPORATION,net_profit,FY2026,actual,167302000000.0,jpy_abs,jquants,2026-05-14
6273,SMC CORPORATION,net_sales,FY2026,actual,842541000000.0,jpy_abs,jquants,2026-05-14
6273,SMC CORPORATION,operating_profit,FY2026,actual,190558000000.0,jpy_abs,jquants,2026-05-14
6273,SMC CORPORATION,ordinary_profit,FY2026,actual,235591000000.0,jpy_abs,jquants,2026-05-14
6273,SMC CORPORATION,dps,FY2027,company,1000.0,jpy,jquants,2026-05-14
6273,SMC CORPORATION,eps,FY2027,company,2692.46,jpy,jquants,2026-05-14
6273,SMC CORPORATION,eps,FY2027,consensus,3313.606,jpy,yfinance,2026-08-27
6273,SMC CORPORATION,net_profit,FY2027,company,170000000000.0,jpy_abs,jquants,2026-05-14
6273,SMC CORPORATION,net_sales,FY2027,company,1000000000000.0,jpy_abs,jquants,2026-05-14
6273,SMC CORPORATION,net_sales,FY2027,consensus,1043675724190.0,jpy_abs,yfinance,2026-08-27
6273,SMC CORPORATION,operating_profit,FY2027,company,219000000000.0,jpy_abs,jquants,2026-05-14
6273,SMC CORPORATION,ordinary_profit,FY2027,company,239000000000.0,jpy_abs,jquants,2026-05-14
6273,SMC CORPORATION,eps,FY2028,consensus,3511.7598,jpy,yfinance,2026-08-27
6273,SMC CORPORATION,net_sales,FY2028,consensus,1135023911320.0,jpy_abs,yfinance,2026-08-27
6301,KOMATSU LTD.,dps,FY2026,actual,190.0,jpy,jquants,2026-04-28
6301,KOMATSU LTD.,eps,FY2026,actual,413.9,jpy,jquants,2026-04-28
6301,KOMATSU LTD.,net_profit,FY2026,actual,376391000000.0,jpy_abs,jquants,2026-04-28
6301,KOMATSU LTD.,net_sales,FY2026,actual,4132751000000.0,jpy_abs,jquants,2026-04-28
6301,KOMATSU LTD.,operating_profit,FY2026,actual,567323000000.0,jpy_abs,jquants,2026-04-28
6301,KOMATSU LTD.,ordinary_profit,FY2026,actual,229089000000.0,jpy_abs,jquants,2026-04-28
6301,KOMATSU LTD.,dps,FY2027,company,190.0,jpy,jquants,2026-04-28
6301,KOMATSU LTD.,eps,FY2027,company,352.9,jpy,jquants,2026-04-28
6301,KOMATSU LTD.,eps,FY2027,consensus,432.90723,jpy,yfinance,2026-08-27
6301,KOMATSU LTD.,net_profit,FY2027,company,318000000000.0,jpy_abs,jquants,2026-04-28
6301,KOMATSU LTD.,net_sales,FY2027,company,4118000000000.0,jpy_abs,jquants,2026-04-28
6301,KOMATSU LTD.,net_sales,FY2027,consensus,4334484533599.0,jpy_abs,yfinance,2026-08-27
6301,KOMATSU LTD.,operating_profit,FY2027,company,508000000000.0,jpy_abs,jquants,2026-04-28
6301,KOMATSU LTD.,eps,FY2028,consensus,468.0178,jpy,yfinance,2026-08-27
6301,KOMATSU LTD.,net_sales,FY2028,consensus,4472040978550.0,jpy_abs,yfinance,2026-08-27
6305,"Hitachi Construction Machinery Co.,Ltd.",dps,FY2026,actual,175.0,jpy,jquants,2026-04-24
6305,"Hitachi Construction Machinery Co.,Ltd.",eps,FY2026,actual,344.06,jpy,jquants,2026-04-24
6305,"Hitachi Construction Machinery Co.,Ltd.",net_profit,FY2026,actual,73193000000.0,jpy_abs,jquants,2026-04-24
6305,"Hitachi Construction Machinery Co.,Ltd.",net_sales,FY2026,actual,1405493000000.0,jpy_abs,jquants,2026-04-24
6305,"Hitachi Construction Machinery Co.,Ltd.",operating_profit,FY2026,actual,132951000000.0,jpy_abs,jquants,2026-04-24
6305,"Hitachi Construction Machinery Co.,Ltd.",ordinary_profit,FY2026,actual,72702000000.0,jpy_abs,jquants,2026-04-24
6305,"Hitachi Construction Machinery Co.,Ltd.",dps,FY2027,company,190.0,jpy,jquants,2026-04-24
6305,"Hitachi Construction Machinery Co.,Ltd.",eps,FY2027,company,376.06,jpy,jquants,2026-04-24
6305,"Hitachi Construction Machinery Co.,Ltd.",eps,FY2027,consensus,421.59042,jpy,yfinance,2026-08-27
6305,"Hitachi Construction Machinery Co.,Ltd.",net_profit,FY2027,company,80000000000.0,jpy_abs,jquants,2026-04-24
6305,"Hitachi Construction Machinery Co.,Ltd.",net_sales,FY2027,company,1430000000000.0,jpy_abs,jquants,2026-04-24
6305,"Hitachi Construction Machinery Co.,Ltd.",net_sales,FY2027,consensus,1474454185460.0,jpy_abs,yfinance,2026-08-27
6305,"Hitachi Construction Machinery Co.,Ltd.",operating_profit,FY2027,company,140000000000.0,jpy_abs,jquants,2026-04-24
6305,"Hitachi Construction Machinery Co.,Ltd.",eps,FY2028,consensus,489.47266,jpy,yfinance,2026-08-27
6305,"Hitachi Construction Machinery Co.,Ltd.",net_sales,FY2028,consensus,1515254307950.0,jpy_abs,yfinance,2026-08-27
6323,RORZE CORPORATION,dps,FY2026,actual,17.0,jpy,jquants,2026-04-09
6323,RORZE CORPORATION,eps,FY2026,actual,109.33,jpy,jquants,2026-04-09
6323,RORZE CORPORATION,net_profit,FY2026,actual,19048000000.0,jpy_abs,jquants,2026-04-09
6323,RORZE CORPORATION,net_sales,FY2026,actual,128794000000.0,jpy_abs,jquants,2026-04-09
6323,RORZE CORPORATION,operating_profit,FY2026,actual,31154000000.0,jpy_abs,jquants,2026-04-09
6323,RORZE CORPORATION,ordinary_profit,FY2026,actual,32621000000.0,jpy_abs,jquants,2026-04-09
6323,RORZE CORPORATION,dps,FY2027,company,20.0,jpy,jquants,2026-04-09
6323,RORZE CORPORATION,eps,FY2027,company,159.62,jpy,jquants,2026-04-09
6323,RORZE CORPORATION,eps,FY2027,company_h1,79.26,jpy,jquants,2026-04-09
6323,RORZE CORPORATION,eps,FY2027,consensus,197.6494,jpy,yfinance,2026-08-27
6323,RORZE CORPORATION,net_profit,FY2027,company,27809000000.0,jpy_abs,jquants,2026-04-09
6323,RORZE CORPORATION,net_profit,FY2027,company_h1,13809000000.0,jpy_abs,jquants,2026-04-09
6323,RORZE CORPORATION,net_sales,FY2027,company,159021000000.0,jpy_abs,jquants,2026-04-09
6323,RORZE CORPORATION,net_sales,FY2027,company_h1,77634000000.0,jpy_abs,jquants,2026-04-09
6323,RORZE CORPORATION,net_sales,FY2027,consensus,167765670000.0,jpy_abs,yfinance,2026-08-27
6323,RORZE CORPORATION,operating_profit,FY2027,company,38112000000.0,jpy_abs,jquants,2026-04-09
6323,RORZE CORPORATION,operating_profit,FY2027,company_h1,19088000000.0,jpy_abs,jquants,2026-04-09
6323,RORZE CORPORATION,ordinary_profit,FY2027,company,38241000000.0,jpy_abs,jquants,2026-04-09
6323,RORZE CORPORATION,ordinary_profit,FY2027,company_h1,19168000000.0,jpy_abs,jquants,2026-04-09
6323,RORZE CORPORATION,eps,FY2028,consensus,225.20717,jpy,yfinance,2026-08-27
6323,RORZE CORPORATION,net_sales,FY2028,consensus,185997969170.0,jpy_abs,yfinance,2026-08-27
6326,KUBOTA CORPORATION,dps,FY2025,actual,50.0,jpy,jquants,2026-05-08
6326,KUBOTA CORPORATION,eps,FY2025,actual,163.44,jpy,jquants,2026-05-08
6326,KUBOTA CORPORATION,net_profit,FY2025,actual,186687000000.0,jpy_abs,jquants,2026-05-08
6326,KUBOTA CORPORATION,net_sales,FY2025,actual,3018891000000.0,jpy_abs,jquants,2026-05-08
6326,KUBOTA CORPORATION,operating_profit,FY2025,actual,265470000000.0,jpy_abs,jquants,2026-05-08
6326,KUBOTA CORPORATION,ordinary_profit,FY2025,actual,251073000000.0,jpy_abs,jquants,2026-05-08
6326,KUBOTA CORPORATION,dps,FY2026,company,52.0,jpy,jquants,2026-05-08
6326,KUBOTA CORPORATION,eps,FY2026,company,184.69,jpy,jquants,2026-05-08
6326,KUBOTA CORPORATION,eps,FY2026,company_h1,101.14,jpy,jquants,2026-05-08
6326,KUBOTA CORPORATION,eps,FY2026,consensus,234.75246,jpy,yfinance,2026-08-27
6326,KUBOTA CORPORATION,net_profit,FY2026,company,210000000000.0,jpy_abs,jquants,2026-05-08
6326,KUBOTA CORPORATION,net_profit,FY2026,company_h1,115000000000.0,jpy_abs,jquants,2026-05-08
6326,KUBOTA CORPORATION,net_sales,FY2026,company,3150000000000.0,jpy_abs,jquants,2026-05-08
6326,KUBOTA CORPORATION,net_sales,FY2026,company_h1,1600000000000.0,jpy_abs,jquants,2026-05-08
6326,KUBOTA CORPORATION,net_sales,FY2026,consensus,3254709819910.0,jpy_abs,yfinance,2026-08-27
6326,KUBOTA CORPORATION,operating_profit,FY2026,company,300000000000.0,jpy_abs,jquants,2026-05-08
6326,KUBOTA CORPORATION,operating_profit,FY2026,company_h1,160000000000.0,jpy_abs,jquants,2026-05-08
6326,KUBOTA CORPORATION,eps,FY2027,consensus,226.50777,jpy,yfinance,2026-08-27
6326,KUBOTA CORPORATION,net_sales,FY2027,consensus,3415583356900.0,jpy_abs,yfinance,2026-08-27
6361,EBARA CORPORATION,dps,FY2025,actual,59.0,jpy,jquants,2026-05-15
6361,EBARA CORPORATION,eps,FY2025,actual,166.31,jpy,jquants,2026-05-15
6361,EBARA CORPORATION,net_profit,FY2025,actual,76633000000.0,jpy_abs,jquants,2026-05-15
6361,EBARA CORPORATION,net_sales,FY2025,actual,958285000000.0,jpy_abs,jquants,2026-05-15
6361,EBARA CORPORATION,operating_profit,FY2025,actual,113802000000.0,jpy_abs,jquants,2026-05-15
6361,EBARA CORPORATION,ordinary_profit,FY2025,actual,52756000000.0,jpy_abs,jquants,2026-05-15
6361,EBARA CORPORATION,dps,FY2026,company,66.0,jpy,jquants,2026-05-15
6361,EBARA CORPORATION,eps,FY2026,company,217.91,jpy,jquants,2026-05-15
6361,EBARA CORPORATION,eps,FY2026,company_h1,73.37,jpy,jquants,2026-05-15
6361,EBARA CORPORATION,eps,FY2026,consensus,215.30031,jpy,yfinance,2026-08-27
6361,EBARA CORPORATION,net_profit,FY2026,company,99500000000.0,jpy_abs,jquants,2026-05-15
6361,EBARA CORPORATION,net_profit,FY2026,company_h1,33500000000.0,jpy_abs,jquants,2026-05-15
6361,EBARA CORPORATION,net_sales,FY2026,company,1020000000000.0,jpy_abs,jquants,2026-05-15
6361,EBARA CORPORATION,net_sales,FY2026,company_h1,478000000000.0,jpy_abs,jquants,2026-05-15
6361,EBARA CORPORATION,net_sales,FY2026,consensus,1061745248200.0,jpy_abs,yfinance,2026-08-27
6361,EBARA CORPORATION,operating_profit,FY2026,company,125000000000.0,jpy_abs,jquants,2026-05-15
6361,EBARA CORPORATION,operating_profit,FY2026,company_h1,49500000000.0,jpy_abs,jquants,2026-05-15
6361,EBARA CORPORATION,eps,FY2027,consensus,257.73816,jpy,yfinance,2026-08-27
6361,EBARA CORPORATION,net_sales,FY2027,consensus,1179974116080.0,jpy_abs,yfinance,2026-08-27
6367,"DAIKIN INDUSTRIES,LTD.",dps,FY2026,actual,340.0,jpy,jquants,2026-05-12
6367,"DAIKIN INDUSTRIES,LTD.",eps,FY2026,actual,939.92,jpy,jquants,2026-05-12
6367,"DAIKIN INDUSTRIES,LTD.",net_profit,FY2026,actual,275229000000.0,jpy_abs,jquants,2026-05-12
6367,"DAIKIN INDUSTRIES,LTD.",net_sales,FY2026,actual,5015036000000.0,jpy_abs,jquants,2026-05-12
6367,"DAIKIN INDUSTRIES,LTD.",operating_profit,FY2026,actual,414991000000.0,jpy_abs,jquants,2026-05-12
6367,"DAIKIN INDUSTRIES,LTD.",ordinary_profit,FY2026,actual,408171000000.0,jpy_abs,jquants,2026-05-12
6367,"DAIKIN INDUSTRIES,LTD.",dps,FY2027,company,360.0,jpy,jquants,2026-05-12
6367,"DAIKIN INDUSTRIES,LTD.",eps,FY2027,company,949.32,jpy,jquants,2026-05-12
6367,"DAIKIN INDUSTRIES,LTD.",eps,FY2027,company_h1,556.61,jpy,jquants,2026-05-12
6367,"DAIKIN INDUSTRIES,LTD.",eps,FY2027,consensus,996.2924,jpy,yfinance,2026-08-27
6367,"DAIKIN INDUSTRIES,LTD.",net_profit,FY2027,company,278000000000.0,jpy_abs,jquants,2026-05-12
6367,"DAIKIN INDUSTRIES,LTD.",net_profit,FY2027,company_h1,163000000000.0,jpy_abs,jquants,2026-05-12
6367,"DAIKIN INDUSTRIES,LTD.",net_sales,FY2027,company,5150000000000.0,jpy_abs,jquants,2026-05-12
6367,"DAIKIN INDUSTRIES,LTD.",net_sales,FY2027,company_h1,2610000000000.0,jpy_abs,jquants,2026-05-12
6367,"DAIKIN INDUSTRIES,LTD.",net_sales,FY2027,consensus,5270957599690.0,jpy_abs,yfinance,2026-08-27
6367,"DAIKIN INDUSTRIES,LTD.",operating_profit,FY2027,company,436000000000.0,jpy_abs,jquants,2026-05-12
6367,"DAIKIN INDUSTRIES,LTD.",operating_profit,FY2027,company_h1,258000000000.0,jpy_abs,jquants,2026-05-12
6367,"DAIKIN INDUSTRIES,LTD.",ordinary_profit,FY2027,company,414000000000.0,jpy_abs,jquants,2026-05-12
6367,"DAIKIN INDUSTRIES,LTD.",ordinary_profit,FY2027,company_h1,244000000000.0,jpy_abs,jquants,2026-05-12
6367,"DAIKIN INDUSTRIES,LTD.",eps,FY2028,consensus,1139.2727,jpy,yfinance,2026-08-27
6367,"DAIKIN INDUSTRIES,LTD.",net_sales,FY2028,consensus,5521859295130.0,jpy_abs,yfinance,2026-08-27
6368,ORGANO CORPORATION,dps,FY2026,actual,200.0,jpy,jquants,2026-05-13
6368,ORGANO CORPORATION,eps,FY2026,actual,617.74,jpy,jquants,2026-05-13
6368,ORGANO CORPORATION,net_profit,FY2026,actual,28401000000.0,jpy_abs,jquants,2026-05-13
6368,ORGANO CORPORATION,net_sales,FY2026,actual,177654000000.0,jpy_abs,jquants,2026-05-13
6368,ORGANO CORPORATION,operating_profit,FY2026,actual,37648000000.0,jpy_abs,jquants,2026-05-13
6368,ORGANO CORPORATION,ordinary_profit,FY2026,actual,38130000000.0,jpy_abs,jquants,2026-05-13
6368,ORGANO CORPORATION,dps,FY2027,company,132.0,jpy,jquants,2026-05-13
6368,ORGANO CORPORATION,eps,FY2027,company,130.48,jpy,jquants,2026-05-13
6368,ORGANO CORPORATION,eps,FY2027,company_h1,260.97,jpy,jquants,2026-05-13
6368,ORGANO CORPORATION,eps,FY2027,consensus,658.935,jpy,yfinance,2026-08-27
6368,ORGANO CORPORATION,net_profit,FY2027,company,30000000000.0,jpy_abs,jquants,2026-05-13
6368,ORGANO CORPORATION,net_profit,FY2027,company_h1,12000000000.0,jpy_abs,jquants,2026-05-13
6368,ORGANO CORPORATION,net_sales,FY2027,company,200000000000.0,jpy_abs,jquants,2026-05-13
6368,ORGANO CORPORATION,net_sales,FY2027,company_h1,90000000000.0,jpy_abs,jquants,2026-05-13
6368,ORGANO CORPORATION,net_sales,FY2027,consensus,203900000000.0,jpy_abs,yfinance,2026-08-27
6368,ORGANO CORPORATION,operating_profit,FY2027,company,40000000000.0,jpy_abs,jquants,2026-05-13
6368,ORGANO CORPORATION,operating_profit,FY2027,company_h1,17500000000.0,jpy_abs,jquants,2026-05-13
6368,ORGANO CORPORATION,ordinary_profit,FY2027,company,40000000000.0,jpy_abs,jquants,2026-05-13
6368,ORGANO CORPORATION,ordinary_profit,FY2027,company_h1,17500000000.0,jpy_abs,jquants,2026-05-13
6368,ORGANO CORPORATION,eps,FY2028,consensus,774.21,jpy,yfinance,2026-08-27
6368,ORGANO CORPORATION,net_sales,FY2028,consensus,229600000000.0,jpy_abs,yfinance,2026-08-27
6383,"DAIFUKU CO.,LTD.",dps,FY2025,actual,78.0,jpy,jquants,2026-05-14
6383,"DAIFUKU CO.,LTD.",eps,FY2025,actual,212.39,jpy,jquants,2026-05-14
6383,"DAIFUKU CO.,LTD.",net_profit,FY2025,actual,78096000000.0,jpy_abs,jquants,2026-05-14
6383,"DAIFUKU CO.,LTD.",net_sales,FY2025,actual,660724000000.0,jpy_abs,jquants,2026-05-14
6383,"DAIFUKU CO.,LTD.",operating_profit,FY2025,actual,100816000000.0,jpy_abs,jquants,2026-05-14
6383,"DAIFUKU CO.,LTD.",ordinary_profit,FY2025,actual,104649000000.0,jpy_abs,jquants,2026-05-14
6383,"DAIFUKU CO.,LTD.",dps,FY2026,company,82.0,jpy,jquants,2026-05-14
6383,"DAIFUKU CO.,LTD.",eps,FY2026,company,217.57,jpy,jquants,2026-05-14
6383,"DAIFUKU CO.,LTD.",eps,FY2026,company_h1,100.62,jpy,jquants,2026-05-14
6383,"DAIFUKU CO.,LTD.",eps,FY2026,consensus,245.5253,jpy,yfinance,2026-08-27
6383,"DAIFUKU CO.,LTD.",net_profit,FY2026,company,80000000000.0,jpy_abs,jquants,2026-05-14
6383,"DAIFUKU CO.,LTD.",net_profit,FY2026,company_h1,37000000000.0,jpy_abs,jquants,2026-05-14
6383,"DAIFUKU CO.,LTD.",net_sales,FY2026,company,700000000000.0,jpy_abs,jquants,2026-05-14
6383,"DAIFUKU CO.,LTD.",net_sales,FY2026,company_h1,330000000000.0,jpy_abs,jquants,2026-05-14
6383,"DAIFUKU CO.,LTD.",net_sales,FY2026,consensus,741713682860.0,jpy_abs,yfinance,2026-08-27
6383,"DAIFUKU CO.,LTD.",operating_profit,FY2026,company,105000000000.0,jpy_abs,jquants,2026-05-14
6383,"DAIFUKU CO.,LTD.",operating_profit,FY2026,company_h1,48000000000.0,jpy_abs,jquants,2026-05-14
6383,"DAIFUKU CO.,LTD.",ordinary_profit,FY2026,company,108500000000.0,jpy_abs,jquants,2026-05-14
6383,"DAIFUKU CO.,LTD.",ordinary_profit,FY2026,company_h1,49000000000.0,jpy_abs,jquants,2026-05-14
6383,"DAIFUKU CO.,LTD.",eps,FY2027,consensus,269.9958,jpy,yfinance,2026-08-27
6383,"DAIFUKU CO.,LTD.",net_sales,FY2027,consensus,807000867370.0,jpy_abs,yfinance,2026-08-27
6417,"SANKYO CO.,LTD.",dps,FY2026,actual,90.0,jpy,jquants,2026-05-13
6417,"SANKYO CO.,LTD.",eps,FY2026,actual,227.65,jpy,jquants,2026-05-13
6417,"SANKYO CO.,LTD.",net_profit,FY2026,actual,46752000000.0,jpy_abs,jquants,2026-05-13
6417,"SANKYO CO.,LTD.",net_sales,FY2026,actual,179211000000.0,jpy_abs,jquants,2026-05-13
6417,"SANKYO CO.,LTD.",operating_profit,FY2026,actual,62484000000.0,jpy_abs,jquants,2026-05-13
6417,"SANKYO CO.,LTD.",ordinary_profit,FY2026,actual,63991000000.0,jpy_abs,jquants,2026-05-13
6417,"SANKYO CO.,LTD.",dps,FY2027,company,80.0,jpy,jquants,2026-05-13
6417,"SANKYO CO.,LTD.",eps,FY2027,company,202.52,jpy,jquants,2026-05-13
6417,"SANKYO CO.,LTD.",eps,FY2027,consensus,213.3,jpy,yfinance,2026-08-27
6417,"SANKYO CO.,LTD.",net_profit,FY2027,company,40000000000.0,jpy_abs,jquants,2026-05-13
6417,"SANKYO CO.,LTD.",net_sales,FY2027,company,174000000000.0,jpy_abs,jquants,2026-05-13
6417,"SANKYO CO.,LTD.",net_sales,FY2027,consensus,175400000000.0,jpy_abs,yfinance,2026-08-27
6417,"SANKYO CO.,LTD.",operating_profit,FY2027,company,56000000000.0,jpy_abs,jquants,2026-05-13
6417,"SANKYO CO.,LTD.",ordinary_profit,FY2027,company,58000000000.0,jpy_abs,jquants,2026-05-13
6417,"SANKYO CO.,LTD.",eps,FY2028,consensus,217.425,jpy,yfinance,2026-08-27
6417,"SANKYO CO.,LTD.",net_sales,FY2028,consensus,178825000000.0,jpy_abs,yfinance,2026-08-27
6432,"TAKEUCHI MFG.CO.,LTD.",dps,FY2026,actual,210.0,jpy,jquants,2026-04-10
6432,"TAKEUCHI MFG.CO.,LTD.",eps,FY2026,actual,611.92,jpy,jquants,2026-04-10
6432,"TAKEUCHI MFG.CO.,LTD.",net_profit,FY2026,actual,28270000000.0,jpy_abs,jquants,2026-04-10
6432,"TAKEUCHI MFG.CO.,LTD.",net_sales,FY2026,actual,225284000000.0,jpy_abs,jquants,2026-04-10
6432,"TAKEUCHI MFG.CO.,LTD.",operating_profit,FY2026,actual,37687000000.0,jpy_abs,jquants,2026-04-10
6432,"TAKEUCHI MFG.CO.,LTD.",ordinary_profit,FY2026,actual,39187000000.0,jpy_abs,jquants,2026-04-10
6432,"TAKEUCHI MFG.CO.,LTD.",dps,FY2027,company,220.0,jpy,jquants,2026-04-10
6432,"TAKEUCHI MFG.CO.,LTD.",eps,FY2027,company,560.69,jpy,jquants,2026-04-10
6432,"TAKEUCHI MFG.CO.,LTD.",eps,FY2027,company_h1,346.37,jpy,jquants,2026-04-10
6432,"TAKEUCHI MFG.CO.,LTD.",eps,FY2027,consensus,579.99286,jpy,yfinance,2026-08-27
6432,"TAKEUCHI MFG.CO.,LTD.",net_profit,FY2027,company,25900000000.0,jpy_abs,jquants,2026-04-10
6432,"TAKEUCHI MFG.CO.,LTD.",net_profit,FY2027,company_h1,16000000000.0,jpy_abs,jquants,2026-04-10
6432,"TAKEUCHI MFG.CO.,LTD.",net_sales,FY2027,company,244000000000.0,jpy_abs,jquants,2026-04-10
6432,"TAKEUCHI MFG.CO.,LTD.",net_sales,FY2027,company_h1,123800000000.0,jpy_abs,jquants,2026-04-10
6432,"TAKEUCHI MFG.CO.,LTD.",net_sales,FY2027,consensus,249220000000.0,jpy_abs,yfinance,2026-08-27
6432,"TAKEUCHI MFG.CO.,LTD.",operating_profit,FY2027,company,37300000000.0,jpy_abs,jquants,2026-04-10
6432,"TAKEUCHI MFG.CO.,LTD.",operating_profit,FY2027,company_h1,23500000000.0,jpy_abs,jquants,2026-04-10
6432,"TAKEUCHI MFG.CO.,LTD.",ordinary_profit,FY2027,company,36500000000.0,jpy_abs,jquants,2026-04-10
6432,"TAKEUCHI MFG.CO.,LTD.",ordinary_profit,FY2027,company_h1,22600000000.0,jpy_abs,jquants,2026-04-10
6432,"TAKEUCHI MFG.CO.,LTD.",eps,FY2028,consensus,661.2818,jpy,yfinance,2026-08-27
6432,"TAKEUCHI MFG.CO.,LTD.",net_sales,FY2028,consensus,267120000000.0,jpy_abs,yfinance,2026-08-27
6436,Amano Corporation,dps,FY2026,actual,180.0,jpy,jquants,2026-04-27
6436,Amano Corporation,eps,FY2026,actual,286.34,jpy,jquants,2026-04-27
6436,Amano Corporation,net_profit,FY2026,actual,20146000000.0,jpy_abs,jquants,2026-04-27
6436,Amano Corporation,net_sales,FY2026,actual,176467000000.0,jpy_abs,jquants,2026-04-27
6436,Amano Corporation,operating_profit,FY2026,actual,22551000000.0,jpy_abs,jquants,2026-04-27
6436,Amano Corporation,ordinary_profit,FY2026,actual,24358000000.0,jpy_abs,jquants,2026-04-27
6436,Amano Corporation,dps,FY2027,company,180.0,jpy,jquants,2026-04-27
6436,Amano Corporation,eps,FY2027,company,254.11,jpy,jquants,2026-04-27
6436,Amano Corporation,eps,FY2027,company_h1,106.84,jpy,jquants,2026-04-27
6436,Amano Corporation,eps,FY2027,consensus,260.2,jpy,yfinance,2026-08-27
6436,Amano Corporation,net_profit,FY2027,company,17600000000.0,jpy_abs,jquants,2026-04-27
6436,Amano Corporation,net_profit,FY2027,company_h1,7400000000.0,jpy_abs,jquants,2026-04-27
6436,Amano Corporation,net_sales,FY2027,company,184000000000.0,jpy_abs,jquants,2026-04-27
6436,Amano Corporation,net_sales,FY2027,company_h1,86400000000.0,jpy_abs,jquants,2026-04-27
6436,Amano Corporation,net_sales,FY2027,consensus,185530000000.0,jpy_abs,yfinance,2026-08-27
6436,Amano Corporation,operating_profit,FY2027,company,24000000000.0,jpy_abs,jquants,2026-04-27
6436,Amano Corporation,operating_profit,FY2027,company_h1,10200000000.0,jpy_abs,jquants,2026-04-27
6436,Amano Corporation,ordinary_profit,FY2027,company,25600000000.0,jpy_abs,jquants,2026-04-27
6436,Amano Corporation,ordinary_profit,FY2027,company_h1,10900000000.0,jpy_abs,jquants,2026-04-27
6436,Amano Corporation,eps,FY2028,consensus,282.7,jpy,yfinance,2026-08-27
6436,Amano Corporation,net_sales,FY2028,consensus,194610000000.0,jpy_abs,yfinance,2026-08-27
6448,"BROTHER INDUSTRIES,LTD.",dps,FY2026,actual,100.0,jpy,jquants,2026-05-08
6448,"BROTHER INDUSTRIES,LTD.",eps,FY2026,actual,268.1,jpy,jquants,2026-05-08
6448,"BROTHER INDUSTRIES,LTD.",net_profit,FY2026,actual,67624000000.0,jpy_abs,jquants,2026-05-08
6448,"BROTHER INDUSTRIES,LTD.",net_sales,FY2026,actual,893464000000.0,jpy_abs,jquants,2026-05-08
6448,"BROTHER INDUSTRIES,LTD.",operating_profit,FY2026,actual,77868000000.0,jpy_abs,jquants,2026-05-08
6448,"BROTHER INDUSTRIES,LTD.",ordinary_profit,FY2026,actual,26587000000.0,jpy_abs,jquants,2026-05-08
6448,"BROTHER INDUSTRIES,LTD.",dps,FY2027,company,100.0,jpy,jquants,2026-05-08
6448,"BROTHER INDUSTRIES,LTD.",eps,FY2027,company,289.21,jpy,jquants,2026-05-08
6448,"BROTHER INDUSTRIES,LTD.",eps,FY2027,consensus,320.4,jpy,yfinance,2026-08-27
6448,"BROTHER INDUSTRIES,LTD.",net_profit,FY2027,company,72000000000.0,jpy_abs,jquants,2026-05-08
6448,"BROTHER INDUSTRIES,LTD.",net_sales,FY2027,company,910000000000.0,jpy_abs,jquants,2026-05-08
6448,"BROTHER INDUSTRIES,LTD.",net_sales,FY2027,consensus,957050000000.0,jpy_abs,yfinance,2026-08-27
6448,"BROTHER INDUSTRIES,LTD.",operating_profit,FY2027,company,85000000000.0,jpy_abs,jquants,2026-05-08
6448,"BROTHER INDUSTRIES,LTD.",eps,FY2028,consensus,297.2,jpy,yfinance,2026-08-27
6448,"BROTHER INDUSTRIES,LTD.",net_sales,FY2028,consensus,980500000000.0,jpy_abs,yfinance,2026-08-27
6457,GLORY LTD.,dps,FY2026,actual,112.0,jpy,jquants,2026-05-15
6457,GLORY LTD.,eps,FY2026,actual,284.71,jpy,jquants,2026-05-15
6457,GLORY LTD.,net_profit,FY2026,actual,15388000000.0,jpy_abs,jquants,2026-05-15
6457,GLORY LTD.,net_sales,FY2026,actual,339582000000.0,jpy_abs,jquants,2026-05-15
6457,GLORY LTD.,operating_profit,FY2026,actual,29752000000.0,jpy_abs,jquants,2026-05-15
6457,GLORY LTD.,ordinary_profit,FY2026,actual,24316000000.0,jpy_abs,jquants,2026-05-15
6457,GLORY LTD.,dps,FY2027,company,154.0,jpy,jquants,2026-05-15
6457,GLORY LTD.,eps,FY2027,company,370.03,jpy,jquants,2026-05-15
6457,GLORY LTD.,eps,FY2027,consensus,351.9,jpy,yfinance,2026-08-27
6457,GLORY LTD.,net_profit,FY2027,company,20000000000.0,jpy_abs,jquants,2026-05-15
6457,GLORY LTD.,net_sales,FY2027,company,360000000000.0,jpy_abs,jquants,2026-05-15
6457,GLORY LTD.,net_sales,FY2027,consensus,365650000000.0,jpy_abs,yfinance,2026-08-27
6457,GLORY LTD.,operating_profit,FY2027,company,32000000000.0,jpy_abs,jquants,2026-05-15
6457,GLORY LTD.,eps,FY2028,consensus,420.2,jpy,yfinance,2026-08-27
6457,GLORY LTD.,net_sales,FY2028,consensus,379900000000.0,jpy_abs,yfinance,2026-08-27
6460,SEGA SAMMY HOLDINGS INC.,dps,FY2026,actual,55.0,jpy,jquants,2026-05-12
6460,SEGA SAMMY HOLDINGS INC.,eps,FY2026,actual,-27.36,jpy,jquants,2026-05-12
6460,SEGA SAMMY HOLDINGS INC.,net_profit,FY2026,actual,-5756000000.0,jpy_abs,jquants,2026-05-12
6460,SEGA SAMMY HOLDINGS INC.,net_sales,FY2026,actual,487542000000.0,jpy_abs,jquants,2026-05-12
6460,SEGA SAMMY HOLDINGS INC.,operating_profit,FY2026,actual,47128000000.0,jpy_abs,jquants,2026-05-12
6460,SEGA SAMMY HOLDINGS INC.,ordinary_profit,FY2026,actual,54205000000.0,jpy_abs,jquants,2026-05-12
6460,SEGA SAMMY HOLDINGS INC.,dps,FY2027,company,55.0,jpy,jquants,2026-05-12
6460,SEGA SAMMY HOLDINGS INC.,eps,FY2027,company,160.36,jpy,jquants,2026-05-12
6460,SEGA SAMMY HOLDINGS INC.,eps,FY2027,consensus,178.93385,jpy,yfinance,2026-08-27
6460,SEGA SAMMY HOLDINGS INC.,net_profit,FY2027,company,32500000000.0,jpy_abs,jquants,2026-05-12
6460,SEGA SAMMY HOLDINGS INC.,net_sales,FY2027,company,510000000000.0,jpy_abs,jquants,2026-05-12
6460,SEGA SAMMY HOLDINGS INC.,net_sales,FY2027,consensus,509157277720.0,jpy_abs,yfinance,2026-08-27
6460,SEGA SAMMY HOLDINGS INC.,operating_profit,FY2027,company,44500000000.0,jpy_abs,jquants,2026-05-12
6460,SEGA SAMMY HOLDINGS INC.,ordinary_profit,FY2027,company,47500000000.0,jpy_abs,jquants,2026-05-12
6460,SEGA SAMMY HOLDINGS INC.,eps,FY2028,consensus,213.84428,jpy,yfinance,2026-08-27
6460,SEGA SAMMY HOLDINGS INC.,net_sales,FY2028,consensus,536970253360.0,jpy_abs,yfinance,2026-08-27
6465,HOSHIZAKI CORPORATION,dps,FY2025,actual,115.0,jpy,jquants,2026-05-15
6465,HOSHIZAKI CORPORATION,eps,FY2025,actual,269.66,jpy,jquants,2026-05-15
6465,HOSHIZAKI CORPORATION,net_profit,FY2025,actual,38148000000.0,jpy_abs,jquants,2026-05-15
6465,HOSHIZAKI CORPORATION,net_sales,FY2025,actual,485890000000.0,jpy_abs,jquants,2026-05-15
6465,HOSHIZAKI CORPORATION,operating_profit,FY2025,actual,51932000000.0,jpy_abs,jquants,2026-05-15
6465,HOSHIZAKI CORPORATION,ordinary_profit,FY2025,actual,56305000000.0,jpy_abs,jquants,2026-05-15
6465,HOSHIZAKI CORPORATION,dps,FY2026,company,115.0,jpy,jquants,2026-05-15
6465,HOSHIZAKI CORPORATION,eps,FY2026,company,271.72,jpy,jquants,2026-05-15
6465,HOSHIZAKI CORPORATION,eps,FY2026,consensus,302.50192,jpy,yfinance,2026-08-27
6465,HOSHIZAKI CORPORATION,net_profit,FY2026,company,38200000000.0,jpy_abs,jquants,2026-05-15
6465,HOSHIZAKI CORPORATION,net_sales,FY2026,company,520000000000.0,jpy_abs,jquants,2026-05-15
6465,HOSHIZAKI CORPORATION,net_sales,FY2026,consensus,538677875000.0,jpy_abs,yfinance,2026-08-27
6465,HOSHIZAKI CORPORATION,operating_profit,FY2026,company,55600000000.0,jpy_abs,jquants,2026-05-15
6465,HOSHIZAKI CORPORATION,ordinary_profit,FY2026,company,59000000000.0,jpy_abs,jquants,2026-05-15
6465,HOSHIZAKI CORPORATION,eps,FY2027,consensus,351.20068,jpy,yfinance,2026-08-27
6465,HOSHIZAKI CORPORATION,net_sales,FY2027,consensus,576466500000.0,jpy_abs,yfinance,2026-08-27
6479,MINEBEA MITSUMI Inc.,dps,FY2026,actual,50.0,jpy,jquants,2026-05-12
6479,MINEBEA MITSUMI Inc.,eps,FY2026,actual,246.6,jpy,jquants,2026-05-12
6479,MINEBEA MITSUMI Inc.,net_profit,FY2026,actual,99034000000.0,jpy_abs,jquants,2026-05-12
6479,MINEBEA MITSUMI Inc.,net_sales,FY2026,actual,1664387000000.0,jpy_abs,jquants,2026-05-12
6479,MINEBEA MITSUMI Inc.,operating_profit,FY2026,actual,103979000000.0,jpy_abs,jquants,2026-05-12
6479,MINEBEA MITSUMI Inc.,dps,FY2027,company,60.0,jpy,jquants,2026-05-12
6479,MINEBEA MITSUMI Inc.,eps,FY2027,company,206.68,jpy,jquants,2026-05-12
6479,MINEBEA MITSUMI Inc.,eps,FY2027,company_h1,90.89,jpy,jquants,2026-05-12
6479,MINEBEA MITSUMI Inc.,eps,FY2027,consensus,218.44379,jpy,yfinance,2026-08-27
6479,MINEBEA MITSUMI Inc.,net_profit,FY2027,company,83000000000.0,jpy_abs,jquants,2026-05-12
6479,MINEBEA MITSUMI Inc.,net_profit,FY2027,company_h1,36500000000.0,jpy_abs,jquants,2026-05-12
6479,MINEBEA MITSUMI Inc.,net_sales,FY2027,company,1690000000000.0,jpy_abs,jquants,2026-05-12
6479,MINEBEA MITSUMI Inc.,net_sales,FY2027,company_h1,846500000000.0,jpy_abs,jquants,2026-05-12
6479,MINEBEA MITSUMI Inc.,net_sales,FY2027,consensus,1707238701270.0,jpy_abs,yfinance,2026-08-27
6479,MINEBEA MITSUMI Inc.,operating_profit,FY2027,company,120000000000.0,jpy_abs,jquants,2026-05-12
6479,MINEBEA MITSUMI Inc.,operating_profit,FY2027,company_h1,53000000000.0,jpy_abs,jquants,2026-05-12
6479,MINEBEA MITSUMI Inc.,eps,FY2028,consensus,252.06688,jpy,yfinance,2026-08-27
6479,MINEBEA MITSUMI Inc.,net_sales,FY2028,consensus,1791278710300.0,jpy_abs,yfinance,2026-08-27
6501,"Hitachi,Ltd.",dps,FY2026,actual,50.0,jpy,jquants,2026-04-27
6501,"Hitachi,Ltd.",eps,FY2026,actual,176.76,jpy,jquants,2026-04-27
6501,"Hitachi,Ltd.",net_profit,FY2026,actual,802368000000.0,jpy_abs,jquants,2026-04-27
6501,"Hitachi,Ltd.",net_sales,FY2026,actual,10586781000000.0,jpy_abs,jquants,2026-04-27
6501,"Hitachi,Ltd.",operating_profit,FY2026,actual,1199275000000.0,jpy_abs,jquants,2026-04-27
6501,"Hitachi,Ltd.",ordinary_profit,FY2026,actual,799972000000.0,jpy_abs,jquants,2026-04-27
6501,"Hitachi,Ltd.",dps,FY2027,company,28.0,jpy,jquants,2026-04-27
6501,"Hitachi,Ltd.",eps,FY2027,company,188.78,jpy,jquants,2026-04-27
6501,"Hitachi,Ltd.",eps,FY2027,consensus,210.1471,jpy,yfinance,2026-08-27
6501,"Hitachi,Ltd.",net_profit,FY2027,company,850000000000.0,jpy_abs,jquants,2026-04-27
6501,"Hitachi,Ltd.",net_sales,FY2027,company,11100000000000.0,jpy_abs,jquants,2026-04-27
6501,"Hitachi,Ltd.",net_sales,FY2027,consensus,11602225702170.0,jpy_abs,yfinance,2026-08-27
6501,"Hitachi,Ltd.",operating_profit,FY2027,company,1315000000000.0,jpy_abs,jquants,2026-04-27
6501,"Hitachi,Ltd.",eps,FY2028,consensus,250.65746,jpy,yfinance,2026-08-27
6501,"Hitachi,Ltd.",net_sales,FY2028,consensus,12361074877610.0,jpy_abs,yfinance,2026-08-27
6503,Mitsubishi Electric Corporation,dps,FY2026,actual,55.0,jpy,jquants,2026-05-13
6503,Mitsubishi Electric Corporation,eps,FY2026,actual,198.31,jpy,jquants,2026-05-13
6503,Mitsubishi Electric Corporation,net_profit,FY2026,actual,407758000000.0,jpy_abs,jquants,2026-05-13
6503,Mitsubishi Electric Corporation,net_sales,FY2026,actual,5894747000000.0,jpy_abs,jquants,2026-05-13
6503,Mitsubishi Electric Corporation,operating_profit,FY2026,actual,433095000000.0,jpy_abs,jquants,2026-05-13
6503,Mitsubishi Electric Corporation,ordinary_profit,FY2026,actual,461031000000.0,jpy_abs,jquants,2026-05-13
6503,Mitsubishi Electric Corporation,eps,FY2027,company,231.01,jpy,jquants,2026-05-13
6503,Mitsubishi Electric Corporation,eps,FY2027,consensus,258.65262,jpy,yfinance,2026-08-27
6503,Mitsubishi Electric Corporation,net_profit,FY2027,company,475000000000.0,jpy_abs,jquants,2026-05-13
6503,Mitsubishi Electric Corporation,net_sales,FY2027,company,6200000000000.0,jpy_abs,jquants,2026-05-13
6503,Mitsubishi Electric Corporation,net_sales,FY2027,consensus,6394787608460.0,jpy_abs,yfinance,2026-08-27
6503,Mitsubishi Electric Corporation,eps,FY2028,consensus,286.53754,jpy,yfinance,2026-08-27
6503,Mitsubishi Electric Corporation,net_sales,FY2028,consensus,6547500851340.0,jpy_abs,yfinance,2026-08-27
6504,"FUJI ELECTRIC CO.,LTD.",dps,FY2026,actual,200.0,jpy,jquants,2026-04-28
6504,"FUJI ELECTRIC CO.,LTD.",eps,FY2026,actual,665.18,jpy,jquants,2026-04-28
6504,"FUJI ELECTRIC CO.,LTD.",net_profit,FY2026,actual,98030000000.0,jpy_abs,jquants,2026-04-28
6504,"FUJI ELECTRIC CO.,LTD.",net_sales,FY2026,actual,1227595000000.0,jpy_abs,jquants,2026-04-28
6504,"FUJI ELECTRIC CO.,LTD.",operating_profit,FY2026,actual,136620000000.0,jpy_abs,jquants,2026-04-28
6504,"FUJI ELECTRIC CO.,LTD.",ordinary_profit,FY2026,actual,139310000000.0,jpy_abs,jquants,2026-04-28
6504,"FUJI ELECTRIC CO.,LTD.",dps,FY2027,company,107.0,jpy,jquants,2026-04-28
6504,"FUJI ELECTRIC CO.,LTD.",eps,FY2027,company,712.36,jpy,jquants,2026-04-28
6504,"FUJI ELECTRIC CO.,LTD.",eps,FY2027,company_h1,227.28,jpy,jquants,2026-04-28
6504,"FUJI ELECTRIC CO.,LTD.",eps,FY2027,consensus,763.1321,jpy,yfinance,2026-08-27
6504,"FUJI ELECTRIC CO.,LTD.",net_profit,FY2027,company,105000000000.0,jpy_abs,jquants,2026-04-28
6504,"FUJI ELECTRIC CO.,LTD.",net_profit,FY2027,company_h1,33500000000.0,jpy_abs,jquants,2026-04-28
6504,"FUJI ELECTRIC CO.,LTD.",net_sales,FY2027,company,1275000000000.0,jpy_abs,jquants,2026-04-28
6504,"FUJI ELECTRIC CO.,LTD.",net_sales,FY2027,company_h1,569000000000.0,jpy_abs,jquants,2026-04-28
6504,"FUJI ELECTRIC CO.,LTD.",net_sales,FY2027,consensus,1308628680250.0,jpy_abs,yfinance,2026-08-27
6504,"FUJI ELECTRIC CO.,LTD.",operating_profit,FY2027,company,142500000000.0,jpy_abs,jquants,2026-04-28
6504,"FUJI ELECTRIC CO.,LTD.",operating_profit,FY2027,company_h1,44000000000.0,jpy_abs,jquants,2026-04-28
6504,"FUJI ELECTRIC CO.,LTD.",ordinary_profit,FY2027,company,143000000000.0,jpy_abs,jquants,2026-04-28
6504,"FUJI ELECTRIC CO.,LTD.",ordinary_profit,FY2027,company_h1,43000000000.0,jpy_abs,jquants,2026-04-28
6504,"FUJI ELECTRIC CO.,LTD.",eps,FY2028,consensus,828.37756,jpy,yfinance,2026-08-27
6504,"FUJI ELECTRIC CO.,LTD.",net_sales,FY2028,consensus,1374906848970.0,jpy_abs,yfinance,2026-08-27
6506,YASKAWA Electric Corporation,dps,FY2026,actual,68.0,jpy,jquants,2026-04-10
6506,YASKAWA Electric Corporation,eps,FY2026,actual,135.88,jpy,jquants,2026-04-10
6506,YASKAWA Electric Corporation,net_profit,FY2026,actual,35240000000.0,jpy_abs,jquants,2026-04-10
6506,YASKAWA Electric Corporation,net_sales,FY2026,actual,542122000000.0,jpy_abs,jquants,2026-04-10
6506,YASKAWA Electric Corporation,operating_profit,FY2026,actual,47307000000.0,jpy_abs,jquants,2026-04-10
6506,YASKAWA Electric Corporation,ordinary_profit,FY2026,actual,30223000000.0,jpy_abs,jquants,2026-04-10
6506,YASKAWA Electric Corporation,dps,FY2027,company,72.0,jpy,jquants,2026-04-10
6506,YASKAWA Electric Corporation,eps,FY2027,company,181.21,jpy,jquants,2026-04-10
6506,YASKAWA Electric Corporation,eps,FY2027,consensus,187.25009,jpy,yfinance,2026-08-27
6506,YASKAWA Electric Corporation,net_profit,FY2027,company,47000000000.0,jpy_abs,jquants,2026-04-10
6506,YASKAWA Electric Corporation,net_sales,FY2027,company,580000000000.0,jpy_abs,jquants,2026-04-10
6506,YASKAWA Electric Corporation,net_sales,FY2027,consensus,598300670620.0,jpy_abs,yfinance,2026-08-27
6506,YASKAWA Electric Corporation,operating_profit,FY2027,company,60000000000.0,jpy_abs,jquants,2026-04-10
6506,YASKAWA Electric Corporation,eps,FY2028,consensus,224.71698,jpy,yfinance,2026-08-27
6506,YASKAWA Electric Corporation,net_sales,FY2028,consensus,642638069420.0,jpy_abs,yfinance,2026-08-27
6507,"SINFONIA TECHNOLOGY CO.,LTD.",dps,FY2026,actual,155.0,jpy,jquants,2026-05-14
6507,"SINFONIA TECHNOLOGY CO.,LTD.",eps,FY2026,actual,513.87,jpy,jquants,2026-05-14
6507,"SINFONIA TECHNOLOGY CO.,LTD.",net_profit,FY2026,actual,14498000000.0,jpy_abs,jquants,2026-05-14
6507,"SINFONIA TECHNOLOGY CO.,LTD.",net_sales,FY2026,actual,128197000000.0,jpy_abs,jquants,2026-05-14
6507,"SINFONIA TECHNOLOGY CO.,LTD.",operating_profit,FY2026,actual,18464000000.0,jpy_abs,jquants,2026-05-14
6507,"SINFONIA TECHNOLOGY CO.,LTD.",ordinary_profit,FY2026,actual,18793000000.0,jpy_abs,jquants,2026-05-14
6507,"SINFONIA TECHNOLOGY CO.,LTD.",dps,FY2027,company,161.0,jpy,jquants,2026-05-14
6507,"SINFONIA TECHNOLOGY CO.,LTD.",eps,FY2027,company,531.64,jpy,jquants,2026-05-14
6507,"SINFONIA TECHNOLOGY CO.,LTD.",eps,FY2027,consensus,574.9,jpy,yfinance,2026-08-27
6507,"SINFONIA TECHNOLOGY CO.,LTD.",net_profit,FY2027,company,15000000000.0,jpy_abs,jquants,2026-05-14
6507,"SINFONIA TECHNOLOGY CO.,LTD.",net_sales,FY2027,company,140000000000.0,jpy_abs,jquants,2026-05-14
6507,"SINFONIA TECHNOLOGY CO.,LTD.",net_sales,FY2027,consensus,142900000000.0,jpy_abs,yfinance,2026-08-27
6507,"SINFONIA TECHNOLOGY CO.,LTD.",operating_profit,FY2027,company,21000000000.0,jpy_abs,jquants,2026-05-14
6507,"SINFONIA TECHNOLOGY CO.,LTD.",ordinary_profit,FY2027,company,21000000000.0,jpy_abs,jquants,2026-05-14
6507,"SINFONIA TECHNOLOGY CO.,LTD.",eps,FY2028,consensus,682.8,jpy,yfinance,2026-08-27
6507,"SINFONIA TECHNOLOGY CO.,LTD.",net_sales,FY2028,consensus,163033333330.0,jpy_abs,yfinance,2026-08-27
6508,MEIDENSHA CORPORATION,dps,FY2026,actual,157.0,jpy,jquants,2026-05-14
6508,MEIDENSHA CORPORATION,eps,FY2026,actual,520.78,jpy,jquants,2026-05-14
6508,MEIDENSHA CORPORATION,net_profit,FY2026,actual,23625000000.0,jpy_abs,jquants,2026-05-14
6508,MEIDENSHA CORPORATION,net_sales,FY2026,actual,326194000000.0,jpy_abs,jquants,2026-05-14
6508,MEIDENSHA CORPORATION,operating_profit,FY2026,actual,27122000000.0,jpy_abs,jquants,2026-05-14
6508,MEIDENSHA CORPORATION,ordinary_profit,FY2026,actual,27889000000.0,jpy_abs,jquants,2026-05-14
6508,MEIDENSHA CORPORATION,eps,FY2027,company,484.96,jpy,jquants,2026-05-14
6508,MEIDENSHA CORPORATION,eps,FY2027,company_h1,61.72,jpy,jquants,2026-05-14
6508,MEIDENSHA CORPORATION,eps,FY2027,consensus,630.76434,jpy,yfinance,2026-08-27
6508,MEIDENSHA CORPORATION,net_profit,FY2027,company,22000000000.0,jpy_abs,jquants,2026-05-14
6508,MEIDENSHA CORPORATION,net_profit,FY2027,company_h1,2800000000.0,jpy_abs,jquants,2026-05-14
6508,MEIDENSHA CORPORATION,net_sales,FY2027,company,355000000000.0,jpy_abs,jquants,2026-05-14
6508,MEIDENSHA CORPORATION,net_sales,FY2027,company_h1,148000000000.0,jpy_abs,jquants,2026-05-14
6508,MEIDENSHA CORPORATION,net_sales,FY2027,consensus,370993600000.0,jpy_abs,yfinance,2026-08-27
6508,MEIDENSHA CORPORATION,operating_profit,FY2027,company,29000000000.0,jpy_abs,jquants,2026-05-14
6508,MEIDENSHA CORPORATION,operating_profit,FY2027,company_h1,4000000000.0,jpy_abs,jquants,2026-05-14
6508,MEIDENSHA CORPORATION,ordinary_profit,FY2027,company,29000000000.0,jpy_abs,jquants,2026-05-14
6508,MEIDENSHA CORPORATION,ordinary_profit,FY2027,company_h1,4000000000.0,jpy_abs,jquants,2026-05-14
6508,MEIDENSHA CORPORATION,eps,FY2028,consensus,654.3649,jpy,yfinance,2026-08-27
6508,MEIDENSHA CORPORATION,net_sales,FY2028,consensus,390307253330.0,jpy_abs,yfinance,2026-08-27
6526,Socionext Inc.,dps,FY2026,actual,50.0,jpy,jquants,2026-04-28
6526,Socionext Inc.,eps,FY2026,actual,49.74,jpy,jquants,2026-04-28
6526,Socionext Inc.,net_profit,FY2026,actual,8733000000.0,jpy_abs,jquants,2026-04-28
6526,Socionext Inc.,net_sales,FY2026,actual,200834000000.0,jpy_abs,jquants,2026-04-28
6526,Socionext Inc.,operating_profit,FY2026,actual,12354000000.0,jpy_abs,jquants,2026-04-28
6526,Socionext Inc.,ordinary_profit,FY2026,actual,11756000000.0,jpy_abs,jquants,2026-04-28
6526,Socionext Inc.,dps,FY2027,company,50.0,jpy,jquants,2026-04-28
6526,Socionext Inc.,eps,FY2027,company,57.05,jpy,jquants,2026-04-28
6526,Socionext Inc.,eps,FY2027,consensus,73.315,jpy,yfinance,2026-08-27
6526,Socionext Inc.,net_profit,FY2027,company,10000000000.0,jpy_abs,jquants,2026-04-28
6526,Socionext Inc.,net_sales,FY2027,company,215000000000.0,jpy_abs,jquants,2026-04-28
6526,Socionext Inc.,net_sales,FY2027,consensus,233184749880.0,jpy_abs,yfinance,2026-08-27
6526,Socionext Inc.,operating_profit,FY2027,company,14000000000.0,jpy_abs,jquants,2026-04-28
6526,Socionext Inc.,ordinary_profit,FY2027,company,14000000000.0,jpy_abs,jquants,2026-04-28
6526,Socionext Inc.,eps,FY2028,consensus,120.64424,jpy,yfinance,2026-08-27
6526,Socionext Inc.,net_sales,FY2028,consensus,274736942579.0,jpy_abs,yfinance,2026-08-27
6532,"BayCurrent,Inc.",dps,FY2026,actual,100.0,jpy,jquants,2026-04-14
6532,"BayCurrent,Inc.",eps,FY2026,actual,249.16,jpy,jquants,2026-04-14
6532,"BayCurrent,Inc.",net_profit,FY2026,actual,37840000000.0,jpy_abs,jquants,2026-04-14
6532,"BayCurrent,Inc.",net_sales,FY2026,actual,148332000000.0,jpy_abs,jquants,2026-04-14
6532,"BayCurrent,Inc.",operating_profit,FY2026,actual,50931000000.0,jpy_abs,jquants,2026-04-14
6532,"BayCurrent,Inc.",ordinary_profit,FY2026,actual,5785000000.0,jpy_abs,jquants,2026-04-14
6532,"BayCurrent,Inc.",dps,FY2027,company,130.0,jpy,jquants,2026-04-14
6532,"BayCurrent,Inc.",eps,FY2027,company,323.79,jpy,jquants,2026-04-14
6532,"BayCurrent,Inc.",eps,FY2027,consensus,324.7497,jpy,yfinance,2026-08-27
6532,"BayCurrent,Inc.",net_profit,FY2027,company,48100000000.0,jpy_abs,jquants,2026-04-14
6532,"BayCurrent,Inc.",net_sales,FY2027,company,190000000000.0,jpy_abs,jquants,2026-04-14
6532,"BayCurrent,Inc.",net_sales,FY2027,consensus,193119227160.0,jpy_abs,yfinance,2026-08-27
6532,"BayCurrent,Inc.",operating_profit,FY2027,company,64800000000.0,jpy_abs,jquants,2026-04-14
6532,"BayCurrent,Inc.",eps,FY2028,consensus,411.1116,jpy,yfinance,2026-08-27
6532,"BayCurrent,Inc.",net_sales,FY2028,consensus,238646375000.0,jpy_abs,yfinance,2026-08-27
6544,"JAPAN ELEVATOR SERVICE HOLDINGS CO.,LTD.",dps,FY2026,actual,21.0,jpy,jquants,2026-05-14
6544,"JAPAN ELEVATOR SERVICE HOLDINGS CO.,LTD.",eps,FY2026,actual,41.05,jpy,jquants,2026-05-14
6544,"JAPAN ELEVATOR SERVICE HOLDINGS CO.,LTD.",net_profit,FY2026,actual,7319000000.0,jpy_abs,jquants,2026-05-14
6544,"JAPAN ELEVATOR SERVICE HOLDINGS CO.,LTD.",net_sales,FY2026,actual,57601000000.0,jpy_abs,jquants,2026-05-14
6544,"JAPAN ELEVATOR SERVICE HOLDINGS CO.,LTD.",operating_profit,FY2026,actual,11010000000.0,jpy_abs,jquants,2026-05-14
6544,"JAPAN ELEVATOR SERVICE HOLDINGS CO.,LTD.",ordinary_profit,FY2026,actual,11006000000.0,jpy_abs,jquants,2026-05-14
6544,"JAPAN ELEVATOR SERVICE HOLDINGS CO.,LTD.",eps,FY2027,company,45.87,jpy,jquants,2026-05-14
6544,"JAPAN ELEVATOR SERVICE HOLDINGS CO.,LTD.",eps,FY2027,consensus,49.83708,jpy,yfinance,2026-08-27
6544,"JAPAN ELEVATOR SERVICE HOLDINGS CO.,LTD.",net_profit,FY2027,company,8200000000.0,jpy_abs,jquants,2026-05-14
6544,"JAPAN ELEVATOR SERVICE HOLDINGS CO.,LTD.",net_sales,FY2027,company,65000000000.0,jpy_abs,jquants,2026-05-14
6544,"JAPAN ELEVATOR SERVICE HOLDINGS CO.,LTD.",net_sales,FY2027,consensus,66278875000.0,jpy_abs,yfinance,2026-08-27
6544,"JAPAN ELEVATOR SERVICE HOLDINGS CO.,LTD.",operating_profit,FY2027,company,13000000000.0,jpy_abs,jquants,2026-05-14
6544,"JAPAN ELEVATOR SERVICE HOLDINGS CO.,LTD.",ordinary_profit,FY2027,company,13000000000.0,jpy_abs,jquants,2026-05-14
6544,"JAPAN ELEVATOR SERVICE HOLDINGS CO.,LTD.",eps,FY2028,consensus,60.32432,jpy,yfinance,2026-08-27
6544,"JAPAN ELEVATOR SERVICE HOLDINGS CO.,LTD.",net_sales,FY2028,consensus,75406750000.0,jpy_abs,yfinance,2026-08-27
6586,Makita Corporation,dps,FY2026,actual,150.0,jpy,jquants,2026-04-28
6586,Makita Corporation,eps,FY2026,actual,299.95,jpy,jquants,2026-04-28
6586,Makita Corporation,net_profit,FY2026,actual,79414000000.0,jpy_abs,jquants,2026-04-28
6586,Makita Corporation,net_sales,FY2026,actual,777600000000.0,jpy_abs,jquants,2026-04-28
6586,Makita Corporation,operating_profit,FY2026,actual,104705000000.0,jpy_abs,jquants,2026-04-28
6586,Makita Corporation,ordinary_profit,FY2026,actual,75208000000.0,jpy_abs,jquants,2026-04-28
6586,Makita Corporation,dps,FY2027,company,79.0,jpy,jquants,2026-04-28
6586,Makita Corporation,eps,FY2027,company,313.45,jpy,jquants,2026-04-28
6586,Makita Corporation,eps,FY2027,consensus,322.30118,jpy,yfinance,2026-08-27
6586,Makita Corporation,net_profit,FY2027,company,81000000000.0,jpy_abs,jquants,2026-04-28
6586,Makita Corporation,net_sales,FY2027,company,820000000000.0,jpy_abs,jquants,2026-04-28
6586,Makita Corporation,net_sales,FY2027,consensus,828875725230.0,jpy_abs,yfinance,2026-08-27
6586,Makita Corporation,operating_profit,FY2027,company,110000000000.0,jpy_abs,jquants,2026-04-28
6586,Makita Corporation,eps,FY2028,consensus,336.7055,jpy,yfinance,2026-08-27
6586,Makita Corporation,net_sales,FY2028,consensus,865616707630.0,jpy_abs,yfinance,2026-08-27
6590,SHIBAURA MECHATRONICS CORPORATION,dps,FY2026,actual,3944000000.0,jpy,jquants,2026-05-13
6590,SHIBAURA MECHATRONICS CORPORATION,eps,FY2026,actual,170.28,jpy,jquants,2026-05-13
6590,SHIBAURA MECHATRONICS CORPORATION,net_profit,FY2026,actual,11173000000.0,jpy_abs,jquants,2026-05-13
6590,SHIBAURA MECHATRONICS CORPORATION,net_sales,FY2026,actual,88039000000.0,jpy_abs,jquants,2026-05-13
6590,SHIBAURA MECHATRONICS CORPORATION,operating_profit,FY2026,actual,15262000000.0,jpy_abs,jquants,2026-05-13
6590,SHIBAURA MECHATRONICS CORPORATION,ordinary_profit,FY2026,actual,14900000000.0,jpy_abs,jquants,2026-05-13
6590,SHIBAURA MECHATRONICS CORPORATION,dps,FY2027,company,64.0,jpy,jquants,2026-05-13
6590,SHIBAURA MECHATRONICS CORPORATION,eps,FY2027,company,181.29,jpy,jquants,2026-05-13
6590,SHIBAURA MECHATRONICS CORPORATION,eps,FY2027,consensus,231.26666,jpy,yfinance,2026-08-27
6590,SHIBAURA MECHATRONICS CORPORATION,net_profit,FY2027,company,11900000000.0,jpy_abs,jquants,2026-05-13
6590,SHIBAURA MECHATRONICS CORPORATION,net_sales,FY2027,company,99000000000.0,jpy_abs,jquants,2026-05-13
6590,SHIBAURA MECHATRONICS CORPORATION,net_sales,FY2027,consensus,108773333330.0,jpy_abs,yfinance,2026-08-27
6590,SHIBAURA MECHATRONICS CORPORATION,operating_profit,FY2027,company,16000000000.0,jpy_abs,jquants,2026-05-13
6590,SHIBAURA MECHATRONICS CORPORATION,ordinary_profit,FY2027,company,15700000000.0,jpy_abs,jquants,2026-05-13
6590,SHIBAURA MECHATRONICS CORPORATION,eps,FY2028,consensus,304.63333,jpy,yfinance,2026-08-27
6590,SHIBAURA MECHATRONICS CORPORATION,net_sales,FY2028,consensus,126964666670.0,jpy_abs,yfinance,2026-08-27
6632,JVCKENWOOD Corporation,dps,FY2026,actual,18.0,jpy,jquants,2026-05-01
6632,JVCKENWOOD Corporation,eps,FY2026,actual,115.21,jpy,jquants,2026-05-01
6632,JVCKENWOOD Corporation,net_profit,FY2026,actual,16787000000.0,jpy_abs,jquants,2026-05-01
6632,JVCKENWOOD Corporation,net_sales,FY2026,actual,356865000000.0,jpy_abs,jquants,2026-05-01
6632,JVCKENWOOD Corporation,operating_profit,FY2026,actual,20540000000.0,jpy_abs,jquants,2026-05-01
6632,JVCKENWOOD Corporation,ordinary_profit,FY2026,actual,5317000000.0,jpy_abs,jquants,2026-05-01
6632,JVCKENWOOD Corporation,dps,FY2027,company,20.0,jpy,jquants,2026-05-01
6632,JVCKENWOOD Corporation,eps,FY2027,company,106.13,jpy,jquants,2026-05-01
6632,JVCKENWOOD Corporation,eps,FY2027,consensus,109.3,jpy,yfinance,2026-08-27
6632,JVCKENWOOD Corporation,net_profit,FY2027,company,15000000000.0,jpy_abs,jquants,2026-05-01
6632,JVCKENWOOD Corporation,net_sales,FY2027,company,364000000000.0,jpy_abs,jquants,2026-05-01
6632,JVCKENWOOD Corporation,net_sales,FY2027,consensus,369150000000.0,jpy_abs,yfinance,2026-08-27
6632,JVCKENWOOD Corporation,operating_profit,FY2027,company,20600000000.0,jpy_abs,jquants,2026-05-01
6632,JVCKENWOOD Corporation,eps,FY2028,consensus,128.875,jpy,yfinance,2026-08-27
6632,JVCKENWOOD Corporation,net_sales,FY2028,consensus,377950000000.0,jpy_abs,yfinance,2026-08-27
6674,GS Yuasa Corporation,dps,FY2026,actual,90.0,jpy,jquants,2026-05-13
6674,GS Yuasa Corporation,eps,FY2026,actual,417.33,jpy,jquants,2026-05-13
6674,GS Yuasa Corporation,net_profit,FY2026,actual,41863000000.0,jpy_abs,jquants,2026-05-13
6674,GS Yuasa Corporation,net_sales,FY2026,actual,608995000000.0,jpy_abs,jquants,2026-05-13
6674,GS Yuasa Corporation,operating_profit,FY2026,actual,60172000000.0,jpy_abs,jquants,2026-05-13
6674,GS Yuasa Corporation,ordinary_profit,FY2026,actual,58229000000.0,jpy_abs,jquants,2026-05-13
6674,GS Yuasa Corporation,dps,FY2027,company,98.0,jpy,jquants,2026-05-13
6674,GS Yuasa Corporation,eps,FY2027,company,358.88,jpy,jquants,2026-05-13
6674,GS Yuasa Corporation,eps,FY2027,company_h1,89.72,jpy,jquants,2026-05-13
6674,GS Yuasa Corporation,eps,FY2027,consensus,437.09,jpy,yfinance,2026-08-27
6674,GS Yuasa Corporation,net_profit,FY2027,company,36000000000.0,jpy_abs,jquants,2026-05-13
6674,GS Yuasa Corporation,net_profit,FY2027,company_h1,9000000000.0,jpy_abs,jquants,2026-05-13
6674,GS Yuasa Corporation,net_sales,FY2027,company,660000000000.0,jpy_abs,jquants,2026-05-13
6674,GS Yuasa Corporation,net_sales,FY2027,company_h1,309000000000.0,jpy_abs,jquants,2026-05-13
6674,GS Yuasa Corporation,net_sales,FY2027,consensus,672466666670.0,jpy_abs,yfinance,2026-08-27
6674,GS Yuasa Corporation,operating_profit,FY2027,company,60000000000.0,jpy_abs,jquants,2026-05-13
6674,GS Yuasa Corporation,operating_profit,FY2027,company_h1,19000000000.0,jpy_abs,jquants,2026-05-13
6674,GS Yuasa Corporation,ordinary_profit,FY2027,company,56000000000.0,jpy_abs,jquants,2026-05-13
6674,GS Yuasa Corporation,ordinary_profit,FY2027,company_h1,16000000000.0,jpy_abs,jquants,2026-05-13
6674,GS Yuasa Corporation,eps,FY2028,consensus,451.15845,jpy,yfinance,2026-08-27
6674,GS Yuasa Corporation,net_sales,FY2028,consensus,686444444440.0,jpy_abs,yfinance,2026-08-27
6701,NEC Corporation,dps,FY2026,actual,38.0,jpy,jquants,2026-04-28
6701,NEC Corporation,eps,FY2026,actual,202.95,jpy,jquants,2026-04-28
6701,NEC Corporation,net_profit,FY2026,actual,270228000000.0,jpy_abs,jquants,2026-04-28
6701,NEC Corporation,net_sales,FY2026,actual,3582733000000.0,jpy_abs,jquants,2026-04-28
6701,NEC Corporation,operating_profit,FY2026,actual,359913000000.0,jpy_abs,jquants,2026-04-28
6701,NEC Corporation,ordinary_profit,FY2026,actual,258587000000.0,jpy_abs,jquants,2026-04-28
6701,NEC Corporation,dps,FY2027,company,40.0,jpy,jquants,2026-04-28
6701,NEC Corporation,eps,FY2027,consensus,230.34285,jpy,yfinance,2026-08-27
6701,NEC Corporation,net_sales,FY2027,company,3500000000000.0,jpy_abs,jquants,2026-04-28
6701,NEC Corporation,net_sales,FY2027,consensus,3795851548580.0,jpy_abs,yfinance,2026-08-27
6701,NEC Corporation,eps,FY2028,consensus,259.50824,jpy,yfinance,2026-08-27
6701,NEC Corporation,net_sales,FY2028,consensus,3985259246010.0,jpy_abs,yfinance,2026-08-27
6702,Fujitsu Limited,dps,FY2026,actual,50.0,jpy,jquants,2026-04-28
6702,Fujitsu Limited,eps,FY2026,actual,254.83,jpy,jquants,2026-04-28
6702,Fujitsu Limited,net_profit,FY2026,actual,449408000000.0,jpy_abs,jquants,2026-04-28
6702,Fujitsu Limited,net_sales,FY2026,actual,3502971000000.0,jpy_abs,jquants,2026-04-28
6702,Fujitsu Limited,operating_profit,FY2026,actual,348329000000.0,jpy_abs,jquants,2026-04-28
6702,Fujitsu Limited,ordinary_profit,FY2026,actual,275236000000.0,jpy_abs,jquants,2026-04-28
6702,Fujitsu Limited,dps,FY2027,company,55.0,jpy,jquants,2026-04-28
6702,Fujitsu Limited,eps,FY2027,company,182.43,jpy,jquants,2026-04-28
6702,Fujitsu Limited,eps,FY2027,consensus,177.20828,jpy,yfinance,2026-08-27
6702,Fujitsu Limited,net_profit,FY2027,company,310000000000.0,jpy_abs,jquants,2026-04-28
6702,Fujitsu Limited,net_sales,FY2027,company,3510000000000.0,jpy_abs,jquants,2026-04-28
6702,Fujitsu Limited,net_sales,FY2027,consensus,3541278125920.0,jpy_abs,yfinance,2026-08-27
6702,Fujitsu Limited,operating_profit,FY2027,company,415000000000.0,jpy_abs,jquants,2026-04-28
6702,Fujitsu Limited,eps,FY2028,consensus,209.75957,jpy,yfinance,2026-08-27
6702,Fujitsu Limited,net_sales,FY2028,consensus,3696670346670.0,jpy_abs,yfinance,2026-08-27
6703,"Oki Electric Industry Company,Limited",dps,FY2026,actual,65.0,jpy,jquants,2026-05-13
6703,"Oki Electric Industry Company,Limited",eps,FY2026,actual,247.99,jpy,jquants,2026-05-13
6703,"Oki Electric Industry Company,Limited",net_profit,FY2026,actual,21510000000.0,jpy_abs,jquants,2026-05-13
6703,"Oki Electric Industry Company,Limited",net_sales,FY2026,actual,421635000000.0,jpy_abs,jquants,2026-05-13
6703,"Oki Electric Industry Company,Limited",operating_profit,FY2026,actual,18844000000.0,jpy_abs,jquants,2026-05-13
6703,"Oki Electric Industry Company,Limited",ordinary_profit,FY2026,actual,20774000000.0,jpy_abs,jquants,2026-05-13
6703,"Oki Electric Industry Company,Limited",dps,FY2027,company,65.0,jpy,jquants,2026-05-13
6703,"Oki Electric Industry Company,Limited",eps,FY2027,company,207.52,jpy,jquants,2026-05-13
6703,"Oki Electric Industry Company,Limited",eps,FY2027,consensus,205.7,jpy,yfinance,2026-08-27
6703,"Oki Electric Industry Company,Limited",net_profit,FY2027,company,18000000000.0,jpy_abs,jquants,2026-05-13
6703,"Oki Electric Industry Company,Limited",net_sales,FY2027,company,440000000000.0,jpy_abs,jquants,2026-05-13
6703,"Oki Electric Industry Company,Limited",net_sales,FY2027,consensus,438455000000.0,jpy_abs,yfinance,2026-08-27
6703,"Oki Electric Industry Company,Limited",operating_profit,FY2027,company,22000000000.0,jpy_abs,jquants,2026-05-13
6703,"Oki Electric Industry Company,Limited",ordinary_profit,FY2027,company,22000000000.0,jpy_abs,jquants,2026-05-13
6703,"Oki Electric Industry Company,Limited",eps,FY2028,consensus,231.3,jpy,yfinance,2026-08-27
6703,"Oki Electric Industry Company,Limited",net_sales,FY2028,consensus,453431666670.0,jpy_abs,yfinance,2026-08-27
6723,Renesas Electronics Corporation,dps,FY2025,actual,28.0,jpy,jquants,2026-04-24
6723,Renesas Electronics Corporation,eps,FY2025,actual,-28.65,jpy,jquants,2026-04-24
6723,Renesas Electronics Corporation,net_profit,FY2025,actual,-51763000000.0,jpy_abs,jquants,2026-04-24
6723,Renesas Electronics Corporation,net_sales,FY2025,actual,1321212000000.0,jpy_abs,jquants,2026-04-24
6723,Renesas Electronics Corporation,operating_profit,FY2025,actual,201166000000.0,jpy_abs,jquants,2026-04-24
6723,Renesas Electronics Corporation,ordinary_profit,FY2025,actual,209492000000.0,jpy_abs,jquants,2026-04-24
6723,Renesas Electronics Corporation,eps,FY2026,consensus,241.0363,jpy,yfinance,2026-08-27
6723,Renesas Electronics Corporation,net_sales,FY2026,consensus,1657431909730.0,jpy_abs,yfinance,2026-08-27
6723,Renesas Electronics Corporation,eps,FY2027,consensus,279.76544,jpy,yfinance,2026-08-27
6723,Renesas Electronics Corporation,net_sales,FY2027,consensus,1792815535010.0,jpy_abs,yfinance,2026-08-27
6724,SEIKO EPSON CORPORATION,dps,FY2026,actual,74.0,jpy,jquants,2026-05-01
6724,SEIKO EPSON CORPORATION,eps,FY2026,actual,56.81,jpy,jquants,2026-05-01
6724,SEIKO EPSON CORPORATION,net_profit,FY2026,actual,18201000000.0,jpy_abs,jquants,2026-05-01
6724,SEIKO EPSON CORPORATION,net_sales,FY2026,actual,1413251000000.0,jpy_abs,jquants,2026-05-01
6724,SEIKO EPSON CORPORATION,operating_profit,FY2026,actual,49558000000.0,jpy_abs,jquants,2026-05-01
6724,SEIKO EPSON CORPORATION,ordinary_profit,FY2026,actual,-6507000000.0,jpy_abs,jquants,2026-05-01
6724,SEIKO EPSON CORPORATION,dps,FY2027,company,80.0,jpy,jquants,2026-05-01
6724,SEIKO EPSON CORPORATION,eps,FY2027,company,184.13,jpy,jquants,2026-05-01
6724,SEIKO EPSON CORPORATION,eps,FY2027,consensus,201.36736,jpy,yfinance,2026-08-27
6724,SEIKO EPSON CORPORATION,net_profit,FY2027,company,59000000000.0,jpy_abs,jquants,2026-05-01
6724,SEIKO EPSON CORPORATION,net_sales,FY2027,company,1450000000000.0,jpy_abs,jquants,2026-05-01
6724,SEIKO EPSON CORPORATION,net_sales,FY2027,consensus,1468771428570.0,jpy_abs,yfinance,2026-08-27
6724,SEIKO EPSON CORPORATION,operating_profit,FY2027,company,86000000000.0,jpy_abs,jquants,2026-05-01
6724,SEIKO EPSON CORPORATION,eps,FY2028,consensus,200.232,jpy,yfinance,2026-08-27
6724,SEIKO EPSON CORPORATION,net_sales,FY2028,consensus,1477500000000.0,jpy_abs,yfinance,2026-08-27
6728,"ULVAC, Inc.",dps,FY2025,actual,164.0,jpy,jquants,2026-05-12
6728,"ULVAC, Inc.",eps,FY2025,actual,338.74,jpy,jquants,2026-05-12
6728,"ULVAC, Inc.",net_profit,FY2025,actual,16687000000.0,jpy_abs,jquants,2026-05-12
6728,"ULVAC, Inc.",net_sales,FY2025,actual,251184000000.0,jpy_abs,jquants,2026-05-12
6728,"ULVAC, Inc.",operating_profit,FY2025,actual,26523000000.0,jpy_abs,jquants,2026-05-12
6728,"ULVAC, Inc.",ordinary_profit,FY2025,actual,28605000000.0,jpy_abs,jquants,2026-05-12
6728,"ULVAC, Inc.",dps,FY2026,company,152.0,jpy,jquants,2026-05-12
6728,"ULVAC, Inc.",eps,FY2026,company,375.97,jpy,jquants,2026-05-12
6728,"ULVAC, Inc.",eps,FY2026,company_h1,131.99,jpy,jquants,2026-05-12
6728,"ULVAC, Inc.",eps,FY2026,consensus,447.36328,jpy,yfinance,2026-08-27
6728,"ULVAC, Inc.",net_profit,FY2026,company,18500000000.0,jpy_abs,jquants,2026-05-12
6728,"ULVAC, Inc.",net_profit,FY2026,company_h1,6500000000.0,jpy_abs,jquants,2026-05-12
6728,"ULVAC, Inc.",net_sales,FY2026,company,260000000000.0,jpy_abs,jquants,2026-05-12
6728,"ULVAC, Inc.",net_sales,FY2026,company_h1,115500000000.0,jpy_abs,jquants,2026-05-12
6728,"ULVAC, Inc.",net_sales,FY2026,consensus,270897242180.0,jpy_abs,yfinance,2026-08-27
6728,"ULVAC, Inc.",operating_profit,FY2026,company,19000000000.0,jpy_abs,jquants,2026-05-12
6728,"ULVAC, Inc.",operating_profit,FY2026,company_h1,9000000000.0,jpy_abs,jquants,2026-05-12
6728,"ULVAC, Inc.",ordinary_profit,FY2026,company,19000000000.0,jpy_abs,jquants,2026-05-12
6728,"ULVAC, Inc.",ordinary_profit,FY2026,company_h1,9000000000.0,jpy_abs,jquants,2026-05-12
6728,"ULVAC, Inc.",eps,FY2027,consensus,536.148,jpy,yfinance,2026-08-27
6728,"ULVAC, Inc.",net_sales,FY2027,consensus,282865800000.0,jpy_abs,yfinance,2026-08-27
6752,Panasonic Holdings Corporation,dps,FY2026,actual,40.0,jpy,jquants,2026-05-12
6752,Panasonic Holdings Corporation,eps,FY2026,actual,81.19,jpy,jquants,2026-05-12
6752,Panasonic Holdings Corporation,net_profit,FY2026,actual,189540000000.0,jpy_abs,jquants,2026-05-12
6752,Panasonic Holdings Corporation,net_sales,FY2026,actual,8048722000000.0,jpy_abs,jquants,2026-05-12
6752,Panasonic Holdings Corporation,operating_profit,FY2026,actual,236407000000.0,jpy_abs,jquants,2026-05-12
6752,Panasonic Holdings Corporation,ordinary_profit,FY2026,actual,106269000000.0,jpy_abs,jquants,2026-05-12
6752,Panasonic Holdings Corporation,dps,FY2027,company,54.0,jpy,jquants,2026-05-12
6752,Panasonic Holdings Corporation,eps,FY2027,company,179.89,jpy,jquants,2026-05-12
6752,Panasonic Holdings Corporation,eps,FY2027,consensus,204.1046,jpy,yfinance,2026-08-27
6752,Panasonic Holdings Corporation,net_profit,FY2027,company,420000000000.0,jpy_abs,jquants,2026-05-12
6752,Panasonic Holdings Corporation,net_sales,FY2027,company,7600000000000.0,jpy_abs,jquants,2026-05-12
6752,Panasonic Holdings Corporation,net_sales,FY2027,consensus,7866064954380.0,jpy_abs,yfinance,2026-08-27
6752,Panasonic Holdings Corporation,operating_profit,FY2027,company,550000000000.0,jpy_abs,jquants,2026-05-12
6752,Panasonic Holdings Corporation,eps,FY2028,consensus,250.27562,jpy,yfinance,2026-08-27
6752,Panasonic Holdings Corporation,net_sales,FY2028,consensus,8344173396420.0,jpy_abs,yfinance,2026-08-27
6758,SONY GROUP CORPORATION,dps,FY2026,actual,25.0,jpy,jquants,2026-05-08
6758,SONY GROUP CORPORATION,eps,FY2026,actual,-54.7,jpy,jquants,2026-05-08
6758,SONY GROUP CORPORATION,net_profit,FY2026,actual,-326865000000.0,jpy_abs,jquants,2026-05-08
6758,SONY GROUP CORPORATION,net_sales,FY2026,actual,12479620000000.0,jpy_abs,jquants,2026-05-08
6758,SONY GROUP CORPORATION,operating_profit,FY2026,actual,1447507000000.0,jpy_abs,jquants,2026-05-08
6758,SONY GROUP CORPORATION,ordinary_profit,FY2026,actual,650743000000.0,jpy_abs,jquants,2026-05-08
6758,SONY GROUP CORPORATION,dps,FY2027,company,35.0,jpy,jquants,2026-05-08
6758,SONY GROUP CORPORATION,eps,FY2027,consensus,215.64381,jpy,yfinance,2026-08-27
6758,SONY GROUP CORPORATION,net_profit,FY2027,company,1160000000000.0,jpy_abs,jquants,2026-05-08
6758,SONY GROUP CORPORATION,net_sales,FY2027,company,12300000000000.0,jpy_abs,jquants,2026-05-08
6758,SONY GROUP CORPORATION,net_sales,FY2027,consensus,12864282260930.0,jpy_abs,yfinance,2026-08-27
6758,SONY GROUP CORPORATION,operating_profit,FY2027,company,1600000000000.0,jpy_abs,jquants,2026-05-08
6758,SONY GROUP CORPORATION,eps,FY2028,consensus,229.07758,jpy,yfinance,2026-08-27
6758,SONY GROUP CORPORATION,net_sales,FY2028,consensus,12812301181890.0,jpy_abs,yfinance,2026-08-27
6762,TDK Corporation,dps,FY2026,actual,36.0,jpy,jquants,2026-04-28
6762,TDK Corporation,eps,FY2026,actual,103.09,jpy,jquants,2026-04-28
6762,TDK Corporation,net_profit,FY2026,actual,195663000000.0,jpy_abs,jquants,2026-04-28
6762,TDK Corporation,net_sales,FY2026,actual,2504820000000.0,jpy_abs,jquants,2026-04-28
6762,TDK Corporation,operating_profit,FY2026,actual,272415000000.0,jpy_abs,jquants,2026-04-28
6762,TDK Corporation,ordinary_profit,FY2026,actual,110362000000.0,jpy_abs,jquants,2026-04-28
6762,TDK Corporation,dps,FY2027,company,40.0,jpy,jquants,2026-04-28
6762,TDK Corporation,eps,FY2027,company,118.54,jpy,jquants,2026-04-28
6762,TDK Corporation,eps,FY2027,consensus,130.68336,jpy,yfinance,2026-08-27
6762,TDK Corporation,net_profit,FY2027,company,225000000000.0,jpy_abs,jquants,2026-04-28
6762,TDK Corporation,net_sales,FY2027,company,2580000000000.0,jpy_abs,jquants,2026-04-28
6762,TDK Corporation,net_sales,FY2027,consensus,2834652582580.0,jpy_abs,yfinance,2026-08-27
6762,TDK Corporation,operating_profit,FY2027,company,295000000000.0,jpy_abs,jquants,2026-04-28
6762,TDK Corporation,eps,FY2028,consensus,152.91776,jpy,yfinance,2026-08-27
6762,TDK Corporation,net_sales,FY2028,consensus,3036115114980.0,jpy_abs,yfinance,2026-08-27
6787,"Meiko Electronics Co.,Ltd.",dps,FY2026,actual,115.0,jpy,jquants,2026-05-13
6787,"Meiko Electronics Co.,Ltd.",eps,FY2026,actual,758.59,jpy,jquants,2026-05-13
6787,"Meiko Electronics Co.,Ltd.",net_profit,FY2026,actual,19782000000.0,jpy_abs,jquants,2026-05-13
6787,"Meiko Electronics Co.,Ltd.",net_sales,FY2026,actual,240574000000.0,jpy_abs,jquants,2026-05-13
6787,"Meiko Electronics Co.,Ltd.",operating_profit,FY2026,actual,24572000000.0,jpy_abs,jquants,2026-05-13
6787,"Meiko Electronics Co.,Ltd.",ordinary_profit,FY2026,actual,26488000000.0,jpy_abs,jquants,2026-05-13
6787,"Meiko Electronics Co.,Ltd.",dps,FY2027,company,160.0,jpy,jquants,2026-05-13
6787,"Meiko Electronics Co.,Ltd.",eps,FY2027,company,1039.67,jpy,jquants,2026-05-13
6787,"Meiko Electronics Co.,Ltd.",eps,FY2027,consensus,1036.0,jpy,yfinance,2026-08-27
6787,"Meiko Electronics Co.,Ltd.",net_profit,FY2027,company,27000000000.0,jpy_abs,jquants,2026-05-13
6787,"Meiko Electronics Co.,Ltd.",net_sales,FY2027,company,320000000000.0,jpy_abs,jquants,2026-05-13
6787,"Meiko Electronics Co.,Ltd.",net_sales,FY2027,consensus,323650000000.0,jpy_abs,yfinance,2026-08-27
6787,"Meiko Electronics Co.,Ltd.",operating_profit,FY2027,company,38000000000.0,jpy_abs,jquants,2026-05-13
6787,"Meiko Electronics Co.,Ltd.",ordinary_profit,FY2027,company,35000000000.0,jpy_abs,jquants,2026-05-13
6787,"Meiko Electronics Co.,Ltd.",eps,FY2028,consensus,1416.29,jpy,yfinance,2026-08-27
6787,"Meiko Electronics Co.,Ltd.",net_sales,FY2028,consensus,399975000000.0,jpy_abs,yfinance,2026-08-27
6806,"HIROSE ELECTRIC CO.,LTD.",dps,FY2026,actual,505.0,jpy,jquants,2026-05-11
6806,"HIROSE ELECTRIC CO.,LTD.",eps,FY2026,actual,991.91,jpy,jquants,2026-05-11
6806,"HIROSE ELECTRIC CO.,LTD.",net_profit,FY2026,actual,33142000000.0,jpy_abs,jquants,2026-05-11
6806,"HIROSE ELECTRIC CO.,LTD.",net_sales,FY2026,actual,211264000000.0,jpy_abs,jquants,2026-05-11
6806,"HIROSE ELECTRIC CO.,LTD.",operating_profit,FY2026,actual,42995000000.0,jpy_abs,jquants,2026-05-11
6806,"HIROSE ELECTRIC CO.,LTD.",dps,FY2027,company,520.0,jpy,jquants,2026-05-11
6806,"HIROSE ELECTRIC CO.,LTD.",eps,FY2027,company,1039.08,jpy,jquants,2026-05-11
6806,"HIROSE ELECTRIC CO.,LTD.",eps,FY2027,company_h1,519.54,jpy,jquants,2026-05-11
6806,"HIROSE ELECTRIC CO.,LTD.",eps,FY2027,consensus,1171.329,jpy,yfinance,2026-08-27
6806,"HIROSE ELECTRIC CO.,LTD.",net_profit,FY2027,company,34000000000.0,jpy_abs,jquants,2026-05-11
6806,"HIROSE ELECTRIC CO.,LTD.",net_profit,FY2027,company_h1,17000000000.0,jpy_abs,jquants,2026-05-11
6806,"HIROSE ELECTRIC CO.,LTD.",net_sales,FY2027,company,230000000000.0,jpy_abs,jquants,2026-05-11
6806,"HIROSE ELECTRIC CO.,LTD.",net_sales,FY2027,company_h1,115000000000.0,jpy_abs,jquants,2026-05-11
6806,"HIROSE ELECTRIC CO.,LTD.",net_sales,FY2027,consensus,240338464910.0,jpy_abs,yfinance,2026-08-27
6806,"HIROSE ELECTRIC CO.,LTD.",operating_profit,FY2027,company,46000000000.0,jpy_abs,jquants,2026-05-11
6806,"HIROSE ELECTRIC CO.,LTD.",operating_profit,FY2027,company_h1,23000000000.0,jpy_abs,jquants,2026-05-11
6806,"HIROSE ELECTRIC CO.,LTD.",eps,FY2028,consensus,1359.7334,jpy,yfinance,2026-08-27
6806,"HIROSE ELECTRIC CO.,LTD.",net_sales,FY2028,consensus,260126008500.0,jpy_abs,yfinance,2026-08-27
6841,YOKOGAWA ELECTRIC CORPORATION,dps,FY2026,actual,78.0,jpy,jquants,2026-05-07
6841,YOKOGAWA ELECTRIC CORPORATION,eps,FY2026,actual,227.72,jpy,jquants,2026-05-07
6841,YOKOGAWA ELECTRIC CORPORATION,net_profit,FY2026,actual,58113000000.0,jpy_abs,jquants,2026-05-07
6841,YOKOGAWA ELECTRIC CORPORATION,net_sales,FY2026,actual,604829000000.0,jpy_abs,jquants,2026-05-07
6841,YOKOGAWA ELECTRIC CORPORATION,operating_profit,FY2026,actual,82555000000.0,jpy_abs,jquants,2026-05-07
6841,YOKOGAWA ELECTRIC CORPORATION,ordinary_profit,FY2026,actual,84259000000.0,jpy_abs,jquants,2026-05-07
6841,YOKOGAWA ELECTRIC CORPORATION,dps,FY2027,company,92.0,jpy,jquants,2026-05-07
6841,YOKOGAWA ELECTRIC CORPORATION,eps,FY2027,company,229.75,jpy,jquants,2026-05-07
6841,YOKOGAWA ELECTRIC CORPORATION,eps,FY2027,consensus,253.18803,jpy,yfinance,2026-08-27
6841,YOKOGAWA ELECTRIC CORPORATION,net_profit,FY2027,company,58500000000.0,jpy_abs,jquants,2026-05-07
6841,YOKOGAWA ELECTRIC CORPORATION,net_sales,FY2027,company,615000000000.0,jpy_abs,jquants,2026-05-07
6841,YOKOGAWA ELECTRIC CORPORATION,net_sales,FY2027,consensus,627428571430.0,jpy_abs,yfinance,2026-08-27
6841,YOKOGAWA ELECTRIC CORPORATION,operating_profit,FY2027,company,85000000000.0,jpy_abs,jquants,2026-05-07
6841,YOKOGAWA ELECTRIC CORPORATION,ordinary_profit,FY2027,company,85000000000.0,jpy_abs,jquants,2026-05-07
6841,YOKOGAWA ELECTRIC CORPORATION,eps,FY2028,consensus,291.38037,jpy,yfinance,2026-08-27
6841,YOKOGAWA ELECTRIC CORPORATION,net_sales,FY2028,consensus,676237500000.0,jpy_abs,yfinance,2026-08-27
6845,Azbil Corporation,dps,FY2026,actual,32.0,jpy,jquants,2026-05-13
6845,Azbil Corporation,eps,FY2026,actual,75.76,jpy,jquants,2026-05-13
6845,Azbil Corporation,net_profit,FY2026,actual,38565000000.0,jpy_abs,jquants,2026-05-13
6845,Azbil Corporation,net_sales,FY2026,actual,298930000000.0,jpy_abs,jquants,2026-05-13
6845,Azbil Corporation,operating_profit,FY2026,actual,47304000000.0,jpy_abs,jquants,2026-05-13
6845,Azbil Corporation,ordinary_profit,FY2026,actual,48760000000.0,jpy_abs,jquants,2026-05-13
6845,Azbil Corporation,dps,FY2027,company,50.0,jpy,jquants,2026-05-13
6845,Azbil Corporation,eps,FY2027,company,69.48,jpy,jquants,2026-05-13
6845,Azbil Corporation,eps,FY2027,company_h1,24.41,jpy,jquants,2026-05-13
6845,Azbil Corporation,eps,FY2027,consensus,74.55862,jpy,yfinance,2026-08-27
6845,Azbil Corporation,net_profit,FY2027,company,35300000000.0,jpy_abs,jquants,2026-05-13
6845,Azbil Corporation,net_profit,FY2027,company_h1,12400000000.0,jpy_abs,jquants,2026-05-13
6845,Azbil Corporation,net_sales,FY2027,company,315000000000.0,jpy_abs,jquants,2026-05-13
6845,Azbil Corporation,net_sales,FY2027,company_h1,139500000000.0,jpy_abs,jquants,2026-05-13
6845,Azbil Corporation,net_sales,FY2027,consensus,313461445000.0,jpy_abs,yfinance,2026-08-27
6845,Azbil Corporation,operating_profit,FY2027,company,49700000000.0,jpy_abs,jquants,2026-05-13
6845,Azbil Corporation,operating_profit,FY2027,company_h1,19100000000.0,jpy_abs,jquants,2026-05-13
6845,Azbil Corporation,eps,FY2028,consensus,78.81425,jpy,yfinance,2026-08-27
6845,Azbil Corporation,net_sales,FY2028,consensus,326638000000.0,jpy_abs,yfinance,2026-08-27
6856,"HORIBA,Ltd.",dps,FY2025,actual,450.0,jpy,jquants,2026-05-14
6856,"HORIBA,Ltd.",eps,FY2025,actual,883.5,jpy,jquants,2026-05-14
6856,"HORIBA,Ltd.",net_profit,FY2025,actual,37090000000.0,jpy_abs,jquants,2026-05-14
6856,"HORIBA,Ltd.",net_sales,FY2025,actual,333081000000.0,jpy_abs,jquants,2026-05-14
6856,"HORIBA,Ltd.",operating_profit,FY2025,actual,53040000000.0,jpy_abs,jquants,2026-05-14
6856,"HORIBA,Ltd.",ordinary_profit,FY2025,actual,54226000000.0,jpy_abs,jquants,2026-05-14
6856,"HORIBA,Ltd.",dps,FY2026,company,490.0,jpy,jquants,2026-05-14
6856,"HORIBA,Ltd.",eps,FY2026,company,1154.88,jpy,jquants,2026-05-14
6856,"HORIBA,Ltd.",eps,FY2026,company_h1,476.24,jpy,jquants,2026-05-14
6856,"HORIBA,Ltd.",eps,FY2026,consensus,1236.232,jpy,yfinance,2026-08-27
6856,"HORIBA,Ltd.",net_profit,FY2026,company,48500000000.0,jpy_abs,jquants,2026-05-14
6856,"HORIBA,Ltd.",net_profit,FY2026,company_h1,20000000000.0,jpy_abs,jquants,2026-05-14
6856,"HORIBA,Ltd.",net_sales,FY2026,company,373000000000.0,jpy_abs,jquants,2026-05-14
6856,"HORIBA,Ltd.",net_sales,FY2026,company_h1,167000000000.0,jpy_abs,jquants,2026-05-14
6856,"HORIBA,Ltd.",net_sales,FY2026,consensus,386156057140.0,jpy_abs,yfinance,2026-08-27
6856,"HORIBA,Ltd.",operating_profit,FY2026,company,68000000000.0,jpy_abs,jquants,2026-05-14
6856,"HORIBA,Ltd.",operating_profit,FY2026,company_h1,28000000000.0,jpy_abs,jquants,2026-05-14
6856,"HORIBA,Ltd.",ordinary_profit,FY2026,company,68500000000.0,jpy_abs,jquants,2026-05-14
6856,"HORIBA,Ltd.",ordinary_profit,FY2026,company_h1,28000000000.0,jpy_abs,jquants,2026-05-14
6856,"HORIBA,Ltd.",eps,FY2027,consensus,1486.144,jpy,yfinance,2026-08-27
6856,"HORIBA,Ltd.",net_sales,FY2027,consensus,430136128170.0,jpy_abs,yfinance,2026-08-27
6857,ADVANTEST CORPORATION,dps,FY2026,actual,59.0,jpy,jquants,2026-04-27
6857,ADVANTEST CORPORATION,eps,FY2026,actual,515.15,jpy,jquants,2026-04-27
6857,ADVANTEST CORPORATION,net_profit,FY2026,actual,375353000000.0,jpy_abs,jquants,2026-04-27
6857,ADVANTEST CORPORATION,net_sales,FY2026,actual,1128610000000.0,jpy_abs,jquants,2026-04-27
6857,ADVANTEST CORPORATION,operating_profit,FY2026,actual,499120000000.0,jpy_abs,jquants,2026-04-27
6857,ADVANTEST CORPORATION,ordinary_profit,FY2026,actual,425372000000.0,jpy_abs,jquants,2026-04-27
6857,ADVANTEST CORPORATION,eps,FY2027,company,641.61,jpy,jquants,2026-04-27
6857,ADVANTEST CORPORATION,eps,FY2027,consensus,916.5509,jpy,yfinance,2026-08-27
6857,ADVANTEST CORPORATION,net_profit,FY2027,company,465500000000.0,jpy_abs,jquants,2026-04-27
6857,ADVANTEST CORPORATION,net_sales,FY2027,company,1420000000000.0,jpy_abs,jquants,2026-04-27
6857,ADVANTEST CORPORATION,net_sales,FY2027,consensus,1757390034410.0,jpy_abs,yfinance,2026-08-27
6857,ADVANTEST CORPORATION,operating_profit,FY2027,company,627500000000.0,jpy_abs,jquants,2026-04-27
6857,ADVANTEST CORPORATION,eps,FY2028,consensus,1139.7559,jpy,yfinance,2026-08-27
6857,ADVANTEST CORPORATION,net_sales,FY2028,consensus,2164784904130.0,jpy_abs,yfinance,2026-08-27
6861,KEYENCE CORPORATION,dps,FY2026,actual,550.0,jpy,jquants,2026-04-24
6861,KEYENCE CORPORATION,eps,FY2026,actual,1835.63,jpy,jquants,2026-04-24
6861,KEYENCE CORPORATION,net_profit,FY2026,actual,445185000000.0,jpy_abs,jquants,2026-04-24
6861,KEYENCE CORPORATION,net_sales,FY2026,actual,1169289000000.0,jpy_abs,jquants,2026-04-24
6861,KEYENCE CORPORATION,operating_profit,FY2026,actual,595759000000.0,jpy_abs,jquants,2026-04-24
6861,KEYENCE CORPORATION,ordinary_profit,FY2026,actual,635756000000.0,jpy_abs,jquants,2026-04-24
6861,KEYENCE CORPORATION,dps,FY2027,company,550.0,jpy,jquants,2026-04-24
6861,KEYENCE CORPORATION,eps,FY2027,consensus,2329.1775,jpy,yfinance,2026-08-27
6861,KEYENCE CORPORATION,net_sales,FY2027,consensus,1448043894280.0,jpy_abs,yfinance,2026-08-27
6861,KEYENCE CORPORATION,eps,FY2028,consensus,2605.9534,jpy,yfinance,2026-08-27
6861,KEYENCE CORPORATION,net_sales,FY2028,consensus,1624003978710.0,jpy_abs,yfinance,2026-08-27
6869,SYSMEX CORPORATION,dps,FY2026,actual,38.0,jpy,jquants,2026-05-14
6869,SYSMEX CORPORATION,eps,FY2026,actual,56.89,jpy,jquants,2026-05-14
6869,SYSMEX CORPORATION,net_profit,FY2026,actual,35457000000.0,jpy_abs,jquants,2026-05-14
6869,SYSMEX CORPORATION,net_sales,FY2026,actual,500006000000.0,jpy_abs,jquants,2026-05-14
6869,SYSMEX CORPORATION,operating_profit,FY2026,actual,51831000000.0,jpy_abs,jquants,2026-05-14
6869,SYSMEX CORPORATION,ordinary_profit,FY2026,actual,41041000000.0,jpy_abs,jquants,2026-05-14
6869,SYSMEX CORPORATION,dps,FY2027,company,40.0,jpy,jquants,2026-05-14
6869,SYSMEX CORPORATION,eps,FY2027,company,57.93,jpy,jquants,2026-05-14
6869,SYSMEX CORPORATION,eps,FY2027,company_h1,22.53,jpy,jquants,2026-05-14
6869,SYSMEX CORPORATION,eps,FY2027,consensus,65.73231,jpy,yfinance,2026-08-27
6869,SYSMEX CORPORATION,net_profit,FY2027,company,36000000000.0,jpy_abs,jquants,2026-05-14
6869,SYSMEX CORPORATION,net_profit,FY2027,company_h1,14000000000.0,jpy_abs,jquants,2026-05-14
6869,SYSMEX CORPORATION,net_sales,FY2027,company,535000000000.0,jpy_abs,jquants,2026-05-14
6869,SYSMEX CORPORATION,net_sales,FY2027,company_h1,255000000000.0,jpy_abs,jquants,2026-05-14
6869,SYSMEX CORPORATION,net_sales,FY2027,consensus,544549870619.0,jpy_abs,yfinance,2026-08-27
6869,SYSMEX CORPORATION,operating_profit,FY2027,company,58000000000.0,jpy_abs,jquants,2026-05-14
6869,SYSMEX CORPORATION,operating_profit,FY2027,company_h1,23000000000.0,jpy_abs,jquants,2026-05-14
6869,SYSMEX CORPORATION,eps,FY2028,consensus,83.13967,jpy,yfinance,2026-08-27
6869,SYSMEX CORPORATION,net_sales,FY2028,consensus,571051217160.0,jpy_abs,yfinance,2026-08-27
6871,"MICRONICS JAPAN CO.,LTD.",dps,FY2025,actual,95.0,jpy,jquants,2026-05-13
6871,"MICRONICS JAPAN CO.,LTD.",eps,FY2025,actual,311.53,jpy,jquants,2026-05-13
6871,"MICRONICS JAPAN CO.,LTD.",net_profit,FY2025,actual,12063000000.0,jpy_abs,jquants,2026-05-13
6871,"MICRONICS JAPAN CO.,LTD.",net_sales,FY2025,actual,70173000000.0,jpy_abs,jquants,2026-05-13
6871,"MICRONICS JAPAN CO.,LTD.",operating_profit,FY2025,actual,16542000000.0,jpy_abs,jquants,2026-05-13
6871,"MICRONICS JAPAN CO.,LTD.",ordinary_profit,FY2025,actual,17100000000.0,jpy_abs,jquants,2026-05-13
6871,"MICRONICS JAPAN CO.,LTD.",eps,FY2026,company_h1,237.33,jpy,jquants,2026-05-13
6871,"MICRONICS JAPAN CO.,LTD.",eps,FY2026,consensus,615.7,jpy,yfinance,2026-08-27
6871,"MICRONICS JAPAN CO.,LTD.",net_profit,FY2026,company_h1,9200000000.0,jpy_abs,jquants,2026-05-13
6871,"MICRONICS JAPAN CO.,LTD.",net_sales,FY2026,company_h1,45700000000.0,jpy_abs,jquants,2026-05-13
6871,"MICRONICS JAPAN CO.,LTD.",net_sales,FY2026,consensus,104400000000.0,jpy_abs,yfinance,2026-08-27
6871,"MICRONICS JAPAN CO.,LTD.",operating_profit,FY2026,company_h1,12900000000.0,jpy_abs,jquants,2026-05-13
6871,"MICRONICS JAPAN CO.,LTD.",ordinary_profit,FY2026,company_h1,12700000000.0,jpy_abs,jquants,2026-05-13
6871,"MICRONICS JAPAN CO.,LTD.",eps,FY2027,consensus,654.9825,jpy,yfinance,2026-08-27
6871,"MICRONICS JAPAN CO.,LTD.",net_sales,FY2027,consensus,119750000000.0,jpy_abs,yfinance,2026-08-27
6902,DENSO CORPORATION,dps,FY2026,actual,67.0,jpy,jquants,2026-04-28
6902,DENSO CORPORATION,eps,FY2026,actual,162.96,jpy,jquants,2026-04-28
6902,DENSO CORPORATION,net_profit,FY2026,actual,443755000000.0,jpy_abs,jquants,2026-04-28
6902,DENSO CORPORATION,net_sales,FY2026,actual,7539975000000.0,jpy_abs,jquants,2026-04-28
6902,DENSO CORPORATION,operating_profit,FY2026,actual,552538000000.0,jpy_abs,jquants,2026-04-28
6902,DENSO CORPORATION,ordinary_profit,FY2026,actual,416832000000.0,jpy_abs,jquants,2026-04-28
6902,DENSO CORPORATION,dps,FY2027,company,74.0,jpy,jquants,2026-04-28
6902,DENSO CORPORATION,eps,FY2027,company,146.95,jpy,jquants,2026-04-28
6902,DENSO CORPORATION,eps,FY2027,consensus,157.44724,jpy,yfinance,2026-08-27
6902,DENSO CORPORATION,net_profit,FY2027,company,382000000000.0,jpy_abs,jquants,2026-04-28
6902,DENSO CORPORATION,net_sales,FY2027,company,7670000000000.0,jpy_abs,jquants,2026-04-28
6902,DENSO CORPORATION,net_sales,FY2027,consensus,7796605813230.0,jpy_abs,yfinance,2026-08-27
6902,DENSO CORPORATION,operating_profit,FY2027,company,500000000000.0,jpy_abs,jquants,2026-04-28
6902,DENSO CORPORATION,eps,FY2028,consensus,181.69661,jpy,yfinance,2026-08-27
6902,DENSO CORPORATION,net_sales,FY2028,consensus,8098366275850.0,jpy_abs,yfinance,2026-08-27
6920,Lasertec Corporation,dps,FY2025,actual,329.0,jpy,jquants,2026-04-30
6920,Lasertec Corporation,eps,FY2025,actual,938.61,jpy,jquants,2026-04-30
6920,Lasertec Corporation,net_profit,FY2025,actual,84652000000.0,jpy_abs,jquants,2026-04-30
6920,Lasertec Corporation,net_sales,FY2025,actual,251477000000.0,jpy_abs,jquants,2026-04-30
6920,Lasertec Corporation,operating_profit,FY2025,actual,122843000000.0,jpy_abs,jquants,2026-04-30
6920,Lasertec Corporation,ordinary_profit,FY2025,actual,119444000000.0,jpy_abs,jquants,2026-04-30
6920,Lasertec Corporation,dps,FY2026,company,329.0,jpy,jquants,2026-04-30
6920,Lasertec Corporation,eps,FY2026,company,801.89,jpy,jquants,2026-04-30
6920,Lasertec Corporation,eps,FY2026,consensus,1114.8737,jpy,yfinance,2026-08-27
6920,Lasertec Corporation,net_profit,FY2026,company,72000000000.0,jpy_abs,jquants,2026-04-30
6920,Lasertec Corporation,net_sales,FY2026,company,220000000000.0,jpy_abs,jquants,2026-04-30
6920,Lasertec Corporation,net_sales,FY2026,consensus,295291397570.0,jpy_abs,yfinance,2026-08-27
6920,Lasertec Corporation,operating_profit,FY2026,company,100000000000.0,jpy_abs,jquants,2026-04-30
6920,Lasertec Corporation,ordinary_profit,FY2026,company,100000000000.0,jpy_abs,jquants,2026-04-30
6920,Lasertec Corporation,eps,FY2027,consensus,1475.6982,jpy,yfinance,2026-08-27
6920,Lasertec Corporation,net_sales,FY2027,consensus,377127330530.0,jpy_abs,yfinance,2026-08-27
6951,JEOL Ltd.,dps,FY2026,actual,132.0,jpy,jquants,2026-05-15
6951,JEOL Ltd.,eps,FY2026,actual,432.58,jpy,jquants,2026-05-15
6951,JEOL Ltd.,net_profit,FY2026,actual,22097000000.0,jpy_abs,jquants,2026-05-15
6951,JEOL Ltd.,net_sales,FY2026,actual,179353000000.0,jpy_abs,jquants,2026-05-15
6951,JEOL Ltd.,operating_profit,FY2026,actual,26017000000.0,jpy_abs,jquants,2026-05-15
6951,JEOL Ltd.,ordinary_profit,FY2026,actual,28610000000.0,jpy_abs,jquants,2026-05-15
6951,JEOL Ltd.,dps,FY2027,company,132.0,jpy,jquants,2026-05-15
6951,JEOL Ltd.,eps,FY2027,company,432.64,jpy,jquants,2026-05-15
6951,JEOL Ltd.,eps,FY2027,company_h1,85.31,jpy,jquants,2026-05-15
6951,JEOL Ltd.,eps,FY2027,consensus,428.08167,jpy,yfinance,2026-08-27
6951,JEOL Ltd.,net_profit,FY2027,company,21300000000.0,jpy_abs,jquants,2026-05-15
6951,JEOL Ltd.,net_profit,FY2027,company_h1,4200000000.0,jpy_abs,jquants,2026-05-15
6951,JEOL Ltd.,net_sales,FY2027,company,164000000000.0,jpy_abs,jquants,2026-05-15
6951,JEOL Ltd.,net_sales,FY2027,company_h1,63000000000.0,jpy_abs,jquants,2026-05-15
6951,JEOL Ltd.,net_sales,FY2027,consensus,169918890170.0,jpy_abs,yfinance,2026-08-27
6951,JEOL Ltd.,operating_profit,FY2027,company,26500000000.0,jpy_abs,jquants,2026-05-15
6951,JEOL Ltd.,operating_profit,FY2027,company_h1,6000000000.0,jpy_abs,jquants,2026-05-15
6951,JEOL Ltd.,ordinary_profit,FY2027,company,26200000000.0,jpy_abs,jquants,2026-05-15
6951,JEOL Ltd.,ordinary_profit,FY2027,company_h1,5700000000.0,jpy_abs,jquants,2026-05-15
6951,JEOL Ltd.,eps,FY2028,consensus,525.4038,jpy,yfinance,2026-08-27
6951,JEOL Ltd.,net_sales,FY2028,consensus,189510115660.0,jpy_abs,yfinance,2026-08-27
6954,FANUC CORPORATION,dps,FY2026,actual,107.09,jpy,jquants,2026-04-24
6954,FANUC CORPORATION,eps,FY2026,actual,178.47,jpy,jquants,2026-04-24
6954,FANUC CORPORATION,net_profit,FY2026,actual,166543000000.0,jpy_abs,jquants,2026-04-24
6954,FANUC CORPORATION,net_sales,FY2026,actual,857831000000.0,jpy_abs,jquants,2026-04-24
6954,FANUC CORPORATION,operating_profit,FY2026,actual,183763000000.0,jpy_abs,jquants,2026-04-24
6954,FANUC CORPORATION,ordinary_profit,FY2026,actual,227485000000.0,jpy_abs,jquants,2026-04-24
6954,FANUC CORPORATION,eps,FY2027,company,198.14,jpy,jquants,2026-04-24
6954,FANUC CORPORATION,eps,FY2027,company_h1,98.7,jpy,jquants,2026-04-24
6954,FANUC CORPORATION,eps,FY2027,consensus,219.9166,jpy,yfinance,2026-08-27
6954,FANUC CORPORATION,net_profit,FY2027,company,184900000000.0,jpy_abs,jquants,2026-04-24
6954,FANUC CORPORATION,net_profit,FY2027,company_h1,92100000000.0,jpy_abs,jquants,2026-04-24
6954,FANUC CORPORATION,net_sales,FY2027,company,909600000000.0,jpy_abs,jquants,2026-04-24
6954,FANUC CORPORATION,net_sales,FY2027,company_h1,444200000000.0,jpy_abs,jquants,2026-04-24
6954,FANUC CORPORATION,net_sales,FY2027,consensus,963963029210.0,jpy_abs,yfinance,2026-08-27
6954,FANUC CORPORATION,operating_profit,FY2027,company,212200000000.0,jpy_abs,jquants,2026-04-24
6954,FANUC CORPORATION,operating_profit,FY2027,company_h1,100400000000.0,jpy_abs,jquants,2026-04-24
6954,FANUC CORPORATION,ordinary_profit,FY2027,company,257000000000.0,jpy_abs,jquants,2026-04-24
6954,FANUC CORPORATION,ordinary_profit,FY2027,company_h1,127400000000.0,jpy_abs,jquants,2026-04-24
6954,FANUC CORPORATION,eps,FY2028,consensus,236.1367,jpy,yfinance,2026-08-27
6954,FANUC CORPORATION,net_sales,FY2028,consensus,1023505183680.0,jpy_abs,yfinance,2026-08-27
6960,"FUKUDA DENSHI CO.,LTD.",dps,FY2026,actual,230.0,jpy,jquants,2026-05-15
6960,"FUKUDA DENSHI CO.,LTD.",eps,FY2026,actual,683.41,jpy,jquants,2026-05-15
6960,"FUKUDA DENSHI CO.,LTD.",net_profit,FY2026,actual,18790000000.0,jpy_abs,jquants,2026-05-15
6960,"FUKUDA DENSHI CO.,LTD.",net_sales,FY2026,actual,139697000000.0,jpy_abs,jquants,2026-05-15
6960,"FUKUDA DENSHI CO.,LTD.",operating_profit,FY2026,actual,26608000000.0,jpy_abs,jquants,2026-05-15
6960,"FUKUDA DENSHI CO.,LTD.",ordinary_profit,FY2026,actual,27341000000.0,jpy_abs,jquants,2026-05-15
6960,"FUKUDA DENSHI CO.,LTD.",dps,FY2027,company,230.0,jpy,jquants,2026-05-15
6960,"FUKUDA DENSHI CO.,LTD.",eps,FY2027,company,655.17,jpy,jquants,2026-05-15
6960,"FUKUDA DENSHI CO.,LTD.",eps,FY2027,consensus,647.8,jpy,yfinance,2026-08-27
6960,"FUKUDA DENSHI CO.,LTD.",net_profit,FY2027,company,17700000000.0,jpy_abs,jquants,2026-05-15
6960,"FUKUDA DENSHI CO.,LTD.",net_sales,FY2027,company,142000000000.0,jpy_abs,jquants,2026-05-15
6960,"FUKUDA DENSHI CO.,LTD.",net_sales,FY2027,consensus,141600000000.0,jpy_abs,yfinance,2026-08-27
6960,"FUKUDA DENSHI CO.,LTD.",operating_profit,FY2027,company,25500000000.0,jpy_abs,jquants,2026-05-15
6960,"FUKUDA DENSHI CO.,LTD.",ordinary_profit,FY2027,company,25500000000.0,jpy_abs,jquants,2026-05-15
6960,"FUKUDA DENSHI CO.,LTD.",eps,FY2028,consensus,696.3,jpy,yfinance,2026-08-27
6960,"FUKUDA DENSHI CO.,LTD.",net_sales,FY2028,consensus,147000000000.0,jpy_abs,yfinance,2026-08-27
6965,HAMAMATSU PHOTONICS K.K.,dps,FY2025,actual,38.0,jpy,jquants,2026-05-14
6965,HAMAMATSU PHOTONICS K.K.,eps,FY2025,actual,47.32,jpy,jquants,2026-05-14
6965,HAMAMATSU PHOTONICS K.K.,net_profit,FY2025,actual,14203000000.0,jpy_abs,jquants,2026-05-14
6965,HAMAMATSU PHOTONICS K.K.,net_sales,FY2025,actual,212051000000.0,jpy_abs,jquants,2026-05-14
6965,HAMAMATSU PHOTONICS K.K.,operating_profit,FY2025,actual,16163000000.0,jpy_abs,jquants,2026-05-14
6965,HAMAMATSU PHOTONICS K.K.,ordinary_profit,FY2025,actual,18802000000.0,jpy_abs,jquants,2026-05-14
6965,HAMAMATSU PHOTONICS K.K.,dps,FY2026,company,38.0,jpy,jquants,2026-05-14
6965,HAMAMATSU PHOTONICS K.K.,eps,FY2026,company,56.33,jpy,jquants,2026-05-14
6965,HAMAMATSU PHOTONICS K.K.,eps,FY2026,consensus,54.02,jpy,yfinance,2026-08-27
6965,HAMAMATSU PHOTONICS K.K.,net_profit,FY2026,company,16400000000.0,jpy_abs,jquants,2026-05-14
6965,HAMAMATSU PHOTONICS K.K.,net_sales,FY2026,company,232000000000.0,jpy_abs,jquants,2026-05-14
6965,HAMAMATSU PHOTONICS K.K.,net_sales,FY2026,consensus,229191558230.0,jpy_abs,yfinance,2026-08-27
6965,HAMAMATSU PHOTONICS K.K.,operating_profit,FY2026,company,20000000000.0,jpy_abs,jquants,2026-05-14
6965,HAMAMATSU PHOTONICS K.K.,ordinary_profit,FY2026,company,23500000000.0,jpy_abs,jquants,2026-05-14
6965,HAMAMATSU PHOTONICS K.K.,eps,FY2027,consensus,65.49143,jpy,yfinance,2026-08-27
6965,HAMAMATSU PHOTONICS K.K.,net_sales,FY2027,consensus,246619435460.0,jpy_abs,yfinance,2026-08-27
6981,"Murata Manufacturing Co.,Ltd.",dps,FY2026,actual,65.0,jpy,jquants,2026-04-30
6981,"Murata Manufacturing Co.,Ltd.",eps,FY2026,actual,127.66,jpy,jquants,2026-04-30
6981,"Murata Manufacturing Co.,Ltd.",net_profit,FY2026,actual,233920000000.0,jpy_abs,jquants,2026-04-30
6981,"Murata Manufacturing Co.,Ltd.",net_sales,FY2026,actual,1830856000000.0,jpy_abs,jquants,2026-04-30
6981,"Murata Manufacturing Co.,Ltd.",operating_profit,FY2026,actual,281835000000.0,jpy_abs,jquants,2026-04-30
6981,"Murata Manufacturing Co.,Ltd.",ordinary_profit,FY2026,actual,347006000000.0,jpy_abs,jquants,2026-04-30
6981,"Murata Manufacturing Co.,Ltd.",dps,FY2027,company,70.0,jpy,jquants,2026-04-30
6981,"Murata Manufacturing Co.,Ltd.",eps,FY2027,company,160.96,jpy,jquants,2026-04-30
6981,"Murata Manufacturing Co.,Ltd.",eps,FY2027,company_h1,75.26,jpy,jquants,2026-04-30
6981,"Murata Manufacturing Co.,Ltd.",eps,FY2027,consensus,193.29683,jpy,yfinance,2026-08-27
6981,"Murata Manufacturing Co.,Ltd.",net_profit,FY2027,company,293000000000.0,jpy_abs,jquants,2026-04-30
6981,"Murata Manufacturing Co.,Ltd.",net_profit,FY2027,company_h1,137000000000.0,jpy_abs,jquants,2026-04-30
6981,"Murata Manufacturing Co.,Ltd.",net_sales,FY2027,company,1960000000000.0,jpy_abs,jquants,2026-04-30
6981,"Murata Manufacturing Co.,Ltd.",net_sales,FY2027,company_h1,960000000000.0,jpy_abs,jquants,2026-04-30
6981,"Murata Manufacturing Co.,Ltd.",net_sales,FY2027,consensus,2080600585460.0,jpy_abs,yfinance,2026-08-27
6981,"Murata Manufacturing Co.,Ltd.",operating_profit,FY2027,company,380000000000.0,jpy_abs,jquants,2026-04-30
6981,"Murata Manufacturing Co.,Ltd.",operating_profit,FY2027,company_h1,177000000000.0,jpy_abs,jquants,2026-04-30
6981,"Murata Manufacturing Co.,Ltd.",eps,FY2028,consensus,270.86325,jpy,yfinance,2026-08-27
6981,"Murata Manufacturing Co.,Ltd.",net_sales,FY2028,consensus,2409393392720.0,jpy_abs,yfinance,2026-08-27
6988,NITTO DENKO CORPORATION,dps,FY2026,actual,60.0,jpy,jquants,2026-04-27
6988,NITTO DENKO CORPORATION,eps,FY2026,actual,197.2,jpy,jquants,2026-04-27
6988,NITTO DENKO CORPORATION,net_profit,FY2026,actual,133498000000.0,jpy_abs,jquants,2026-04-27
6988,NITTO DENKO CORPORATION,net_sales,FY2026,actual,1028171000000.0,jpy_abs,jquants,2026-04-27
6988,NITTO DENKO CORPORATION,operating_profit,FY2026,actual,183615000000.0,jpy_abs,jquants,2026-04-27
6988,NITTO DENKO CORPORATION,ordinary_profit,FY2026,actual,125083000000.0,jpy_abs,jquants,2026-04-27
6988,NITTO DENKO CORPORATION,dps,FY2027,company,64.0,jpy,jquants,2026-04-27
6988,NITTO DENKO CORPORATION,eps,FY2027,company,209.3,jpy,jquants,2026-04-27
6988,NITTO DENKO CORPORATION,eps,FY2027,company_h1,105.39,jpy,jquants,2026-04-27
6988,NITTO DENKO CORPORATION,eps,FY2027,consensus,217.48128,jpy,yfinance,2026-08-27
6988,NITTO DENKO CORPORATION,net_profit,FY2027,company,141000000000.0,jpy_abs,jquants,2026-04-27
6988,NITTO DENKO CORPORATION,net_profit,FY2027,company_h1,71000000000.0,jpy_abs,jquants,2026-04-27
6988,NITTO DENKO CORPORATION,net_sales,FY2027,company,1065000000000.0,jpy_abs,jquants,2026-04-27
6988,NITTO DENKO CORPORATION,net_sales,FY2027,company_h1,527500000000.0,jpy_abs,jquants,2026-04-27
6988,NITTO DENKO CORPORATION,net_sales,FY2027,consensus,1098770000000.0,jpy_abs,yfinance,2026-08-27
6988,NITTO DENKO CORPORATION,operating_profit,FY2027,company,193000000000.0,jpy_abs,jquants,2026-04-27
6988,NITTO DENKO CORPORATION,operating_profit,FY2027,company_h1,97000000000.0,jpy_abs,jquants,2026-04-27
6988,NITTO DENKO CORPORATION,eps,FY2028,consensus,233.74426,jpy,yfinance,2026-08-27
6988,NITTO DENKO CORPORATION,net_sales,FY2028,consensus,1141587272730.0,jpy_abs,yfinance,2026-08-27
7003,"MITSUI E&S Co.,Ltd.",dps,FY2026,actual,57.0,jpy,jquants,2026-05-14
7003,"MITSUI E&S Co.,Ltd.",eps,FY2026,actual,381.15,jpy,jquants,2026-05-14
7003,"MITSUI E&S Co.,Ltd.",net_profit,FY2026,actual,38456000000.0,jpy_abs,jquants,2026-05-14
7003,"MITSUI E&S Co.,Ltd.",net_sales,FY2026,actual,353196000000.0,jpy_abs,jquants,2026-05-14
7003,"MITSUI E&S Co.,Ltd.",operating_profit,FY2026,actual,37641000000.0,jpy_abs,jquants,2026-05-14
7003,"MITSUI E&S Co.,Ltd.",ordinary_profit,FY2026,actual,44892000000.0,jpy_abs,jquants,2026-05-14
7003,"MITSUI E&S Co.,Ltd.",dps,FY2027,company,60.0,jpy,jquants,2026-05-14
7003,"MITSUI E&S Co.,Ltd.",eps,FY2027,company,297.33,jpy,jquants,2026-05-14
7003,"MITSUI E&S Co.,Ltd.",eps,FY2027,consensus,358.6625,jpy,yfinance,2026-08-27
7003,"MITSUI E&S Co.,Ltd.",net_profit,FY2027,company,30000000000.0,jpy_abs,jquants,2026-05-14
7003,"MITSUI E&S Co.,Ltd.",net_sales,FY2027,company,370000000000.0,jpy_abs,jquants,2026-05-14
7003,"MITSUI E&S Co.,Ltd.",net_sales,FY2027,consensus,377617259900.0,jpy_abs,yfinance,2026-08-27
7003,"MITSUI E&S Co.,Ltd.",operating_profit,FY2027,company,32000000000.0,jpy_abs,jquants,2026-05-14
7003,"MITSUI E&S Co.,Ltd.",ordinary_profit,FY2027,company,37000000000.0,jpy_abs,jquants,2026-05-14
7003,"MITSUI E&S Co.,Ltd.",eps,FY2028,consensus,371.295,jpy,yfinance,2026-08-27
7003,"MITSUI E&S Co.,Ltd.",net_sales,FY2028,consensus,398701711280.0,jpy_abs,yfinance,2026-08-27
7011,"Mitsubishi Heavy Industries,Ltd.",dps,FY2026,actual,25.0,jpy,jquants,2026-05-12
7011,"Mitsubishi Heavy Industries,Ltd.",eps,FY2026,actual,98.86,jpy,jquants,2026-05-12
7011,"Mitsubishi Heavy Industries,Ltd.",net_profit,FY2026,actual,332129000000.0,jpy_abs,jquants,2026-05-12
7011,"Mitsubishi Heavy Industries,Ltd.",net_sales,FY2026,actual,4974168000000.0,jpy_abs,jquants,2026-05-12
7011,"Mitsubishi Heavy Industries,Ltd.",ordinary_profit,FY2026,actual,293462000000.0,jpy_abs,jquants,2026-05-12
7011,"Mitsubishi Heavy Industries,Ltd.",dps,FY2027,company,29.0,jpy,jquants,2026-05-12
7011,"Mitsubishi Heavy Industries,Ltd.",eps,FY2027,company,113.09,jpy,jquants,2026-05-12
7011,"Mitsubishi Heavy Industries,Ltd.",eps,FY2027,consensus,128.56796,jpy,yfinance,2026-08-27
7011,"Mitsubishi Heavy Industries,Ltd.",net_profit,FY2027,company,380000000000.0,jpy_abs,jquants,2026-05-12
7011,"Mitsubishi Heavy Industries,Ltd.",net_sales,FY2027,company,5400000000000.0,jpy_abs,jquants,2026-05-12
7011,"Mitsubishi Heavy Industries,Ltd.",net_sales,FY2027,consensus,5582499154760.0,jpy_abs,yfinance,2026-08-27
7011,"Mitsubishi Heavy Industries,Ltd.",eps,FY2028,consensus,149.29364,jpy,yfinance,2026-08-27
7011,"Mitsubishi Heavy Industries,Ltd.",net_sales,FY2028,consensus,6035339411010.0,jpy_abs,yfinance,2026-08-27
7012,"Kawasaki Heavy Industries,Ltd.",dps,FY2026,actual,171.0,jpy,jquants,2026-05-12
7012,"Kawasaki Heavy Industries,Ltd.",eps,FY2026,actual,129.41,jpy,jquants,2026-05-12
7012,"Kawasaki Heavy Industries,Ltd.",net_profit,FY2026,actual,108157000000.0,jpy_abs,jquants,2026-05-12
7012,"Kawasaki Heavy Industries,Ltd.",net_sales,FY2026,actual,2311267000000.0,jpy_abs,jquants,2026-05-12
7012,"Kawasaki Heavy Industries,Ltd.",ordinary_profit,FY2026,actual,78632000000.0,jpy_abs,jquants,2026-05-12
7012,"Kawasaki Heavy Industries,Ltd.",dps,FY2027,company,40.0,jpy,jquants,2026-05-12
7012,"Kawasaki Heavy Industries,Ltd.",eps,FY2027,company,131.61,jpy,jquants,2026-05-12
7012,"Kawasaki Heavy Industries,Ltd.",eps,FY2027,consensus,139.38698,jpy,yfinance,2026-08-27
7012,"Kawasaki Heavy Industries,Ltd.",net_profit,FY2027,company,110000000000.0,jpy_abs,jquants,2026-05-12
7012,"Kawasaki Heavy Industries,Ltd.",net_sales,FY2027,company,2560000000000.0,jpy_abs,jquants,2026-05-12
7012,"Kawasaki Heavy Industries,Ltd.",net_sales,FY2027,consensus,2565856901670.0,jpy_abs,yfinance,2026-08-27
7012,"Kawasaki Heavy Industries,Ltd.",eps,FY2028,consensus,162.67513,jpy,yfinance,2026-08-27
7012,"Kawasaki Heavy Industries,Ltd.",net_sales,FY2028,consensus,2734829801620.0,jpy_abs,yfinance,2026-08-27
7013,IHI Corporation,dps,FY2026,actual,21278000000.0,jpy,jquants,2026-05-25
7013,IHI Corporation,eps,FY2026,actual,151.88,jpy,jquants,2026-05-25
7013,IHI Corporation,net_profit,FY2026,actual,160992000000.0,jpy_abs,jquants,2026-05-25
7013,IHI Corporation,net_sales,FY2026,actual,1643402000000.0,jpy_abs,jquants,2026-05-25
7013,IHI Corporation,operating_profit,FY2026,actual,165534000000.0,jpy_abs,jquants,2026-05-25
7013,IHI Corporation,ordinary_profit,FY2026,actual,115169000000.0,jpy_abs,jquants,2026-05-25
7013,IHI Corporation,dps,FY2027,company,23.0,jpy,jquants,2026-05-25
7013,IHI Corporation,eps,FY2027,company,155.09,jpy,jquants,2026-05-25
7013,IHI Corporation,eps,FY2027,consensus,172.68475,jpy,yfinance,2026-08-27
7013,IHI Corporation,net_profit,FY2027,company,165000000000.0,jpy_abs,jquants,2026-05-25
7013,IHI Corporation,net_sales,FY2027,company,1830000000000.0,jpy_abs,jquants,2026-05-25
7013,IHI Corporation,net_sales,FY2027,consensus,1848003955090.0,jpy_abs,yfinance,2026-08-27
7013,IHI Corporation,operating_profit,FY2027,company,240000000000.0,jpy_abs,jquants,2026-05-25
7013,IHI Corporation,eps,FY2028,consensus,149.62299,jpy,yfinance,2026-08-27
7013,IHI Corporation,net_sales,FY2028,consensus,1956256607500.0,jpy_abs,yfinance,2026-08-27
7014,"Namura Shipbuilding Co.,Ltd.",dps,FY2026,actual,50.0,jpy,jquants,2026-05-14
7014,"Namura Shipbuilding Co.,Ltd.",eps,FY2026,actual,310.92,jpy,jquants,2026-05-14
7014,"Namura Shipbuilding Co.,Ltd.",net_profit,FY2026,actual,21590000000.0,jpy_abs,jquants,2026-05-14
7014,"Namura Shipbuilding Co.,Ltd.",net_sales,FY2026,actual,159035000000.0,jpy_abs,jquants,2026-05-14
7014,"Namura Shipbuilding Co.,Ltd.",operating_profit,FY2026,actual,28085000000.0,jpy_abs,jquants,2026-05-14
7014,"Namura Shipbuilding Co.,Ltd.",ordinary_profit,FY2026,actual,29535000000.0,jpy_abs,jquants,2026-05-14
7014,"Namura Shipbuilding Co.,Ltd.",dps,FY2027,company,60.0,jpy,jquants,2026-05-14
7014,"Namura Shipbuilding Co.,Ltd.",eps,FY2027,company,316.83,jpy,jquants,2026-05-14
7014,"Namura Shipbuilding Co.,Ltd.",eps,FY2027,consensus,357.395,jpy,yfinance,2026-08-27
7014,"Namura Shipbuilding Co.,Ltd.",net_profit,FY2027,company,22000000000.0,jpy_abs,jquants,2026-05-14
7014,"Namura Shipbuilding Co.,Ltd.",net_sales,FY2027,company,170000000000.0,jpy_abs,jquants,2026-05-14
7014,"Namura Shipbuilding Co.,Ltd.",net_sales,FY2027,consensus,173053531520.0,jpy_abs,yfinance,2026-08-27
7014,"Namura Shipbuilding Co.,Ltd.",operating_profit,FY2027,company,29000000000.0,jpy_abs,jquants,2026-05-14
7014,"Namura Shipbuilding Co.,Ltd.",ordinary_profit,FY2027,company,30000000000.0,jpy_abs,jquants,2026-05-14
7014,"Namura Shipbuilding Co.,Ltd.",eps,FY2028,consensus,399.425,jpy,yfinance,2026-08-27
7014,"Namura Shipbuilding Co.,Ltd.",net_sales,FY2028,consensus,187915642620.0,jpy_abs,yfinance,2026-08-27
7148,"Financial Partners Group Co.,Ltd.",dps,FY2026,company,92.7,jpy,jquants,2026-04-28
7148,"Financial Partners Group Co.,Ltd.",eps,FY2026,company,185.27,jpy,jquants,2026-04-28
7148,"Financial Partners Group Co.,Ltd.",net_profit,FY2026,company,15513000000.0,jpy_abs,jquants,2026-04-28
7148,"Financial Partners Group Co.,Ltd.",net_sales,FY2026,company,82876000000.0,jpy_abs,jquants,2026-04-28
7148,"Financial Partners Group Co.,Ltd.",net_sales,FY2026,consensus,0.0,jpy_abs,yfinance,2026-08-27
7148,"Financial Partners Group Co.,Ltd.",operating_profit,FY2026,company,23157000000.0,jpy_abs,jquants,2026-04-28
7148,"Financial Partners Group Co.,Ltd.",ordinary_profit,FY2026,company,22860000000.0,jpy_abs,jquants,2026-04-28
7148,"Financial Partners Group Co.,Ltd.",net_sales,FY2027,consensus,0.0,jpy_abs,yfinance,2026-08-27
7164,"ZENKOKU HOSHO Co.,Ltd.",dps,FY2026,actual,120.0,jpy,jquants,2026-05-08
7164,"ZENKOKU HOSHO Co.,Ltd.",eps,FY2026,actual,243.7,jpy,jquants,2026-05-08
7164,"ZENKOKU HOSHO Co.,Ltd.",net_profit,FY2026,actual,32526000000.0,jpy_abs,jquants,2026-05-08
7164,"ZENKOKU HOSHO Co.,Ltd.",net_sales,FY2026,actual,58739000000.0,jpy_abs,jquants,2026-05-08
7164,"ZENKOKU HOSHO Co.,Ltd.",operating_profit,FY2026,actual,41382000000.0,jpy_abs,jquants,2026-05-08
7164,"ZENKOKU HOSHO Co.,Ltd.",ordinary_profit,FY2026,actual,46554000000.0,jpy_abs,jquants,2026-05-08
7164,"ZENKOKU HOSHO Co.,Ltd.",dps,FY2027,company,123.0,jpy,jquants,2026-05-08
7164,"ZENKOKU HOSHO Co.,Ltd.",eps,FY2027,company,246.12,jpy,jquants,2026-05-08
7164,"ZENKOKU HOSHO Co.,Ltd.",eps,FY2027,consensus,262.61465,jpy,yfinance,2026-08-27
7164,"ZENKOKU HOSHO Co.,Ltd.",net_profit,FY2027,company,32700000000.0,jpy_abs,jquants,2026-05-08
7164,"ZENKOKU HOSHO Co.,Ltd.",net_sales,FY2027,company,60600000000.0,jpy_abs,jquants,2026-05-08
7164,"ZENKOKU HOSHO Co.,Ltd.",net_sales,FY2027,consensus,60789666670.0,jpy_abs,yfinance,2026-08-27
7164,"ZENKOKU HOSHO Co.,Ltd.",operating_profit,FY2027,company,42000000000.0,jpy_abs,jquants,2026-05-08
7164,"ZENKOKU HOSHO Co.,Ltd.",ordinary_profit,FY2027,company,47200000000.0,jpy_abs,jquants,2026-05-08
7164,"ZENKOKU HOSHO Co.,Ltd.",eps,FY2028,consensus,284.51453,jpy,yfinance,2026-08-27
7164,"ZENKOKU HOSHO Co.,Ltd.",net_sales,FY2028,consensus,63000166670.0,jpy_abs,yfinance,2026-08-27
7167,"Mebuki Financial Group,Inc.",dps,FY2026,actual,28.0,jpy,jquants,2026-05-13
7167,"Mebuki Financial Group,Inc.",eps,FY2026,actual,89.03,jpy,jquants,2026-05-13
7167,"Mebuki Financial Group,Inc.",net_profit,FY2026,actual,84163000000.0,jpy_abs,jquants,2026-05-13
7167,"Mebuki Financial Group,Inc.",net_sales,FY2026,actual,443313000000.0,jpy_abs,jquants,2026-05-13
7167,"Mebuki Financial Group,Inc.",ordinary_profit,FY2026,actual,115668000000.0,jpy_abs,jquants,2026-05-13
7167,"Mebuki Financial Group,Inc.",dps,FY2027,company,40.0,jpy,jquants,2026-05-13
7167,"Mebuki Financial Group,Inc.",eps,FY2027,company,101.21,jpy,jquants,2026-05-13
7167,"Mebuki Financial Group,Inc.",eps,FY2027,company_h1,50.07,jpy,jquants,2026-05-13
7167,"Mebuki Financial Group,Inc.",eps,FY2027,consensus,114.7794,jpy,yfinance,2026-08-27
7167,"Mebuki Financial Group,Inc.",net_profit,FY2027,company,95000000000.0,jpy_abs,jquants,2026-05-13
7167,"Mebuki Financial Group,Inc.",net_profit,FY2027,company_h1,47000000000.0,jpy_abs,jquants,2026-05-13
7167,"Mebuki Financial Group,Inc.",net_sales,FY2027,consensus,484500000000.0,jpy_abs,yfinance,2026-08-27
7167,"Mebuki Financial Group,Inc.",ordinary_profit,FY2027,company,139000000000.0,jpy_abs,jquants,2026-05-13
7167,"Mebuki Financial Group,Inc.",ordinary_profit,FY2027,company_h1,69000000000.0,jpy_abs,jquants,2026-05-13
7167,"Mebuki Financial Group,Inc.",eps,FY2028,consensus,132.31552,jpy,yfinance,2026-08-27
7167,"Mebuki Financial Group,Inc.",net_sales,FY2028,consensus,564900000000.0,jpy_abs,yfinance,2026-08-27
7173,"Tokyo Kiraboshi Financial Group,Inc.",dps,FY2026,actual,170.0,jpy,jquants,2026-05-08
7173,"Tokyo Kiraboshi Financial Group,Inc.",eps,FY2026,actual,1379.11,jpy,jquants,2026-05-08
7173,"Tokyo Kiraboshi Financial Group,Inc.",net_profit,FY2026,actual,42357000000.0,jpy_abs,jquants,2026-05-08
7173,"Tokyo Kiraboshi Financial Group,Inc.",net_sales,FY2026,actual,199262000000.0,jpy_abs,jquants,2026-05-08
7173,"Tokyo Kiraboshi Financial Group,Inc.",ordinary_profit,FY2026,actual,60478000000.0,jpy_abs,jquants,2026-05-08
7173,"Tokyo Kiraboshi Financial Group,Inc.",dps,FY2027,company,30.0,jpy,jquants,2026-05-08
7173,"Tokyo Kiraboshi Financial Group,Inc.",eps,FY2027,company,143.11,jpy,jquants,2026-05-08
7173,"Tokyo Kiraboshi Financial Group,Inc.",eps,FY2027,company_h1,64.88,jpy,jquants,2026-05-08
7173,"Tokyo Kiraboshi Financial Group,Inc.",net_profit,FY2027,company,40000000000.0,jpy_abs,jquants,2026-05-08
7173,"Tokyo Kiraboshi Financial Group,Inc.",net_profit,FY2027,company_h1,17700000000.0,jpy_abs,jquants,2026-05-08
7173,"Tokyo Kiraboshi Financial Group,Inc.",net_sales,FY2027,consensus,0.0,jpy_abs,yfinance,2026-08-27
7173,"Tokyo Kiraboshi Financial Group,Inc.",ordinary_profit,FY2027,company,58600000000.0,jpy_abs,jquants,2026-05-08
7173,"Tokyo Kiraboshi Financial Group,Inc.",ordinary_profit,FY2027,company_h1,26100000000.0,jpy_abs,jquants,2026-05-08
7173,"Tokyo Kiraboshi Financial Group,Inc.",net_sales,FY2028,consensus,0.0,jpy_abs,yfinance,2026-08-27
7186,"Yokohama Financial Group,Inc.",dps,FY2026,actual,38.0,jpy,jquants,2026-05-12
7186,"Yokohama Financial Group,Inc.",eps,FY2026,actual,94.02,jpy,jquants,2026-05-12
7186,"Yokohama Financial Group,Inc.",net_profit,FY2026,actual,106523000000.0,jpy_abs,jquants,2026-05-12
7186,"Yokohama Financial Group,Inc.",net_sales,FY2026,actual,490724000000.0,jpy_abs,jquants,2026-05-12
7186,"Yokohama Financial Group,Inc.",ordinary_profit,FY2026,actual,155018000000.0,jpy_abs,jquants,2026-05-12
7186,"Yokohama Financial Group,Inc.",dps,FY2027,company,47.0,jpy,jquants,2026-05-12
7186,"Yokohama Financial Group,Inc.",eps,FY2027,company,116.06,jpy,jquants,2026-05-12
7186,"Yokohama Financial Group,Inc.",eps,FY2027,consensus,125.20511,jpy,yfinance,2026-08-27
7186,"Yokohama Financial Group,Inc.",net_profit,FY2027,company,129000000000.0,jpy_abs,jquants,2026-05-12
7186,"Yokohama Financial Group,Inc.",net_sales,FY2027,consensus,356445821000.0,jpy_abs,yfinance,2026-08-27
7186,"Yokohama Financial Group,Inc.",ordinary_profit,FY2027,company,191500000000.0,jpy_abs,jquants,2026-05-12
7186,"Yokohama Financial Group,Inc.",eps,FY2028,consensus,146.40198,jpy,yfinance,2026-08-27
7186,"Yokohama Financial Group,Inc.",net_sales,FY2028,consensus,404422530660.0,jpy_abs,yfinance,2026-08-27
7202,ISUZU MOTORS LIMITED,dps,FY2026,actual,92.0,jpy,jquants,2026-05-13
7202,ISUZU MOTORS LIMITED,eps,FY2026,actual,193.14,jpy,jquants,2026-05-13
7202,ISUZU MOTORS LIMITED,net_profit,FY2026,actual,134876000000.0,jpy_abs,jquants,2026-05-13
7202,ISUZU MOTORS LIMITED,net_sales,FY2026,actual,3479074000000.0,jpy_abs,jquants,2026-05-13
7202,ISUZU MOTORS LIMITED,operating_profit,FY2026,actual,203703000000.0,jpy_abs,jquants,2026-05-13
7202,ISUZU MOTORS LIMITED,ordinary_profit,FY2026,actual,60695000000.0,jpy_abs,jquants,2026-05-13
7202,ISUZU MOTORS LIMITED,dps,FY2027,company,94.0,jpy,jquants,2026-05-13
7202,ISUZU MOTORS LIMITED,eps,FY2027,company,232.82,jpy,jquants,2026-05-13
7202,ISUZU MOTORS LIMITED,eps,FY2027,consensus,275.8665,jpy,yfinance,2026-08-27
7202,ISUZU MOTORS LIMITED,net_profit,FY2027,company,160000000000.0,jpy_abs,jquants,2026-05-13
7202,ISUZU MOTORS LIMITED,net_sales,FY2027,company,3700000000000.0,jpy_abs,jquants,2026-05-13
7202,ISUZU MOTORS LIMITED,net_sales,FY2027,consensus,3739461196190.0,jpy_abs,yfinance,2026-08-27
7202,ISUZU MOTORS LIMITED,operating_profit,FY2027,company,260000000000.0,jpy_abs,jquants,2026-05-13
7202,ISUZU MOTORS LIMITED,eps,FY2028,consensus,304.1,jpy,yfinance,2026-08-27
7202,ISUZU MOTORS LIMITED,net_sales,FY2028,consensus,3921550442550.0,jpy_abs,yfinance,2026-08-27
7203,TOYOTA MOTOR CORPORATION,dps,FY2026,actual,95.0,jpy,jquants,2026-05-08
7203,TOYOTA MOTOR CORPORATION,eps,FY2026,actual,295.25,jpy,jquants,2026-05-08
7203,TOYOTA MOTOR CORPORATION,net_profit,FY2026,actual,3848098000000.0,jpy_abs,jquants,2026-05-08
7203,TOYOTA MOTOR CORPORATION,net_sales,FY2026,actual,50684952000000.0,jpy_abs,jquants,2026-05-08
7203,TOYOTA MOTOR CORPORATION,operating_profit,FY2026,actual,3766216000000.0,jpy_abs,jquants,2026-05-08
7203,TOYOTA MOTOR CORPORATION,ordinary_profit,FY2026,actual,4197319000000.0,jpy_abs,jquants,2026-05-08
7203,TOYOTA MOTOR CORPORATION,dps,FY2027,company,100.0,jpy,jquants,2026-05-08
7203,TOYOTA MOTOR CORPORATION,eps,FY2027,company,251.25,jpy,jquants,2026-05-08
7203,TOYOTA MOTOR CORPORATION,eps,FY2027,consensus,310.08054,jpy,yfinance,2026-08-27
7203,TOYOTA MOTOR CORPORATION,net_profit,FY2027,company,3000000000000.0,jpy_abs,jquants,2026-05-08
7203,TOYOTA MOTOR CORPORATION,net_sales,FY2027,company,51000000000000.0,jpy_abs,jquants,2026-05-08
7203,TOYOTA MOTOR CORPORATION,net_sales,FY2027,consensus,53890748619140.0,jpy_abs,yfinance,2026-08-27
7203,TOYOTA MOTOR CORPORATION,operating_profit,FY2027,company,3000000000000.0,jpy_abs,jquants,2026-05-08
7203,TOYOTA MOTOR CORPORATION,eps,FY2028,consensus,346.18597,jpy,yfinance,2026-08-27
7203,TOYOTA MOTOR CORPORATION,net_sales,FY2028,consensus,55461830183880.0,jpy_abs,yfinance,2026-08-27
7211,MITSUBISHI MOTORS CORPORATION,dps,FY2026,actual,10.0,jpy,jquants,2026-05-08
7211,MITSUBISHI MOTORS CORPORATION,eps,FY2026,actual,7.48,jpy,jquants,2026-05-08
7211,MITSUBISHI MOTORS CORPORATION,net_profit,FY2026,actual,10015000000.0,jpy_abs,jquants,2026-05-08
7211,MITSUBISHI MOTORS CORPORATION,net_sales,FY2026,actual,2896536000000.0,jpy_abs,jquants,2026-05-08
7211,MITSUBISHI MOTORS CORPORATION,operating_profit,FY2026,actual,75517000000.0,jpy_abs,jquants,2026-05-08
7211,MITSUBISHI MOTORS CORPORATION,ordinary_profit,FY2026,actual,78908000000.0,jpy_abs,jquants,2026-05-08
7211,MITSUBISHI MOTORS CORPORATION,dps,FY2027,company,10.0,jpy,jquants,2026-05-08
7211,MITSUBISHI MOTORS CORPORATION,eps,FY2027,company,18.68,jpy,jquants,2026-05-08
7211,MITSUBISHI MOTORS CORPORATION,eps,FY2027,consensus,23.66557,jpy,yfinance,2026-08-27
7211,MITSUBISHI MOTORS CORPORATION,net_profit,FY2027,company,25000000000.0,jpy_abs,jquants,2026-05-08
7211,MITSUBISHI MOTORS CORPORATION,net_sales,FY2027,company,3260000000000.0,jpy_abs,jquants,2026-05-08
7211,MITSUBISHI MOTORS CORPORATION,net_sales,FY2027,consensus,3080201862680.0,jpy_abs,yfinance,2026-08-27
7211,MITSUBISHI MOTORS CORPORATION,operating_profit,FY2027,company,90000000000.0,jpy_abs,jquants,2026-05-08
7211,MITSUBISHI MOTORS CORPORATION,ordinary_profit,FY2027,company,80000000000.0,jpy_abs,jquants,2026-05-08
7211,MITSUBISHI MOTORS CORPORATION,eps,FY2028,consensus,36.83446,jpy,yfinance,2026-08-27
7211,MITSUBISHI MOTORS CORPORATION,net_sales,FY2028,consensus,3174571106140.0,jpy_abs,yfinance,2026-08-27
7259,AISIN CORPORATION,dps,FY2026,actual,70.0,jpy,jquants,2026-04-28
7259,AISIN CORPORATION,eps,FY2026,actual,232.64,jpy,jquants,2026-04-28
7259,AISIN CORPORATION,net_profit,FY2026,actual,171697000000.0,jpy_abs,jquants,2026-04-28
7259,AISIN CORPORATION,net_sales,FY2026,actual,5117764000000.0,jpy_abs,jquants,2026-04-28
7259,AISIN CORPORATION,operating_profit,FY2026,actual,228796000000.0,jpy_abs,jquants,2026-04-28
7259,AISIN CORPORATION,ordinary_profit,FY2026,actual,119785000000.0,jpy_abs,jquants,2026-04-28
7259,AISIN CORPORATION,dps,FY2027,company,75.0,jpy,jquants,2026-04-28
7259,AISIN CORPORATION,eps,FY2027,company,212.7,jpy,jquants,2026-04-28
7259,AISIN CORPORATION,eps,FY2027,consensus,223.7522,jpy,yfinance,2026-08-27
7259,AISIN CORPORATION,net_profit,FY2027,company,150000000000.0,jpy_abs,jquants,2026-04-28
7259,AISIN CORPORATION,net_sales,FY2027,company,5250000000000.0,jpy_abs,jquants,2026-04-28
7259,AISIN CORPORATION,net_sales,FY2027,consensus,5311168896970.0,jpy_abs,yfinance,2026-08-27
7259,AISIN CORPORATION,operating_profit,FY2027,company,235000000000.0,jpy_abs,jquants,2026-04-28
7259,AISIN CORPORATION,eps,FY2028,consensus,266.31577,jpy,yfinance,2026-08-27
7259,AISIN CORPORATION,net_sales,FY2028,consensus,5481095764430.0,jpy_abs,yfinance,2026-08-27
7261,Mazda Motor Corporation,dps,FY2026,actual,55.0,jpy,jquants,2026-05-12
7261,Mazda Motor Corporation,eps,FY2026,actual,55.64,jpy,jquants,2026-05-12
7261,Mazda Motor Corporation,net_profit,FY2026,actual,35086000000.0,jpy_abs,jquants,2026-05-12
7261,Mazda Motor Corporation,net_sales,FY2026,actual,4918172000000.0,jpy_abs,jquants,2026-05-12
7261,Mazda Motor Corporation,operating_profit,FY2026,actual,51579000000.0,jpy_abs,jquants,2026-05-12
7261,Mazda Motor Corporation,ordinary_profit,FY2026,actual,131835000000.0,jpy_abs,jquants,2026-05-12
7261,Mazda Motor Corporation,dps,FY2027,company,55.0,jpy,jquants,2026-05-12
7261,Mazda Motor Corporation,eps,FY2027,company,142.68,jpy,jquants,2026-05-12
7261,Mazda Motor Corporation,eps,FY2027,consensus,159.22475,jpy,yfinance,2026-08-27
7261,Mazda Motor Corporation,net_profit,FY2027,company,90000000000.0,jpy_abs,jquants,2026-05-12
7261,Mazda Motor Corporation,net_sales,FY2027,company,5500000000000.0,jpy_abs,jquants,2026-05-12
7261,Mazda Motor Corporation,net_sales,FY2027,consensus,5401458251360.0,jpy_abs,yfinance,2026-08-27
7261,Mazda Motor Corporation,operating_profit,FY2027,company,150000000000.0,jpy_abs,jquants,2026-05-12
7261,Mazda Motor Corporation,ordinary_profit,FY2027,company,140000000000.0,jpy_abs,jquants,2026-05-12
7261,Mazda Motor Corporation,eps,FY2028,consensus,192.27647,jpy,yfinance,2026-08-27
7261,Mazda Motor Corporation,net_sales,FY2028,consensus,5575640388660.0,jpy_abs,yfinance,2026-08-27
7267,"HONDA MOTOR CO.,LTD.",dps,FY2026,actual,70.0,jpy,jquants,2026-05-14
7267,"HONDA MOTOR CO.,LTD.",eps,FY2026,actual,-106.06,jpy,jquants,2026-05-14
7267,"HONDA MOTOR CO.,LTD.",net_profit,FY2026,actual,-423941000000.0,jpy_abs,jquants,2026-05-14
7267,"HONDA MOTOR CO.,LTD.",net_sales,FY2026,actual,21796610000000.0,jpy_abs,jquants,2026-05-14
7267,"HONDA MOTOR CO.,LTD.",operating_profit,FY2026,actual,-414346000000.0,jpy_abs,jquants,2026-05-14
7267,"HONDA MOTOR CO.,LTD.",ordinary_profit,FY2026,actual,529933000000.0,jpy_abs,jquants,2026-05-14
7267,"HONDA MOTOR CO.,LTD.",dps,FY2027,company,70.0,jpy,jquants,2026-05-14
7267,"HONDA MOTOR CO.,LTD.",eps,FY2027,company,66.79,jpy,jquants,2026-05-14
7267,"HONDA MOTOR CO.,LTD.",eps,FY2027,consensus,143.76547,jpy,yfinance,2026-08-27
7267,"HONDA MOTOR CO.,LTD.",net_profit,FY2027,company,260000000000.0,jpy_abs,jquants,2026-05-14
7267,"HONDA MOTOR CO.,LTD.",net_sales,FY2027,company,23150000000000.0,jpy_abs,jquants,2026-05-14
7267,"HONDA MOTOR CO.,LTD.",net_sales,FY2027,consensus,23580068363500.0,jpy_abs,yfinance,2026-08-27
7267,"HONDA MOTOR CO.,LTD.",operating_profit,FY2027,company,500000000000.0,jpy_abs,jquants,2026-05-14
7267,"HONDA MOTOR CO.,LTD.",eps,FY2028,consensus,203.628,jpy,yfinance,2026-08-27
7267,"HONDA MOTOR CO.,LTD.",net_sales,FY2028,consensus,23977788431680.0,jpy_abs,yfinance,2026-08-27
7269,SUZUKI MOTOR CORPORATION,dps,FY2026,actual,46.0,jpy,jquants,2026-05-14
7269,SUZUKI MOTOR CORPORATION,eps,FY2026,actual,227.69,jpy,jquants,2026-05-14
7269,SUZUKI MOTOR CORPORATION,net_profit,FY2026,actual,439267000000.0,jpy_abs,jquants,2026-05-14
7269,SUZUKI MOTOR CORPORATION,net_sales,FY2026,actual,6292967000000.0,jpy_abs,jquants,2026-05-14
7269,SUZUKI MOTOR CORPORATION,operating_profit,FY2026,actual,622909000000.0,jpy_abs,jquants,2026-05-14
7269,SUZUKI MOTOR CORPORATION,ordinary_profit,FY2026,actual,284389000000.0,jpy_abs,jquants,2026-05-14
7269,SUZUKI MOTOR CORPORATION,dps,FY2027,company,51.0,jpy,jquants,2026-05-14
7269,SUZUKI MOTOR CORPORATION,eps,FY2027,company,196.97,jpy,jquants,2026-05-14
7269,SUZUKI MOTOR CORPORATION,eps,FY2027,consensus,231.28654,jpy,yfinance,2026-08-27
7269,SUZUKI MOTOR CORPORATION,net_profit,FY2027,company,380000000000.0,jpy_abs,jquants,2026-05-14
7269,SUZUKI MOTOR CORPORATION,net_sales,FY2027,company,6800000000000.0,jpy_abs,jquants,2026-05-14
7269,SUZUKI MOTOR CORPORATION,net_sales,FY2027,consensus,6906807919000.0,jpy_abs,yfinance,2026-08-27
7269,SUZUKI MOTOR CORPORATION,operating_profit,FY2027,company,570000000000.0,jpy_abs,jquants,2026-05-14
7269,SUZUKI MOTOR CORPORATION,eps,FY2028,consensus,229.80145,jpy,yfinance,2026-08-27
7269,SUZUKI MOTOR CORPORATION,net_sales,FY2028,consensus,7248456961690.0,jpy_abs,yfinance,2026-08-27
7270,SUBARU CORPORATION,dps,FY2026,actual,115.5,jpy,jquants,2026-05-15
7270,SUBARU CORPORATION,eps,FY2026,actual,125.5,jpy,jquants,2026-05-15
7270,SUBARU CORPORATION,net_profit,FY2026,actual,90842000000.0,jpy_abs,jquants,2026-05-15
7270,SUBARU CORPORATION,net_sales,FY2026,actual,4784965000000.0,jpy_abs,jquants,2026-05-15
7270,SUBARU CORPORATION,operating_profit,FY2026,actual,40120000000.0,jpy_abs,jquants,2026-05-15
7270,SUBARU CORPORATION,ordinary_profit,FY2026,actual,39680000000.0,jpy_abs,jquants,2026-05-15
7270,SUBARU CORPORATION,dps,FY2027,company,116.0,jpy,jquants,2026-05-15
7270,SUBARU CORPORATION,eps,FY2027,company,179.59,jpy,jquants,2026-05-15
7270,SUBARU CORPORATION,eps,FY2027,consensus,239.89397,jpy,yfinance,2026-08-27
7270,SUBARU CORPORATION,net_profit,FY2027,company,130000000000.0,jpy_abs,jquants,2026-05-15
7270,SUBARU CORPORATION,net_sales,FY2027,company,5200000000000.0,jpy_abs,jquants,2026-05-15
7270,SUBARU CORPORATION,net_sales,FY2027,consensus,5144856590630.0,jpy_abs,yfinance,2026-08-27
7270,SUBARU CORPORATION,operating_profit,FY2027,company,150000000000.0,jpy_abs,jquants,2026-05-15
7270,SUBARU CORPORATION,eps,FY2028,consensus,289.475,jpy,yfinance,2026-08-27
7270,SUBARU CORPORATION,net_sales,FY2028,consensus,5300722647920.0,jpy_abs,yfinance,2026-08-27
7272,"Yamaha Motor Co.,Ltd.",dps,FY2025,actual,35.0,jpy,jquants,2026-05-15
7272,"Yamaha Motor Co.,Ltd.",eps,FY2025,actual,16.59,jpy,jquants,2026-05-15
7272,"Yamaha Motor Co.,Ltd.",net_profit,FY2025,actual,16109000000.0,jpy_abs,jquants,2026-05-15
7272,"Yamaha Motor Co.,Ltd.",net_sales,FY2025,actual,2534203000000.0,jpy_abs,jquants,2026-05-15
7272,"Yamaha Motor Co.,Ltd.",operating_profit,FY2025,actual,126373000000.0,jpy_abs,jquants,2026-05-15
7272,"Yamaha Motor Co.,Ltd.",ordinary_profit,FY2025,actual,55948000000.0,jpy_abs,jquants,2026-05-15
7272,"Yamaha Motor Co.,Ltd.",dps,FY2026,company,50.0,jpy,jquants,2026-05-15
7272,"Yamaha Motor Co.,Ltd.",eps,FY2026,company,103.05,jpy,jquants,2026-05-15
7272,"Yamaha Motor Co.,Ltd.",eps,FY2026,consensus,179.34032,jpy,yfinance,2026-08-27
7272,"Yamaha Motor Co.,Ltd.",net_profit,FY2026,company,100000000000.0,jpy_abs,jquants,2026-05-15
7272,"Yamaha Motor Co.,Ltd.",net_sales,FY2026,company,2700000000000.0,jpy_abs,jquants,2026-05-15
7272,"Yamaha Motor Co.,Ltd.",net_sales,FY2026,consensus,2848332939810.0,jpy_abs,yfinance,2026-08-27
7272,"Yamaha Motor Co.,Ltd.",operating_profit,FY2026,company,180000000000.0,jpy_abs,jquants,2026-05-15
7272,"Yamaha Motor Co.,Ltd.",eps,FY2027,consensus,174.10703,jpy,yfinance,2026-08-27
7272,"Yamaha Motor Co.,Ltd.",net_sales,FY2027,consensus,2956137223690.0,jpy_abs,yfinance,2026-08-27
7282,"TOYODA GOSEI CO.,LTD.",dps,FY2026,actual,138.0,jpy,jquants,2026-05-15
7282,"TOYODA GOSEI CO.,LTD.",eps,FY2026,actual,494.11,jpy,jquants,2026-05-15
7282,"TOYODA GOSEI CO.,LTD.",net_profit,FY2026,actual,62009000000.0,jpy_abs,jquants,2026-05-15
7282,"TOYODA GOSEI CO.,LTD.",net_sales,FY2026,actual,1146772000000.0,jpy_abs,jquants,2026-05-15
7282,"TOYODA GOSEI CO.,LTD.",operating_profit,FY2026,actual,79551000000.0,jpy_abs,jquants,2026-05-15
7282,"TOYODA GOSEI CO.,LTD.",dps,FY2027,company,103.0,jpy,jquants,2026-05-15
7282,"TOYODA GOSEI CO.,LTD.",eps,FY2027,company,97.3,jpy,jquants,2026-05-15
7282,"TOYODA GOSEI CO.,LTD.",eps,FY2027,consensus,511.26953,jpy,yfinance,2026-08-27
7282,"TOYODA GOSEI CO.,LTD.",net_profit,FY2027,company,57000000000.0,jpy_abs,jquants,2026-05-15
7282,"TOYODA GOSEI CO.,LTD.",net_sales,FY2027,company,1200000000000.0,jpy_abs,jquants,2026-05-15
7282,"TOYODA GOSEI CO.,LTD.",net_sales,FY2027,consensus,1228770000000.0,jpy_abs,yfinance,2026-08-27
7282,"TOYODA GOSEI CO.,LTD.",operating_profit,FY2027,company,80000000000.0,jpy_abs,jquants,2026-05-15
7282,"TOYODA GOSEI CO.,LTD.",eps,FY2028,consensus,562.1873,jpy,yfinance,2026-08-27
7282,"TOYODA GOSEI CO.,LTD.",net_sales,FY2028,consensus,1284895000000.0,jpy_abs,yfinance,2026-08-27
7309,SHIMANO INC.,dps,FY2025,actual,339.0,jpy,jquants,2026-04-23
7309,SHIMANO INC.,eps,FY2025,actual,388.17,jpy,jquants,2026-04-23
7309,SHIMANO INC.,net_profit,FY2025,actual,33991000000.0,jpy_abs,jquants,2026-04-23
7309,SHIMANO INC.,net_sales,FY2025,actual,466243000000.0,jpy_abs,jquants,2026-04-23
7309,SHIMANO INC.,operating_profit,FY2025,actual,51677000000.0,jpy_abs,jquants,2026-04-23
7309,SHIMANO INC.,ordinary_profit,FY2025,actual,47029000000.0,jpy_abs,jquants,2026-04-23
7309,SHIMANO INC.,dps,FY2026,company,363.0,jpy,jquants,2026-04-23
7309,SHIMANO INC.,eps,FY2026,company,488.19,jpy,jquants,2026-04-23
7309,SHIMANO INC.,eps,FY2026,company_h1,278.96,jpy,jquants,2026-04-23
7309,SHIMANO INC.,eps,FY2026,consensus,574.8559,jpy,yfinance,2026-08-27
7309,SHIMANO INC.,net_profit,FY2026,company,42000000000.0,jpy_abs,jquants,2026-04-23
7309,SHIMANO INC.,net_profit,FY2026,company_h1,24000000000.0,jpy_abs,jquants,2026-04-23
7309,SHIMANO INC.,net_sales,FY2026,company,467000000000.0,jpy_abs,jquants,2026-04-23
7309,SHIMANO INC.,net_sales,FY2026,company_h1,227000000000.0,jpy_abs,jquants,2026-04-23
7309,SHIMANO INC.,net_sales,FY2026,consensus,490959945180.0,jpy_abs,yfinance,2026-08-27
7309,SHIMANO INC.,operating_profit,FY2026,company,47000000000.0,jpy_abs,jquants,2026-04-23
7309,SHIMANO INC.,operating_profit,FY2026,company_h1,24000000000.0,jpy_abs,jquants,2026-04-23
7309,SHIMANO INC.,ordinary_profit,FY2026,company,53300000000.0,jpy_abs,jquants,2026-04-23
7309,SHIMANO INC.,ordinary_profit,FY2026,company_h1,29300000000.0,jpy_abs,jquants,2026-04-23
7309,SHIMANO INC.,eps,FY2027,consensus,727.4163,jpy,yfinance,2026-08-27
7309,SHIMANO INC.,net_sales,FY2027,consensus,522101512830.0,jpy_abs,yfinance,2026-08-27
7419,"Nojima Co.,Ltd.",dps,FY2026,actual,5171000000.0,jpy,jquants,2026-05-07
7419,"Nojima Co.,Ltd.",eps,FY2026,actual,134.61,jpy,jquants,2026-05-07
7419,"Nojima Co.,Ltd.",net_profit,FY2026,actual,38931000000.0,jpy_abs,jquants,2026-05-07
7419,"Nojima Co.,Ltd.",net_sales,FY2026,actual,982804000000.0,jpy_abs,jquants,2026-05-07
7419,"Nojima Co.,Ltd.",operating_profit,FY2026,actual,58071000000.0,jpy_abs,jquants,2026-05-07
7419,"Nojima Co.,Ltd.",ordinary_profit,FY2026,actual,62295000000.0,jpy_abs,jquants,2026-05-07
7419,"Nojima Co.,Ltd.",dps,FY2027,company,20.0,jpy,jquants,2026-05-07
7419,"Nojima Co.,Ltd.",eps,FY2027,company,165.86,jpy,jquants,2026-05-07
7419,"Nojima Co.,Ltd.",eps,FY2027,company_h1,93.3,jpy,jquants,2026-05-07
7419,"Nojima Co.,Ltd.",net_profit,FY2027,company,48000000000.0,jpy_abs,jquants,2026-05-07
7419,"Nojima Co.,Ltd.",net_profit,FY2027,company_h1,27000000000.0,jpy_abs,jquants,2026-05-07
7419,"Nojima Co.,Ltd.",net_sales,FY2027,company,1000000000000.0,jpy_abs,jquants,2026-05-07
7419,"Nojima Co.,Ltd.",net_sales,FY2027,company_h1,470000000000.0,jpy_abs,jquants,2026-05-07
7419,"Nojima Co.,Ltd.",net_sales,FY2027,consensus,0.0,jpy_abs,yfinance,2026-08-27
7419,"Nojima Co.,Ltd.",operating_profit,FY2027,company,59000000000.0,jpy_abs,jquants,2026-05-07
7419,"Nojima Co.,Ltd.",operating_profit,FY2027,company_h1,28000000000.0,jpy_abs,jquants,2026-05-07
7419,"Nojima Co.,Ltd.",ordinary_profit,FY2027,company,76000000000.0,jpy_abs,jquants,2026-05-07
7419,"Nojima Co.,Ltd.",ordinary_profit,FY2027,company_h1,44000000000.0,jpy_abs,jquants,2026-05-07
7419,"Nojima Co.,Ltd.",net_sales,FY2028,consensus,0.0,jpy_abs,yfinance,2026-08-27
7453,"RYOHIN KEIKAKU CO.,LTD.",dps,FY2025,actual,50.0,jpy,jquants,2026-04-10
7453,"RYOHIN KEIKAKU CO.,LTD.",eps,FY2025,actual,95.92,jpy,jquants,2026-04-10
7453,"RYOHIN KEIKAKU CO.,LTD.",net_profit,FY2025,actual,50846000000.0,jpy_abs,jquants,2026-04-10
7453,"RYOHIN KEIKAKU CO.,LTD.",net_sales,FY2025,actual,784629000000.0,jpy_abs,jquants,2026-04-10
7453,"RYOHIN KEIKAKU CO.,LTD.",operating_profit,FY2025,actual,73840000000.0,jpy_abs,jquants,2026-04-10
7453,"RYOHIN KEIKAKU CO.,LTD.",ordinary_profit,FY2025,actual,72301000000.0,jpy_abs,jquants,2026-04-10
7453,"RYOHIN KEIKAKU CO.,LTD.",dps,FY2026,company,32.0,jpy,jquants,2026-04-10
7453,"RYOHIN KEIKAKU CO.,LTD.",eps,FY2026,company,116.8,jpy,jquants,2026-04-10
7453,"RYOHIN KEIKAKU CO.,LTD.",eps,FY2026,consensus,127.72593,jpy,yfinance,2026-08-27
7453,"RYOHIN KEIKAKU CO.,LTD.",net_profit,FY2026,company,62000000000.0,jpy_abs,jquants,2026-04-10
7453,"RYOHIN KEIKAKU CO.,LTD.",net_sales,FY2026,company,887000000000.0,jpy_abs,jquants,2026-04-10
7453,"RYOHIN KEIKAKU CO.,LTD.",net_sales,FY2026,consensus,907370646690.0,jpy_abs,yfinance,2026-08-27
7453,"RYOHIN KEIKAKU CO.,LTD.",operating_profit,FY2026,company,89000000000.0,jpy_abs,jquants,2026-04-10
7453,"RYOHIN KEIKAKU CO.,LTD.",ordinary_profit,FY2026,company,88000000000.0,jpy_abs,jquants,2026-04-10
7453,"RYOHIN KEIKAKU CO.,LTD.",eps,FY2027,consensus,142.66234,jpy,yfinance,2026-08-27
7453,"RYOHIN KEIKAKU CO.,LTD.",net_sales,FY2027,consensus,1001116910250.0,jpy_abs,yfinance,2026-08-27
7532,Pan Pacific International Holdings Corporation,dps,FY2025,actual,35.0,jpy,jquants,2026-05-13
7532,Pan Pacific International Holdings Corporation,eps,FY2025,actual,151.59,jpy,jquants,2026-05-13
7532,Pan Pacific International Holdings Corporation,net_profit,FY2025,actual,90512000000.0,jpy_abs,jquants,2026-05-13
7532,Pan Pacific International Holdings Corporation,net_sales,FY2025,actual,2246758000000.0,jpy_abs,jquants,2026-05-13
7532,Pan Pacific International Holdings Corporation,operating_profit,FY2025,actual,162296000000.0,jpy_abs,jquants,2026-05-13
7532,Pan Pacific International Holdings Corporation,ordinary_profit,FY2025,actual,158542000000.0,jpy_abs,jquants,2026-05-13
7532,Pan Pacific International Holdings Corporation,dps,FY2026,company,8.5,jpy,jquants,2026-05-13
7532,Pan Pacific International Holdings Corporation,eps,FY2026,company,35.8,jpy,jquants,2026-05-13
7532,Pan Pacific International Holdings Corporation,eps,FY2026,company_h1,19.32,jpy,jquants,2026-05-13
7532,Pan Pacific International Holdings Corporation,eps,FY2026,consensus,39.03118,jpy,yfinance,2026-08-27
7532,Pan Pacific International Holdings Corporation,net_profit,FY2026,company,107000000000.0,jpy_abs,jquants,2026-05-13
7532,Pan Pacific International Holdings Corporation,net_profit,FY2026,company_h1,57700000000.0,jpy_abs,jquants,2026-05-13
7532,Pan Pacific International Holdings Corporation,net_sales,FY2026,company,2435000000000.0,jpy_abs,jquants,2026-05-13
7532,Pan Pacific International Holdings Corporation,net_sales,FY2026,company_h1,1170500000000.0,jpy_abs,jquants,2026-05-13
7532,Pan Pacific International Holdings Corporation,net_sales,FY2026,consensus,2668233020180.0,jpy_abs,yfinance,2026-08-27
7532,Pan Pacific International Holdings Corporation,operating_profit,FY2026,company,174000000000.0,jpy_abs,jquants,2026-05-13
7532,Pan Pacific International Holdings Corporation,operating_profit,FY2026,company_h1,89800000000.0,jpy_abs,jquants,2026-05-13
7532,Pan Pacific International Holdings Corporation,ordinary_profit,FY2026,company,172000000000.0,jpy_abs,jquants,2026-05-13
7532,Pan Pacific International Holdings Corporation,ordinary_profit,FY2026,company_h1,88600000000.0,jpy_abs,jquants,2026-05-13
7532,Pan Pacific International Holdings Corporation,eps,FY2027,consensus,42.97145,jpy,yfinance,2026-08-27
7532,Pan Pacific International Holdings Corporation,net_sales,FY2027,consensus,2811401561590.0,jpy_abs,yfinance,2026-08-27
7550,"ZENSHO HOLDINGS CO.,LTD.",dps,FY2026,actual,75.0,jpy,jquants,2026-05-12
7550,"ZENSHO HOLDINGS CO.,LTD.",eps,FY2026,actual,275.85,jpy,jquants,2026-05-12
7550,"ZENSHO HOLDINGS CO.,LTD.",net_profit,FY2026,actual,45812000000.0,jpy_abs,jquants,2026-05-12
7550,"ZENSHO HOLDINGS CO.,LTD.",net_sales,FY2026,actual,1264053000000.0,jpy_abs,jquants,2026-05-12
7550,"ZENSHO HOLDINGS CO.,LTD.",operating_profit,FY2026,actual,81440000000.0,jpy_abs,jquants,2026-05-12
7550,"ZENSHO HOLDINGS CO.,LTD.",ordinary_profit,FY2026,actual,78257000000.0,jpy_abs,jquants,2026-05-12
7550,"ZENSHO HOLDINGS CO.,LTD.",dps,FY2027,company,80.0,jpy,jquants,2026-05-12
7550,"ZENSHO HOLDINGS CO.,LTD.",eps,FY2027,company,296.19,jpy,jquants,2026-05-12
7550,"ZENSHO HOLDINGS CO.,LTD.",eps,FY2027,company_h1,140.7,jpy,jquants,2026-05-12
7550,"ZENSHO HOLDINGS CO.,LTD.",eps,FY2027,consensus,348.87167,jpy,yfinance,2026-08-27
7550,"ZENSHO HOLDINGS CO.,LTD.",net_profit,FY2027,company,50000000000.0,jpy_abs,jquants,2026-05-12
7550,"ZENSHO HOLDINGS CO.,LTD.",net_profit,FY2027,company_h1,23847000000.0,jpy_abs,jquants,2026-05-12
7550,"ZENSHO HOLDINGS CO.,LTD.",net_sales,FY2027,company,1424000000000.0,jpy_abs,jquants,2026-05-12
7550,"ZENSHO HOLDINGS CO.,LTD.",net_sales,FY2027,company_h1,691331000000.0,jpy_abs,jquants,2026-05-12
7550,"ZENSHO HOLDINGS CO.,LTD.",net_sales,FY2027,consensus,1393083333330.0,jpy_abs,yfinance,2026-08-27
7550,"ZENSHO HOLDINGS CO.,LTD.",operating_profit,FY2027,company,92000000000.0,jpy_abs,jquants,2026-05-12
7550,"ZENSHO HOLDINGS CO.,LTD.",operating_profit,FY2027,company_h1,43998000000.0,jpy_abs,jquants,2026-05-12
7550,"ZENSHO HOLDINGS CO.,LTD.",ordinary_profit,FY2027,company,84000000000.0,jpy_abs,jquants,2026-05-12
7550,"ZENSHO HOLDINGS CO.,LTD.",ordinary_profit,FY2027,company_h1,39891000000.0,jpy_abs,jquants,2026-05-12
7550,"ZENSHO HOLDINGS CO.,LTD.",eps,FY2028,consensus,415.17667,jpy,yfinance,2026-08-27
7550,"ZENSHO HOLDINGS CO.,LTD.",net_sales,FY2028,consensus,1525233333330.0,jpy_abs,yfinance,2026-08-27
7564,"WORKMAN CO.,LTD.",dps,FY2026,actual,89.0,jpy,jquants,2026-05-11
7564,"WORKMAN CO.,LTD.",eps,FY2026,actual,252.64,jpy,jquants,2026-05-11
7564,"WORKMAN CO.,LTD.",net_profit,FY2026,actual,20618000000.0,jpy_abs,jquants,2026-05-11
7564,"WORKMAN CO.,LTD.",net_sales,FY2026,actual,160852000000.0,jpy_abs,jquants,2026-05-11
7564,"WORKMAN CO.,LTD.",operating_profit,FY2026,actual,29676000000.0,jpy_abs,jquants,2026-05-11
7564,"WORKMAN CO.,LTD.",ordinary_profit,FY2026,actual,30567000000.0,jpy_abs,jquants,2026-05-11
7564,"WORKMAN CO.,LTD.",dps,FY2027,company,89.0,jpy,jquants,2026-05-11
7564,"WORKMAN CO.,LTD.",eps,FY2027,company,273.6,jpy,jquants,2026-05-11
7564,"WORKMAN CO.,LTD.",eps,FY2027,company_h1,138.58,jpy,jquants,2026-05-11
7564,"WORKMAN CO.,LTD.",eps,FY2027,consensus,291.54907,jpy,yfinance,2026-08-27
7564,"WORKMAN CO.,LTD.",net_profit,FY2027,company,22329000000.0,jpy_abs,jquants,2026-05-11
7564,"WORKMAN CO.,LTD.",net_profit,FY2027,company_h1,11310000000.0,jpy_abs,jquants,2026-05-11
7564,"WORKMAN CO.,LTD.",net_sales,FY2027,company,183376000000.0,jpy_abs,jquants,2026-05-11
7564,"WORKMAN CO.,LTD.",net_sales,FY2027,company_h1,94203000000.0,jpy_abs,jquants,2026-05-11
7564,"WORKMAN CO.,LTD.",net_sales,FY2027,consensus,187666666670.0,jpy_abs,yfinance,2026-08-27
7564,"WORKMAN CO.,LTD.",operating_profit,FY2027,company,32112000000.0,jpy_abs,jquants,2026-05-11
7564,"WORKMAN CO.,LTD.",operating_profit,FY2027,company_h1,17666000000.0,jpy_abs,jquants,2026-05-11
7564,"WORKMAN CO.,LTD.",ordinary_profit,FY2027,company,33418000000.0,jpy_abs,jquants,2026-05-11
7564,"WORKMAN CO.,LTD.",ordinary_profit,FY2027,company_h1,18341000000.0,jpy_abs,jquants,2026-05-11
7564,"WORKMAN CO.,LTD.",eps,FY2028,consensus,306.96857,jpy,yfinance,2026-08-27
7564,"WORKMAN CO.,LTD.",net_sales,FY2028,consensus,196816666670.0,jpy_abs,yfinance,2026-08-27
7599,IDOM Inc.,dps,FY2026,actual,35.6,jpy,jquants,2026-04-13
7599,IDOM Inc.,eps,FY2026,actual,118.66,jpy,jquants,2026-04-13
7599,IDOM Inc.,net_profit,FY2026,actual,11914000000.0,jpy_abs,jquants,2026-04-13
7599,IDOM Inc.,net_sales,FY2026,actual,562774000000.0,jpy_abs,jquants,2026-04-13
7599,IDOM Inc.,operating_profit,FY2026,actual,20209000000.0,jpy_abs,jquants,2026-04-13
7599,IDOM Inc.,ordinary_profit,FY2026,actual,18608000000.0,jpy_abs,jquants,2026-04-13
7599,IDOM Inc.,dps,FY2027,company,42.43,jpy,jquants,2026-04-13
7599,IDOM Inc.,eps,FY2027,company,141.42,jpy,jquants,2026-04-13
7599,IDOM Inc.,eps,FY2027,company_h1,70.21,jpy,jquants,2026-04-13
7599,IDOM Inc.,eps,FY2027,consensus,141.944,jpy,yfinance,2026-08-27
7599,IDOM Inc.,net_profit,FY2027,company,14200000000.0,jpy_abs,jquants,2026-04-13
7599,IDOM Inc.,net_profit,FY2027,company_h1,7050000000.0,jpy_abs,jquants,2026-04-13
7599,IDOM Inc.,net_sales,FY2027,company,629000000000.0,jpy_abs,jquants,2026-04-13
7599,IDOM Inc.,net_sales,FY2027,company_h1,301000000000.0,jpy_abs,jquants,2026-04-13
7599,IDOM Inc.,net_sales,FY2027,consensus,631100000000.0,jpy_abs,yfinance,2026-08-27
7599,IDOM Inc.,operating_profit,FY2027,company,24000000000.0,jpy_abs,jquants,2026-04-13
7599,IDOM Inc.,operating_profit,FY2027,company_h1,11900000000.0,jpy_abs,jquants,2026-04-13
7599,IDOM Inc.,ordinary_profit,FY2027,company,22400000000.0,jpy_abs,jquants,2026-04-13
7599,IDOM Inc.,ordinary_profit,FY2027,company_h1,11100000000.0,jpy_abs,jquants,2026-04-13
7599,IDOM Inc.,eps,FY2028,consensus,159.966,jpy,yfinance,2026-08-27
7599,IDOM Inc.,net_sales,FY2028,consensus,675400000000.0,jpy_abs,yfinance,2026-08-27
7649,"SUGI HOLDINGS Co.,LTD.",dps,FY2026,actual,35.0,jpy,jquants,2026-04-09
7649,"SUGI HOLDINGS Co.,LTD.",eps,FY2026,actual,248.56,jpy,jquants,2026-04-09
7649,"SUGI HOLDINGS Co.,LTD.",net_profit,FY2026,actual,44982000000.0,jpy_abs,jquants,2026-04-09
7649,"SUGI HOLDINGS Co.,LTD.",net_sales,FY2026,actual,1010336000000.0,jpy_abs,jquants,2026-04-09
7649,"SUGI HOLDINGS Co.,LTD.",operating_profit,FY2026,actual,48568000000.0,jpy_abs,jquants,2026-04-09
7649,"SUGI HOLDINGS Co.,LTD.",ordinary_profit,FY2026,actual,50062000000.0,jpy_abs,jquants,2026-04-09
7649,"SUGI HOLDINGS Co.,LTD.",dps,FY2027,company,25.0,jpy,jquants,2026-04-09
7649,"SUGI HOLDINGS Co.,LTD.",eps,FY2027,company,181.24,jpy,jquants,2026-04-09
7649,"SUGI HOLDINGS Co.,LTD.",eps,FY2027,company_h1,94.49,jpy,jquants,2026-04-09
7649,"SUGI HOLDINGS Co.,LTD.",eps,FY2027,consensus,179.4977,jpy,yfinance,2026-08-27
7649,"SUGI HOLDINGS Co.,LTD.",net_profit,FY2027,company,32800000000.0,jpy_abs,jquants,2026-04-09
7649,"SUGI HOLDINGS Co.,LTD.",net_profit,FY2027,company_h1,17100000000.0,jpy_abs,jquants,2026-04-09
7649,"SUGI HOLDINGS Co.,LTD.",net_sales,FY2027,company,1092000000000.0,jpy_abs,jquants,2026-04-09
7649,"SUGI HOLDINGS Co.,LTD.",net_sales,FY2027,company_h1,548000000000.0,jpy_abs,jquants,2026-04-09
7649,"SUGI HOLDINGS Co.,LTD.",net_sales,FY2027,consensus,1092885714290.0,jpy_abs,yfinance,2026-08-27
7649,"SUGI HOLDINGS Co.,LTD.",operating_profit,FY2027,company,54000000000.0,jpy_abs,jquants,2026-04-09
7649,"SUGI HOLDINGS Co.,LTD.",operating_profit,FY2027,company_h1,26700000000.0,jpy_abs,jquants,2026-04-09
7649,"SUGI HOLDINGS Co.,LTD.",ordinary_profit,FY2027,company,55000000000.0,jpy_abs,jquants,2026-04-09
7649,"SUGI HOLDINGS Co.,LTD.",ordinary_profit,FY2027,company_h1,27100000000.0,jpy_abs,jquants,2026-04-09
7649,"SUGI HOLDINGS Co.,LTD.",eps,FY2028,consensus,199.81667,jpy,yfinance,2026-08-27
7649,"SUGI HOLDINGS Co.,LTD.",net_sales,FY2028,consensus,1176642857140.0,jpy_abs,yfinance,2026-08-27
7701,Shimadzu Corporation,dps,FY2026,actual,69.0,jpy,jquants,2026-05-12
7701,Shimadzu Corporation,eps,FY2026,actual,209.39,jpy,jquants,2026-05-12
7701,Shimadzu Corporation,net_profit,FY2026,actual,60499000000.0,jpy_abs,jquants,2026-05-12
7701,Shimadzu Corporation,net_sales,FY2026,actual,560728000000.0,jpy_abs,jquants,2026-05-12
7701,Shimadzu Corporation,operating_profit,FY2026,actual,73702000000.0,jpy_abs,jquants,2026-05-12
7701,Shimadzu Corporation,ordinary_profit,FY2026,actual,82753000000.0,jpy_abs,jquants,2026-05-12
7701,Shimadzu Corporation,dps,FY2027,company,70.0,jpy,jquants,2026-05-12
7701,Shimadzu Corporation,eps,FY2027,company,190.35,jpy,jquants,2026-05-12
7701,Shimadzu Corporation,eps,FY2027,consensus,209.48824,jpy,yfinance,2026-08-27
7701,Shimadzu Corporation,net_profit,FY2027,company,55000000000.0,jpy_abs,jquants,2026-05-12
7701,Shimadzu Corporation,net_sales,FY2027,company,575000000000.0,jpy_abs,jquants,2026-05-12
7701,Shimadzu Corporation,net_sales,FY2027,consensus,612303521110.0,jpy_abs,yfinance,2026-08-27
7701,Shimadzu Corporation,operating_profit,FY2027,company,76000000000.0,jpy_abs,jquants,2026-05-12
7701,Shimadzu Corporation,ordinary_profit,FY2027,company,75000000000.0,jpy_abs,jquants,2026-05-12
7701,Shimadzu Corporation,eps,FY2028,consensus,224.5875,jpy,yfinance,2026-08-27
7701,Shimadzu Corporation,net_sales,FY2028,consensus,657379951560.0,jpy_abs,yfinance,2026-08-27
7729,"TOKYO SEIMITSU CO.,LTD.",dps,FY2026,actual,262.0,jpy,jquants,2026-05-18
7729,"TOKYO SEIMITSU CO.,LTD.",eps,FY2026,actual,610.02,jpy,jquants,2026-05-18
7729,"TOKYO SEIMITSU CO.,LTD.",net_profit,FY2026,actual,24739000000.0,jpy_abs,jquants,2026-05-18
7729,"TOKYO SEIMITSU CO.,LTD.",net_sales,FY2026,actual,166839000000.0,jpy_abs,jquants,2026-05-18
7729,"TOKYO SEIMITSU CO.,LTD.",operating_profit,FY2026,actual,33738000000.0,jpy_abs,jquants,2026-05-18
7729,"TOKYO SEIMITSU CO.,LTD.",ordinary_profit,FY2026,actual,34825000000.0,jpy_abs,jquants,2026-05-18
7729,"TOKYO SEIMITSU CO.,LTD.",dps,FY2027,company,276.0,jpy,jquants,2026-05-18
7729,"TOKYO SEIMITSU CO.,LTD.",eps,FY2027,company,689.87,jpy,jquants,2026-05-18
7729,"TOKYO SEIMITSU CO.,LTD.",eps,FY2027,company_h1,322.76,jpy,jquants,2026-05-18
7729,"TOKYO SEIMITSU CO.,LTD.",eps,FY2027,consensus,775.13007,jpy,yfinance,2026-08-27
7729,"TOKYO SEIMITSU CO.,LTD.",net_profit,FY2027,company,28000000000.0,jpy_abs,jquants,2026-05-18
7729,"TOKYO SEIMITSU CO.,LTD.",net_profit,FY2027,company_h1,13100000000.0,jpy_abs,jquants,2026-05-18
7729,"TOKYO SEIMITSU CO.,LTD.",net_sales,FY2027,company,181500000000.0,jpy_abs,jquants,2026-05-18
7729,"TOKYO SEIMITSU CO.,LTD.",net_sales,FY2027,company_h1,87500000000.0,jpy_abs,jquants,2026-05-18
7729,"TOKYO SEIMITSU CO.,LTD.",net_sales,FY2027,consensus,188819607970.0,jpy_abs,yfinance,2026-08-27
7729,"TOKYO SEIMITSU CO.,LTD.",operating_profit,FY2027,company,40000000000.0,jpy_abs,jquants,2026-05-18
7729,"TOKYO SEIMITSU CO.,LTD.",operating_profit,FY2027,company_h1,18700000000.0,jpy_abs,jquants,2026-05-18
7729,"TOKYO SEIMITSU CO.,LTD.",ordinary_profit,FY2027,company,40000000000.0,jpy_abs,jquants,2026-05-18
7729,"TOKYO SEIMITSU CO.,LTD.",ordinary_profit,FY2027,company_h1,18700000000.0,jpy_abs,jquants,2026-05-18
7729,"TOKYO SEIMITSU CO.,LTD.",eps,FY2028,consensus,944.17035,jpy,yfinance,2026-08-27
7729,"TOKYO SEIMITSU CO.,LTD.",net_sales,FY2028,consensus,215268320580.0,jpy_abs,yfinance,2026-08-27
7733,OLYMPUS CORPORATION,dps,FY2026,actual,30.0,jpy,jquants,2026-05-12
7733,OLYMPUS CORPORATION,eps,FY2026,actual,61.32,jpy,jquants,2026-05-12
7733,OLYMPUS CORPORATION,net_profit,FY2026,actual,68172000000.0,jpy_abs,jquants,2026-05-12
7733,OLYMPUS CORPORATION,net_sales,FY2026,actual,1010676000000.0,jpy_abs,jquants,2026-05-12
7733,OLYMPUS CORPORATION,operating_profit,FY2026,actual,97120000000.0,jpy_abs,jquants,2026-05-12
7733,OLYMPUS CORPORATION,ordinary_profit,FY2026,actual,77204000000.0,jpy_abs,jquants,2026-05-12
7733,OLYMPUS CORPORATION,dps,FY2027,company,30.0,jpy,jquants,2026-05-12
7733,OLYMPUS CORPORATION,eps,FY2027,consensus,98.1106,jpy,yfinance,2026-08-27
7733,OLYMPUS CORPORATION,net_sales,FY2027,consensus,1079250375079.0,jpy_abs,yfinance,2026-08-27
7733,OLYMPUS CORPORATION,eps,FY2028,consensus,113.69229,jpy,yfinance,2026-08-27
7733,OLYMPUS CORPORATION,net_sales,FY2028,consensus,1116897217580.0,jpy_abs,yfinance,2026-08-27
7735,"SCREEN Holdings Co.,Ltd.",dps,FY2026,actual,293.0,jpy,jquants,2026-05-13
7735,"SCREEN Holdings Co.,Ltd.",eps,FY2026,actual,486.63,jpy,jquants,2026-05-13
7735,"SCREEN Holdings Co.,Ltd.",net_profit,FY2026,actual,92003000000.0,jpy_abs,jquants,2026-05-13
7735,"SCREEN Holdings Co.,Ltd.",net_sales,FY2026,actual,605748000000.0,jpy_abs,jquants,2026-05-13
7735,"SCREEN Holdings Co.,Ltd.",operating_profit,FY2026,actual,122522000000.0,jpy_abs,jquants,2026-05-13
7735,"SCREEN Holdings Co.,Ltd.",ordinary_profit,FY2026,actual,124323000000.0,jpy_abs,jquants,2026-05-13
7735,"SCREEN Holdings Co.,Ltd.",dps,FY2027,company,175.0,jpy,jquants,2026-05-13
7735,"SCREEN Holdings Co.,Ltd.",eps,FY2027,company,581.74,jpy,jquants,2026-05-13
7735,"SCREEN Holdings Co.,Ltd.",eps,FY2027,company_h1,198.32,jpy,jquants,2026-05-13
7735,"SCREEN Holdings Co.,Ltd.",eps,FY2027,consensus,623.7025,jpy,yfinance,2026-08-27
7735,"SCREEN Holdings Co.,Ltd.",net_profit,FY2027,company,110000000000.0,jpy_abs,jquants,2026-05-13
7735,"SCREEN Holdings Co.,Ltd.",net_profit,FY2027,company_h1,37500000000.0,jpy_abs,jquants,2026-05-13
7735,"SCREEN Holdings Co.,Ltd.",net_sales,FY2027,company,725000000000.0,jpy_abs,jquants,2026-05-13
7735,"SCREEN Holdings Co.,Ltd.",net_sales,FY2027,company_h1,317000000000.0,jpy_abs,jquants,2026-05-13
7735,"SCREEN Holdings Co.,Ltd.",net_sales,FY2027,consensus,749257523750.0,jpy_abs,yfinance,2026-08-27
7735,"SCREEN Holdings Co.,Ltd.",operating_profit,FY2027,company,150000000000.0,jpy_abs,jquants,2026-05-13
7735,"SCREEN Holdings Co.,Ltd.",operating_profit,FY2027,company_h1,56000000000.0,jpy_abs,jquants,2026-05-13
7735,"SCREEN Holdings Co.,Ltd.",ordinary_profit,FY2027,company,150000000000.0,jpy_abs,jquants,2026-05-13
7735,"SCREEN Holdings Co.,Ltd.",ordinary_profit,FY2027,company_h1,56000000000.0,jpy_abs,jquants,2026-05-13
7735,"SCREEN Holdings Co.,Ltd.",eps,FY2028,consensus,804.90204,jpy,yfinance,2026-08-27
7735,"SCREEN Holdings Co.,Ltd.",net_sales,FY2028,consensus,886893019940.0,jpy_abs,yfinance,2026-08-27
7740,"Tamron Co.,Ltd.",dps,FY2025,actual,5910000000.0,jpy,jquants,2026-05-01
7740,"Tamron Co.,Ltd.",eps,FY2025,actual,72.79,jpy,jquants,2026-05-01
7740,"Tamron Co.,Ltd.",net_profit,FY2025,actual,11761000000.0,jpy_abs,jquants,2026-05-01
7740,"Tamron Co.,Ltd.",net_sales,FY2025,actual,85071000000.0,jpy_abs,jquants,2026-05-01
7740,"Tamron Co.,Ltd.",operating_profit,FY2025,actual,16638000000.0,jpy_abs,jquants,2026-05-01
7740,"Tamron Co.,Ltd.",ordinary_profit,FY2025,actual,16699000000.0,jpy_abs,jquants,2026-05-01
7740,"Tamron Co.,Ltd.",dps,FY2026,company,37.0,jpy,jquants,2026-05-01
7740,"Tamron Co.,Ltd.",eps,FY2026,company,84.91,jpy,jquants,2026-05-01
7740,"Tamron Co.,Ltd.",eps,FY2026,company_h1,35.35,jpy,jquants,2026-05-01
7740,"Tamron Co.,Ltd.",eps,FY2026,consensus,85.14419,jpy,yfinance,2026-08-27
7740,"Tamron Co.,Ltd.",net_profit,FY2026,company,13690000000.0,jpy_abs,jquants,2026-05-01
7740,"Tamron Co.,Ltd.",net_profit,FY2026,company_h1,5700000000.0,jpy_abs,jquants,2026-05-01
7740,"Tamron Co.,Ltd.",net_sales,FY2026,company,91000000000.0,jpy_abs,jquants,2026-05-01
7740,"Tamron Co.,Ltd.",net_sales,FY2026,company_h1,41400000000.0,jpy_abs,jquants,2026-05-01
7740,"Tamron Co.,Ltd.",net_sales,FY2026,consensus,93065000000.0,jpy_abs,yfinance,2026-08-27
7740,"Tamron Co.,Ltd.",operating_profit,FY2026,company,18500000000.0,jpy_abs,jquants,2026-05-01
7740,"Tamron Co.,Ltd.",operating_profit,FY2026,company_h1,7700000000.0,jpy_abs,jquants,2026-05-01
7740,"Tamron Co.,Ltd.",ordinary_profit,FY2026,company,18500000000.0,jpy_abs,jquants,2026-05-01
7740,"Tamron Co.,Ltd.",ordinary_profit,FY2026,company_h1,7700000000.0,jpy_abs,jquants,2026-05-01
7740,"Tamron Co.,Ltd.",eps,FY2027,consensus,90.77363,jpy,yfinance,2026-08-27
7740,"Tamron Co.,Ltd.",net_sales,FY2027,consensus,96100000000.0,jpy_abs,yfinance,2026-08-27
7741,HOYA CORPORATION,dps,FY2026,actual,295.0,jpy,jquants,2026-04-30
7741,HOYA CORPORATION,eps,FY2026,actual,743.93,jpy,jquants,2026-04-30
7741,HOYA CORPORATION,eps,FY2026,company,746.14,jpy,jquants,2026-04-30
7741,HOYA CORPORATION,net_profit,FY2026,actual,253085000000.0,jpy_abs,jquants,2026-04-30
7741,HOYA CORPORATION,net_profit,FY2026,company,254000000000.0,jpy_abs,jquants,2026-04-30
7741,HOYA CORPORATION,net_sales,FY2026,actual,947749000000.0,jpy_abs,jquants,2026-04-30
7741,HOYA CORPORATION,net_sales,FY2026,company,940000000000.0,jpy_abs,jquants,2026-04-30
7741,HOYA CORPORATION,eps,FY2027,consensus,820.5365,jpy,yfinance,2026-08-27
7741,HOYA CORPORATION,net_sales,FY2027,consensus,1043004506500.0,jpy_abs,yfinance,2026-08-27
7741,HOYA CORPORATION,eps,FY2028,consensus,918.9367,jpy,yfinance,2026-08-27
7741,HOYA CORPORATION,net_sales,FY2028,consensus,1123763731710.0,jpy_abs,yfinance,2026-08-27
7747,"ASAHI INTECC CO.,LTD.",dps,FY2025,actual,24.23,jpy,jquants,2026-05-15
7747,"ASAHI INTECC CO.,LTD.",eps,FY2025,actual,46.92,jpy,jquants,2026-05-15
7747,"ASAHI INTECC CO.,LTD.",net_profit,FY2025,actual,12737000000.0,jpy_abs,jquants,2026-05-15
7747,"ASAHI INTECC CO.,LTD.",net_sales,FY2025,actual,120025000000.0,jpy_abs,jquants,2026-05-15
7747,"ASAHI INTECC CO.,LTD.",operating_profit,FY2025,actual,30079000000.0,jpy_abs,jquants,2026-05-15
7747,"ASAHI INTECC CO.,LTD.",ordinary_profit,FY2025,actual,29563000000.0,jpy_abs,jquants,2026-05-15
7747,"ASAHI INTECC CO.,LTD.",dps,FY2026,company,46.1,jpy,jquants,2026-05-15
7747,"ASAHI INTECC CO.,LTD.",eps,FY2026,company,114.88,jpy,jquants,2026-05-15
7747,"ASAHI INTECC CO.,LTD.",eps,FY2026,consensus,143.22736,jpy,yfinance,2026-08-27
7747,"ASAHI INTECC CO.,LTD.",net_profit,FY2026,company,30556000000.0,jpy_abs,jquants,2026-05-15
7747,"ASAHI INTECC CO.,LTD.",net_sales,FY2026,company,141142000000.0,jpy_abs,jquants,2026-05-15
7747,"ASAHI INTECC CO.,LTD.",net_sales,FY2026,consensus,161146636580.0,jpy_abs,yfinance,2026-08-27
7747,"ASAHI INTECC CO.,LTD.",operating_profit,FY2026,company,42220000000.0,jpy_abs,jquants,2026-05-15
7747,"ASAHI INTECC CO.,LTD.",ordinary_profit,FY2026,company,42688000000.0,jpy_abs,jquants,2026-05-15
7747,"ASAHI INTECC CO.,LTD.",eps,FY2027,consensus,154.83514,jpy,yfinance,2026-08-27
7747,"ASAHI INTECC CO.,LTD.",net_sales,FY2027,consensus,174798203830.0,jpy_abs,yfinance,2026-08-27
7751,CANON INC.,dps,FY2025,actual,160.0,jpy,jquants,2026-04-30
7751,CANON INC.,eps,FY2025,actual,367.48,jpy,jquants,2026-04-30
7751,CANON INC.,net_profit,FY2025,actual,332053000000.0,jpy_abs,jquants,2026-04-30
7751,CANON INC.,net_sales,FY2025,actual,4624727000000.0,jpy_abs,jquants,2026-04-30
7751,CANON INC.,operating_profit,FY2025,actual,455390000000.0,jpy_abs,jquants,2026-04-30
7751,CANON INC.,ordinary_profit,FY2025,actual,324303000000.0,jpy_abs,jquants,2026-04-30
7751,CANON INC.,dps,FY2026,company,160.0,jpy,jquants,2026-04-30
7751,CANON INC.,eps,FY2026,company,388.42,jpy,jquants,2026-04-30
7751,CANON INC.,eps,FY2026,consensus,376.52625,jpy,yfinance,2026-08-27
7751,CANON INC.,net_profit,FY2026,company,333000000000.0,jpy_abs,jquants,2026-04-30
7751,CANON INC.,net_sales,FY2026,company,4765000000000.0,jpy_abs,jquants,2026-04-30
7751,CANON INC.,net_sales,FY2026,consensus,4777334565480.0,jpy_abs,yfinance,2026-08-27
7751,CANON INC.,operating_profit,FY2026,company,456000000000.0,jpy_abs,jquants,2026-04-30
7751,CANON INC.,eps,FY2027,consensus,405.78677,jpy,yfinance,2026-08-27
7751,CANON INC.,net_sales,FY2027,consensus,4943383585650.0,jpy_abs,yfinance,2026-08-27
7762,"Citizen Watch Co.,Ltd.",dps,FY2026,actual,47.0,jpy,jquants,2026-05-13
7762,"Citizen Watch Co.,Ltd.",eps,FY2026,actual,127.48,jpy,jquants,2026-05-13
7762,"Citizen Watch Co.,Ltd.",net_profit,FY2026,actual,31100000000.0,jpy_abs,jquants,2026-05-13
7762,"Citizen Watch Co.,Ltd.",net_sales,FY2026,actual,346808000000.0,jpy_abs,jquants,2026-05-13
7762,"Citizen Watch Co.,Ltd.",operating_profit,FY2026,actual,30250000000.0,jpy_abs,jquants,2026-05-13
7762,"Citizen Watch Co.,Ltd.",ordinary_profit,FY2026,actual,38456000000.0,jpy_abs,jquants,2026-05-13
7762,"Citizen Watch Co.,Ltd.",dps,FY2027,company,50.0,jpy,jquants,2026-05-13
7762,"Citizen Watch Co.,Ltd.",eps,FY2027,company,112.71,jpy,jquants,2026-05-13
7762,"Citizen Watch Co.,Ltd.",eps,FY2027,company_h1,53.28,jpy,jquants,2026-05-13
7762,"Citizen Watch Co.,Ltd.",eps,FY2027,consensus,144.53656,jpy,yfinance,2026-08-27
7762,"Citizen Watch Co.,Ltd.",net_profit,FY2027,company,27500000000.0,jpy_abs,jquants,2026-05-13
7762,"Citizen Watch Co.,Ltd.",net_profit,FY2027,company_h1,13000000000.0,jpy_abs,jquants,2026-05-13
7762,"Citizen Watch Co.,Ltd.",net_sales,FY2027,company,362000000000.0,jpy_abs,jquants,2026-05-13
7762,"Citizen Watch Co.,Ltd.",net_sales,FY2027,company_h1,175500000000.0,jpy_abs,jquants,2026-05-13
7762,"Citizen Watch Co.,Ltd.",net_sales,FY2027,consensus,402600000000.0,jpy_abs,yfinance,2026-08-27
7762,"Citizen Watch Co.,Ltd.",operating_profit,FY2027,company,34500000000.0,jpy_abs,jquants,2026-05-13
7762,"Citizen Watch Co.,Ltd.",operating_profit,FY2027,company_h1,16500000000.0,jpy_abs,jquants,2026-05-13
7762,"Citizen Watch Co.,Ltd.",ordinary_profit,FY2027,company,37500000000.0,jpy_abs,jquants,2026-05-13
7762,"Citizen Watch Co.,Ltd.",ordinary_profit,FY2027,company_h1,17500000000.0,jpy_abs,jquants,2026-05-13
7762,"Citizen Watch Co.,Ltd.",eps,FY2028,consensus,146.05048,jpy,yfinance,2026-08-27
7762,"Citizen Watch Co.,Ltd.",net_sales,FY2028,consensus,409050000000.0,jpy_abs,yfinance,2026-08-27
7832,Bandai Namco Holdings Inc.,dps,FY2026,actual,73.0,jpy,jquants,2026-05-13
7832,Bandai Namco Holdings Inc.,eps,FY2026,actual,217.49,jpy,jquants,2026-05-13
7832,Bandai Namco Holdings Inc.,net_profit,FY2026,actual,140651000000.0,jpy_abs,jquants,2026-05-13
7832,Bandai Namco Holdings Inc.,net_sales,FY2026,actual,1348246000000.0,jpy_abs,jquants,2026-05-13
7832,Bandai Namco Holdings Inc.,operating_profit,FY2026,actual,189517000000.0,jpy_abs,jquants,2026-05-13
7832,Bandai Namco Holdings Inc.,ordinary_profit,FY2026,actual,201923000000.0,jpy_abs,jquants,2026-05-13
7832,Bandai Namco Holdings Inc.,dps,FY2027,company,25.0,jpy,jquants,2026-05-13
7832,Bandai Namco Holdings Inc.,eps,FY2027,company,202.69,jpy,jquants,2026-05-13
7832,Bandai Namco Holdings Inc.,eps,FY2027,company_h1,93.55,jpy,jquants,2026-05-13
7832,Bandai Namco Holdings Inc.,eps,FY2027,consensus,232.50768,jpy,yfinance,2026-08-27
7832,Bandai Namco Holdings Inc.,net_profit,FY2027,company,130000000000.0,jpy_abs,jquants,2026-05-13
7832,Bandai Namco Holdings Inc.,net_profit,FY2027,company_h1,60000000000.0,jpy_abs,jquants,2026-05-13
7832,Bandai Namco Holdings Inc.,net_sales,FY2027,company,1350000000000.0,jpy_abs,jquants,2026-05-13
7832,Bandai Namco Holdings Inc.,net_sales,FY2027,company_h1,610000000000.0,jpy_abs,jquants,2026-05-13
7832,Bandai Namco Holdings Inc.,net_sales,FY2027,consensus,1404269259060.0,jpy_abs,yfinance,2026-08-27
7832,Bandai Namco Holdings Inc.,operating_profit,FY2027,company,185000000000.0,jpy_abs,jquants,2026-05-13
7832,Bandai Namco Holdings Inc.,operating_profit,FY2027,company_h1,84000000000.0,jpy_abs,jquants,2026-05-13
7832,Bandai Namco Holdings Inc.,ordinary_profit,FY2027,company,190000000000.0,jpy_abs,jquants,2026-05-13
7832,Bandai Namco Holdings Inc.,ordinary_profit,FY2027,company_h1,87000000000.0,jpy_abs,jquants,2026-05-13
7832,Bandai Namco Holdings Inc.,eps,FY2028,consensus,252.13675,jpy,yfinance,2026-08-27
7832,Bandai Namco Holdings Inc.,net_sales,FY2028,consensus,1482747764060.0,jpy_abs,yfinance,2026-08-27
7867,"TOMY COMPANY,LTD.",dps,FY2026,actual,64.0,jpy,jquants,2026-05-12
7867,"TOMY COMPANY,LTD.",eps,FY2026,actual,131.38,jpy,jquants,2026-05-12
7867,"TOMY COMPANY,LTD.",net_profit,FY2026,actual,11679000000.0,jpy_abs,jquants,2026-05-12
7867,"TOMY COMPANY,LTD.",net_sales,FY2026,actual,270455000000.0,jpy_abs,jquants,2026-05-12
7867,"TOMY COMPANY,LTD.",operating_profit,FY2026,actual,24246000000.0,jpy_abs,jquants,2026-05-12
7867,"TOMY COMPANY,LTD.",ordinary_profit,FY2026,actual,24551000000.0,jpy_abs,jquants,2026-05-12
7867,"TOMY COMPANY,LTD.",dps,FY2027,company,70.0,jpy,jquants,2026-05-12
7867,"TOMY COMPANY,LTD.",eps,FY2027,company,207.26,jpy,jquants,2026-05-12
7867,"TOMY COMPANY,LTD.",eps,FY2027,company_h1,92.11,jpy,jquants,2026-05-12
7867,"TOMY COMPANY,LTD.",eps,FY2027,consensus,210.56667,jpy,yfinance,2026-08-27
7867,"TOMY COMPANY,LTD.",net_profit,FY2027,company,18000000000.0,jpy_abs,jquants,2026-05-12
7867,"TOMY COMPANY,LTD.",net_profit,FY2027,company_h1,8000000000.0,jpy_abs,jquants,2026-05-12
7867,"TOMY COMPANY,LTD.",net_sales,FY2027,company,285000000000.0,jpy_abs,jquants,2026-05-12
7867,"TOMY COMPANY,LTD.",net_sales,FY2027,company_h1,130000000000.0,jpy_abs,jquants,2026-05-12
7867,"TOMY COMPANY,LTD.",net_sales,FY2027,consensus,283566666670.0,jpy_abs,yfinance,2026-08-27
7867,"TOMY COMPANY,LTD.",operating_profit,FY2027,company,26000000000.0,jpy_abs,jquants,2026-05-12
7867,"TOMY COMPANY,LTD.",operating_profit,FY2027,company_h1,11500000000.0,jpy_abs,jquants,2026-05-12
7867,"TOMY COMPANY,LTD.",ordinary_profit,FY2027,company,26000000000.0,jpy_abs,jquants,2026-05-12
7867,"TOMY COMPANY,LTD.",ordinary_profit,FY2027,company_h1,11500000000.0,jpy_abs,jquants,2026-05-12
7867,"TOMY COMPANY,LTD.",eps,FY2028,consensus,227.76666,jpy,yfinance,2026-08-27
7867,"TOMY COMPANY,LTD.",net_sales,FY2028,consensus,296733333330.0,jpy_abs,yfinance,2026-08-27
7906,"YONEX CO.,LTD.",dps,FY2026,actual,25.0,jpy,jquants,2026-05-12
7906,"YONEX CO.,LTD.",eps,FY2026,actual,141.42,jpy,jquants,2026-05-12
7906,"YONEX CO.,LTD.",net_profit,FY2026,actual,12092000000.0,jpy_abs,jquants,2026-05-12
7906,"YONEX CO.,LTD.",net_sales,FY2026,actual,163643000000.0,jpy_abs,jquants,2026-05-12
7906,"YONEX CO.,LTD.",operating_profit,FY2026,actual,16546000000.0,jpy_abs,jquants,2026-05-12
7906,"YONEX CO.,LTD.",ordinary_profit,FY2026,actual,16316000000.0,jpy_abs,jquants,2026-05-12
7906,"YONEX CO.,LTD.",dps,FY2027,company,28.0,jpy,jquants,2026-05-12
7906,"YONEX CO.,LTD.",eps,FY2027,company,154.29,jpy,jquants,2026-05-12
7906,"YONEX CO.,LTD.",eps,FY2027,company_h1,82.99,jpy,jquants,2026-05-12
7906,"YONEX CO.,LTD.",eps,FY2027,consensus,158.5,jpy,yfinance,2026-08-27
7906,"YONEX CO.,LTD.",net_profit,FY2027,company,13200000000.0,jpy_abs,jquants,2026-05-12
7906,"YONEX CO.,LTD.",net_profit,FY2027,company_h1,7100000000.0,jpy_abs,jquants,2026-05-12
7906,"YONEX CO.,LTD.",net_sales,FY2027,company,178000000000.0,jpy_abs,jquants,2026-05-12
7906,"YONEX CO.,LTD.",net_sales,FY2027,company_h1,89000000000.0,jpy_abs,jquants,2026-05-12
7906,"YONEX CO.,LTD.",net_sales,FY2027,consensus,183068500000.0,jpy_abs,yfinance,2026-08-27
7906,"YONEX CO.,LTD.",operating_profit,FY2027,company,17800000000.0,jpy_abs,jquants,2026-05-12
7906,"YONEX CO.,LTD.",operating_profit,FY2027,company_h1,9500000000.0,jpy_abs,jquants,2026-05-12
7906,"YONEX CO.,LTD.",ordinary_profit,FY2027,company,17600000000.0,jpy_abs,jquants,2026-05-12
7906,"YONEX CO.,LTD.",ordinary_profit,FY2027,company_h1,9400000000.0,jpy_abs,jquants,2026-05-12
7906,"YONEX CO.,LTD.",eps,FY2028,consensus,172.3,jpy,yfinance,2026-08-27
7906,"YONEX CO.,LTD.",net_sales,FY2028,consensus,197601500000.0,jpy_abs,yfinance,2026-08-27
7912,"Dai Nippon Printing Co.,Ltd.",dps,FY2026,actual,40.0,jpy,jquants,2026-05-13
7912,"Dai Nippon Printing Co.,Ltd.",eps,FY2026,actual,235.49,jpy,jquants,2026-05-13
7912,"Dai Nippon Printing Co.,Ltd.",net_profit,FY2026,actual,103959000000.0,jpy_abs,jquants,2026-05-13
7912,"Dai Nippon Printing Co.,Ltd.",net_sales,FY2026,actual,1512571000000.0,jpy_abs,jquants,2026-05-13
7912,"Dai Nippon Printing Co.,Ltd.",operating_profit,FY2026,actual,101039000000.0,jpy_abs,jquants,2026-05-13
7912,"Dai Nippon Printing Co.,Ltd.",ordinary_profit,FY2026,actual,119239000000.0,jpy_abs,jquants,2026-05-13
7912,"Dai Nippon Printing Co.,Ltd.",dps,FY2027,company,41.0,jpy,jquants,2026-05-13
7912,"Dai Nippon Printing Co.,Ltd.",eps,FY2027,company,224.24,jpy,jquants,2026-05-13
7912,"Dai Nippon Printing Co.,Ltd.",eps,FY2027,consensus,221.578,jpy,yfinance,2026-08-27
7912,"Dai Nippon Printing Co.,Ltd.",net_profit,FY2027,company,95000000000.0,jpy_abs,jquants,2026-05-13
7912,"Dai Nippon Printing Co.,Ltd.",net_sales,FY2027,company,1530000000000.0,jpy_abs,jquants,2026-05-13
7912,"Dai Nippon Printing Co.,Ltd.",net_sales,FY2027,consensus,1542609200000.0,jpy_abs,yfinance,2026-08-27
7912,"Dai Nippon Printing Co.,Ltd.",operating_profit,FY2027,company,108000000000.0,jpy_abs,jquants,2026-05-13
7912,"Dai Nippon Printing Co.,Ltd.",ordinary_profit,FY2027,company,124000000000.0,jpy_abs,jquants,2026-05-13
7912,"Dai Nippon Printing Co.,Ltd.",eps,FY2028,consensus,248.21,jpy,yfinance,2026-08-27
7912,"Dai Nippon Printing Co.,Ltd.",net_sales,FY2028,consensus,1605800000000.0,jpy_abs,yfinance,2026-08-27
7936,ASICS Corporation,dps,FY2025,actual,28.0,jpy,jquants,2026-05-13
7936,ASICS Corporation,eps,FY2025,actual,138.13,jpy,jquants,2026-05-13
7936,ASICS Corporation,net_profit,FY2025,actual,98719000000.0,jpy_abs,jquants,2026-05-13
7936,ASICS Corporation,net_sales,FY2025,actual,810916000000.0,jpy_abs,jquants,2026-05-13
7936,ASICS Corporation,operating_profit,FY2025,actual,142519000000.0,jpy_abs,jquants,2026-05-13
7936,ASICS Corporation,ordinary_profit,FY2025,actual,139295000000.0,jpy_abs,jquants,2026-05-13
7936,ASICS Corporation,dps,FY2026,company,38.0,jpy,jquants,2026-05-13
7936,ASICS Corporation,eps,FY2026,company,153.91,jpy,jquants,2026-05-13
7936,ASICS Corporation,eps,FY2026,consensus,179.71951,jpy,yfinance,2026-08-27
7936,ASICS Corporation,net_profit,FY2026,company,110000000000.0,jpy_abs,jquants,2026-05-13
7936,ASICS Corporation,net_sales,FY2026,company,950000000000.0,jpy_abs,jquants,2026-05-13
7936,ASICS Corporation,net_sales,FY2026,consensus,1022917398250.0,jpy_abs,yfinance,2026-08-27
7936,ASICS Corporation,operating_profit,FY2026,company,171000000000.0,jpy_abs,jquants,2026-05-13
7936,ASICS Corporation,ordinary_profit,FY2026,company,165000000000.0,jpy_abs,jquants,2026-05-13
7936,ASICS Corporation,eps,FY2027,consensus,206.44623,jpy,yfinance,2026-08-27
7936,ASICS Corporation,net_sales,FY2027,consensus,1130841427820.0,jpy_abs,yfinance,2026-08-27
7974,"Nintendo Co.,Ltd.",dps,FY2026,actual,219.0,jpy,jquants,2026-05-08
7974,"Nintendo Co.,Ltd.",eps,FY2026,actual,364.51,jpy,jquants,2026-05-08
7974,"Nintendo Co.,Ltd.",net_profit,FY2026,actual,424056000000.0,jpy_abs,jquants,2026-05-08
7974,"Nintendo Co.,Ltd.",net_sales,FY2026,actual,2313051000000.0,jpy_abs,jquants,2026-05-08
7974,"Nintendo Co.,Ltd.",operating_profit,FY2026,actual,360117000000.0,jpy_abs,jquants,2026-05-08
7974,"Nintendo Co.,Ltd.",ordinary_profit,FY2026,actual,542196000000.0,jpy_abs,jquants,2026-05-08
7974,"Nintendo Co.,Ltd.",dps,FY2027,company,162.0,jpy,jquants,2026-05-08
7974,"Nintendo Co.,Ltd.",eps,FY2027,company,268.9,jpy,jquants,2026-05-08
7974,"Nintendo Co.,Ltd.",eps,FY2027,consensus,374.8852,jpy,yfinance,2026-08-27
7974,"Nintendo Co.,Ltd.",net_profit,FY2027,company,310000000000.0,jpy_abs,jquants,2026-05-08
7974,"Nintendo Co.,Ltd.",net_sales,FY2027,company,2050000000000.0,jpy_abs,jquants,2026-05-08
7974,"Nintendo Co.,Ltd.",net_sales,FY2027,consensus,2347109427280.0,jpy_abs,yfinance,2026-08-27
7974,"Nintendo Co.,Ltd.",operating_profit,FY2027,company,370000000000.0,jpy_abs,jquants,2026-05-08
7974,"Nintendo Co.,Ltd.",ordinary_profit,FY2027,company,430000000000.0,jpy_abs,jquants,2026-05-08
7974,"Nintendo Co.,Ltd.",eps,FY2028,consensus,417.44653,jpy,yfinance,2026-08-27
7974,"Nintendo Co.,Ltd.",net_sales,FY2028,consensus,2585904345770.0,jpy_abs,yfinance,2026-08-27
7988,NIFCO INC.,dps,FY2026,actual,110.0,jpy,jquants,2026-05-15
7988,NIFCO INC.,eps,FY2026,actual,361.44,jpy,jquants,2026-05-15
7988,NIFCO INC.,net_profit,FY2026,actual,34079000000.0,jpy_abs,jquants,2026-05-15
7988,NIFCO INC.,net_sales,FY2026,actual,352650000000.0,jpy_abs,jquants,2026-05-15
7988,NIFCO INC.,operating_profit,FY2026,actual,48078000000.0,jpy_abs,jquants,2026-05-15
7988,NIFCO INC.,ordinary_profit,FY2026,actual,51275000000.0,jpy_abs,jquants,2026-05-15
7988,NIFCO INC.,dps,FY2027,company,112.0,jpy,jquants,2026-05-15
7988,NIFCO INC.,eps,FY2027,company,182.55,jpy,jquants,2026-05-15
7988,NIFCO INC.,eps,FY2027,consensus,395.90054,jpy,yfinance,2026-08-27
7988,NIFCO INC.,net_profit,FY2027,company,34000000000.0,jpy_abs,jquants,2026-05-15
7988,NIFCO INC.,net_sales,FY2027,company,367000000000.0,jpy_abs,jquants,2026-05-15
7988,NIFCO INC.,net_sales,FY2027,consensus,368477393690.0,jpy_abs,yfinance,2026-08-27
7988,NIFCO INC.,operating_profit,FY2027,company,50800000000.0,jpy_abs,jquants,2026-05-15
7988,NIFCO INC.,ordinary_profit,FY2027,company,50000000000.0,jpy_abs,jquants,2026-05-15
7988,NIFCO INC.,eps,FY2028,consensus,448.2043,jpy,yfinance,2026-08-27
7988,NIFCO INC.,net_sales,FY2028,consensus,384476005760.0,jpy_abs,yfinance,2026-08-27
7994,OKAMURA CORPORATION,dps,FY2026,actual,104.0,jpy,jquants,2026-05-11
7994,OKAMURA CORPORATION,eps,FY2026,actual,236.8,jpy,jquants,2026-05-11
7994,OKAMURA CORPORATION,net_profit,FY2026,actual,22416000000.0,jpy_abs,jquants,2026-05-11
7994,OKAMURA CORPORATION,net_sales,FY2026,actual,329031000000.0,jpy_abs,jquants,2026-05-11
7994,OKAMURA CORPORATION,operating_profit,FY2026,actual,24144000000.0,jpy_abs,jquants,2026-05-11
7994,OKAMURA CORPORATION,ordinary_profit,FY2026,actual,25839000000.0,jpy_abs,jquants,2026-05-11
7994,OKAMURA CORPORATION,dps,FY2027,company,105.0,jpy,jquants,2026-05-11
7994,OKAMURA CORPORATION,eps,FY2027,company,222.87,jpy,jquants,2026-05-11
7994,OKAMURA CORPORATION,eps,FY2027,company_h1,73.94,jpy,jquants,2026-05-11
7994,OKAMURA CORPORATION,eps,FY2027,consensus,237.225,jpy,yfinance,2026-08-27
7994,OKAMURA CORPORATION,net_profit,FY2027,company,21100000000.0,jpy_abs,jquants,2026-05-11
7994,OKAMURA CORPORATION,net_profit,FY2027,company_h1,7000000000.0,jpy_abs,jquants,2026-05-11
7994,OKAMURA CORPORATION,net_sales,FY2027,company,347000000000.0,jpy_abs,jquants,2026-05-11
7994,OKAMURA CORPORATION,net_sales,FY2027,company_h1,160000000000.0,jpy_abs,jquants,2026-05-11
7994,OKAMURA CORPORATION,net_sales,FY2027,consensus,345825000000.0,jpy_abs,yfinance,2026-08-27
7994,OKAMURA CORPORATION,operating_profit,FY2027,company,26000000000.0,jpy_abs,jquants,2026-05-11
7994,OKAMURA CORPORATION,operating_profit,FY2027,company_h1,7300000000.0,jpy_abs,jquants,2026-05-11
7994,OKAMURA CORPORATION,ordinary_profit,FY2027,company,27500000000.0,jpy_abs,jquants,2026-05-11
7994,OKAMURA CORPORATION,ordinary_profit,FY2027,company_h1,8000000000.0,jpy_abs,jquants,2026-05-11
7994,OKAMURA CORPORATION,eps,FY2028,consensus,241.925,jpy,yfinance,2026-08-27
7994,OKAMURA CORPORATION,net_sales,FY2028,consensus,359125000000.0,jpy_abs,yfinance,2026-08-27
8001,ITOCHU Corporation,dps,FY2026,actual,294692000000.0,jpy,jquants,2026-05-01
8001,ITOCHU Corporation,eps,FY2026,actual,128.0,jpy,jquants,2026-05-01
8001,ITOCHU Corporation,net_profit,FY2026,actual,900283000000.0,jpy_abs,jquants,2026-05-01
8001,ITOCHU Corporation,net_sales,FY2026,actual,14823087000000.0,jpy_abs,jquants,2026-05-01
8001,ITOCHU Corporation,operating_profit,FY2026,actual,701888000000.0,jpy_abs,jquants,2026-05-01
8001,ITOCHU Corporation,ordinary_profit,FY2026,actual,561957000000.0,jpy_abs,jquants,2026-05-01
8001,ITOCHU Corporation,dps,FY2027,company,44.0,jpy,jquants,2026-05-01
8001,ITOCHU Corporation,eps,FY2027,company,136.75,jpy,jquants,2026-05-01
8001,ITOCHU Corporation,eps,FY2027,consensus,140.30688,jpy,yfinance,2026-08-27
8001,ITOCHU Corporation,net_profit,FY2027,company,950000000000.0,jpy_abs,jquants,2026-05-01
8001,ITOCHU Corporation,net_sales,FY2027,consensus,15525680314360.0,jpy_abs,yfinance,2026-08-27
8001,ITOCHU Corporation,eps,FY2028,consensus,147.51086,jpy,yfinance,2026-08-27
8001,ITOCHU Corporation,net_sales,FY2028,consensus,16056619922130.0,jpy_abs,yfinance,2026-08-27
8002,Marubeni Corporation,dps,FY2026,actual,107.5,jpy,jquants,2026-05-01
8002,Marubeni Corporation,eps,FY2026,actual,330.42,jpy,jquants,2026-05-01
8002,Marubeni Corporation,net_profit,FY2026,actual,543852000000.0,jpy_abs,jquants,2026-05-01
8002,Marubeni Corporation,net_sales,FY2026,actual,8265841000000.0,jpy_abs,jquants,2026-05-01
8002,Marubeni Corporation,operating_profit,FY2026,actual,256670000000.0,jpy_abs,jquants,2026-05-01
8002,Marubeni Corporation,ordinary_profit,FY2026,actual,298579000000.0,jpy_abs,jquants,2026-05-01
8002,Marubeni Corporation,dps,FY2027,company,115.0,jpy,jquants,2026-05-01
8002,Marubeni Corporation,eps,FY2027,company,354.67,jpy,jquants,2026-05-01
8002,Marubeni Corporation,eps,FY2027,consensus,375.55716,jpy,yfinance,2026-08-27
8002,Marubeni Corporation,net_profit,FY2027,company,580000000000.0,jpy_abs,jquants,2026-05-01
8002,Marubeni Corporation,net_sales,FY2027,consensus,8608200097999.0,jpy_abs,yfinance,2026-08-27
8002,Marubeni Corporation,eps,FY2028,consensus,389.0582,jpy,yfinance,2026-08-27
8002,Marubeni Corporation,net_sales,FY2028,consensus,9040073751600.0,jpy_abs,yfinance,2026-08-27
8015,TOYOTA TSUSHO CORPORATION,dps,FY2026,actual,120.0,jpy,jquants,2026-04-30
8015,TOYOTA TSUSHO CORPORATION,eps,FY2026,actual,350.95,jpy,jquants,2026-04-30
8015,TOYOTA TSUSHO CORPORATION,net_profit,FY2026,actual,370516000000.0,jpy_abs,jquants,2026-04-30
8015,TOYOTA TSUSHO CORPORATION,net_sales,FY2026,actual,11561935000000.0,jpy_abs,jquants,2026-04-30
8015,TOYOTA TSUSHO CORPORATION,operating_profit,FY2026,actual,545235000000.0,jpy_abs,jquants,2026-04-30
8015,TOYOTA TSUSHO CORPORATION,ordinary_profit,FY2026,actual,293431000000.0,jpy_abs,jquants,2026-04-30
8015,TOYOTA TSUSHO CORPORATION,dps,FY2027,company,125.0,jpy,jquants,2026-04-30
8015,TOYOTA TSUSHO CORPORATION,eps,FY2027,company,426.58,jpy,jquants,2026-04-30
8015,TOYOTA TSUSHO CORPORATION,eps,FY2027,consensus,463.52,jpy,yfinance,2026-08-27
8015,TOYOTA TSUSHO CORPORATION,net_profit,FY2027,company,400000000000.0,jpy_abs,jquants,2026-04-30
8015,TOYOTA TSUSHO CORPORATION,net_sales,FY2027,consensus,12849775000000.0,jpy_abs,yfinance,2026-08-27
8015,TOYOTA TSUSHO CORPORATION,eps,FY2028,consensus,495.28293,jpy,yfinance,2026-08-27
8015,TOYOTA TSUSHO CORPORATION,net_sales,FY2028,consensus,13084233333330.0,jpy_abs,yfinance,2026-08-27
8020,KANEMATSU CORPORATION,dps,FY2026,actual,10613000000.0,jpy,jquants,2026-05-08
8020,KANEMATSU CORPORATION,eps,FY2026,actual,195.52,jpy,jquants,2026-05-08
8020,KANEMATSU CORPORATION,net_profit,FY2026,actual,32523000000.0,jpy_abs,jquants,2026-05-08
8020,KANEMATSU CORPORATION,net_sales,FY2026,actual,1067665000000.0,jpy_abs,jquants,2026-05-08
8020,KANEMATSU CORPORATION,operating_profit,FY2026,actual,48663000000.0,jpy_abs,jquants,2026-05-08
8020,KANEMATSU CORPORATION,ordinary_profit,FY2026,actual,19120000000.0,jpy_abs,jquants,2026-05-08
8020,KANEMATSU CORPORATION,dps,FY2027,company,70.0,jpy,jquants,2026-05-08
8020,KANEMATSU CORPORATION,eps,FY2027,company,210.41,jpy,jquants,2026-05-08
8020,KANEMATSU CORPORATION,eps,FY2027,consensus,221.75,jpy,yfinance,2026-08-27
8020,KANEMATSU CORPORATION,net_profit,FY2027,company,35000000000.0,jpy_abs,jquants,2026-05-08
8020,KANEMATSU CORPORATION,net_sales,FY2027,company,1100000000000.0,jpy_abs,jquants,2026-05-08
8020,KANEMATSU CORPORATION,net_sales,FY2027,consensus,1114000000000.0,jpy_abs,yfinance,2026-08-27
8020,KANEMATSU CORPORATION,operating_profit,FY2027,company,54000000000.0,jpy_abs,jquants,2026-05-08
8020,KANEMATSU CORPORATION,eps,FY2028,consensus,235.85,jpy,yfinance,2026-08-27
8020,KANEMATSU CORPORATION,net_sales,FY2028,consensus,1163000000000.0,jpy_abs,yfinance,2026-08-27
8031,"MITSUI & CO.,LTD.",dps,FY2026,actual,115.0,jpy,jquants,2026-05-01
8031,"MITSUI & CO.,LTD.",eps,FY2026,actual,291.12,jpy,jquants,2026-05-01
8031,"MITSUI & CO.,LTD.",net_profit,FY2026,actual,833971000000.0,jpy_abs,jquants,2026-05-01
8031,"MITSUI & CO.,LTD.",net_sales,FY2026,actual,13995222000000.0,jpy_abs,jquants,2026-05-01
8031,"MITSUI & CO.,LTD.",ordinary_profit,FY2026,actual,639093000000.0,jpy_abs,jquants,2026-05-01
8031,"MITSUI & CO.,LTD.",dps,FY2027,company,140.0,jpy,jquants,2026-05-01
8031,"MITSUI & CO.,LTD.",eps,FY2027,company,324.61,jpy,jquants,2026-05-01
8031,"MITSUI & CO.,LTD.",eps,FY2027,consensus,346.62,jpy,yfinance,2026-08-27
8031,"MITSUI & CO.,LTD.",net_profit,FY2027,company,920000000000.0,jpy_abs,jquants,2026-05-01
8031,"MITSUI & CO.,LTD.",net_sales,FY2027,consensus,15042312198850.0,jpy_abs,yfinance,2026-08-27
8031,"MITSUI & CO.,LTD.",eps,FY2028,consensus,362.93585,jpy,yfinance,2026-08-27
8031,"MITSUI & CO.,LTD.",net_sales,FY2028,consensus,15076384074490.0,jpy_abs,yfinance,2026-08-27
8035,Tokyo Electron Limited,dps,FY2026,actual,628.0,jpy,jquants,2026-04-30
8035,Tokyo Electron Limited,dps,FY2026,company,601.0,jpy,jquants,2026-04-30
8035,Tokyo Electron Limited,eps,FY2026,actual,1254.57,jpy,jquants,2026-04-30
8035,Tokyo Electron Limited,eps,FY2026,company,1200.05,jpy,jquants,2026-04-30
8035,Tokyo Electron Limited,net_profit,FY2026,actual,574454000000.0,jpy_abs,jquants,2026-04-30
8035,Tokyo Electron Limited,net_profit,FY2026,company,550000000000.0,jpy_abs,jquants,2026-04-30
8035,Tokyo Electron Limited,net_sales,FY2026,actual,2443533000000.0,jpy_abs,jquants,2026-04-30
8035,Tokyo Electron Limited,net_sales,FY2026,company,2410000000000.0,jpy_abs,jquants,2026-04-30
8035,Tokyo Electron Limited,operating_profit,FY2026,actual,624936000000.0,jpy_abs,jquants,2026-04-30
8035,Tokyo Electron Limited,operating_profit,FY2026,company,593000000000.0,jpy_abs,jquants,2026-04-30
8035,Tokyo Electron Limited,ordinary_profit,FY2026,actual,630338000000.0,jpy_abs,jquants,2026-04-30
8035,Tokyo Electron Limited,eps,FY2027,consensus,1684.7186,jpy,yfinance,2026-08-27
8035,Tokyo Electron Limited,net_sales,FY2027,consensus,3398299763080.0,jpy_abs,yfinance,2026-08-27
8035,Tokyo Electron Limited,eps,FY2028,consensus,2289.267,jpy,yfinance,2026-08-27
8035,Tokyo Electron Limited,net_sales,FY2028,consensus,4132957612380.0,jpy_abs,yfinance,2026-08-27
8050,SEIKO GROUP CORPORATION,dps,FY2026,actual,165.0,jpy,jquants,2026-05-13
8050,SEIKO GROUP CORPORATION,eps,FY2026,actual,268.93,jpy,jquants,2026-05-13
8050,SEIKO GROUP CORPORATION,net_profit,FY2026,actual,21980000000.0,jpy_abs,jquants,2026-05-13
8050,SEIKO GROUP CORPORATION,net_sales,FY2026,actual,335686000000.0,jpy_abs,jquants,2026-05-13
8050,SEIKO GROUP CORPORATION,operating_profit,FY2026,actual,30873000000.0,jpy_abs,jquants,2026-05-13
8050,SEIKO GROUP CORPORATION,ordinary_profit,FY2026,actual,33119000000.0,jpy_abs,jquants,2026-05-13
8050,SEIKO GROUP CORPORATION,dps,FY2027,company,90.0,jpy,jquants,2026-05-13
8050,SEIKO GROUP CORPORATION,eps,FY2027,company,281.37,jpy,jquants,2026-05-13
8050,SEIKO GROUP CORPORATION,eps,FY2027,consensus,433.0,jpy,yfinance,2026-08-27
8050,SEIKO GROUP CORPORATION,net_profit,FY2027,company,23000000000.0,jpy_abs,jquants,2026-05-13
8050,SEIKO GROUP CORPORATION,net_sales,FY2027,company,358000000000.0,jpy_abs,jquants,2026-05-13
8050,SEIKO GROUP CORPORATION,net_sales,FY2027,consensus,394766666670.0,jpy_abs,yfinance,2026-08-27
8050,SEIKO GROUP CORPORATION,operating_profit,FY2027,company,33500000000.0,jpy_abs,jquants,2026-05-13
8050,SEIKO GROUP CORPORATION,ordinary_profit,FY2027,company,34000000000.0,jpy_abs,jquants,2026-05-13
8050,SEIKO GROUP CORPORATION,eps,FY2028,consensus,451.9875,jpy,yfinance,2026-08-27
8050,SEIKO GROUP CORPORATION,net_sales,FY2028,consensus,399350000000.0,jpy_abs,yfinance,2026-08-27
8053,"SUMITOMO CORPORATION (SUMITOMO SHOJI KAISHA,LTD.)",dps,FY2026,actual,150.0,jpy,jquants,2026-05-01
8053,"SUMITOMO CORPORATION (SUMITOMO SHOJI KAISHA,LTD.)",eps,FY2026,actual,499.09,jpy,jquants,2026-05-01
8053,"SUMITOMO CORPORATION (SUMITOMO SHOJI KAISHA,LTD.)",net_profit,FY2026,actual,600334000000.0,jpy_abs,jquants,2026-05-01
8053,"SUMITOMO CORPORATION (SUMITOMO SHOJI KAISHA,LTD.)",net_sales,FY2026,actual,7337259000000.0,jpy_abs,jquants,2026-05-01
8053,"SUMITOMO CORPORATION (SUMITOMO SHOJI KAISHA,LTD.)",ordinary_profit,FY2026,actual,562658000000.0,jpy_abs,jquants,2026-05-01
8053,"SUMITOMO CORPORATION (SUMITOMO SHOJI KAISHA,LTD.)",dps,FY2027,company,40.0,jpy,jquants,2026-05-01
8053,"SUMITOMO CORPORATION (SUMITOMO SHOJI KAISHA,LTD.)",eps,FY2027,company,132.06,jpy,jquants,2026-05-01
8053,"SUMITOMO CORPORATION (SUMITOMO SHOJI KAISHA,LTD.)",eps,FY2027,consensus,138.43468,jpy,yfinance,2026-08-27
8053,"SUMITOMO CORPORATION (SUMITOMO SHOJI KAISHA,LTD.)",net_profit,FY2027,company,630000000000.0,jpy_abs,jquants,2026-05-01
8053,"SUMITOMO CORPORATION (SUMITOMO SHOJI KAISHA,LTD.)",net_sales,FY2027,consensus,7727000000000.0,jpy_abs,yfinance,2026-08-27
8053,"SUMITOMO CORPORATION (SUMITOMO SHOJI KAISHA,LTD.)",eps,FY2028,consensus,144.62456,jpy,yfinance,2026-08-27
8053,"SUMITOMO CORPORATION (SUMITOMO SHOJI KAISHA,LTD.)",net_sales,FY2028,consensus,8013849166700.0,jpy_abs,yfinance,2026-08-27
8056,BIPROGY Inc.,dps,FY2026,actual,130.0,jpy,jquants,2026-04-30
8056,BIPROGY Inc.,eps,FY2026,actual,320.64,jpy,jquants,2026-04-30
8056,BIPROGY Inc.,net_profit,FY2026,actual,31209000000.0,jpy_abs,jquants,2026-04-30
8056,BIPROGY Inc.,net_sales,FY2026,actual,433686000000.0,jpy_abs,jquants,2026-04-30
8056,BIPROGY Inc.,operating_profit,FY2026,actual,42604000000.0,jpy_abs,jquants,2026-04-30
8056,BIPROGY Inc.,dps,FY2027,company,140.0,jpy,jquants,2026-04-30
8056,BIPROGY Inc.,eps,FY2027,company,333.41,jpy,jquants,2026-04-30
8056,BIPROGY Inc.,eps,FY2027,consensus,334.48874,jpy,yfinance,2026-08-27
8056,BIPROGY Inc.,net_profit,FY2027,company,32200000000.0,jpy_abs,jquants,2026-04-30
8056,BIPROGY Inc.,net_sales,FY2027,company,470000000000.0,jpy_abs,jquants,2026-04-30
8056,BIPROGY Inc.,net_sales,FY2027,consensus,472874444440.0,jpy_abs,yfinance,2026-08-27
8056,BIPROGY Inc.,operating_profit,FY2027,company,48400000000.0,jpy_abs,jquants,2026-04-30
8056,BIPROGY Inc.,eps,FY2028,consensus,368.15945,jpy,yfinance,2026-08-27
8056,BIPROGY Inc.,net_sales,FY2028,consensus,493940000000.0,jpy_abs,yfinance,2026-08-27
8058,Mitsubishi Corporation,dps,FY2026,actual,110.0,jpy,jquants,2026-05-01
8058,Mitsubishi Corporation,eps,FY2026,actual,210.92,jpy,jquants,2026-05-01
8058,Mitsubishi Corporation,net_profit,FY2026,actual,800460000000.0,jpy_abs,jquants,2026-05-01
8058,Mitsubishi Corporation,net_sales,FY2026,actual,18915995000000.0,jpy_abs,jquants,2026-05-01
8058,Mitsubishi Corporation,dps,FY2027,company,125.0,jpy,jquants,2026-05-01
8058,Mitsubishi Corporation,eps,FY2027,company,300.42,jpy,jquants,2026-05-01
8058,Mitsubishi Corporation,eps,FY2027,consensus,324.88776,jpy,yfinance,2026-08-27
8058,Mitsubishi Corporation,net_profit,FY2027,company,1100000000000.0,jpy_abs,jquants,2026-05-01
8058,Mitsubishi Corporation,net_sales,FY2027,consensus,22058393976900.0,jpy_abs,yfinance,2026-08-27
8058,Mitsubishi Corporation,eps,FY2028,consensus,315.39407,jpy,yfinance,2026-08-27
8058,Mitsubishi Corporation,net_sales,FY2028,consensus,21824396479960.0,jpy_abs,yfinance,2026-08-27
8060,Canon Marketing Japan Inc.,dps,FY2025,actual,170.0,jpy,jquants,2026-04-28
8060,Canon Marketing Japan Inc.,eps,FY2025,actual,381.46,jpy,jquants,2026-04-28
8060,Canon Marketing Japan Inc.,net_profit,FY2025,actual,41458000000.0,jpy_abs,jquants,2026-04-28
8060,Canon Marketing Japan Inc.,net_sales,FY2025,actual,679799000000.0,jpy_abs,jquants,2026-04-28
8060,Canon Marketing Japan Inc.,operating_profit,FY2025,actual,58188000000.0,jpy_abs,jquants,2026-04-28
8060,Canon Marketing Japan Inc.,ordinary_profit,FY2025,actual,59839000000.0,jpy_abs,jquants,2026-04-28
8060,Canon Marketing Japan Inc.,dps,FY2026,company,90.0,jpy,jquants,2026-04-28
8060,Canon Marketing Japan Inc.,eps,FY2026,company,199.14,jpy,jquants,2026-04-28
8060,Canon Marketing Japan Inc.,eps,FY2026,consensus,219.675,jpy,yfinance,2026-08-27
8060,Canon Marketing Japan Inc.,net_profit,FY2026,company,42000000000.0,jpy_abs,jquants,2026-04-28
8060,Canon Marketing Japan Inc.,net_sales,FY2026,company,685000000000.0,jpy_abs,jquants,2026-04-28
8060,Canon Marketing Japan Inc.,net_sales,FY2026,consensus,690942500000.0,jpy_abs,yfinance,2026-08-27
8060,Canon Marketing Japan Inc.,operating_profit,FY2026,company,60000000000.0,jpy_abs,jquants,2026-04-28
8060,Canon Marketing Japan Inc.,ordinary_profit,FY2026,company,60700000000.0,jpy_abs,jquants,2026-04-28
8060,Canon Marketing Japan Inc.,eps,FY2027,consensus,234.55,jpy,yfinance,2026-08-27
8060,Canon Marketing Japan Inc.,net_sales,FY2027,consensus,715492500000.0,jpy_abs,yfinance,2026-08-27
8078,"HANWA CO.,LTD.",dps,FY2026,actual,290.0,jpy,jquants,2026-05-12
8078,"HANWA CO.,LTD.",eps,FY2026,actual,193.13,jpy,jquants,2026-05-12
8078,"HANWA CO.,LTD.",net_profit,FY2026,actual,38265000000.0,jpy_abs,jquants,2026-05-12
8078,"HANWA CO.,LTD.",net_sales,FY2026,actual,2662669000000.0,jpy_abs,jquants,2026-05-12
8078,"HANWA CO.,LTD.",operating_profit,FY2026,actual,58444000000.0,jpy_abs,jquants,2026-05-12
8078,"HANWA CO.,LTD.",ordinary_profit,FY2026,actual,52262000000.0,jpy_abs,jquants,2026-05-12
8078,"HANWA CO.,LTD.",dps,FY2027,company,66.0,jpy,jquants,2026-05-12
8078,"HANWA CO.,LTD.",eps,FY2027,company,205.64,jpy,jquants,2026-05-12
8078,"HANWA CO.,LTD.",eps,FY2027,consensus,214.96333,jpy,yfinance,2026-08-27
8078,"HANWA CO.,LTD.",net_profit,FY2027,company,40000000000.0,jpy_abs,jquants,2026-05-12
8078,"HANWA CO.,LTD.",net_sales,FY2027,company,3000000000000.0,jpy_abs,jquants,2026-05-12
8078,"HANWA CO.,LTD.",net_sales,FY2027,consensus,2828667588740.0,jpy_abs,yfinance,2026-08-27
8078,"HANWA CO.,LTD.",operating_profit,FY2027,company,62500000000.0,jpy_abs,jquants,2026-05-12
8078,"HANWA CO.,LTD.",ordinary_profit,FY2027,company,57000000000.0,jpy_abs,jquants,2026-05-12
8078,"HANWA CO.,LTD.",eps,FY2028,consensus,227.00333,jpy,yfinance,2026-08-27
8078,"HANWA CO.,LTD.",net_sales,FY2028,consensus,2860127956160.0,jpy_abs,yfinance,2026-08-27
8088,IWATANI  CORPORATION,dps,FY2026,actual,47.0,jpy,jquants,2026-05-14
8088,IWATANI  CORPORATION,eps,FY2026,actual,207.1,jpy,jquants,2026-05-14
8088,IWATANI  CORPORATION,net_profit,FY2026,actual,47666000000.0,jpy_abs,jquants,2026-05-14
8088,IWATANI  CORPORATION,net_sales,FY2026,actual,908522000000.0,jpy_abs,jquants,2026-05-14
8088,IWATANI  CORPORATION,operating_profit,FY2026,actual,38318000000.0,jpy_abs,jquants,2026-05-14
8088,IWATANI  CORPORATION,ordinary_profit,FY2026,actual,55220000000.0,jpy_abs,jquants,2026-05-14
8088,IWATANI  CORPORATION,dps,FY2027,company,47.0,jpy,jquants,2026-05-14
8088,IWATANI  CORPORATION,eps,FY2027,company,197.67,jpy,jquants,2026-05-14
8088,IWATANI  CORPORATION,eps,FY2027,consensus,221.01,jpy,yfinance,2026-08-27
8088,IWATANI  CORPORATION,net_profit,FY2027,company,45500000000.0,jpy_abs,jquants,2026-05-14
8088,IWATANI  CORPORATION,net_sales,FY2027,company,960000000000.0,jpy_abs,jquants,2026-05-14
8088,IWATANI  CORPORATION,net_sales,FY2027,consensus,963260000000.0,jpy_abs,yfinance,2026-08-27
8088,IWATANI  CORPORATION,operating_profit,FY2027,company,48800000000.0,jpy_abs,jquants,2026-05-14
8088,IWATANI  CORPORATION,ordinary_profit,FY2027,company,59000000000.0,jpy_abs,jquants,2026-05-14
8088,IWATANI  CORPORATION,eps,FY2028,consensus,210.814,jpy,yfinance,2026-08-27
8088,IWATANI  CORPORATION,net_sales,FY2028,consensus,967620000000.0,jpy_abs,yfinance,2026-08-27
8098,"Inabata & Co.,Ltd.",dps,FY2026,actual,128.0,jpy,jquants,2026-05-11
8098,"Inabata & Co.,Ltd.",eps,FY2026,actual,384.84,jpy,jquants,2026-05-11
8098,"Inabata & Co.,Ltd.",net_profit,FY2026,actual,20632000000.0,jpy_abs,jquants,2026-05-11
8098,"Inabata & Co.,Ltd.",net_sales,FY2026,actual,832745000000.0,jpy_abs,jquants,2026-05-11
8098,"Inabata & Co.,Ltd.",operating_profit,FY2026,actual,26164000000.0,jpy_abs,jquants,2026-05-11
8098,"Inabata & Co.,Ltd.",ordinary_profit,FY2026,actual,27748000000.0,jpy_abs,jquants,2026-05-11
8098,"Inabata & Co.,Ltd.",dps,FY2027,company,143.0,jpy,jquants,2026-05-11
8098,"Inabata & Co.,Ltd.",eps,FY2027,company,393.39,jpy,jquants,2026-05-11
8098,"Inabata & Co.,Ltd.",eps,FY2027,company_h1,187.33,jpy,jquants,2026-05-11
8098,"Inabata & Co.,Ltd.",net_profit,FY2027,company,21000000000.0,jpy_abs,jquants,2026-05-11
8098,"Inabata & Co.,Ltd.",net_profit,FY2027,company_h1,10000000000.0,jpy_abs,jquants,2026-05-11
8098,"Inabata & Co.,Ltd.",net_sales,FY2027,company,890000000000.0,jpy_abs,jquants,2026-05-11
8098,"Inabata & Co.,Ltd.",net_sales,FY2027,company_h1,440000000000.0,jpy_abs,jquants,2026-05-11
8098,"Inabata & Co.,Ltd.",net_sales,FY2027,consensus,0.0,jpy_abs,yfinance,2026-08-27
8098,"Inabata & Co.,Ltd.",operating_profit,FY2027,company,27500000000.0,jpy_abs,jquants,2026-05-11
8098,"Inabata & Co.,Ltd.",operating_profit,FY2027,company_h1,13000000000.0,jpy_abs,jquants,2026-05-11
8098,"Inabata & Co.,Ltd.",ordinary_profit,FY2027,company,27500000000.0,jpy_abs,jquants,2026-05-11
8098,"Inabata & Co.,Ltd.",ordinary_profit,FY2027,company_h1,13000000000.0,jpy_abs,jquants,2026-05-11
8098,"Inabata & Co.,Ltd.",net_sales,FY2028,consensus,0.0,jpy_abs,yfinance,2026-08-27
8111,Goldwin Inc.,dps,FY2026,actual,7983000000.0,jpy,jquants,2026-05-13
8111,Goldwin Inc.,eps,FY2026,actual,175.76,jpy,jquants,2026-05-13
8111,Goldwin Inc.,net_profit,FY2026,actual,24094000000.0,jpy_abs,jquants,2026-05-13
8111,Goldwin Inc.,net_sales,FY2026,actual,137516000000.0,jpy_abs,jquants,2026-05-13
8111,Goldwin Inc.,operating_profit,FY2026,actual,25859000000.0,jpy_abs,jquants,2026-05-13
8111,Goldwin Inc.,ordinary_profit,FY2026,actual,33904000000.0,jpy_abs,jquants,2026-05-13
8111,Goldwin Inc.,dps,FY2027,company,70.0,jpy,jquants,2026-05-13
8111,Goldwin Inc.,eps,FY2027,company,186.74,jpy,jquants,2026-05-13
8111,Goldwin Inc.,eps,FY2027,company_h1,49.6,jpy,jquants,2026-05-13
8111,Goldwin Inc.,eps,FY2027,consensus,182.3075,jpy,yfinance,2026-08-27
8111,Goldwin Inc.,net_profit,FY2027,company,25600000000.0,jpy_abs,jquants,2026-05-13
8111,Goldwin Inc.,net_profit,FY2027,company_h1,6800000000.0,jpy_abs,jquants,2026-05-13
8111,Goldwin Inc.,net_sales,FY2027,company,145400000000.0,jpy_abs,jquants,2026-05-13
8111,Goldwin Inc.,net_sales,FY2027,company_h1,59900000000.0,jpy_abs,jquants,2026-05-13
8111,Goldwin Inc.,net_sales,FY2027,consensus,142864200000.0,jpy_abs,yfinance,2026-08-27
8111,Goldwin Inc.,operating_profit,FY2027,company,26100000000.0,jpy_abs,jquants,2026-05-13
8111,Goldwin Inc.,operating_profit,FY2027,company_h1,7000000000.0,jpy_abs,jquants,2026-05-13
8111,Goldwin Inc.,ordinary_profit,FY2027,company,34100000000.0,jpy_abs,jquants,2026-05-13
8111,Goldwin Inc.,ordinary_profit,FY2027,company_h1,9200000000.0,jpy_abs,jquants,2026-05-13
8111,Goldwin Inc.,eps,FY2028,consensus,194.792,jpy,yfinance,2026-08-27
8111,Goldwin Inc.,net_sales,FY2028,consensus,151463400000.0,jpy_abs,yfinance,2026-08-27
8113,UNICHARM CORPORATION,dps,FY2025,actual,18.0,jpy,jquants,2026-05-08
8113,UNICHARM CORPORATION,eps,FY2025,actual,37.3,jpy,jquants,2026-05-08
8113,UNICHARM CORPORATION,net_profit,FY2025,actual,65212000000.0,jpy_abs,jquants,2026-05-08
8113,UNICHARM CORPORATION,net_sales,FY2025,actual,945268000000.0,jpy_abs,jquants,2026-05-08
8113,UNICHARM CORPORATION,ordinary_profit,FY2025,actual,112110000000.0,jpy_abs,jquants,2026-05-08
8113,UNICHARM CORPORATION,dps,FY2026,company,22.0,jpy,jquants,2026-05-08
8113,UNICHARM CORPORATION,eps,FY2026,company,50.26,jpy,jquants,2026-05-08
8113,UNICHARM CORPORATION,eps,FY2026,consensus,43.77545,jpy,yfinance,2026-08-27
8113,UNICHARM CORPORATION,net_profit,FY2026,company,86500000000.0,jpy_abs,jquants,2026-05-08
8113,UNICHARM CORPORATION,net_sales,FY2026,company,1010000000000.0,jpy_abs,jquants,2026-05-08
8113,UNICHARM CORPORATION,net_sales,FY2026,consensus,1005052671350.0,jpy_abs,yfinance,2026-08-27
8113,UNICHARM CORPORATION,eps,FY2027,consensus,50.43853,jpy,yfinance,2026-08-27
8113,UNICHARM CORPORATION,net_sales,FY2027,consensus,1056643720870.0,jpy_abs,yfinance,2026-08-27
8130,Sangetsu Corporation,dps,FY2026,actual,155.0,jpy,jquants,2026-05-13
8130,Sangetsu Corporation,eps,FY2026,actual,249.08,jpy,jquants,2026-05-13
8130,Sangetsu Corporation,net_profit,FY2026,actual,14642000000.0,jpy_abs,jquants,2026-05-13
8130,Sangetsu Corporation,net_sales,FY2026,actual,206441000000.0,jpy_abs,jquants,2026-05-13
8130,Sangetsu Corporation,operating_profit,FY2026,actual,19408000000.0,jpy_abs,jquants,2026-05-13
8130,Sangetsu Corporation,ordinary_profit,FY2026,actual,20152000000.0,jpy_abs,jquants,2026-05-13
8130,Sangetsu Corporation,dps,FY2027,company,155.0,jpy,jquants,2026-05-13
8130,Sangetsu Corporation,eps,FY2027,company,229.62,jpy,jquants,2026-05-13
8130,Sangetsu Corporation,eps,FY2027,consensus,228.61,jpy,yfinance,2026-08-27
8130,Sangetsu Corporation,net_profit,FY2027,company,13500000000.0,jpy_abs,jquants,2026-05-13
8130,Sangetsu Corporation,net_sales,FY2027,company,213000000000.0,jpy_abs,jquants,2026-05-13
8130,Sangetsu Corporation,net_sales,FY2027,consensus,212960000000.0,jpy_abs,yfinance,2026-08-27
8130,Sangetsu Corporation,operating_profit,FY2027,company,19000000000.0,jpy_abs,jquants,2026-05-13
8130,Sangetsu Corporation,ordinary_profit,FY2027,company,19200000000.0,jpy_abs,jquants,2026-05-13
8130,Sangetsu Corporation,eps,FY2028,consensus,241.9,jpy,yfinance,2026-08-27
8130,Sangetsu Corporation,net_sales,FY2028,consensus,220400000000.0,jpy_abs,yfinance,2026-08-27
8133,"ITOCHU ENEX CO.,LTD.",dps,FY2026,actual,66.0,jpy,jquants,2026-04-30
8133,"ITOCHU ENEX CO.,LTD.",eps,FY2026,actual,142.28,jpy,jquants,2026-04-30
8133,"ITOCHU ENEX CO.,LTD.",net_profit,FY2026,actual,16058000000.0,jpy_abs,jquants,2026-04-30
8133,"ITOCHU ENEX CO.,LTD.",net_sales,FY2026,actual,851235000000.0,jpy_abs,jquants,2026-04-30
8133,"ITOCHU ENEX CO.,LTD.",operating_profit,FY2026,actual,24146000000.0,jpy_abs,jquants,2026-04-30
8133,"ITOCHU ENEX CO.,LTD.",ordinary_profit,FY2026,actual,18043000000.0,jpy_abs,jquants,2026-04-30
8133,"ITOCHU ENEX CO.,LTD.",dps,FY2027,company,68.0,jpy,jquants,2026-04-30
8133,"ITOCHU ENEX CO.,LTD.",eps,FY2027,company,146.13,jpy,jquants,2026-04-30
8133,"ITOCHU ENEX CO.,LTD.",net_profit,FY2027,company,16500000000.0,jpy_abs,jquants,2026-04-30
8133,"ITOCHU ENEX CO.,LTD.",net_sales,FY2027,consensus,0.0,jpy_abs,yfinance,2026-08-27
8133,"ITOCHU ENEX CO.,LTD.",operating_profit,FY2027,company,24500000000.0,jpy_abs,jquants,2026-04-30
8133,"ITOCHU ENEX CO.,LTD.",net_sales,FY2028,consensus,0.0,jpy_abs,yfinance,2026-08-27
8136,"Sanrio Company,Ltd.",dps,FY2025,actual,53.0,jpy,jquants,2026-02-12
8136,"Sanrio Company,Ltd.",eps,FY2025,actual,176.62,jpy,jquants,2026-02-12
8136,"Sanrio Company,Ltd.",net_profit,FY2025,actual,41731000000.0,jpy_abs,jquants,2026-02-12
8136,"Sanrio Company,Ltd.",net_sales,FY2025,actual,144904000000.0,jpy_abs,jquants,2026-02-12
8136,"Sanrio Company,Ltd.",operating_profit,FY2025,actual,51806000000.0,jpy_abs,jquants,2026-02-12
8136,"Sanrio Company,Ltd.",ordinary_profit,FY2025,actual,53453000000.0,jpy_abs,jquants,2026-02-12
8136,"Sanrio Company,Ltd.",dps,FY2026,company,66.0,jpy,jquants,2026-02-12
8136,"Sanrio Company,Ltd.",eps,FY2026,company,215.84,jpy,jquants,2026-02-12
8136,"Sanrio Company,Ltd.",eps,FY2026,company_h1,103.86,jpy,jquants,2026-02-12
8136,"Sanrio Company,Ltd.",eps,FY2026,consensus,52.93102,jpy,yfinance,2026-08-27
8136,"Sanrio Company,Ltd.",net_profit,FY2026,company,52000000000.0,jpy_abs,jquants,2026-02-12
8136,"Sanrio Company,Ltd.",net_profit,FY2026,company_h1,24700000000.0,jpy_abs,jquants,2026-02-12
8136,"Sanrio Company,Ltd.",net_sales,FY2026,company,190600000000.0,jpy_abs,jquants,2026-02-12
8136,"Sanrio Company,Ltd.",net_sales,FY2026,company_h1,83600000000.0,jpy_abs,jquants,2026-02-12
8136,"Sanrio Company,Ltd.",net_sales,FY2026,consensus,230103339820.0,jpy_abs,yfinance,2026-08-27
8136,"Sanrio Company,Ltd.",operating_profit,FY2026,company,75100000000.0,jpy_abs,jquants,2026-02-12
8136,"Sanrio Company,Ltd.",operating_profit,FY2026,company_h1,35000000000.0,jpy_abs,jquants,2026-02-12
8136,"Sanrio Company,Ltd.",ordinary_profit,FY2026,company,76400000000.0,jpy_abs,jquants,2026-02-12
8136,"Sanrio Company,Ltd.",ordinary_profit,FY2026,company_h1,35400000000.0,jpy_abs,jquants,2026-02-12
8136,"Sanrio Company,Ltd.",eps,FY2027,consensus,60.23358,jpy,yfinance,2026-08-27
8136,"Sanrio Company,Ltd.",net_sales,FY2027,consensus,259532948070.0,jpy_abs,yfinance,2026-08-27
8154,"KAGA ELECTRONICS CO.,LTD.",dps,FY2026,actual,140.0,jpy,jquants,2026-05-14
8154,"KAGA ELECTRONICS CO.,LTD.",eps,FY2026,actual,627.71,jpy,jquants,2026-05-14
8154,"KAGA ELECTRONICS CO.,LTD.",net_profit,FY2026,actual,31099000000.0,jpy_abs,jquants,2026-05-14
8154,"KAGA ELECTRONICS CO.,LTD.",net_sales,FY2026,actual,658941000000.0,jpy_abs,jquants,2026-05-14
8154,"KAGA ELECTRONICS CO.,LTD.",operating_profit,FY2026,actual,27824000000.0,jpy_abs,jquants,2026-05-14
8154,"KAGA ELECTRONICS CO.,LTD.",ordinary_profit,FY2026,actual,29930000000.0,jpy_abs,jquants,2026-05-14
8154,"KAGA ELECTRONICS CO.,LTD.",dps,FY2027,company,140.0,jpy,jquants,2026-05-14
8154,"KAGA ELECTRONICS CO.,LTD.",eps,FY2027,company,419.65,jpy,jquants,2026-05-14
8154,"KAGA ELECTRONICS CO.,LTD.",eps,FY2027,consensus,671.4,jpy,yfinance,2026-08-27
8154,"KAGA ELECTRONICS CO.,LTD.",net_profit,FY2027,company,20000000000.0,jpy_abs,jquants,2026-05-14
8154,"KAGA ELECTRONICS CO.,LTD.",net_sales,FY2027,company,645000000000.0,jpy_abs,jquants,2026-05-14
8154,"KAGA ELECTRONICS CO.,LTD.",net_sales,FY2027,consensus,800000000000.0,jpy_abs,yfinance,2026-08-27
8154,"KAGA ELECTRONICS CO.,LTD.",operating_profit,FY2027,company,28500000000.0,jpy_abs,jquants,2026-05-14
8154,"KAGA ELECTRONICS CO.,LTD.",ordinary_profit,FY2027,company,28000000000.0,jpy_abs,jquants,2026-05-14
8154,"KAGA ELECTRONICS CO.,LTD.",eps,FY2028,consensus,502.5,jpy,yfinance,2026-08-27
8154,"KAGA ELECTRONICS CO.,LTD.",net_sales,FY2028,consensus,760400000000.0,jpy_abs,yfinance,2026-08-27
8174,"NIPPON GAS CO.,LTD.",dps,FY2026,actual,103.0,jpy,jquants,2026-04-30
8174,"NIPPON GAS CO.,LTD.",eps,FY2026,actual,136.69,jpy,jquants,2026-04-30
8174,"NIPPON GAS CO.,LTD.",net_profit,FY2026,actual,14815000000.0,jpy_abs,jquants,2026-04-30
8174,"NIPPON GAS CO.,LTD.",net_sales,FY2026,actual,208480000000.0,jpy_abs,jquants,2026-04-30
8174,"NIPPON GAS CO.,LTD.",operating_profit,FY2026,actual,21278000000.0,jpy_abs,jquants,2026-04-30
8174,"NIPPON GAS CO.,LTD.",ordinary_profit,FY2026,actual,21219000000.0,jpy_abs,jquants,2026-04-30
8174,"NIPPON GAS CO.,LTD.",dps,FY2027,company,110.0,jpy,jquants,2026-04-30
8174,"NIPPON GAS CO.,LTD.",eps,FY2027,company,132.27,jpy,jquants,2026-04-30
8174,"NIPPON GAS CO.,LTD.",eps,FY2027,company_h1,21.66,jpy,jquants,2026-04-30
8174,"NIPPON GAS CO.,LTD.",eps,FY2027,consensus,136.48,jpy,yfinance,2026-08-27
8174,"NIPPON GAS CO.,LTD.",net_profit,FY2027,company,14000000000.0,jpy_abs,jquants,2026-04-30
8174,"NIPPON GAS CO.,LTD.",net_profit,FY2027,company_h1,2300000000.0,jpy_abs,jquants,2026-04-30
8174,"NIPPON GAS CO.,LTD.",net_sales,FY2027,consensus,219259333330.0,jpy_abs,yfinance,2026-08-27
8174,"NIPPON GAS CO.,LTD.",operating_profit,FY2027,company,20000000000.0,jpy_abs,jquants,2026-04-30
8174,"NIPPON GAS CO.,LTD.",operating_profit,FY2027,company_h1,3400000000.0,jpy_abs,jquants,2026-04-30
8174,"NIPPON GAS CO.,LTD.",ordinary_profit,FY2027,company,20000000000.0,jpy_abs,jquants,2026-04-30
8174,"NIPPON GAS CO.,LTD.",ordinary_profit,FY2027,company_h1,3400000000.0,jpy_abs,jquants,2026-04-30
8174,"NIPPON GAS CO.,LTD.",eps,FY2028,consensus,154.48,jpy,yfinance,2026-08-27
8174,"NIPPON GAS CO.,LTD.",net_sales,FY2028,consensus,232195800000.0,jpy_abs,yfinance,2026-08-27
8194,LIFE CORPORATION,dps,FY2026,actual,65.5,jpy,jquants,2026-04-09
8194,LIFE CORPORATION,eps,FY2026,actual,217.56,jpy,jquants,2026-04-09
8194,LIFE CORPORATION,net_profit,FY2026,actual,18822000000.0,jpy_abs,jquants,2026-04-09
8194,LIFE CORPORATION,net_sales,FY2026,actual,881325000000.0,jpy_abs,jquants,2026-04-09
8194,LIFE CORPORATION,operating_profit,FY2026,actual,26006000000.0,jpy_abs,jquants,2026-04-09
8194,LIFE CORPORATION,ordinary_profit,FY2026,actual,27068000000.0,jpy_abs,jquants,2026-04-09
8194,LIFE CORPORATION,dps,FY2027,company,70.0,jpy,jquants,2026-04-09
8194,LIFE CORPORATION,eps,FY2027,company,219.61,jpy,jquants,2026-04-09
8194,LIFE CORPORATION,eps,FY2027,consensus,218.86667,jpy,yfinance,2026-08-27
8194,LIFE CORPORATION,net_profit,FY2027,company,19000000000.0,jpy_abs,jquants,2026-04-09
8194,LIFE CORPORATION,net_sales,FY2027,company,922500000000.0,jpy_abs,jquants,2026-04-09
8194,LIFE CORPORATION,net_sales,FY2027,consensus,917233333330.0,jpy_abs,yfinance,2026-08-27
8194,LIFE CORPORATION,operating_profit,FY2027,company,27000000000.0,jpy_abs,jquants,2026-04-09
8194,LIFE CORPORATION,ordinary_profit,FY2027,company,28000000000.0,jpy_abs,jquants,2026-04-09
8194,LIFE CORPORATION,eps,FY2028,consensus,227.83333,jpy,yfinance,2026-08-27
8194,LIFE CORPORATION,net_sales,FY2028,consensus,951666666670.0,jpy_abs,yfinance,2026-08-27
8227,"SHIMAMURA Co.,Ltd.",dps,FY2026,actual,215.0,jpy,jquants,2026-03-30
8227,"SHIMAMURA Co.,Ltd.",eps,FY2026,actual,202.36,jpy,jquants,2026-03-30
8227,"SHIMAMURA Co.,Ltd.",net_profit,FY2026,actual,44460000000.0,jpy_abs,jquants,2026-03-30
8227,"SHIMAMURA Co.,Ltd.",net_sales,FY2026,actual,700034000000.0,jpy_abs,jquants,2026-03-30
8227,"SHIMAMURA Co.,Ltd.",operating_profit,FY2026,actual,61483000000.0,jpy_abs,jquants,2026-03-30
8227,"SHIMAMURA Co.,Ltd.",ordinary_profit,FY2026,actual,63672000000.0,jpy_abs,jquants,2026-03-30
8227,"SHIMAMURA Co.,Ltd.",dps,FY2027,company,80.0,jpy,jquants,2026-03-30
8227,"SHIMAMURA Co.,Ltd.",eps,FY2027,company,227.92,jpy,jquants,2026-03-30
8227,"SHIMAMURA Co.,Ltd.",eps,FY2027,company_h1,110.34,jpy,jquants,2026-03-30
8227,"SHIMAMURA Co.,Ltd.",eps,FY2027,consensus,231.72243,jpy,yfinance,2026-08-27
8227,"SHIMAMURA Co.,Ltd.",net_profit,FY2027,company,47321000000.0,jpy_abs,jquants,2026-03-30
8227,"SHIMAMURA Co.,Ltd.",net_profit,FY2027,company_h1,22910000000.0,jpy_abs,jquants,2026-03-30
8227,"SHIMAMURA Co.,Ltd.",net_sales,FY2027,company,729193000000.0,jpy_abs,jquants,2026-03-30
8227,"SHIMAMURA Co.,Ltd.",net_sales,FY2027,company_h1,359887000000.0,jpy_abs,jquants,2026-03-30
8227,"SHIMAMURA Co.,Ltd.",net_sales,FY2027,consensus,731435250000.0,jpy_abs,yfinance,2026-08-27
8227,"SHIMAMURA Co.,Ltd.",operating_profit,FY2027,company,66842000000.0,jpy_abs,jquants,2026-03-30
8227,"SHIMAMURA Co.,Ltd.",operating_profit,FY2027,company_h1,32067000000.0,jpy_abs,jquants,2026-03-30
8227,"SHIMAMURA Co.,Ltd.",ordinary_profit,FY2027,company,68825000000.0,jpy_abs,jquants,2026-03-30
8227,"SHIMAMURA Co.,Ltd.",ordinary_profit,FY2027,company_h1,33159000000.0,jpy_abs,jquants,2026-03-30
8227,"SHIMAMURA Co.,Ltd.",eps,FY2028,consensus,241.22614,jpy,yfinance,2026-08-27
8227,"SHIMAMURA Co.,Ltd.",net_sales,FY2028,consensus,755911416670.0,jpy_abs,yfinance,2026-08-27
8242,H2O RETAILING CORPORATION,dps,FY2026,actual,46.0,jpy,jquants,2026-05-12
8242,H2O RETAILING CORPORATION,eps,FY2026,actual,254.39,jpy,jquants,2026-05-12
8242,H2O RETAILING CORPORATION,net_profit,FY2026,actual,29950000000.0,jpy_abs,jquants,2026-05-12
8242,H2O RETAILING CORPORATION,net_sales,FY2026,actual,680215000000.0,jpy_abs,jquants,2026-05-12
8242,H2O RETAILING CORPORATION,operating_profit,FY2026,actual,32386000000.0,jpy_abs,jquants,2026-05-12
8242,H2O RETAILING CORPORATION,ordinary_profit,FY2026,actual,34508000000.0,jpy_abs,jquants,2026-05-12
8242,H2O RETAILING CORPORATION,dps,FY2027,company,48.0,jpy,jquants,2026-05-12
8242,H2O RETAILING CORPORATION,eps,FY2027,company,199.99,jpy,jquants,2026-05-12
8242,H2O RETAILING CORPORATION,eps,FY2027,company_h1,117.39,jpy,jquants,2026-05-12
8242,H2O RETAILING CORPORATION,eps,FY2027,consensus,219.25,jpy,yfinance,2026-08-27
8242,H2O RETAILING CORPORATION,net_profit,FY2027,company,23000000000.0,jpy_abs,jquants,2026-05-12
8242,H2O RETAILING CORPORATION,net_profit,FY2027,company_h1,13500000000.0,jpy_abs,jquants,2026-05-12
8242,H2O RETAILING CORPORATION,net_sales,FY2027,company,712000000000.0,jpy_abs,jquants,2026-05-12
8242,H2O RETAILING CORPORATION,net_sales,FY2027,company_h1,342500000000.0,jpy_abs,jquants,2026-05-12
8242,H2O RETAILING CORPORATION,net_sales,FY2027,consensus,701000000000.0,jpy_abs,yfinance,2026-08-27
8242,H2O RETAILING CORPORATION,operating_profit,FY2027,company,32500000000.0,jpy_abs,jquants,2026-05-12
8242,H2O RETAILING CORPORATION,operating_profit,FY2027,company_h1,10000000000.0,jpy_abs,jquants,2026-05-12
8242,H2O RETAILING CORPORATION,ordinary_profit,FY2027,company,33000000000.0,jpy_abs,jquants,2026-05-12
8242,H2O RETAILING CORPORATION,ordinary_profit,FY2027,company_h1,10500000000.0,jpy_abs,jquants,2026-05-12
8242,H2O RETAILING CORPORATION,eps,FY2028,consensus,212.75,jpy,yfinance,2026-08-27
8242,H2O RETAILING CORPORATION,net_sales,FY2028,consensus,714500000000.0,jpy_abs,yfinance,2026-08-27
8252,"MARUI GROUP CO.,LTD.",dps,FY2026,actual,131.0,jpy,jquants,2026-05-15
8252,"MARUI GROUP CO.,LTD.",eps,FY2026,actual,158.35,jpy,jquants,2026-05-15
8252,"MARUI GROUP CO.,LTD.",net_profit,FY2026,actual,28476000000.0,jpy_abs,jquants,2026-05-15
8252,"MARUI GROUP CO.,LTD.",net_sales,FY2026,actual,276862000000.0,jpy_abs,jquants,2026-05-15
8252,"MARUI GROUP CO.,LTD.",operating_profit,FY2026,actual,50211000000.0,jpy_abs,jquants,2026-05-15
8252,"MARUI GROUP CO.,LTD.",ordinary_profit,FY2026,actual,42650000000.0,jpy_abs,jquants,2026-05-15
8252,"MARUI GROUP CO.,LTD.",dps,FY2027,company,134.0,jpy,jquants,2026-05-15
8252,"MARUI GROUP CO.,LTD.",eps,FY2027,company,164.0,jpy,jquants,2026-05-15
8252,"MARUI GROUP CO.,LTD.",eps,FY2027,consensus,171.13344,jpy,yfinance,2026-08-27
8252,"MARUI GROUP CO.,LTD.",net_profit,FY2027,company,29500000000.0,jpy_abs,jquants,2026-05-15
8252,"MARUI GROUP CO.,LTD.",net_sales,FY2027,company,296000000000.0,jpy_abs,jquants,2026-05-15
8252,"MARUI GROUP CO.,LTD.",net_sales,FY2027,consensus,299255900370.0,jpy_abs,yfinance,2026-08-27
8252,"MARUI GROUP CO.,LTD.",operating_profit,FY2027,company,55000000000.0,jpy_abs,jquants,2026-05-15
8252,"MARUI GROUP CO.,LTD.",ordinary_profit,FY2027,company,44000000000.0,jpy_abs,jquants,2026-05-15
8252,"MARUI GROUP CO.,LTD.",eps,FY2028,consensus,187.54591,jpy,yfinance,2026-08-27
8252,"MARUI GROUP CO.,LTD.",net_sales,FY2028,consensus,321706867460.0,jpy_abs,yfinance,2026-08-27
8253,"Credit Saison Co.,Ltd.",dps,FY2026,actual,130.0,jpy,jquants,2026-05-15
8253,"Credit Saison Co.,Ltd.",eps,FY2026,actual,432.17,jpy,jquants,2026-05-15
8253,"Credit Saison Co.,Ltd.",net_profit,FY2026,actual,62751000000.0,jpy_abs,jquants,2026-05-15
8253,"Credit Saison Co.,Ltd.",ordinary_profit,FY2026,actual,62061000000.0,jpy_abs,jquants,2026-05-15
8253,"Credit Saison Co.,Ltd.",dps,FY2027,company,160.0,jpy,jquants,2026-05-15
8253,"Credit Saison Co.,Ltd.",eps,FY2027,company,525.68,jpy,jquants,2026-05-15
8253,"Credit Saison Co.,Ltd.",eps,FY2027,consensus,546.2969,jpy,yfinance,2026-08-27
8253,"Credit Saison Co.,Ltd.",net_profit,FY2027,company,75500000000.0,jpy_abs,jquants,2026-05-15
8253,"Credit Saison Co.,Ltd.",net_sales,FY2027,company,364500000000.0,jpy_abs,jquants,2026-05-15
8253,"Credit Saison Co.,Ltd.",net_sales,FY2027,consensus,507352728660.0,jpy_abs,yfinance,2026-08-27
8253,"Credit Saison Co.,Ltd.",operating_profit,FY2027,company,59500000000.0,jpy_abs,jquants,2026-05-15
8253,"Credit Saison Co.,Ltd.",ordinary_profit,FY2027,company,66000000000.0,jpy_abs,jquants,2026-05-15
8253,"Credit Saison Co.,Ltd.",eps,FY2028,consensus,588.31323,jpy,yfinance,2026-08-27
8253,"Credit Saison Co.,Ltd.",net_sales,FY2028,consensus,541059885310.0,jpy_abs,yfinance,2026-08-27
8306,"Mitsubishi UFJ Financial Group,Inc.",dps,FY2026,actual,86.0,jpy,jquants,2026-05-15
8306,"Mitsubishi UFJ Financial Group,Inc.",eps,FY2026,actual,213.17,jpy,jquants,2026-05-15
8306,"Mitsubishi UFJ Financial Group,Inc.",net_profit,FY2026,actual,2427229000000.0,jpy_abs,jquants,2026-05-15
8306,"Mitsubishi UFJ Financial Group,Inc.",net_sales,FY2026,actual,14620843000000.0,jpy_abs,jquants,2026-05-15
8306,"Mitsubishi UFJ Financial Group,Inc.",ordinary_profit,FY2026,actual,3410192000000.0,jpy_abs,jquants,2026-05-15
8306,"Mitsubishi UFJ Financial Group,Inc.",dps,FY2027,company,96.0,jpy,jquants,2026-05-15
8306,"Mitsubishi UFJ Financial Group,Inc.",eps,FY2027,consensus,248.35965,jpy,yfinance,2026-08-27
8306,"Mitsubishi UFJ Financial Group,Inc.",net_sales,FY2027,consensus,6634056311000.0,jpy_abs,yfinance,2026-08-27
8306,"Mitsubishi UFJ Financial Group,Inc.",eps,FY2028,consensus,273.64438,jpy,yfinance,2026-08-27
8306,"Mitsubishi UFJ Financial Group,Inc.",net_sales,FY2028,consensus,7491033783800.0,jpy_abs,yfinance,2026-08-27
8308,"Resona Holdings, Inc.",dps,FY2026,actual,29.0,jpy,jquants,2026-05-12
8308,"Resona Holdings, Inc.",eps,FY2026,actual,113.82,jpy,jquants,2026-05-12
8308,"Resona Holdings, Inc.",net_profit,FY2026,actual,258717000000.0,jpy_abs,jquants,2026-05-12
8308,"Resona Holdings, Inc.",net_sales,FY2026,actual,1357218000000.0,jpy_abs,jquants,2026-05-12
8308,"Resona Holdings, Inc.",ordinary_profit,FY2026,actual,390902000000.0,jpy_abs,jquants,2026-05-12
8308,"Resona Holdings, Inc.",dps,FY2027,company,37.0,jpy,jquants,2026-05-12
8308,"Resona Holdings, Inc.",eps,FY2027,company,137.6,jpy,jquants,2026-05-12
8308,"Resona Holdings, Inc.",eps,FY2027,consensus,148.02264,jpy,yfinance,2026-08-27
8308,"Resona Holdings, Inc.",net_profit,FY2027,company,310000000000.0,jpy_abs,jquants,2026-05-12
8308,"Resona Holdings, Inc.",net_sales,FY2027,consensus,896246873800.0,jpy_abs,yfinance,2026-08-27
8308,"Resona Holdings, Inc.",eps,FY2028,consensus,174.06924,jpy,yfinance,2026-08-27
8308,"Resona Holdings, Inc.",net_sales,FY2028,consensus,1026442922110.0,jpy_abs,yfinance,2026-08-27
8309,"Sumitomo Mitsui Trust Group,Inc.",dps,FY2026,actual,185.0,jpy,jquants,2026-05-14
8309,"Sumitomo Mitsui Trust Group,Inc.",eps,FY2026,actual,451.8,jpy,jquants,2026-05-14
8309,"Sumitomo Mitsui Trust Group,Inc.",net_profit,FY2026,actual,317566000000.0,jpy_abs,jquants,2026-05-14
8309,"Sumitomo Mitsui Trust Group,Inc.",net_sales,FY2026,actual,2983544000000.0,jpy_abs,jquants,2026-05-14
8309,"Sumitomo Mitsui Trust Group,Inc.",ordinary_profit,FY2026,actual,401499000000.0,jpy_abs,jquants,2026-05-14
8309,"Sumitomo Mitsui Trust Group,Inc.",dps,FY2027,company,47.5,jpy,jquants,2026-05-14
8309,"Sumitomo Mitsui Trust Group,Inc.",eps,FY2027,company,135.16,jpy,jquants,2026-05-14
8309,"Sumitomo Mitsui Trust Group,Inc.",eps,FY2027,consensus,139.70381,jpy,yfinance,2026-08-27
8309,"Sumitomo Mitsui Trust Group,Inc.",net_profit,FY2027,company,380000000000.0,jpy_abs,jquants,2026-05-14
8309,"Sumitomo Mitsui Trust Group,Inc.",net_sales,FY2027,consensus,1028255333330.0,jpy_abs,yfinance,2026-08-27
8309,"Sumitomo Mitsui Trust Group,Inc.",eps,FY2028,consensus,146.5362,jpy,yfinance,2026-08-27
8309,"Sumitomo Mitsui Trust Group,Inc.",net_sales,FY2028,consensus,1124598921000.0,jpy_abs,yfinance,2026-08-27
8316,"Sumitomo Mitsui Financial Group,Inc.",dps,FY2026,actual,157.0,jpy,jquants,2026-05-13
8316,"Sumitomo Mitsui Financial Group,Inc.",eps,FY2026,actual,411.97,jpy,jquants,2026-05-13
8316,"Sumitomo Mitsui Financial Group,Inc.",net_profit,FY2026,actual,1582973000000.0,jpy_abs,jquants,2026-05-13
8316,"Sumitomo Mitsui Financial Group,Inc.",net_sales,FY2026,actual,10790853000000.0,jpy_abs,jquants,2026-05-13
8316,"Sumitomo Mitsui Financial Group,Inc.",ordinary_profit,FY2026,actual,2303350000000.0,jpy_abs,jquants,2026-05-13
8316,"Sumitomo Mitsui Financial Group,Inc.",dps,FY2027,company,135.0,jpy,jquants,2026-05-13
8316,"Sumitomo Mitsui Financial Group,Inc.",eps,FY2027,company,223.75,jpy,jquants,2026-05-13
8316,"Sumitomo Mitsui Financial Group,Inc.",eps,FY2027,consensus,469.78073,jpy,yfinance,2026-08-27
8316,"Sumitomo Mitsui Financial Group,Inc.",net_profit,FY2027,company,1700000000000.0,jpy_abs,jquants,2026-05-13
8316,"Sumitomo Mitsui Financial Group,Inc.",net_sales,FY2027,consensus,5244296000670.0,jpy_abs,yfinance,2026-08-27
8316,"Sumitomo Mitsui Financial Group,Inc.",eps,FY2028,consensus,519.59937,jpy,yfinance,2026-08-27
8316,"Sumitomo Mitsui Financial Group,Inc.",net_sales,FY2028,consensus,5574171275210.0,jpy_abs,yfinance,2026-08-27
8331,"The Chiba Bank,Ltd.",dps,FY2026,actual,52.0,jpy,jquants,2026-05-15
8331,"The Chiba Bank,Ltd.",eps,FY2026,actual,133.75,jpy,jquants,2026-05-15
8331,"The Chiba Bank,Ltd.",net_profit,FY2026,actual,94063000000.0,jpy_abs,jquants,2026-05-15
8331,"The Chiba Bank,Ltd.",net_sales,FY2026,actual,445037000000.0,jpy_abs,jquants,2026-05-15
8331,"The Chiba Bank,Ltd.",ordinary_profit,FY2026,actual,138815000000.0,jpy_abs,jquants,2026-05-15
8331,"The Chiba Bank,Ltd.",dps,FY2027,company,64.0,jpy,jquants,2026-05-15
8331,"The Chiba Bank,Ltd.",eps,FY2027,company,154.71,jpy,jquants,2026-05-15
8331,"The Chiba Bank,Ltd.",eps,FY2027,company_h1,76.49,jpy,jquants,2026-05-15
8331,"The Chiba Bank,Ltd.",eps,FY2027,consensus,167.48792,jpy,yfinance,2026-08-27
8331,"The Chiba Bank,Ltd.",net_profit,FY2027,company,107000000000.0,jpy_abs,jquants,2026-05-15
8331,"The Chiba Bank,Ltd.",net_profit,FY2027,company_h1,53000000000.0,jpy_abs,jquants,2026-05-15
8331,"The Chiba Bank,Ltd.",net_sales,FY2027,consensus,278884326500.0,jpy_abs,yfinance,2026-08-27
8331,"The Chiba Bank,Ltd.",ordinary_profit,FY2027,company,154300000000.0,jpy_abs,jquants,2026-05-15
8331,"The Chiba Bank,Ltd.",ordinary_profit,FY2027,company_h1,75800000000.0,jpy_abs,jquants,2026-05-15
8331,"The Chiba Bank,Ltd.",eps,FY2028,consensus,188.55408,jpy,yfinance,2026-08-27
8331,"The Chiba Bank,Ltd.",net_sales,FY2028,consensus,308520846330.0,jpy_abs,yfinance,2026-08-27
8334,"The Gunma Bank,Ltd.",dps,FY2026,actual,62.0,jpy,jquants,2026-05-11
8334,"The Gunma Bank,Ltd.",eps,FY2026,actual,154.87,jpy,jquants,2026-05-11
8334,"The Gunma Bank,Ltd.",net_profit,FY2026,actual,58863000000.0,jpy_abs,jquants,2026-05-11
8334,"The Gunma Bank,Ltd.",net_sales,FY2026,actual,264965000000.0,jpy_abs,jquants,2026-05-11
8334,"The Gunma Bank,Ltd.",ordinary_profit,FY2026,actual,84886000000.0,jpy_abs,jquants,2026-05-11
8334,"The Gunma Bank,Ltd.",dps,FY2027,company,70.0,jpy,jquants,2026-05-11
8334,"The Gunma Bank,Ltd.",eps,FY2027,company,171.73,jpy,jquants,2026-05-11
8334,"The Gunma Bank,Ltd.",eps,FY2027,company_h1,84.54,jpy,jquants,2026-05-11
8334,"The Gunma Bank,Ltd.",eps,FY2027,consensus,187.94,jpy,yfinance,2026-08-27
8334,"The Gunma Bank,Ltd.",net_profit,FY2027,company,65000000000.0,jpy_abs,jquants,2026-05-11
8334,"The Gunma Bank,Ltd.",net_profit,FY2027,company_h1,32000000000.0,jpy_abs,jquants,2026-05-11
8334,"The Gunma Bank,Ltd.",net_sales,FY2027,consensus,122800000000.0,jpy_abs,yfinance,2026-08-27
8334,"The Gunma Bank,Ltd.",ordinary_profit,FY2027,company,95000000000.0,jpy_abs,jquants,2026-05-11
8334,"The Gunma Bank,Ltd.",ordinary_profit,FY2027,company_h1,46500000000.0,jpy_abs,jquants,2026-05-11
8334,"The Gunma Bank,Ltd.",eps,FY2028,consensus,197.575,jpy,yfinance,2026-08-27
8334,"The Gunma Bank,Ltd.",net_sales,FY2028,consensus,256600000000.0,jpy_abs,yfinance,2026-08-27
8354,"Fukuoka Financial Group,Inc.",dps,FY2026,actual,180.0,jpy,jquants,2026-05-13
8354,"Fukuoka Financial Group,Inc.",eps,FY2026,actual,451.99,jpy,jquants,2026-05-13
8354,"Fukuoka Financial Group,Inc.",net_profit,FY2026,actual,85428000000.0,jpy_abs,jquants,2026-05-13
8354,"Fukuoka Financial Group,Inc.",net_sales,FY2026,actual,621168000000.0,jpy_abs,jquants,2026-05-13
8354,"Fukuoka Financial Group,Inc.",ordinary_profit,FY2026,actual,120610000000.0,jpy_abs,jquants,2026-05-13
8354,"Fukuoka Financial Group,Inc.",dps,FY2027,company,210.0,jpy,jquants,2026-05-13
8354,"Fukuoka Financial Group,Inc.",eps,FY2027,company,529.2,jpy,jquants,2026-05-13
8354,"Fukuoka Financial Group,Inc.",eps,FY2027,company_h1,254.01,jpy,jquants,2026-05-13
8354,"Fukuoka Financial Group,Inc.",eps,FY2027,consensus,541.9999,jpy,yfinance,2026-08-27
8354,"Fukuoka Financial Group,Inc.",net_profit,FY2027,company,100000000000.0,jpy_abs,jquants,2026-05-13
8354,"Fukuoka Financial Group,Inc.",net_profit,FY2027,company_h1,48000000000.0,jpy_abs,jquants,2026-05-13
8354,"Fukuoka Financial Group,Inc.",net_sales,FY2027,consensus,338321789230.0,jpy_abs,yfinance,2026-08-27
8354,"Fukuoka Financial Group,Inc.",ordinary_profit,FY2027,company,149500000000.0,jpy_abs,jquants,2026-05-13
8354,"Fukuoka Financial Group,Inc.",ordinary_profit,FY2027,company_h1,72000000000.0,jpy_abs,jquants,2026-05-13
8354,"Fukuoka Financial Group,Inc.",eps,FY2028,consensus,629.61676,jpy,yfinance,2026-08-27
8354,"Fukuoka Financial Group,Inc.",net_sales,FY2028,consensus,364641475870.0,jpy_abs,yfinance,2026-08-27
8411,"Mizuho Financial Group,Inc.",dps,FY2026,actual,145.0,jpy,jquants,2026-05-15
8411,"Mizuho Financial Group,Inc.",eps,FY2026,actual,502.92,jpy,jquants,2026-05-15
8411,"Mizuho Financial Group,Inc.",net_profit,FY2026,actual,1248632000000.0,jpy_abs,jquants,2026-05-15
8411,"Mizuho Financial Group,Inc.",net_sales,FY2026,actual,9085438000000.0,jpy_abs,jquants,2026-05-15
8411,"Mizuho Financial Group,Inc.",ordinary_profit,FY2026,actual,1573159000000.0,jpy_abs,jquants,2026-05-15
8411,"Mizuho Financial Group,Inc.",dps,FY2027,company,150.0,jpy,jquants,2026-05-15
8411,"Mizuho Financial Group,Inc.",eps,FY2027,company,533.1,jpy,jquants,2026-05-15
8411,"Mizuho Financial Group,Inc.",eps,FY2027,consensus,591.6332,jpy,yfinance,2026-08-27
8411,"Mizuho Financial Group,Inc.",net_profit,FY2027,company,1300000000000.0,jpy_abs,jquants,2026-05-15
8411,"Mizuho Financial Group,Inc.",net_sales,FY2027,consensus,4123932156000.0,jpy_abs,yfinance,2026-08-27
8411,"Mizuho Financial Group,Inc.",eps,FY2028,consensus,663.91003,jpy,yfinance,2026-08-27
8411,"Mizuho Financial Group,Inc.",net_sales,FY2028,consensus,4532541623190.0,jpy_abs,yfinance,2026-08-27
8424,"Fuyo General Lease Co.,Ltd.",dps,FY2026,actual,158.0,jpy,jquants,2026-05-12
8424,"Fuyo General Lease Co.,Ltd.",eps,FY2026,actual,239.13,jpy,jquants,2026-05-12
8424,"Fuyo General Lease Co.,Ltd.",net_profit,FY2026,actual,21565000000.0,jpy_abs,jquants,2026-05-12
8424,"Fuyo General Lease Co.,Ltd.",net_sales,FY2026,actual,788669000000.0,jpy_abs,jquants,2026-05-12
8424,"Fuyo General Lease Co.,Ltd.",operating_profit,FY2026,actual,40542000000.0,jpy_abs,jquants,2026-05-12
8424,"Fuyo General Lease Co.,Ltd.",ordinary_profit,FY2026,actual,38249000000.0,jpy_abs,jquants,2026-05-12
8424,"Fuyo General Lease Co.,Ltd.",dps,FY2027,company,172.0,jpy,jquants,2026-05-12
8424,"Fuyo General Lease Co.,Ltd.",eps,FY2027,company,532.14,jpy,jquants,2026-05-12
8424,"Fuyo General Lease Co.,Ltd.",eps,FY2027,consensus,510.1,jpy,yfinance,2026-08-27
8424,"Fuyo General Lease Co.,Ltd.",net_profit,FY2027,company,48000000000.0,jpy_abs,jquants,2026-05-12
8424,"Fuyo General Lease Co.,Ltd.",net_sales,FY2027,consensus,716000000000.0,jpy_abs,yfinance,2026-08-27
8424,"Fuyo General Lease Co.,Ltd.",operating_profit,FY2027,company,70000000000.0,jpy_abs,jquants,2026-05-12
8424,"Fuyo General Lease Co.,Ltd.",ordinary_profit,FY2027,company,75000000000.0,jpy_abs,jquants,2026-05-12
8424,"Fuyo General Lease Co.,Ltd.",eps,FY2028,consensus,541.1,jpy,yfinance,2026-08-27
8424,"Fuyo General Lease Co.,Ltd.",net_sales,FY2028,consensus,732000000000.0,jpy_abs,yfinance,2026-08-27
8425,"Mizuho Leasing Company,Limited",dps,FY2026,actual,51.0,jpy,jquants,2026-06-04
8425,"Mizuho Leasing Company,Limited",eps,FY2026,actual,169.98,jpy,jquants,2026-06-04
8425,"Mizuho Leasing Company,Limited",net_profit,FY2026,actual,47609000000.0,jpy_abs,jquants,2026-06-04
8425,"Mizuho Leasing Company,Limited",net_sales,FY2026,actual,921592000000.0,jpy_abs,jquants,2026-06-04
8425,"Mizuho Leasing Company,Limited",operating_profit,FY2026,actual,44674000000.0,jpy_abs,jquants,2026-06-04
8425,"Mizuho Leasing Company,Limited",ordinary_profit,FY2026,actual,64969000000.0,jpy_abs,jquants,2026-06-04
8425,"Mizuho Leasing Company,Limited",dps,FY2027,company,52.0,jpy,jquants,2026-06-04
8425,"Mizuho Leasing Company,Limited",eps,FY2027,company,170.96,jpy,jquants,2026-06-04
8425,"Mizuho Leasing Company,Limited",net_profit,FY2027,company,52000000000.0,jpy_abs,jquants,2026-06-04
8425,"Mizuho Leasing Company,Limited",net_sales,FY2027,consensus,0.0,jpy_abs,yfinance,2026-08-27
8425,"Mizuho Leasing Company,Limited",operating_profit,FY2027,company,40000000000.0,jpy_abs,jquants,2026-06-04
8425,"Mizuho Leasing Company,Limited",ordinary_profit,FY2027,company,67000000000.0,jpy_abs,jquants,2026-06-04
8425,"Mizuho Leasing Company,Limited",net_sales,FY2028,consensus,0.0,jpy_abs,yfinance,2026-08-27
8439,Tokyo Century Corporation,dps,FY2026,actual,80.0,jpy,jquants,2026-05-11
8439,Tokyo Century Corporation,eps,FY2026,actual,227.82,jpy,jquants,2026-05-11
8439,Tokyo Century Corporation,net_profit,FY2026,actual,111299000000.0,jpy_abs,jquants,2026-05-11
8439,Tokyo Century Corporation,net_sales,FY2026,actual,1457670000000.0,jpy_abs,jquants,2026-05-11
8439,Tokyo Century Corporation,operating_profit,FY2026,actual,148306000000.0,jpy_abs,jquants,2026-05-11
8439,Tokyo Century Corporation,ordinary_profit,FY2026,actual,163417000000.0,jpy_abs,jquants,2026-05-11
8439,Tokyo Century Corporation,dps,FY2027,company,90.0,jpy,jquants,2026-05-11
8439,Tokyo Century Corporation,eps,FY2027,company,251.66,jpy,jquants,2026-05-11
8439,Tokyo Century Corporation,eps,FY2027,consensus,263.83566,jpy,yfinance,2026-08-27
8439,Tokyo Century Corporation,net_profit,FY2027,company,123000000000.0,jpy_abs,jquants,2026-05-11
8439,Tokyo Century Corporation,net_sales,FY2027,consensus,1521703799280.0,jpy_abs,yfinance,2026-08-27
8439,Tokyo Century Corporation,eps,FY2028,consensus,267.1841,jpy,yfinance,2026-08-27
8439,Tokyo Century Corporation,net_sales,FY2028,consensus,1568371339740.0,jpy_abs,yfinance,2026-08-27
8473,"SBI Holdings,Inc.",dps,FY2026,actual,61689000000.0,jpy,jquants,2026-05-01
8473,"SBI Holdings,Inc.",dps,FY2026,company,75.0,jpy,jquants,2026-05-01
8473,"SBI Holdings,Inc.",eps,FY2026,actual,666.82,jpy,jquants,2026-05-01
8473,"SBI Holdings,Inc.",net_profit,FY2026,actual,427577000000.0,jpy_abs,jquants,2026-05-01
8473,"SBI Holdings,Inc.",net_sales,FY2026,actual,1896607000000.0,jpy_abs,jquants,2026-05-01
8473,"SBI Holdings,Inc.",ordinary_profit,FY2026,actual,-38341000000.0,jpy_abs,jquants,2026-05-01
8473,"SBI Holdings,Inc.",eps,FY2027,consensus,348.5025,jpy,yfinance,2026-08-27
8473,"SBI Holdings,Inc.",net_sales,FY2027,consensus,1492200000000.0,jpy_abs,yfinance,2026-08-27
8473,"SBI Holdings,Inc.",eps,FY2028,consensus,342.66653,jpy,yfinance,2026-08-27
8473,"SBI Holdings,Inc.",net_sales,FY2028,consensus,1565593340160.0,jpy_abs,yfinance,2026-08-27
8572,"ACOM CO.,LTD.",dps,FY2026,actual,22.0,jpy,jquants,2026-05-12
8572,"ACOM CO.,LTD.",eps,FY2026,actual,50.83,jpy,jquants,2026-05-12
8572,"ACOM CO.,LTD.",net_profit,FY2026,actual,79635000000.0,jpy_abs,jquants,2026-05-12
8572,"ACOM CO.,LTD.",net_sales,FY2026,actual,337709000000.0,jpy_abs,jquants,2026-05-12
8572,"ACOM CO.,LTD.",operating_profit,FY2026,actual,100394000000.0,jpy_abs,jquants,2026-05-12
8572,"ACOM CO.,LTD.",ordinary_profit,FY2026,actual,100513000000.0,jpy_abs,jquants,2026-05-12
8572,"ACOM CO.,LTD.",dps,FY2027,company,22.0,jpy,jquants,2026-05-12
8572,"ACOM CO.,LTD.",eps,FY2027,company,40.72,jpy,jquants,2026-05-12
8572,"ACOM CO.,LTD.",eps,FY2027,company_h1,24.19,jpy,jquants,2026-05-12
8572,"ACOM CO.,LTD.",eps,FY2027,consensus,43.55535,jpy,yfinance,2026-08-27
8572,"ACOM CO.,LTD.",net_profit,FY2027,company,63800000000.0,jpy_abs,jquants,2026-05-12
8572,"ACOM CO.,LTD.",net_profit,FY2027,company_h1,37900000000.0,jpy_abs,jquants,2026-05-12
8572,"ACOM CO.,LTD.",net_sales,FY2027,company,356000000000.0,jpy_abs,jquants,2026-05-12
8572,"ACOM CO.,LTD.",net_sales,FY2027,company_h1,174700000000.0,jpy_abs,jquants,2026-05-12
8572,"ACOM CO.,LTD.",net_sales,FY2027,consensus,358960702410.0,jpy_abs,yfinance,2026-08-27
8572,"ACOM CO.,LTD.",operating_profit,FY2027,company,98000000000.0,jpy_abs,jquants,2026-05-12
8572,"ACOM CO.,LTD.",operating_profit,FY2027,company_h1,51700000000.0,jpy_abs,jquants,2026-05-12
8572,"ACOM CO.,LTD.",ordinary_profit,FY2027,company,98500000000.0,jpy_abs,jquants,2026-05-12
8572,"ACOM CO.,LTD.",ordinary_profit,FY2027,company_h1,56600000000.0,jpy_abs,jquants,2026-05-12
8572,"ACOM CO.,LTD.",eps,FY2028,consensus,46.1022,jpy,yfinance,2026-08-27
8572,"ACOM CO.,LTD.",net_sales,FY2028,consensus,376412324570.0,jpy_abs,yfinance,2026-08-27
8591,ORIX CORPORATION,dps,FY2026,actual,156.1,jpy,jquants,2026-05-11
8591,ORIX CORPORATION,eps,FY2026,actual,400.27,jpy,jquants,2026-05-11
8591,ORIX CORPORATION,net_profit,FY2026,actual,447265000000.0,jpy_abs,jquants,2026-05-11
8591,ORIX CORPORATION,net_sales,FY2026,actual,3330831000000.0,jpy_abs,jquants,2026-05-11
8591,ORIX CORPORATION,operating_profit,FY2026,actual,456248000000.0,jpy_abs,jquants,2026-05-11
8591,ORIX CORPORATION,ordinary_profit,FY2026,actual,355106000000.0,jpy_abs,jquants,2026-05-11
8591,ORIX CORPORATION,dps,FY2027,company,187.36,jpy,jquants,2026-05-11
8591,ORIX CORPORATION,eps,FY2027,consensus,809.8313,jpy,yfinance,2026-08-27
8591,ORIX CORPORATION,net_profit,FY2027,company,530000000000.0,jpy_abs,jquants,2026-05-11
8591,ORIX CORPORATION,net_sales,FY2027,consensus,3426133333330.0,jpy_abs,yfinance,2026-08-27
8591,ORIX CORPORATION,eps,FY2028,consensus,474.2668,jpy,yfinance,2026-08-27
8591,ORIX CORPORATION,net_sales,FY2028,consensus,3578104160080.0,jpy_abs,yfinance,2026-08-27
8593,Mitsubishi HC Capital Inc.,dps,FY2026,actual,46.0,jpy,jquants,2026-05-15
8593,Mitsubishi HC Capital Inc.,eps,FY2026,actual,112.98,jpy,jquants,2026-05-15
8593,Mitsubishi HC Capital Inc.,net_profit,FY2026,actual,162206000000.0,jpy_abs,jquants,2026-05-15
8593,Mitsubishi HC Capital Inc.,net_sales,FY2026,actual,2215384000000.0,jpy_abs,jquants,2026-05-15
8593,Mitsubishi HC Capital Inc.,operating_profit,FY2026,actual,240428000000.0,jpy_abs,jquants,2026-05-15
8593,Mitsubishi HC Capital Inc.,ordinary_profit,FY2026,actual,236089000000.0,jpy_abs,jquants,2026-05-15
8593,Mitsubishi HC Capital Inc.,dps,FY2027,company,51.0,jpy,jquants,2026-05-15
8593,Mitsubishi HC Capital Inc.,eps,FY2027,company,111.43,jpy,jquants,2026-05-15
8593,Mitsubishi HC Capital Inc.,eps,FY2027,consensus,114.21667,jpy,yfinance,2026-08-27
8593,Mitsubishi HC Capital Inc.,net_profit,FY2027,company,160000000000.0,jpy_abs,jquants,2026-05-15
8593,Mitsubishi HC Capital Inc.,net_sales,FY2027,consensus,2179545406940.0,jpy_abs,yfinance,2026-08-27
8593,Mitsubishi HC Capital Inc.,eps,FY2028,consensus,130.50667,jpy,yfinance,2026-08-27
8593,Mitsubishi HC Capital Inc.,net_sales,FY2028,consensus,2456395449850.0,jpy_abs,yfinance,2026-08-27
8601,Daiwa Securities Group Inc.,dps,FY2026,actual,64.0,jpy,jquants,2026-04-27
8601,Daiwa Securities Group Inc.,eps,FY2026,actual,126.04,jpy,jquants,2026-04-27
8601,Daiwa Securities Group Inc.,net_profit,FY2026,actual,175281000000.0,jpy_abs,jquants,2026-04-27
8601,Daiwa Securities Group Inc.,net_sales,FY2026,actual,1467983000000.0,jpy_abs,jquants,2026-04-27
8601,Daiwa Securities Group Inc.,operating_profit,FY2026,actual,207333000000.0,jpy_abs,jquants,2026-04-27
8601,Daiwa Securities Group Inc.,ordinary_profit,FY2026,actual,234510000000.0,jpy_abs,jquants,2026-04-27
8601,Daiwa Securities Group Inc.,dps,FY2027,company,44.0,jpy,jquants,2026-04-27
8601,Daiwa Securities Group Inc.,eps,FY2027,consensus,137.0142,jpy,yfinance,2026-08-27
8601,Daiwa Securities Group Inc.,net_sales,FY2027,consensus,1620100000000.0,jpy_abs,yfinance,2026-08-27
8601,Daiwa Securities Group Inc.,eps,FY2028,consensus,144.23228,jpy,yfinance,2026-08-27
8601,Daiwa Securities Group Inc.,net_sales,FY2028,consensus,1670750000000.0,jpy_abs,yfinance,2026-08-27
8604,"Nomura Holdings, Inc.",dps,FY2026,actual,51.0,jpy,jquants,2026-04-24
8604,"Nomura Holdings, Inc.",eps,FY2026,actual,123.08,jpy,jquants,2026-04-24
8604,"Nomura Holdings, Inc.",net_profit,FY2026,actual,362129000000.0,jpy_abs,jquants,2026-04-24
8604,"Nomura Holdings, Inc.",net_sales,FY2026,actual,4758486000000.0,jpy_abs,jquants,2026-04-24
8604,"Nomura Holdings, Inc.",eps,FY2027,consensus,141.028,jpy,yfinance,2026-08-27
8604,"Nomura Holdings, Inc.",net_sales,FY2027,consensus,2263828348800.0,jpy_abs,yfinance,2026-08-27
8604,"Nomura Holdings, Inc.",eps,FY2028,consensus,145.6787,jpy,yfinance,2026-08-27
8604,"Nomura Holdings, Inc.",net_sales,FY2028,consensus,2327187965670.0,jpy_abs,yfinance,2026-08-27
8628,"MATSUI SECURITIES CO.,LTD.",dps,FY2026,actual,50.0,jpy,jquants,2026-04-27
8628,"MATSUI SECURITIES CO.,LTD.",dps,FY2026,company,50.0,jpy,jquants,2026-04-27
8628,"MATSUI SECURITIES CO.,LTD.",eps,FY2026,actual,60.11,jpy,jquants,2026-04-27
8628,"MATSUI SECURITIES CO.,LTD.",net_profit,FY2026,actual,15480000000.0,jpy_abs,jquants,2026-04-27
8628,"MATSUI SECURITIES CO.,LTD.",net_sales,FY2026,actual,52660000000.0,jpy_abs,jquants,2026-04-27
8628,"MATSUI SECURITIES CO.,LTD.",operating_profit,FY2026,actual,23462000000.0,jpy_abs,jquants,2026-04-27
8628,"MATSUI SECURITIES CO.,LTD.",ordinary_profit,FY2026,actual,23813000000.0,jpy_abs,jquants,2026-04-27
8628,"MATSUI SECURITIES CO.,LTD.",eps,FY2027,consensus,82.8,jpy,yfinance,2026-08-27
8628,"MATSUI SECURITIES CO.,LTD.",net_sales,FY2027,consensus,66400000000.0,jpy_abs,yfinance,2026-08-27
8628,"MATSUI SECURITIES CO.,LTD.",eps,FY2028,consensus,91.1,jpy,yfinance,2026-08-27
8628,"MATSUI SECURITIES CO.,LTD.",net_sales,FY2028,consensus,67100000000.0,jpy_abs,yfinance,2026-08-27
8630,"Sompo Holdings,Inc.",dps,FY2026,actual,150.0,jpy,jquants,2026-05-20
8630,"Sompo Holdings,Inc.",eps,FY2026,actual,701.03,jpy,jquants,2026-05-20
8630,"Sompo Holdings,Inc.",net_profit,FY2026,actual,640086000000.0,jpy_abs,jquants,2026-05-20
8630,"Sompo Holdings,Inc.",dps,FY2027,company,200.0,jpy,jquants,2026-05-20
8630,"Sompo Holdings,Inc.",eps,FY2027,company,549.17,jpy,jquants,2026-05-20
8630,"Sompo Holdings,Inc.",eps,FY2027,consensus,596.2811,jpy,yfinance,2026-08-27
8630,"Sompo Holdings,Inc.",net_profit,FY2027,company,490000000000.0,jpy_abs,jquants,2026-05-20
8630,"Sompo Holdings,Inc.",net_sales,FY2027,consensus,6895500000000.0,jpy_abs,yfinance,2026-08-27
8630,"Sompo Holdings,Inc.",eps,FY2028,consensus,660.7,jpy,yfinance,2026-08-27
8630,"Sompo Holdings,Inc.",net_sales,FY2028,consensus,7207700000000.0,jpy_abs,yfinance,2026-08-27
8697,"Japan Exchange Group,Inc.",dps,FY2026,actual,61.0,jpy,jquants,2026-04-28
8697,"Japan Exchange Group,Inc.",eps,FY2026,actual,76.81,jpy,jquants,2026-04-28
8697,"Japan Exchange Group,Inc.",net_profit,FY2026,actual,79139000000.0,jpy_abs,jquants,2026-04-28
8697,"Japan Exchange Group,Inc.",net_sales,FY2026,actual,198735000000.0,jpy_abs,jquants,2026-04-28
8697,"Japan Exchange Group,Inc.",operating_profit,FY2026,actual,116289000000.0,jpy_abs,jquants,2026-04-28
8697,"Japan Exchange Group,Inc.",ordinary_profit,FY2026,actual,54923000000.0,jpy_abs,jquants,2026-04-28
8697,"Japan Exchange Group,Inc.",dps,FY2027,company,61.0,jpy,jquants,2026-04-28
8697,"Japan Exchange Group,Inc.",eps,FY2027,company,75.39,jpy,jquants,2026-04-28
8697,"Japan Exchange Group,Inc.",eps,FY2027,consensus,95.93,jpy,yfinance,2026-08-27
8697,"Japan Exchange Group,Inc.",net_profit,FY2027,company,77500000000.0,jpy_abs,jquants,2026-04-28
8697,"Japan Exchange Group,Inc.",net_sales,FY2027,company,205000000000.0,jpy_abs,jquants,2026-04-28
8697,"Japan Exchange Group,Inc.",net_sales,FY2027,consensus,240636533330.0,jpy_abs,yfinance,2026-08-27
8697,"Japan Exchange Group,Inc.",operating_profit,FY2027,company,115000000000.0,jpy_abs,jquants,2026-04-28
8697,"Japan Exchange Group,Inc.",eps,FY2028,consensus,96.11072,jpy,yfinance,2026-08-27
8697,"Japan Exchange Group,Inc.",net_sales,FY2028,consensus,246034821000.0,jpy_abs,yfinance,2026-08-27
8725,"MS&AD Insurance Group Holdings,Inc.",dps,FY2026,actual,160.0,jpy,jquants,2026-05-20
8725,"MS&AD Insurance Group Holdings,Inc.",eps,FY2026,actual,528.87,jpy,jquants,2026-05-20
8725,"MS&AD Insurance Group Holdings,Inc.",net_profit,FY2026,actual,787339000000.0,jpy_abs,jquants,2026-05-20
8725,"MS&AD Insurance Group Holdings,Inc.",net_sales,FY2026,actual,7653030000000.0,jpy_abs,jquants,2026-05-20
8725,"MS&AD Insurance Group Holdings,Inc.",ordinary_profit,FY2026,actual,1120230000000.0,jpy_abs,jquants,2026-05-20
8725,"MS&AD Insurance Group Holdings,Inc.",dps,FY2027,company,170.0,jpy,jquants,2026-05-20
8725,"MS&AD Insurance Group Holdings,Inc.",eps,FY2027,company,292.91,jpy,jquants,2026-05-20
8725,"MS&AD Insurance Group Holdings,Inc.",eps,FY2027,consensus,456.0319,jpy,yfinance,2026-08-27
8725,"MS&AD Insurance Group Holdings,Inc.",net_profit,FY2027,company,425000000000.0,jpy_abs,jquants,2026-05-20
8725,"MS&AD Insurance Group Holdings,Inc.",net_sales,FY2027,consensus,7338947600000.0,jpy_abs,yfinance,2026-08-27
8725,"MS&AD Insurance Group Holdings,Inc.",eps,FY2028,consensus,513.3413,jpy,yfinance,2026-08-27
8725,"MS&AD Insurance Group Holdings,Inc.",net_sales,FY2028,consensus,7676283805030.0,jpy_abs,yfinance,2026-08-27
8750,"Daiichi Life Group,Inc.",dps,FY2026,actual,54.5,jpy,jquants,2026-05-15
8750,"Daiichi Life Group,Inc.",eps,FY2026,actual,119.83,jpy,jquants,2026-05-15
8750,"Daiichi Life Group,Inc.",net_profit,FY2026,actual,436597000000.0,jpy_abs,jquants,2026-05-15
8750,"Daiichi Life Group,Inc.",net_sales,FY2026,actual,11308275000000.0,jpy_abs,jquants,2026-05-15
8750,"Daiichi Life Group,Inc.",ordinary_profit,FY2026,actual,753688000000.0,jpy_abs,jquants,2026-05-15
8750,"Daiichi Life Group,Inc.",dps,FY2027,company,72.0,jpy,jquants,2026-05-15
8750,"Daiichi Life Group,Inc.",eps,FY2027,company,142.46,jpy,jquants,2026-05-15
8750,"Daiichi Life Group,Inc.",eps,FY2027,consensus,145.2513,jpy,yfinance,2026-08-27
8750,"Daiichi Life Group,Inc.",net_profit,FY2027,company,513000000000.0,jpy_abs,jquants,2026-05-15
8750,"Daiichi Life Group,Inc.",net_sales,FY2027,company,10666000000000.0,jpy_abs,jquants,2026-05-15
8750,"Daiichi Life Group,Inc.",net_sales,FY2027,consensus,11234790186470.0,jpy_abs,yfinance,2026-08-27
8750,"Daiichi Life Group,Inc.",ordinary_profit,FY2027,company,869000000000.0,jpy_abs,jquants,2026-05-15
8750,"Daiichi Life Group,Inc.",eps,FY2028,consensus,156.76553,jpy,yfinance,2026-08-27
8750,"Daiichi Life Group,Inc.",net_sales,FY2028,consensus,11428531145420.0,jpy_abs,yfinance,2026-08-27
8766,"Tokio Marine Holdings,Inc.",dps,FY2026,actual,218.0,jpy,jquants,2026-05-20
8766,"Tokio Marine Holdings,Inc.",eps,FY2026,actual,515.55,jpy,jquants,2026-05-20
8766,"Tokio Marine Holdings,Inc.",net_profit,FY2026,actual,980428000000.0,jpy_abs,jquants,2026-05-20
8766,"Tokio Marine Holdings,Inc.",net_sales,FY2026,actual,8872277000000.0,jpy_abs,jquants,2026-05-20
8766,"Tokio Marine Holdings,Inc.",ordinary_profit,FY2026,actual,1348630000000.0,jpy_abs,jquants,2026-05-20
8766,"Tokio Marine Holdings,Inc.",dps,FY2027,company,245.0,jpy,jquants,2026-05-20
8766,"Tokio Marine Holdings,Inc.",eps,FY2027,company,441.83,jpy,jquants,2026-05-20
8766,"Tokio Marine Holdings,Inc.",eps,FY2027,consensus,501.47412,jpy,yfinance,2026-08-27
8766,"Tokio Marine Holdings,Inc.",net_profit,FY2027,company,830000000000.0,jpy_abs,jquants,2026-05-20
8766,"Tokio Marine Holdings,Inc.",net_sales,FY2027,consensus,8769142500000.0,jpy_abs,yfinance,2026-08-27
8766,"Tokio Marine Holdings,Inc.",eps,FY2028,consensus,563.0257,jpy,yfinance,2026-08-27
8766,"Tokio Marine Holdings,Inc.",net_sales,FY2028,consensus,8819538000000.0,jpy_abs,yfinance,2026-08-27
8795,"T&D Holdings, Inc.",dps,FY2026,actual,130.0,jpy,jquants,2026-05-15
8795,"T&D Holdings, Inc.",eps,FY2026,actual,279.64,jpy,jquants,2026-05-15
8795,"T&D Holdings, Inc.",net_profit,FY2026,actual,138968000000.0,jpy_abs,jquants,2026-05-15
8795,"T&D Holdings, Inc.",net_sales,FY2026,actual,3482214000000.0,jpy_abs,jquants,2026-05-15
8795,"T&D Holdings, Inc.",ordinary_profit,FY2026,actual,257191000000.0,jpy_abs,jquants,2026-05-15
8795,"T&D Holdings, Inc.",dps,FY2027,company,164.0,jpy,jquants,2026-05-15
8795,"T&D Holdings, Inc.",eps,FY2027,company,281.33,jpy,jquants,2026-05-15
8795,"T&D Holdings, Inc.",eps,FY2027,consensus,297.38486,jpy,yfinance,2026-08-27
8795,"T&D Holdings, Inc.",net_profit,FY2027,company,135000000000.0,jpy_abs,jquants,2026-05-15
8795,"T&D Holdings, Inc.",net_sales,FY2027,company,3000000000000.0,jpy_abs,jquants,2026-05-15
8795,"T&D Holdings, Inc.",net_sales,FY2027,consensus,3310600000000.0,jpy_abs,yfinance,2026-08-27
8795,"T&D Holdings, Inc.",ordinary_profit,FY2027,company,235000000000.0,jpy_abs,jquants,2026-05-15
8795,"T&D Holdings, Inc.",eps,FY2028,consensus,389.23395,jpy,yfinance,2026-08-27
8795,"T&D Holdings, Inc.",net_sales,FY2028,consensus,3137000000000.0,jpy_abs,yfinance,2026-08-27
8801,"Mitsui Fudosan Co.,Ltd.",dps,FY2026,actual,35.0,jpy,jquants,2026-05-13
8801,"Mitsui Fudosan Co.,Ltd.",eps,FY2026,actual,101.04,jpy,jquants,2026-05-13
8801,"Mitsui Fudosan Co.,Ltd.",net_profit,FY2026,actual,278684000000.0,jpy_abs,jquants,2026-05-13
8801,"Mitsui Fudosan Co.,Ltd.",net_sales,FY2026,actual,2709747000000.0,jpy_abs,jquants,2026-05-13
8801,"Mitsui Fudosan Co.,Ltd.",operating_profit,FY2026,actual,397788000000.0,jpy_abs,jquants,2026-05-13
8801,"Mitsui Fudosan Co.,Ltd.",ordinary_profit,FY2026,actual,313319000000.0,jpy_abs,jquants,2026-05-13
8801,"Mitsui Fudosan Co.,Ltd.",dps,FY2027,company,37.0,jpy,jquants,2026-05-13
8801,"Mitsui Fudosan Co.,Ltd.",eps,FY2027,company,105.5,jpy,jquants,2026-05-13
8801,"Mitsui Fudosan Co.,Ltd.",eps,FY2027,consensus,108.08742,jpy,yfinance,2026-08-27
8801,"Mitsui Fudosan Co.,Ltd.",net_profit,FY2027,company,285000000000.0,jpy_abs,jquants,2026-05-13
8801,"Mitsui Fudosan Co.,Ltd.",net_sales,FY2027,company,2800000000000.0,jpy_abs,jquants,2026-05-13
8801,"Mitsui Fudosan Co.,Ltd.",net_sales,FY2027,consensus,2782909465620.0,jpy_abs,yfinance,2026-08-27
8801,"Mitsui Fudosan Co.,Ltd.",operating_profit,FY2027,company,410000000000.0,jpy_abs,jquants,2026-05-13
8801,"Mitsui Fudosan Co.,Ltd.",ordinary_profit,FY2027,company,315000000000.0,jpy_abs,jquants,2026-05-13
8801,"Mitsui Fudosan Co.,Ltd.",eps,FY2028,consensus,115.88103,jpy,yfinance,2026-08-27
8801,"Mitsui Fudosan Co.,Ltd.",net_sales,FY2028,consensus,2927522907830.0,jpy_abs,yfinance,2026-08-27
8802,"Mitsubishi Estate Company,Limited",dps,FY2026,actual,46.0,jpy,jquants,2026-05-13
8802,"Mitsubishi Estate Company,Limited",eps,FY2026,actual,181.8,jpy,jquants,2026-05-13
8802,"Mitsubishi Estate Company,Limited",net_profit,FY2026,actual,222507000000.0,jpy_abs,jquants,2026-05-13
8802,"Mitsubishi Estate Company,Limited",net_sales,FY2026,actual,1746148000000.0,jpy_abs,jquants,2026-05-13
8802,"Mitsubishi Estate Company,Limited",operating_profit,FY2026,actual,329730000000.0,jpy_abs,jquants,2026-05-13
8802,"Mitsubishi Estate Company,Limited",ordinary_profit,FY2026,actual,273086000000.0,jpy_abs,jquants,2026-05-13
8802,"Mitsubishi Estate Company,Limited",dps,FY2027,company,49.0,jpy,jquants,2026-05-13
8802,"Mitsubishi Estate Company,Limited",eps,FY2027,company,196.27,jpy,jquants,2026-05-13
8802,"Mitsubishi Estate Company,Limited",eps,FY2027,consensus,203.52847,jpy,yfinance,2026-08-27
8802,"Mitsubishi Estate Company,Limited",net_profit,FY2027,company,235000000000.0,jpy_abs,jquants,2026-05-13
8802,"Mitsubishi Estate Company,Limited",net_sales,FY2027,company,2000000000000.0,jpy_abs,jquants,2026-05-13
8802,"Mitsubishi Estate Company,Limited",net_sales,FY2027,consensus,1990455570930.0,jpy_abs,yfinance,2026-08-27
8802,"Mitsubishi Estate Company,Limited",operating_profit,FY2027,company,370000000000.0,jpy_abs,jquants,2026-05-13
8802,"Mitsubishi Estate Company,Limited",ordinary_profit,FY2027,company,295000000000.0,jpy_abs,jquants,2026-05-13
8802,"Mitsubishi Estate Company,Limited",eps,FY2028,consensus,217.01456,jpy,yfinance,2026-08-27
8802,"Mitsubishi Estate Company,Limited",net_sales,FY2028,consensus,2047731040690.0,jpy_abs,yfinance,2026-08-27
8804,"Tokyo Tatemono Co.,Ltd.",dps,FY2025,actual,105.0,jpy,jquants,2026-05-13
8804,"Tokyo Tatemono Co.,Ltd.",eps,FY2025,actual,283.08,jpy,jquants,2026-05-13
8804,"Tokyo Tatemono Co.,Ltd.",net_profit,FY2025,actual,58879000000.0,jpy_abs,jquants,2026-05-13
8804,"Tokyo Tatemono Co.,Ltd.",net_sales,FY2025,actual,474586000000.0,jpy_abs,jquants,2026-05-13
8804,"Tokyo Tatemono Co.,Ltd.",operating_profit,FY2025,actual,95763000000.0,jpy_abs,jquants,2026-05-13
8804,"Tokyo Tatemono Co.,Ltd.",ordinary_profit,FY2025,actual,78187000000.0,jpy_abs,jquants,2026-05-13
8804,"Tokyo Tatemono Co.,Ltd.",dps,FY2026,company,122.0,jpy,jquants,2026-05-13
8804,"Tokyo Tatemono Co.,Ltd.",eps,FY2026,company,303.44,jpy,jquants,2026-05-13
8804,"Tokyo Tatemono Co.,Ltd.",eps,FY2026,consensus,319.86203,jpy,yfinance,2026-08-27
8804,"Tokyo Tatemono Co.,Ltd.",net_profit,FY2026,company,63000000000.0,jpy_abs,jquants,2026-05-13
8804,"Tokyo Tatemono Co.,Ltd.",net_sales,FY2026,company,524000000000.0,jpy_abs,jquants,2026-05-13
8804,"Tokyo Tatemono Co.,Ltd.",net_sales,FY2026,consensus,526132164330.0,jpy_abs,yfinance,2026-08-27
8804,"Tokyo Tatemono Co.,Ltd.",operating_profit,FY2026,company,100000000000.0,jpy_abs,jquants,2026-05-13
8804,"Tokyo Tatemono Co.,Ltd.",ordinary_profit,FY2026,company,80500000000.0,jpy_abs,jquants,2026-05-13
8804,"Tokyo Tatemono Co.,Ltd.",eps,FY2027,consensus,335.31107,jpy,yfinance,2026-08-27
8804,"Tokyo Tatemono Co.,Ltd.",net_sales,FY2027,consensus,568521932310.0,jpy_abs,yfinance,2026-08-27
8830,"Sumitomo Realty & Development Co.,Ltd.",dps,FY2026,actual,40969000000.0,jpy,jquants,2026-05-13
8830,"Sumitomo Realty & Development Co.,Ltd.",eps,FY2026,actual,228.42,jpy,jquants,2026-05-13
8830,"Sumitomo Realty & Development Co.,Ltd.",net_profit,FY2026,actual,212535000000.0,jpy_abs,jquants,2026-05-13
8830,"Sumitomo Realty & Development Co.,Ltd.",net_sales,FY2026,actual,1057765000000.0,jpy_abs,jquants,2026-05-13
8830,"Sumitomo Realty & Development Co.,Ltd.",operating_profit,FY2026,actual,299155000000.0,jpy_abs,jquants,2026-05-13
8830,"Sumitomo Realty & Development Co.,Ltd.",ordinary_profit,FY2026,actual,289233000000.0,jpy_abs,jquants,2026-05-13
8830,"Sumitomo Realty & Development Co.,Ltd.",dps,FY2027,company,52.0,jpy,jquants,2026-05-13
8830,"Sumitomo Realty & Development Co.,Ltd.",eps,FY2027,company,239.67,jpy,jquants,2026-05-13
8830,"Sumitomo Realty & Development Co.,Ltd.",eps,FY2027,consensus,249.83122,jpy,yfinance,2026-08-27
8830,"Sumitomo Realty & Development Co.,Ltd.",net_profit,FY2027,company,223000000000.0,jpy_abs,jquants,2026-05-13
8830,"Sumitomo Realty & Development Co.,Ltd.",net_sales,FY2027,company,1070000000000.0,jpy_abs,jquants,2026-05-13
8830,"Sumitomo Realty & Development Co.,Ltd.",net_sales,FY2027,consensus,1067492358850.0,jpy_abs,yfinance,2026-08-27
8830,"Sumitomo Realty & Development Co.,Ltd.",operating_profit,FY2027,company,320000000000.0,jpy_abs,jquants,2026-05-13
8830,"Sumitomo Realty & Development Co.,Ltd.",ordinary_profit,FY2027,company,300000000000.0,jpy_abs,jquants,2026-05-13
8830,"Sumitomo Realty & Development Co.,Ltd.",eps,FY2028,consensus,266.41296,jpy,yfinance,2026-08-27
8830,"Sumitomo Realty & Development Co.,Ltd.",net_sales,FY2028,consensus,1129438443850.0,jpy_abs,yfinance,2026-08-27
8848,LEOPALACE21 CORPORATION,dps,FY2026,actual,10.0,jpy,jquants,2026-05-15
8848,LEOPALACE21 CORPORATION,eps,FY2026,actual,45.14,jpy,jquants,2026-05-15
8848,LEOPALACE21 CORPORATION,net_profit,FY2026,actual,14933000000.0,jpy_abs,jquants,2026-05-15
8848,LEOPALACE21 CORPORATION,net_sales,FY2026,actual,444820000000.0,jpy_abs,jquants,2026-05-15
8848,LEOPALACE21 CORPORATION,operating_profit,FY2026,actual,35966000000.0,jpy_abs,jquants,2026-05-15
8848,LEOPALACE21 CORPORATION,ordinary_profit,FY2026,actual,34842000000.0,jpy_abs,jquants,2026-05-15
8848,LEOPALACE21 CORPORATION,dps,FY2027,company,15.0,jpy,jquants,2026-05-15
8848,LEOPALACE21 CORPORATION,eps,FY2027,company,69.88,jpy,jquants,2026-05-15
8848,LEOPALACE21 CORPORATION,eps,FY2027,company_h1,38.72,jpy,jquants,2026-05-15
8848,LEOPALACE21 CORPORATION,eps,FY2027,consensus,75.8,jpy,yfinance,2026-08-27
8848,LEOPALACE21 CORPORATION,net_profit,FY2027,company,22200000000.0,jpy_abs,jquants,2026-05-15
8848,LEOPALACE21 CORPORATION,net_profit,FY2027,company_h1,12300000000.0,jpy_abs,jquants,2026-05-15
8848,LEOPALACE21 CORPORATION,net_sales,FY2027,company,465000000000.0,jpy_abs,jquants,2026-05-15
8848,LEOPALACE21 CORPORATION,net_sales,FY2027,company_h1,231900000000.0,jpy_abs,jquants,2026-05-15
8848,LEOPALACE21 CORPORATION,net_sales,FY2027,consensus,466950000000.0,jpy_abs,yfinance,2026-08-27
8848,LEOPALACE21 CORPORATION,operating_profit,FY2027,company,38500000000.0,jpy_abs,jquants,2026-05-15
8848,LEOPALACE21 CORPORATION,operating_profit,FY2027,company_h1,21400000000.0,jpy_abs,jquants,2026-05-15
8848,LEOPALACE21 CORPORATION,ordinary_profit,FY2027,company,38100000000.0,jpy_abs,jquants,2026-05-15
8848,LEOPALACE21 CORPORATION,ordinary_profit,FY2027,company_h1,21200000000.0,jpy_abs,jquants,2026-05-15
8848,LEOPALACE21 CORPORATION,eps,FY2028,consensus,83.35,jpy,yfinance,2026-08-27
8848,LEOPALACE21 CORPORATION,net_sales,FY2028,consensus,482250000000.0,jpy_abs,yfinance,2026-08-27
8850,STARTS CORPORATION INC.,dps,FY2026,actual,140.0,jpy,jquants,2026-05-11
8850,STARTS CORPORATION INC.,eps,FY2026,actual,526.61,jpy,jquants,2026-05-11
8850,STARTS CORPORATION INC.,net_profit,FY2026,actual,25311000000.0,jpy_abs,jquants,2026-05-11
8850,STARTS CORPORATION INC.,net_sales,FY2026,actual,251911000000.0,jpy_abs,jquants,2026-05-11
8850,STARTS CORPORATION INC.,operating_profit,FY2026,actual,36272000000.0,jpy_abs,jquants,2026-05-11
8850,STARTS CORPORATION INC.,ordinary_profit,FY2026,actual,38244000000.0,jpy_abs,jquants,2026-05-11
8850,STARTS CORPORATION INC.,dps,FY2027,company,150.0,jpy,jquants,2026-05-11
8850,STARTS CORPORATION INC.,eps,FY2027,company,549.17,jpy,jquants,2026-05-11
8850,STARTS CORPORATION INC.,eps,FY2027,company_h1,232.34,jpy,jquants,2026-05-11
8850,STARTS CORPORATION INC.,eps,FY2027,consensus,580.1,jpy,yfinance,2026-08-27
8850,STARTS CORPORATION INC.,net_profit,FY2027,company,26000000000.0,jpy_abs,jquants,2026-05-11
8850,STARTS CORPORATION INC.,net_profit,FY2027,company_h1,11000000000.0,jpy_abs,jquants,2026-05-11
8850,STARTS CORPORATION INC.,net_sales,FY2027,company,290000000000.0,jpy_abs,jquants,2026-05-11
8850,STARTS CORPORATION INC.,net_sales,FY2027,company_h1,128000000000.0,jpy_abs,jquants,2026-05-11
8850,STARTS CORPORATION INC.,net_sales,FY2027,consensus,285500000000.0,jpy_abs,yfinance,2026-08-27
8850,STARTS CORPORATION INC.,operating_profit,FY2027,company,40000000000.0,jpy_abs,jquants,2026-05-11
8850,STARTS CORPORATION INC.,operating_profit,FY2027,company_h1,16700000000.0,jpy_abs,jquants,2026-05-11
8850,STARTS CORPORATION INC.,ordinary_profit,FY2027,company,39000000000.0,jpy_abs,jquants,2026-05-11
8850,STARTS CORPORATION INC.,ordinary_profit,FY2027,company_h1,16500000000.0,jpy_abs,jquants,2026-05-11
8850,STARTS CORPORATION INC.,eps,FY2028,consensus,614.25,jpy,yfinance,2026-08-27
8850,STARTS CORPORATION INC.,net_sales,FY2028,consensus,291500000000.0,jpy_abs,yfinance,2026-08-27
8876,"Relo Group,Inc.",dps,FY2026,actual,69.0,jpy,jquants,2026-05-14
8876,"Relo Group,Inc.",eps,FY2026,actual,137.11,jpy,jquants,2026-05-14
8876,"Relo Group,Inc.",net_profit,FY2026,actual,20665000000.0,jpy_abs,jquants,2026-05-14
8876,"Relo Group,Inc.",net_sales,FY2026,actual,151074000000.0,jpy_abs,jquants,2026-05-14
8876,"Relo Group,Inc.",operating_profit,FY2026,actual,30815000000.0,jpy_abs,jquants,2026-05-14
8876,"Relo Group,Inc.",dps,FY2027,company,75.0,jpy,jquants,2026-05-14
8876,"Relo Group,Inc.",eps,FY2027,company,148.56,jpy,jquants,2026-05-14
8876,"Relo Group,Inc.",eps,FY2027,consensus,151.87361,jpy,yfinance,2026-08-27
8876,"Relo Group,Inc.",net_profit,FY2027,company,22500000000.0,jpy_abs,jquants,2026-05-14
8876,"Relo Group,Inc.",net_sales,FY2027,company,165000000000.0,jpy_abs,jquants,2026-05-14
8876,"Relo Group,Inc.",net_sales,FY2027,consensus,161893333330.0,jpy_abs,yfinance,2026-08-27
8876,"Relo Group,Inc.",operating_profit,FY2027,company,34000000000.0,jpy_abs,jquants,2026-05-14
8876,"Relo Group,Inc.",eps,FY2028,consensus,166.99152,jpy,yfinance,2026-08-27
8876,"Relo Group,Inc.",net_sales,FY2028,consensus,173142083330.0,jpy_abs,yfinance,2026-08-27
8919,"KATITAS CO.,LTD",dps,FY2026,actual,80.0,jpy,jquants,2026-05-08
8919,"KATITAS CO.,LTD",eps,FY2026,actual,159.43,jpy,jquants,2026-05-08
8919,"KATITAS CO.,LTD",net_profit,FY2026,actual,12470000000.0,jpy_abs,jquants,2026-05-08
8919,"KATITAS CO.,LTD",net_sales,FY2026,actual,151851000000.0,jpy_abs,jquants,2026-05-08
8919,"KATITAS CO.,LTD",operating_profit,FY2026,actual,18279000000.0,jpy_abs,jquants,2026-05-08
8919,"KATITAS CO.,LTD",ordinary_profit,FY2026,actual,17809000000.0,jpy_abs,jquants,2026-05-08
8919,"KATITAS CO.,LTD",dps,FY2027,company,90.0,jpy,jquants,2026-05-08
8919,"KATITAS CO.,LTD",eps,FY2027,company,178.93,jpy,jquants,2026-05-08
8919,"KATITAS CO.,LTD",eps,FY2027,company_h1,93.3,jpy,jquants,2026-05-08
8919,"KATITAS CO.,LTD",eps,FY2027,consensus,184.55617,jpy,yfinance,2026-08-27
8919,"KATITAS CO.,LTD",net_profit,FY2027,company,14000000000.0,jpy_abs,jquants,2026-05-08
8919,"KATITAS CO.,LTD",net_profit,FY2027,company_h1,7300000000.0,jpy_abs,jquants,2026-05-08
8919,"KATITAS CO.,LTD",net_sales,FY2027,company,177400000000.0,jpy_abs,jquants,2026-05-08
8919,"KATITAS CO.,LTD",net_sales,FY2027,company_h1,86700000000.0,jpy_abs,jquants,2026-05-08
8919,"KATITAS CO.,LTD",net_sales,FY2027,consensus,178390158820.0,jpy_abs,yfinance,2026-08-27
8919,"KATITAS CO.,LTD",operating_profit,FY2027,company,21000000000.0,jpy_abs,jquants,2026-05-08
8919,"KATITAS CO.,LTD",operating_profit,FY2027,company_h1,10700000000.0,jpy_abs,jquants,2026-05-08
8919,"KATITAS CO.,LTD",ordinary_profit,FY2027,company,20000000000.0,jpy_abs,jquants,2026-05-08
8919,"KATITAS CO.,LTD",ordinary_profit,FY2027,company_h1,10500000000.0,jpy_abs,jquants,2026-05-08
8919,"KATITAS CO.,LTD",eps,FY2028,consensus,207.84248,jpy,yfinance,2026-08-27
8919,"KATITAS CO.,LTD",net_sales,FY2028,consensus,197735098450.0,jpy_abs,yfinance,2026-08-27
8923,TOSEI CORPORATION,dps,FY2025,actual,100.0,jpy,jquants,2026-04-06
8923,TOSEI CORPORATION,eps,FY2025,actual,152.18,jpy,jquants,2026-04-06
8923,TOSEI CORPORATION,net_profit,FY2025,actual,14754000000.0,jpy_abs,jquants,2026-04-06
8923,TOSEI CORPORATION,net_sales,FY2025,actual,94688000000.0,jpy_abs,jquants,2026-04-06
8923,TOSEI CORPORATION,operating_profit,FY2025,actual,22336000000.0,jpy_abs,jquants,2026-04-06
8923,TOSEI CORPORATION,ordinary_profit,FY2025,actual,15837000000.0,jpy_abs,jquants,2026-04-06
8923,TOSEI CORPORATION,dps,FY2026,company,55.0,jpy,jquants,2026-04-06
8923,TOSEI CORPORATION,eps,FY2026,company,156.31,jpy,jquants,2026-04-06
8923,TOSEI CORPORATION,eps,FY2026,consensus,169.025,jpy,yfinance,2026-08-27
8923,TOSEI CORPORATION,net_profit,FY2026,company,15157000000.0,jpy_abs,jquants,2026-04-06
8923,TOSEI CORPORATION,net_sales,FY2026,company,122986000000.0,jpy_abs,jquants,2026-04-06
8923,TOSEI CORPORATION,net_sales,FY2026,consensus,119701000000.0,jpy_abs,yfinance,2026-08-27
8923,TOSEI CORPORATION,operating_profit,FY2026,company,24611000000.0,jpy_abs,jquants,2026-04-06
8923,TOSEI CORPORATION,eps,FY2027,consensus,178.625,jpy,yfinance,2026-08-27
8923,TOSEI CORPORATION,net_sales,FY2027,consensus,130337500000.0,jpy_abs,yfinance,2026-08-27
8934,"Sun Frontier Fudousan Co.,Ltd.",dps,FY2026,actual,76.0,jpy,jquants,2026-05-11
8934,"Sun Frontier Fudousan Co.,Ltd.",eps,FY2026,actual,327.76,jpy,jquants,2026-05-11
8934,"Sun Frontier Fudousan Co.,Ltd.",net_profit,FY2026,actual,15986000000.0,jpy_abs,jquants,2026-05-11
8934,"Sun Frontier Fudousan Co.,Ltd.",net_sales,FY2026,actual,116083000000.0,jpy_abs,jquants,2026-05-11
8934,"Sun Frontier Fudousan Co.,Ltd.",operating_profit,FY2026,actual,25356000000.0,jpy_abs,jquants,2026-05-11
8934,"Sun Frontier Fudousan Co.,Ltd.",ordinary_profit,FY2026,actual,23298000000.0,jpy_abs,jquants,2026-05-11
8934,"Sun Frontier Fudousan Co.,Ltd.",dps,FY2027,company,80.0,jpy,jquants,2026-05-11
8934,"Sun Frontier Fudousan Co.,Ltd.",eps,FY2027,company,304.27,jpy,jquants,2026-05-11
8934,"Sun Frontier Fudousan Co.,Ltd.",net_profit,FY2027,company,17400000000.0,jpy_abs,jquants,2026-05-11
8934,"Sun Frontier Fudousan Co.,Ltd.",net_sales,FY2027,company,130000000000.0,jpy_abs,jquants,2026-05-11
8934,"Sun Frontier Fudousan Co.,Ltd.",net_sales,FY2027,consensus,0.0,jpy_abs,yfinance,2026-08-27
8934,"Sun Frontier Fudousan Co.,Ltd.",operating_profit,FY2027,company,28150000000.0,jpy_abs,jquants,2026-05-11
8934,"Sun Frontier Fudousan Co.,Ltd.",ordinary_profit,FY2027,company,26000000000.0,jpy_abs,jquants,2026-05-11
8934,"Sun Frontier Fudousan Co.,Ltd.",net_sales,FY2028,consensus,0.0,jpy_abs,yfinance,2026-08-27
9001,"TOBU RAILWAY CO.,LTD.",dps,FY2026,actual,70.0,jpy,jquants,2026-04-30
9001,"TOBU RAILWAY CO.,LTD.",eps,FY2026,actual,282.92,jpy,jquants,2026-04-30
9001,"TOBU RAILWAY CO.,LTD.",net_profit,FY2026,actual,55620000000.0,jpy_abs,jquants,2026-04-30
9001,"TOBU RAILWAY CO.,LTD.",net_sales,FY2026,actual,655435000000.0,jpy_abs,jquants,2026-04-30
9001,"TOBU RAILWAY CO.,LTD.",operating_profit,FY2026,actual,71861000000.0,jpy_abs,jquants,2026-04-30
9001,"TOBU RAILWAY CO.,LTD.",ordinary_profit,FY2026,actual,68831000000.0,jpy_abs,jquants,2026-04-30
9001,"TOBU RAILWAY CO.,LTD.",dps,FY2027,company,75.0,jpy,jquants,2026-04-30
9001,"TOBU RAILWAY CO.,LTD.",eps,FY2027,company,284.85,jpy,jquants,2026-04-30
9001,"TOBU RAILWAY CO.,LTD.",eps,FY2027,consensus,292.1816,jpy,yfinance,2026-08-27
9001,"TOBU RAILWAY CO.,LTD.",net_profit,FY2027,company,56000000000.0,jpy_abs,jquants,2026-04-30
9001,"TOBU RAILWAY CO.,LTD.",net_sales,FY2027,company,673000000000.0,jpy_abs,jquants,2026-04-30
9001,"TOBU RAILWAY CO.,LTD.",net_sales,FY2027,consensus,678825000000.0,jpy_abs,yfinance,2026-08-27
9001,"TOBU RAILWAY CO.,LTD.",operating_profit,FY2027,company,72000000000.0,jpy_abs,jquants,2026-04-30
9001,"TOBU RAILWAY CO.,LTD.",ordinary_profit,FY2027,company,63500000000.0,jpy_abs,jquants,2026-04-30
9001,"TOBU RAILWAY CO.,LTD.",eps,FY2028,consensus,267.0941,jpy,yfinance,2026-08-27
9001,"TOBU RAILWAY CO.,LTD.",net_sales,FY2028,consensus,692650000000.0,jpy_abs,yfinance,2026-08-27
9003,"Sotetsu Holdings,Inc.",dps,FY2026,actual,70.0,jpy,jquants,2026-04-28
9003,"Sotetsu Holdings,Inc.",eps,FY2026,actual,258.56,jpy,jquants,2026-04-28
9003,"Sotetsu Holdings,Inc.",net_profit,FY2026,actual,24848000000.0,jpy_abs,jquants,2026-04-28
9003,"Sotetsu Holdings,Inc.",net_sales,FY2026,actual,307572000000.0,jpy_abs,jquants,2026-04-28
9003,"Sotetsu Holdings,Inc.",operating_profit,FY2026,actual,38833000000.0,jpy_abs,jquants,2026-04-28
9003,"Sotetsu Holdings,Inc.",ordinary_profit,FY2026,actual,35696000000.0,jpy_abs,jquants,2026-04-28
9003,"Sotetsu Holdings,Inc.",dps,FY2027,company,70.0,jpy,jquants,2026-04-28
9003,"Sotetsu Holdings,Inc.",eps,FY2027,company,230.28,jpy,jquants,2026-04-28
9003,"Sotetsu Holdings,Inc.",eps,FY2027,company_h1,120.87,jpy,jquants,2026-04-28
9003,"Sotetsu Holdings,Inc.",eps,FY2027,consensus,252.2,jpy,yfinance,2026-08-27
9003,"Sotetsu Holdings,Inc.",net_profit,FY2027,company,22100000000.0,jpy_abs,jquants,2026-04-28
9003,"Sotetsu Holdings,Inc.",net_profit,FY2027,company_h1,11600000000.0,jpy_abs,jquants,2026-04-28
9003,"Sotetsu Holdings,Inc.",net_sales,FY2027,company,321300000000.0,jpy_abs,jquants,2026-04-28
9003,"Sotetsu Holdings,Inc.",net_sales,FY2027,company_h1,158800000000.0,jpy_abs,jquants,2026-04-28
9003,"Sotetsu Holdings,Inc.",net_sales,FY2027,consensus,325300000000.0,jpy_abs,yfinance,2026-08-27
9003,"Sotetsu Holdings,Inc.",operating_profit,FY2027,company,37000000000.0,jpy_abs,jquants,2026-04-28
9003,"Sotetsu Holdings,Inc.",operating_profit,FY2027,company_h1,18800000000.0,jpy_abs,jquants,2026-04-28
9003,"Sotetsu Holdings,Inc.",ordinary_profit,FY2027,company,32700000000.0,jpy_abs,jquants,2026-04-28
9003,"Sotetsu Holdings,Inc.",ordinary_profit,FY2027,company_h1,16700000000.0,jpy_abs,jquants,2026-04-28
9003,"Sotetsu Holdings,Inc.",eps,FY2028,consensus,260.5,jpy,yfinance,2026-08-27
9003,"Sotetsu Holdings,Inc.",net_sales,FY2028,consensus,342900000000.0,jpy_abs,yfinance,2026-08-27
9005,TOKYU CORPORATION,dps,FY2026,actual,30.0,jpy,jquants,2026-05-27
9005,TOKYU CORPORATION,eps,FY2026,actual,152.25,jpy,jquants,2026-05-27
9005,TOKYU CORPORATION,net_profit,FY2026,actual,87071000000.0,jpy_abs,jquants,2026-05-27
9005,TOKYU CORPORATION,net_sales,FY2026,actual,1086179000000.0,jpy_abs,jquants,2026-05-27
9005,TOKYU CORPORATION,operating_profit,FY2026,actual,103193000000.0,jpy_abs,jquants,2026-05-27
9005,TOKYU CORPORATION,ordinary_profit,FY2026,actual,116132000000.0,jpy_abs,jquants,2026-05-27
9005,TOKYU CORPORATION,dps,FY2027,company,32.0,jpy,jquants,2026-05-27
9005,TOKYU CORPORATION,eps,FY2027,company,158.15,jpy,jquants,2026-05-27
9005,TOKYU CORPORATION,eps,FY2027,consensus,160.71066,jpy,yfinance,2026-08-27
9005,TOKYU CORPORATION,net_profit,FY2027,company,90000000000.0,jpy_abs,jquants,2026-05-27
9005,TOKYU CORPORATION,net_sales,FY2027,company,1140000000000.0,jpy_abs,jquants,2026-05-27
9005,TOKYU CORPORATION,net_sales,FY2027,consensus,1136085804190.0,jpy_abs,yfinance,2026-08-27
9005,TOKYU CORPORATION,operating_profit,FY2027,company,110000000000.0,jpy_abs,jquants,2026-05-27
9005,TOKYU CORPORATION,ordinary_profit,FY2027,company,111400000000.0,jpy_abs,jquants,2026-05-27
9005,TOKYU CORPORATION,eps,FY2028,consensus,165.45631,jpy,yfinance,2026-08-27
9005,TOKYU CORPORATION,net_sales,FY2028,consensus,1155449787060.0,jpy_abs,yfinance,2026-08-27
9006,Keikyu Corporation,dps,FY2026,actual,46.0,jpy,jquants,2026-05-11
9006,Keikyu Corporation,eps,FY2026,actual,101.9,jpy,jquants,2026-05-11
9006,Keikyu Corporation,net_profit,FY2026,actual,27492000000.0,jpy_abs,jquants,2026-05-11
9006,Keikyu Corporation,net_sales,FY2026,actual,304192000000.0,jpy_abs,jquants,2026-05-11
9006,Keikyu Corporation,operating_profit,FY2026,actual,33553000000.0,jpy_abs,jquants,2026-05-11
9006,Keikyu Corporation,ordinary_profit,FY2026,actual,28854000000.0,jpy_abs,jquants,2026-05-11
9006,Keikyu Corporation,dps,FY2027,company,46.0,jpy,jquants,2026-05-11
9006,Keikyu Corporation,eps,FY2027,company,115.06,jpy,jquants,2026-05-11
9006,Keikyu Corporation,eps,FY2027,company_h1,35.88,jpy,jquants,2026-05-11
9006,Keikyu Corporation,eps,FY2027,consensus,117.0677,jpy,yfinance,2026-08-27
9006,Keikyu Corporation,net_profit,FY2027,company,30000000000.0,jpy_abs,jquants,2026-05-11
9006,Keikyu Corporation,net_profit,FY2027,company_h1,9500000000.0,jpy_abs,jquants,2026-05-11
9006,Keikyu Corporation,net_sales,FY2027,company,401500000000.0,jpy_abs,jquants,2026-05-11
9006,Keikyu Corporation,net_sales,FY2027,company_h1,157500000000.0,jpy_abs,jquants,2026-05-11
9006,Keikyu Corporation,net_sales,FY2027,consensus,388050000000.0,jpy_abs,yfinance,2026-08-27
9006,Keikyu Corporation,operating_profit,FY2027,company,45000000000.0,jpy_abs,jquants,2026-05-11
9006,Keikyu Corporation,operating_profit,FY2027,company_h1,15700000000.0,jpy_abs,jquants,2026-05-11
9006,Keikyu Corporation,ordinary_profit,FY2027,company,44000000000.0,jpy_abs,jquants,2026-05-11
9006,Keikyu Corporation,ordinary_profit,FY2027,company_h1,13400000000.0,jpy_abs,jquants,2026-05-11
9006,Keikyu Corporation,eps,FY2028,consensus,109.29865,jpy,yfinance,2026-08-27
9006,Keikyu Corporation,net_sales,FY2028,consensus,370425000000.0,jpy_abs,yfinance,2026-08-27
9007,"Odakyu Electric Railway Co.,Ltd.",dps,FY2026,actual,55.0,jpy,jquants,2026-05-13
9007,"Odakyu Electric Railway Co.,Ltd.",eps,FY2026,actual,108.25,jpy,jquants,2026-05-13
9007,"Odakyu Electric Railway Co.,Ltd.",net_profit,FY2026,actual,37368000000.0,jpy_abs,jquants,2026-05-13
9007,"Odakyu Electric Railway Co.,Ltd.",net_sales,FY2026,actual,418732000000.0,jpy_abs,jquants,2026-05-13
9007,"Odakyu Electric Railway Co.,Ltd.",operating_profit,FY2026,actual,52659000000.0,jpy_abs,jquants,2026-05-13
9007,"Odakyu Electric Railway Co.,Ltd.",ordinary_profit,FY2026,actual,54028000000.0,jpy_abs,jquants,2026-05-13
9007,"Odakyu Electric Railway Co.,Ltd.",dps,FY2027,company,60.0,jpy,jquants,2026-05-13
9007,"Odakyu Electric Railway Co.,Ltd.",eps,FY2027,company,112.87,jpy,jquants,2026-05-13
9007,"Odakyu Electric Railway Co.,Ltd.",eps,FY2027,company_h1,67.78,jpy,jquants,2026-05-13
9007,"Odakyu Electric Railway Co.,Ltd.",eps,FY2027,consensus,116.61202,jpy,yfinance,2026-08-27
9007,"Odakyu Electric Railway Co.,Ltd.",net_profit,FY2027,company,38300000000.0,jpy_abs,jquants,2026-05-13
9007,"Odakyu Electric Railway Co.,Ltd.",net_profit,FY2027,company_h1,23000000000.0,jpy_abs,jquants,2026-05-13
9007,"Odakyu Electric Railway Co.,Ltd.",net_sales,FY2027,company,461300000000.0,jpy_abs,jquants,2026-05-13
9007,"Odakyu Electric Railway Co.,Ltd.",net_sales,FY2027,company_h1,211600000000.0,jpy_abs,jquants,2026-05-13
9007,"Odakyu Electric Railway Co.,Ltd.",net_sales,FY2027,consensus,456437433000.0,jpy_abs,yfinance,2026-08-27
9007,"Odakyu Electric Railway Co.,Ltd.",operating_profit,FY2027,company,54000000000.0,jpy_abs,jquants,2026-05-13
9007,"Odakyu Electric Railway Co.,Ltd.",operating_profit,FY2027,company_h1,28700000000.0,jpy_abs,jquants,2026-05-13
9007,"Odakyu Electric Railway Co.,Ltd.",ordinary_profit,FY2027,company,47900000000.0,jpy_abs,jquants,2026-05-13
9007,"Odakyu Electric Railway Co.,Ltd.",ordinary_profit,FY2027,company_h1,26300000000.0,jpy_abs,jquants,2026-05-13
9007,"Odakyu Electric Railway Co.,Ltd.",eps,FY2028,consensus,124.26163,jpy,yfinance,2026-08-27
9007,"Odakyu Electric Railway Co.,Ltd.",net_sales,FY2028,consensus,475968904480.0,jpy_abs,yfinance,2026-08-27
9008,Keio Corporation,dps,FY2026,actual,110.0,jpy,jquants,2026-05-13
9008,Keio Corporation,eps,FY2026,actual,73.0,jpy,jquants,2026-05-13
9008,Keio Corporation,net_profit,FY2026,actual,42929000000.0,jpy_abs,jquants,2026-05-13
9008,Keio Corporation,net_sales,FY2026,actual,496939000000.0,jpy_abs,jquants,2026-05-13
9008,Keio Corporation,operating_profit,FY2026,actual,52322000000.0,jpy_abs,jquants,2026-05-13
9008,Keio Corporation,ordinary_profit,FY2026,actual,51172000000.0,jpy_abs,jquants,2026-05-13
9008,Keio Corporation,dps,FY2027,company,22.0,jpy,jquants,2026-05-13
9008,Keio Corporation,eps,FY2027,company,74.28,jpy,jquants,2026-05-13
9008,Keio Corporation,eps,FY2027,consensus,73.26528,jpy,yfinance,2026-08-27
9008,Keio Corporation,net_profit,FY2027,company,43000000000.0,jpy_abs,jquants,2026-05-13
9008,Keio Corporation,net_sales,FY2027,company,504000000000.0,jpy_abs,jquants,2026-05-13
9008,Keio Corporation,net_sales,FY2027,consensus,510180000000.0,jpy_abs,yfinance,2026-08-27
9008,Keio Corporation,operating_profit,FY2027,company,51000000000.0,jpy_abs,jquants,2026-05-13
9008,Keio Corporation,ordinary_profit,FY2027,company,47800000000.0,jpy_abs,jquants,2026-05-13
9008,Keio Corporation,eps,FY2028,consensus,69.16318,jpy,yfinance,2026-08-27
9008,Keio Corporation,net_sales,FY2028,consensus,535320000000.0,jpy_abs,yfinance,2026-08-27
9009,"Keisei Electric Railway Co.,Ltd.",dps,FY2026,actual,21.0,jpy,jquants,2026-05-08
9009,"Keisei Electric Railway Co.,Ltd.",eps,FY2026,actual,99.59,jpy,jquants,2026-05-08
9009,"Keisei Electric Railway Co.,Ltd.",net_profit,FY2026,actual,48023000000.0,jpy_abs,jquants,2026-05-08
9009,"Keisei Electric Railway Co.,Ltd.",net_sales,FY2026,actual,332424000000.0,jpy_abs,jquants,2026-05-08
9009,"Keisei Electric Railway Co.,Ltd.",operating_profit,FY2026,actual,33974000000.0,jpy_abs,jquants,2026-05-08
9009,"Keisei Electric Railway Co.,Ltd.",ordinary_profit,FY2026,actual,58605000000.0,jpy_abs,jquants,2026-05-08
9009,"Keisei Electric Railway Co.,Ltd.",dps,FY2027,company,22.0,jpy,jquants,2026-05-08
9009,"Keisei Electric Railway Co.,Ltd.",eps,FY2027,company,81.49,jpy,jquants,2026-05-08
9009,"Keisei Electric Railway Co.,Ltd.",eps,FY2027,consensus,92.23726,jpy,yfinance,2026-08-27
9009,"Keisei Electric Railway Co.,Ltd.",net_profit,FY2027,company,39300000000.0,jpy_abs,jquants,2026-05-08
9009,"Keisei Electric Railway Co.,Ltd.",net_sales,FY2027,company,359800000000.0,jpy_abs,jquants,2026-05-08
9009,"Keisei Electric Railway Co.,Ltd.",net_sales,FY2027,consensus,350049002400.0,jpy_abs,yfinance,2026-08-27
9009,"Keisei Electric Railway Co.,Ltd.",operating_profit,FY2027,company,31000000000.0,jpy_abs,jquants,2026-05-08
9009,"Keisei Electric Railway Co.,Ltd.",ordinary_profit,FY2027,company,50500000000.0,jpy_abs,jquants,2026-05-08
9009,"Keisei Electric Railway Co.,Ltd.",eps,FY2028,consensus,97.88284,jpy,yfinance,2026-08-27
9009,"Keisei Electric Railway Co.,Ltd.",net_sales,FY2028,consensus,363678262700.0,jpy_abs,yfinance,2026-08-27
9021,West Japan Railway Company,dps,FY2026,actual,97.5,jpy,jquants,2026-04-30
9021,West Japan Railway Company,eps,FY2026,actual,277.73,jpy,jquants,2026-04-30
9021,West Japan Railway Company,net_profit,FY2026,actual,127499000000.0,jpy_abs,jquants,2026-04-30
9021,West Japan Railway Company,net_sales,FY2026,actual,1845840000000.0,jpy_abs,jquants,2026-04-30
9021,West Japan Railway Company,operating_profit,FY2026,actual,198081000000.0,jpy_abs,jquants,2026-04-30
9021,West Japan Railway Company,ordinary_profit,FY2026,actual,183682000000.0,jpy_abs,jquants,2026-04-30
9021,West Japan Railway Company,dps,FY2027,company,97.5,jpy,jquants,2026-04-30
9021,West Japan Railway Company,eps,FY2027,company,219.74,jpy,jquants,2026-04-30
9021,West Japan Railway Company,eps,FY2027,consensus,227.74187,jpy,yfinance,2026-08-27
9021,West Japan Railway Company,net_profit,FY2027,company,100000000000.0,jpy_abs,jquants,2026-04-30
9021,West Japan Railway Company,net_sales,FY2027,company,1829000000000.0,jpy_abs,jquants,2026-04-30
9021,West Japan Railway Company,net_sales,FY2027,consensus,1842264050000.0,jpy_abs,yfinance,2026-08-27
9021,West Japan Railway Company,operating_profit,FY2027,company,165000000000.0,jpy_abs,jquants,2026-04-30
9021,West Japan Railway Company,ordinary_profit,FY2027,company,145000000000.0,jpy_abs,jquants,2026-04-30
9021,West Japan Railway Company,eps,FY2028,consensus,225.4104,jpy,yfinance,2026-08-27
9021,West Japan Railway Company,net_sales,FY2028,consensus,1893843906350.0,jpy_abs,yfinance,2026-08-27
9022,Central Japan Railway Company,dps,FY2026,actual,32.0,jpy,jquants,2026-04-28
9022,Central Japan Railway Company,eps,FY2026,actual,570.84,jpy,jquants,2026-04-28
9022,Central Japan Railway Company,net_profit,FY2026,actual,552871000000.0,jpy_abs,jquants,2026-04-28
9022,Central Japan Railway Company,net_sales,FY2026,actual,2006218000000.0,jpy_abs,jquants,2026-04-28
9022,Central Japan Railway Company,operating_profit,FY2026,actual,830167000000.0,jpy_abs,jquants,2026-04-28
9022,Central Japan Railway Company,ordinary_profit,FY2026,actual,780914000000.0,jpy_abs,jquants,2026-04-28
9022,Central Japan Railway Company,dps,FY2027,company,32.0,jpy,jquants,2026-04-28
9022,Central Japan Railway Company,eps,FY2027,company,467.98,jpy,jquants,2026-04-28
9022,Central Japan Railway Company,eps,FY2027,consensus,508.80447,jpy,yfinance,2026-08-27
9022,Central Japan Railway Company,net_profit,FY2027,company,447000000000.0,jpy_abs,jquants,2026-04-28
9022,Central Japan Railway Company,net_sales,FY2027,company,1993000000000.0,jpy_abs,jquants,2026-04-28
9022,Central Japan Railway Company,net_sales,FY2027,consensus,2030061005230.0,jpy_abs,yfinance,2026-08-27
9022,Central Japan Railway Company,operating_profit,FY2027,company,702000000000.0,jpy_abs,jquants,2026-04-28
9022,Central Japan Railway Company,ordinary_profit,FY2027,company,653000000000.0,jpy_abs,jquants,2026-04-28
9022,Central Japan Railway Company,eps,FY2028,consensus,516.7631,jpy,yfinance,2026-08-27
9022,Central Japan Railway Company,net_sales,FY2028,consensus,2077546268140.0,jpy_abs,yfinance,2026-08-27
9024,SEIBU HOLDINGS INC.,dps,FY2026,actual,42.0,jpy,jquants,2026-05-14
9024,SEIBU HOLDINGS INC.,eps,FY2026,actual,150.93,jpy,jquants,2026-05-14
9024,SEIBU HOLDINGS INC.,net_profit,FY2026,actual,38857000000.0,jpy_abs,jquants,2026-05-14
9024,SEIBU HOLDINGS INC.,net_sales,FY2026,actual,513286000000.0,jpy_abs,jquants,2026-05-14
9024,SEIBU HOLDINGS INC.,operating_profit,FY2026,actual,45522000000.0,jpy_abs,jquants,2026-05-14
9024,SEIBU HOLDINGS INC.,ordinary_profit,FY2026,actual,45821000000.0,jpy_abs,jquants,2026-05-14
9024,SEIBU HOLDINGS INC.,dps,FY2027,company,42.0,jpy,jquants,2026-05-14
9024,SEIBU HOLDINGS INC.,eps,FY2027,company,106.22,jpy,jquants,2026-05-14
9024,SEIBU HOLDINGS INC.,eps,FY2027,company_h1,90.49,jpy,jquants,2026-05-14
9024,SEIBU HOLDINGS INC.,eps,FY2027,consensus,113.1865,jpy,yfinance,2026-08-27
9024,SEIBU HOLDINGS INC.,net_profit,FY2027,company,27000000000.0,jpy_abs,jquants,2026-05-14
9024,SEIBU HOLDINGS INC.,net_profit,FY2027,company_h1,23000000000.0,jpy_abs,jquants,2026-05-14
9024,SEIBU HOLDINGS INC.,net_sales,FY2027,company,559000000000.0,jpy_abs,jquants,2026-05-14
9024,SEIBU HOLDINGS INC.,net_sales,FY2027,company_h1,286000000000.0,jpy_abs,jquants,2026-05-14
9024,SEIBU HOLDINGS INC.,net_sales,FY2027,consensus,572762060340.0,jpy_abs,yfinance,2026-08-27
9024,SEIBU HOLDINGS INC.,operating_profit,FY2027,company,53000000000.0,jpy_abs,jquants,2026-05-14
9024,SEIBU HOLDINGS INC.,operating_profit,FY2027,company_h1,39000000000.0,jpy_abs,jquants,2026-05-14
9024,SEIBU HOLDINGS INC.,ordinary_profit,FY2027,company,47000000000.0,jpy_abs,jquants,2026-05-14
9024,SEIBU HOLDINGS INC.,ordinary_profit,FY2027,company_h1,36000000000.0,jpy_abs,jquants,2026-05-14
9024,SEIBU HOLDINGS INC.,eps,FY2028,consensus,188.27383,jpy,yfinance,2026-08-27
9024,SEIBU HOLDINGS INC.,net_sales,FY2028,consensus,603382022840.0,jpy_abs,yfinance,2026-08-27
9031,"Nishi-Nippon Railroad Co.,Ltd.",dps,FY2026,actual,70.0,jpy,jquants,2026-05-14
9031,"Nishi-Nippon Railroad Co.,Ltd.",eps,FY2026,actual,423.28,jpy,jquants,2026-05-14
9031,"Nishi-Nippon Railroad Co.,Ltd.",net_profit,FY2026,actual,32155000000.0,jpy_abs,jquants,2026-05-14
9031,"Nishi-Nippon Railroad Co.,Ltd.",net_sales,FY2026,actual,474156000000.0,jpy_abs,jquants,2026-05-14
9031,"Nishi-Nippon Railroad Co.,Ltd.",operating_profit,FY2026,actual,30210000000.0,jpy_abs,jquants,2026-05-14
9031,"Nishi-Nippon Railroad Co.,Ltd.",ordinary_profit,FY2026,actual,37220000000.0,jpy_abs,jquants,2026-05-14
9031,"Nishi-Nippon Railroad Co.,Ltd.",dps,FY2027,company,90.0,jpy,jquants,2026-05-14
9031,"Nishi-Nippon Railroad Co.,Ltd.",eps,FY2027,company,296.18,jpy,jquants,2026-05-14
9031,"Nishi-Nippon Railroad Co.,Ltd.",eps,FY2027,company_h1,131.64,jpy,jquants,2026-05-14
9031,"Nishi-Nippon Railroad Co.,Ltd.",eps,FY2027,consensus,315.2632,jpy,yfinance,2026-08-27
9031,"Nishi-Nippon Railroad Co.,Ltd.",net_profit,FY2027,company,22500000000.0,jpy_abs,jquants,2026-05-14
9031,"Nishi-Nippon Railroad Co.,Ltd.",net_profit,FY2027,company_h1,10000000000.0,jpy_abs,jquants,2026-05-14
9031,"Nishi-Nippon Railroad Co.,Ltd.",net_sales,FY2027,company,510000000000.0,jpy_abs,jquants,2026-05-14
9031,"Nishi-Nippon Railroad Co.,Ltd.",net_sales,FY2027,company_h1,243000000000.0,jpy_abs,jquants,2026-05-14
9031,"Nishi-Nippon Railroad Co.,Ltd.",net_sales,FY2027,consensus,502800000000.0,jpy_abs,yfinance,2026-08-27
9031,"Nishi-Nippon Railroad Co.,Ltd.",operating_profit,FY2027,company,24500000000.0,jpy_abs,jquants,2026-05-14
9031,"Nishi-Nippon Railroad Co.,Ltd.",operating_profit,FY2027,company_h1,11100000000.0,jpy_abs,jquants,2026-05-14
9031,"Nishi-Nippon Railroad Co.,Ltd.",ordinary_profit,FY2027,company,24500000000.0,jpy_abs,jquants,2026-05-14
9031,"Nishi-Nippon Railroad Co.,Ltd.",ordinary_profit,FY2027,company_h1,9900000000.0,jpy_abs,jquants,2026-05-14
9031,"Nishi-Nippon Railroad Co.,Ltd.",eps,FY2028,consensus,298.02646,jpy,yfinance,2026-08-27
9031,"Nishi-Nippon Railroad Co.,Ltd.",net_sales,FY2028,consensus,522650000000.0,jpy_abs,yfinance,2026-08-27
9041,"Kintetsu Group Holdings Co.,Ltd.",dps,FY2026,actual,60.0,jpy,jquants,2026-05-15
9041,"Kintetsu Group Holdings Co.,Ltd.",eps,FY2026,actual,282.77,jpy,jquants,2026-05-15
9041,"Kintetsu Group Holdings Co.,Ltd.",net_profit,FY2026,actual,53771000000.0,jpy_abs,jquants,2026-05-15
9041,"Kintetsu Group Holdings Co.,Ltd.",net_sales,FY2026,actual,1750307000000.0,jpy_abs,jquants,2026-05-15
9041,"Kintetsu Group Holdings Co.,Ltd.",operating_profit,FY2026,actual,89436000000.0,jpy_abs,jquants,2026-05-15
9041,"Kintetsu Group Holdings Co.,Ltd.",ordinary_profit,FY2026,actual,84577000000.0,jpy_abs,jquants,2026-05-15
9041,"Kintetsu Group Holdings Co.,Ltd.",dps,FY2027,company,70.0,jpy,jquants,2026-05-15
9041,"Kintetsu Group Holdings Co.,Ltd.",eps,FY2027,company,247.18,jpy,jquants,2026-05-15
9041,"Kintetsu Group Holdings Co.,Ltd.",eps,FY2027,company_h1,105.18,jpy,jquants,2026-05-15
9041,"Kintetsu Group Holdings Co.,Ltd.",eps,FY2027,consensus,252.7007,jpy,yfinance,2026-08-27
9041,"Kintetsu Group Holdings Co.,Ltd.",net_profit,FY2027,company,47000000000.0,jpy_abs,jquants,2026-05-15
9041,"Kintetsu Group Holdings Co.,Ltd.",net_profit,FY2027,company_h1,20000000000.0,jpy_abs,jquants,2026-05-15
9041,"Kintetsu Group Holdings Co.,Ltd.",net_sales,FY2027,company,1840000000000.0,jpy_abs,jquants,2026-05-15
9041,"Kintetsu Group Holdings Co.,Ltd.",net_sales,FY2027,company_h1,887000000000.0,jpy_abs,jquants,2026-05-15
9041,"Kintetsu Group Holdings Co.,Ltd.",net_sales,FY2027,consensus,1888700000000.0,jpy_abs,yfinance,2026-08-27
9041,"Kintetsu Group Holdings Co.,Ltd.",operating_profit,FY2027,company,90000000000.0,jpy_abs,jquants,2026-05-15
9041,"Kintetsu Group Holdings Co.,Ltd.",operating_profit,FY2027,company_h1,35000000000.0,jpy_abs,jquants,2026-05-15
9041,"Kintetsu Group Holdings Co.,Ltd.",ordinary_profit,FY2027,company,82000000000.0,jpy_abs,jquants,2026-05-15
9041,"Kintetsu Group Holdings Co.,Ltd.",ordinary_profit,FY2027,company_h1,35000000000.0,jpy_abs,jquants,2026-05-15
9041,"Kintetsu Group Holdings Co.,Ltd.",eps,FY2028,consensus,267.38745,jpy,yfinance,2026-08-27
9041,"Kintetsu Group Holdings Co.,Ltd.",net_sales,FY2028,consensus,1962650000000.0,jpy_abs,yfinance,2026-08-27
9045,"Keihan Holdings Co.,Ltd.",dps,FY2026,actual,100.0,jpy,jquants,2026-05-12
9045,"Keihan Holdings Co.,Ltd.",eps,FY2026,actual,332.79,jpy,jquants,2026-05-12
9045,"Keihan Holdings Co.,Ltd.",net_profit,FY2026,actual,33581000000.0,jpy_abs,jquants,2026-05-12
9045,"Keihan Holdings Co.,Ltd.",net_sales,FY2026,actual,332471000000.0,jpy_abs,jquants,2026-05-12
9045,"Keihan Holdings Co.,Ltd.",operating_profit,FY2026,actual,49152000000.0,jpy_abs,jquants,2026-05-12
9045,"Keihan Holdings Co.,Ltd.",ordinary_profit,FY2026,actual,46931000000.0,jpy_abs,jquants,2026-05-12
9045,"Keihan Holdings Co.,Ltd.",dps,FY2027,company,86.0,jpy,jquants,2026-05-12
9045,"Keihan Holdings Co.,Ltd.",eps,FY2027,company,287.41,jpy,jquants,2026-05-12
9045,"Keihan Holdings Co.,Ltd.",eps,FY2027,company_h1,136.77,jpy,jquants,2026-05-12
9045,"Keihan Holdings Co.,Ltd.",eps,FY2027,consensus,296.3197,jpy,yfinance,2026-08-27
9045,"Keihan Holdings Co.,Ltd.",net_profit,FY2027,company,29000000000.0,jpy_abs,jquants,2026-05-12
9045,"Keihan Holdings Co.,Ltd.",net_profit,FY2027,company_h1,13800000000.0,jpy_abs,jquants,2026-05-12
9045,"Keihan Holdings Co.,Ltd.",net_sales,FY2027,company,321800000000.0,jpy_abs,jquants,2026-05-12
9045,"Keihan Holdings Co.,Ltd.",net_sales,FY2027,company_h1,154800000000.0,jpy_abs,jquants,2026-05-12
9045,"Keihan Holdings Co.,Ltd.",net_sales,FY2027,consensus,330850000000.0,jpy_abs,yfinance,2026-08-27
9045,"Keihan Holdings Co.,Ltd.",operating_profit,FY2027,company,42400000000.0,jpy_abs,jquants,2026-05-12
9045,"Keihan Holdings Co.,Ltd.",operating_profit,FY2027,company_h1,20000000000.0,jpy_abs,jquants,2026-05-12
9045,"Keihan Holdings Co.,Ltd.",ordinary_profit,FY2027,company,38100000000.0,jpy_abs,jquants,2026-05-12
9045,"Keihan Holdings Co.,Ltd.",ordinary_profit,FY2027,company_h1,18300000000.0,jpy_abs,jquants,2026-05-12
9045,"Keihan Holdings Co.,Ltd.",eps,FY2028,consensus,289.41434,jpy,yfinance,2026-08-27
9045,"Keihan Holdings Co.,Ltd.",net_sales,FY2028,consensus,338200000000.0,jpy_abs,yfinance,2026-08-27
9065,SANKYU INC.,dps,FY2026,actual,246.0,jpy,jquants,2026-05-26
9065,SANKYU INC.,eps,FY2026,actual,614.05,jpy,jquants,2026-05-26
9065,SANKYU INC.,net_profit,FY2026,actual,31505000000.0,jpy_abs,jquants,2026-05-26
9065,SANKYU INC.,net_sales,FY2026,actual,631573000000.0,jpy_abs,jquants,2026-05-26
9065,SANKYU INC.,operating_profit,FY2026,actual,43240000000.0,jpy_abs,jquants,2026-05-26
9065,SANKYU INC.,ordinary_profit,FY2026,actual,43385000000.0,jpy_abs,jquants,2026-05-26
9065,SANKYU INC.,dps,FY2027,company,156.0,jpy,jquants,2026-05-26
9065,SANKYU INC.,eps,FY2027,company,131.66,jpy,jquants,2026-05-26
9065,SANKYU INC.,eps,FY2027,company_h1,64.64,jpy,jquants,2026-05-26
9065,SANKYU INC.,eps,FY2027,consensus,693.2414,jpy,yfinance,2026-08-27
9065,SANKYU INC.,net_profit,FY2027,company,33000000000.0,jpy_abs,jquants,2026-05-26
9065,SANKYU INC.,net_profit,FY2027,company_h1,16200000000.0,jpy_abs,jquants,2026-05-26
9065,SANKYU INC.,net_sales,FY2027,company,638500000000.0,jpy_abs,jquants,2026-05-26
9065,SANKYU INC.,net_sales,FY2027,company_h1,314000000000.0,jpy_abs,jquants,2026-05-26
9065,SANKYU INC.,net_sales,FY2027,consensus,645566666670.0,jpy_abs,yfinance,2026-08-27
9065,SANKYU INC.,operating_profit,FY2027,company,47000000000.0,jpy_abs,jquants,2026-05-26
9065,SANKYU INC.,operating_profit,FY2027,company_h1,21500000000.0,jpy_abs,jquants,2026-05-26
9065,SANKYU INC.,ordinary_profit,FY2027,company,45500000000.0,jpy_abs,jquants,2026-05-26
9065,SANKYU INC.,ordinary_profit,FY2027,company_h1,21000000000.0,jpy_abs,jquants,2026-05-26
9065,SANKYU INC.,eps,FY2028,consensus,716.117,jpy,yfinance,2026-08-27
9065,SANKYU INC.,net_sales,FY2028,consensus,652183333330.0,jpy_abs,yfinance,2026-08-27
9069,"SENKO Group Holdings Co.,Ltd.",dps,FY2026,actual,50.0,jpy,jquants,2026-05-13
9069,"SENKO Group Holdings Co.,Ltd.",eps,FY2026,actual,113.68,jpy,jquants,2026-05-13
9069,"SENKO Group Holdings Co.,Ltd.",net_profit,FY2026,actual,19320000000.0,jpy_abs,jquants,2026-05-13
9069,"SENKO Group Holdings Co.,Ltd.",net_sales,FY2026,actual,899620000000.0,jpy_abs,jquants,2026-05-13
9069,"SENKO Group Holdings Co.,Ltd.",operating_profit,FY2026,actual,36996000000.0,jpy_abs,jquants,2026-05-13
9069,"SENKO Group Holdings Co.,Ltd.",ordinary_profit,FY2026,actual,35242000000.0,jpy_abs,jquants,2026-05-13
9069,"SENKO Group Holdings Co.,Ltd.",dps,FY2027,company,56.0,jpy,jquants,2026-05-13
9069,"SENKO Group Holdings Co.,Ltd.",eps,FY2027,company,139.77,jpy,jquants,2026-05-13
9069,"SENKO Group Holdings Co.,Ltd.",eps,FY2027,company_h1,61.52,jpy,jquants,2026-05-13
9069,"SENKO Group Holdings Co.,Ltd.",eps,FY2027,consensus,146.08838,jpy,yfinance,2026-08-27
9069,"SENKO Group Holdings Co.,Ltd.",net_profit,FY2027,company,23400000000.0,jpy_abs,jquants,2026-05-13
9069,"SENKO Group Holdings Co.,Ltd.",net_profit,FY2027,company_h1,10300000000.0,jpy_abs,jquants,2026-05-13
9069,"SENKO Group Holdings Co.,Ltd.",net_sales,FY2027,company,1020000000000.0,jpy_abs,jquants,2026-05-13
9069,"SENKO Group Holdings Co.,Ltd.",net_sales,FY2027,company_h1,490000000000.0,jpy_abs,jquants,2026-05-13
9069,"SENKO Group Holdings Co.,Ltd.",net_sales,FY2027,consensus,1008060714290.0,jpy_abs,yfinance,2026-08-27
9069,"SENKO Group Holdings Co.,Ltd.",operating_profit,FY2027,company,43000000000.0,jpy_abs,jquants,2026-05-13
9069,"SENKO Group Holdings Co.,Ltd.",operating_profit,FY2027,company_h1,17900000000.0,jpy_abs,jquants,2026-05-13
9069,"SENKO Group Holdings Co.,Ltd.",ordinary_profit,FY2027,company,39300000000.0,jpy_abs,jquants,2026-05-13
9069,"SENKO Group Holdings Co.,Ltd.",ordinary_profit,FY2027,company_h1,16200000000.0,jpy_abs,jquants,2026-05-13
9069,"SENKO Group Holdings Co.,Ltd.",eps,FY2028,consensus,156.6306,jpy,yfinance,2026-08-27
9069,"SENKO Group Holdings Co.,Ltd.",net_sales,FY2028,consensus,1051726714290.0,jpy_abs,yfinance,2026-08-27
9101,Nippon Yusen Kabushiki Kaisha,dps,FY2026,actual,230.0,jpy,jquants,2026-05-11
9101,Nippon Yusen Kabushiki Kaisha,eps,FY2026,actual,504.85,jpy,jquants,2026-05-11
9101,Nippon Yusen Kabushiki Kaisha,net_profit,FY2026,actual,211750000000.0,jpy_abs,jquants,2026-05-11
9101,Nippon Yusen Kabushiki Kaisha,net_sales,FY2026,actual,2423689000000.0,jpy_abs,jquants,2026-05-11
9101,Nippon Yusen Kabushiki Kaisha,operating_profit,FY2026,actual,138601000000.0,jpy_abs,jquants,2026-05-11
9101,Nippon Yusen Kabushiki Kaisha,ordinary_profit,FY2026,actual,211135000000.0,jpy_abs,jquants,2026-05-11
9101,Nippon Yusen Kabushiki Kaisha,dps,FY2027,company,200.0,jpy,jquants,2026-05-11
9101,Nippon Yusen Kabushiki Kaisha,eps,FY2027,company,464.91,jpy,jquants,2026-05-11
9101,Nippon Yusen Kabushiki Kaisha,eps,FY2027,company_h1,213.0,jpy,jquants,2026-05-11
9101,Nippon Yusen Kabushiki Kaisha,eps,FY2027,consensus,591.57166,jpy,yfinance,2026-08-27
9101,Nippon Yusen Kabushiki Kaisha,net_profit,FY2027,company,195000000000.0,jpy_abs,jquants,2026-05-11
9101,Nippon Yusen Kabushiki Kaisha,net_profit,FY2027,company_h1,91000000000.0,jpy_abs,jquants,2026-05-11
9101,Nippon Yusen Kabushiki Kaisha,net_sales,FY2027,company,2605000000000.0,jpy_abs,jquants,2026-05-11
9101,Nippon Yusen Kabushiki Kaisha,net_sales,FY2027,company_h1,1285000000000.0,jpy_abs,jquants,2026-05-11
9101,Nippon Yusen Kabushiki Kaisha,net_sales,FY2027,consensus,2699763242100.0,jpy_abs,yfinance,2026-08-27
9101,Nippon Yusen Kabushiki Kaisha,operating_profit,FY2027,company,145000000000.0,jpy_abs,jquants,2026-05-11
9101,Nippon Yusen Kabushiki Kaisha,operating_profit,FY2027,company_h1,69000000000.0,jpy_abs,jquants,2026-05-11
9101,Nippon Yusen Kabushiki Kaisha,ordinary_profit,FY2027,company,185000000000.0,jpy_abs,jquants,2026-05-11
9101,Nippon Yusen Kabushiki Kaisha,ordinary_profit,FY2027,company_h1,83000000000.0,jpy_abs,jquants,2026-05-11
9101,Nippon Yusen Kabushiki Kaisha,eps,FY2028,consensus,493.974,jpy,yfinance,2026-08-27
9101,Nippon Yusen Kabushiki Kaisha,net_sales,FY2028,consensus,2766717612420.0,jpy_abs,yfinance,2026-08-27
9104,"Mitsui O.S.K.Lines,Ltd.",dps,FY2026,actual,200.0,jpy,jquants,2026-04-30
9104,"Mitsui O.S.K.Lines,Ltd.",eps,FY2026,actual,619.78,jpy,jquants,2026-04-30
9104,"Mitsui O.S.K.Lines,Ltd.",net_profit,FY2026,actual,213260000000.0,jpy_abs,jquants,2026-04-30
9104,"Mitsui O.S.K.Lines,Ltd.",net_sales,FY2026,actual,1825098000000.0,jpy_abs,jquants,2026-04-30
9104,"Mitsui O.S.K.Lines,Ltd.",operating_profit,FY2026,actual,127002000000.0,jpy_abs,jquants,2026-04-30
9104,"Mitsui O.S.K.Lines,Ltd.",ordinary_profit,FY2026,actual,175839000000.0,jpy_abs,jquants,2026-04-30
9104,"Mitsui O.S.K.Lines,Ltd.",dps,FY2027,company,205.0,jpy,jquants,2026-04-30
9104,"Mitsui O.S.K.Lines,Ltd.",eps,FY2027,company,494.77,jpy,jquants,2026-04-30
9104,"Mitsui O.S.K.Lines,Ltd.",eps,FY2027,company_h1,224.1,jpy,jquants,2026-04-30
9104,"Mitsui O.S.K.Lines,Ltd.",eps,FY2027,consensus,681.1314,jpy,yfinance,2026-08-27
9104,"Mitsui O.S.K.Lines,Ltd.",net_profit,FY2027,company,170000000000.0,jpy_abs,jquants,2026-04-30
9104,"Mitsui O.S.K.Lines,Ltd.",net_profit,FY2027,company_h1,77000000000.0,jpy_abs,jquants,2026-04-30
9104,"Mitsui O.S.K.Lines,Ltd.",net_sales,FY2027,company,2040000000000.0,jpy_abs,jquants,2026-04-30
9104,"Mitsui O.S.K.Lines,Ltd.",net_sales,FY2027,company_h1,1100000000000.0,jpy_abs,jquants,2026-04-30
9104,"Mitsui O.S.K.Lines,Ltd.",net_sales,FY2027,consensus,2082127895930.0,jpy_abs,yfinance,2026-08-27
9104,"Mitsui O.S.K.Lines,Ltd.",operating_profit,FY2027,company,105000000000.0,jpy_abs,jquants,2026-04-30
9104,"Mitsui O.S.K.Lines,Ltd.",operating_profit,FY2027,company_h1,45000000000.0,jpy_abs,jquants,2026-04-30
9104,"Mitsui O.S.K.Lines,Ltd.",ordinary_profit,FY2027,company,145000000000.0,jpy_abs,jquants,2026-04-30
9104,"Mitsui O.S.K.Lines,Ltd.",ordinary_profit,FY2027,company_h1,51000000000.0,jpy_abs,jquants,2026-04-30
9104,"Mitsui O.S.K.Lines,Ltd.",eps,FY2028,consensus,581.2212,jpy,yfinance,2026-08-27
9104,"Mitsui O.S.K.Lines,Ltd.",net_sales,FY2028,consensus,2161292407680.0,jpy_abs,yfinance,2026-08-27
9107,"Kawasaki Kisen Kaisha,Ltd.",dps,FY2026,actual,120.0,jpy,jquants,2026-05-08
9107,"Kawasaki Kisen Kaisha,Ltd.",eps,FY2026,actual,210.42,jpy,jquants,2026-05-08
9107,"Kawasaki Kisen Kaisha,Ltd.",net_profit,FY2026,actual,132986000000.0,jpy_abs,jquants,2026-05-08
9107,"Kawasaki Kisen Kaisha,Ltd.",net_sales,FY2026,actual,1018364000000.0,jpy_abs,jquants,2026-05-08
9107,"Kawasaki Kisen Kaisha,Ltd.",operating_profit,FY2026,actual,84164000000.0,jpy_abs,jquants,2026-05-08
9107,"Kawasaki Kisen Kaisha,Ltd.",ordinary_profit,FY2026,actual,109100000000.0,jpy_abs,jquants,2026-05-08
9107,"Kawasaki Kisen Kaisha,Ltd.",dps,FY2027,company,120.0,jpy,jquants,2026-05-08
9107,"Kawasaki Kisen Kaisha,Ltd.",eps,FY2027,company,150.29,jpy,jquants,2026-05-08
9107,"Kawasaki Kisen Kaisha,Ltd.",eps,FY2027,company_h1,56.95,jpy,jquants,2026-05-08
9107,"Kawasaki Kisen Kaisha,Ltd.",eps,FY2027,consensus,215.05418,jpy,yfinance,2026-08-27
9107,"Kawasaki Kisen Kaisha,Ltd.",net_profit,FY2027,company,95000000000.0,jpy_abs,jquants,2026-05-08
9107,"Kawasaki Kisen Kaisha,Ltd.",net_profit,FY2027,company_h1,36000000000.0,jpy_abs,jquants,2026-05-08
9107,"Kawasaki Kisen Kaisha,Ltd.",net_sales,FY2027,company,1020000000000.0,jpy_abs,jquants,2026-05-08
9107,"Kawasaki Kisen Kaisha,Ltd.",net_sales,FY2027,company_h1,527000000000.0,jpy_abs,jquants,2026-05-08
9107,"Kawasaki Kisen Kaisha,Ltd.",net_sales,FY2027,consensus,1074790656759.0,jpy_abs,yfinance,2026-08-27
9107,"Kawasaki Kisen Kaisha,Ltd.",operating_profit,FY2027,company,83000000000.0,jpy_abs,jquants,2026-05-08
9107,"Kawasaki Kisen Kaisha,Ltd.",operating_profit,FY2027,company_h1,38000000000.0,jpy_abs,jquants,2026-05-08
9107,"Kawasaki Kisen Kaisha,Ltd.",ordinary_profit,FY2027,company,100000000000.0,jpy_abs,jquants,2026-05-08
9107,"Kawasaki Kisen Kaisha,Ltd.",ordinary_profit,FY2027,company_h1,35000000000.0,jpy_abs,jquants,2026-05-08
9107,"Kawasaki Kisen Kaisha,Ltd.",eps,FY2028,consensus,198.63947,jpy,yfinance,2026-08-27
9107,"Kawasaki Kisen Kaisha,Ltd.",net_sales,FY2028,consensus,1106817525990.0,jpy_abs,yfinance,2026-08-27
9110,"NS United Kaiun Kaisha,Ltd.",dps,FY2026,actual,310.0,jpy,jquants,2026-04-30
9110,"NS United Kaiun Kaisha,Ltd.",eps,FY2026,actual,1022.46,jpy,jquants,2026-04-30
9110,"NS United Kaiun Kaisha,Ltd.",net_profit,FY2026,actual,24095000000.0,jpy_abs,jquants,2026-04-30
9110,"NS United Kaiun Kaisha,Ltd.",net_sales,FY2026,actual,229784000000.0,jpy_abs,jquants,2026-04-30
9110,"NS United Kaiun Kaisha,Ltd.",operating_profit,FY2026,actual,20529000000.0,jpy_abs,jquants,2026-04-30
9110,"NS United Kaiun Kaisha,Ltd.",ordinary_profit,FY2026,actual,21046000000.0,jpy_abs,jquants,2026-04-30
9110,"NS United Kaiun Kaisha,Ltd.",dps,FY2027,company,295.0,jpy,jquants,2026-04-30
9110,"NS United Kaiun Kaisha,Ltd.",eps,FY2027,company,980.25,jpy,jquants,2026-04-30
9110,"NS United Kaiun Kaisha,Ltd.",eps,FY2027,company_h1,420.11,jpy,jquants,2026-04-30
9110,"NS United Kaiun Kaisha,Ltd.",net_profit,FY2027,company,23100000000.0,jpy_abs,jquants,2026-04-30
9110,"NS United Kaiun Kaisha,Ltd.",net_profit,FY2027,company_h1,9900000000.0,jpy_abs,jquants,2026-04-30
9110,"NS United Kaiun Kaisha,Ltd.",net_sales,FY2027,company,230000000000.0,jpy_abs,jquants,2026-04-30
9110,"NS United Kaiun Kaisha,Ltd.",net_sales,FY2027,company_h1,117000000000.0,jpy_abs,jquants,2026-04-30
9110,"NS United Kaiun Kaisha,Ltd.",net_sales,FY2027,consensus,0.0,jpy_abs,yfinance,2026-08-27
9110,"NS United Kaiun Kaisha,Ltd.",operating_profit,FY2027,company,23100000000.0,jpy_abs,jquants,2026-04-30
9110,"NS United Kaiun Kaisha,Ltd.",operating_profit,FY2027,company_h1,12100000000.0,jpy_abs,jquants,2026-04-30
9110,"NS United Kaiun Kaisha,Ltd.",ordinary_profit,FY2027,company,21900000000.0,jpy_abs,jquants,2026-04-30
9110,"NS United Kaiun Kaisha,Ltd.",ordinary_profit,FY2027,company_h1,11900000000.0,jpy_abs,jquants,2026-04-30
9110,"NS United Kaiun Kaisha,Ltd.",net_sales,FY2028,consensus,0.0,jpy_abs,yfinance,2026-08-27
9142,Kyushu Railway Company,dps,FY2026,actual,115.0,jpy,jquants,2026-05-11
9142,Kyushu Railway Company,eps,FY2026,actual,295.39,jpy,jquants,2026-05-11
9142,Kyushu Railway Company,net_profit,FY2026,actual,45468000000.0,jpy_abs,jquants,2026-05-11
9142,Kyushu Railway Company,net_sales,FY2026,actual,500393000000.0,jpy_abs,jquants,2026-05-11
9142,Kyushu Railway Company,operating_profit,FY2026,actual,74040000000.0,jpy_abs,jquants,2026-05-11
9142,Kyushu Railway Company,ordinary_profit,FY2026,actual,74032000000.0,jpy_abs,jquants,2026-05-11
9142,Kyushu Railway Company,dps,FY2027,company,121.0,jpy,jquants,2026-05-11
9142,Kyushu Railway Company,eps,FY2027,company,335.43,jpy,jquants,2026-05-11
9142,Kyushu Railway Company,eps,FY2027,consensus,331.41263,jpy,yfinance,2026-08-27
9142,Kyushu Railway Company,net_profit,FY2027,company,51600000000.0,jpy_abs,jquants,2026-05-11
9142,Kyushu Railway Company,net_sales,FY2027,company,520500000000.0,jpy_abs,jquants,2026-05-11
9142,Kyushu Railway Company,net_sales,FY2027,consensus,523975121340.0,jpy_abs,yfinance,2026-08-27
9142,Kyushu Railway Company,operating_profit,FY2027,company,75000000000.0,jpy_abs,jquants,2026-05-11
9142,Kyushu Railway Company,ordinary_profit,FY2027,company,70900000000.0,jpy_abs,jquants,2026-05-11
9142,Kyushu Railway Company,eps,FY2028,consensus,369.68936,jpy,yfinance,2026-08-27
9142,Kyushu Railway Company,net_sales,FY2028,consensus,556687131210.0,jpy_abs,yfinance,2026-08-27
9143,"SG HOLDINGS CO.,LTD.",dps,FY2026,actual,53.0,jpy,jquants,2026-05-08
9143,"SG HOLDINGS CO.,LTD.",eps,FY2026,actual,98.17,jpy,jquants,2026-05-08
9143,"SG HOLDINGS CO.,LTD.",net_profit,FY2026,actual,59066000000.0,jpy_abs,jquants,2026-05-08
9143,"SG HOLDINGS CO.,LTD.",net_sales,FY2026,actual,1644762000000.0,jpy_abs,jquants,2026-05-08
9143,"SG HOLDINGS CO.,LTD.",operating_profit,FY2026,actual,90247000000.0,jpy_abs,jquants,2026-05-08
9143,"SG HOLDINGS CO.,LTD.",ordinary_profit,FY2026,actual,91782000000.0,jpy_abs,jquants,2026-05-08
9143,"SG HOLDINGS CO.,LTD.",dps,FY2027,company,54.0,jpy,jquants,2026-05-08
9143,"SG HOLDINGS CO.,LTD.",eps,FY2027,company,99.72,jpy,jquants,2026-05-08
9143,"SG HOLDINGS CO.,LTD.",eps,FY2027,company_h1,33.24,jpy,jquants,2026-05-08
9143,"SG HOLDINGS CO.,LTD.",eps,FY2027,consensus,104.71961,jpy,yfinance,2026-08-27
9143,"SG HOLDINGS CO.,LTD.",net_profit,FY2027,company,60000000000.0,jpy_abs,jquants,2026-05-08
9143,"SG HOLDINGS CO.,LTD.",net_profit,FY2027,company_h1,20000000000.0,jpy_abs,jquants,2026-05-08
9143,"SG HOLDINGS CO.,LTD.",net_sales,FY2027,company,1740000000000.0,jpy_abs,jquants,2026-05-08
9143,"SG HOLDINGS CO.,LTD.",net_sales,FY2027,company_h1,846000000000.0,jpy_abs,jquants,2026-05-08
9143,"SG HOLDINGS CO.,LTD.",net_sales,FY2027,consensus,1756911331860.0,jpy_abs,yfinance,2026-08-27
9143,"SG HOLDINGS CO.,LTD.",operating_profit,FY2027,company,97000000000.0,jpy_abs,jquants,2026-05-08
9143,"SG HOLDINGS CO.,LTD.",operating_profit,FY2027,company_h1,36000000000.0,jpy_abs,jquants,2026-05-08
9143,"SG HOLDINGS CO.,LTD.",ordinary_profit,FY2027,company,95000000000.0,jpy_abs,jquants,2026-05-08
9143,"SG HOLDINGS CO.,LTD.",ordinary_profit,FY2027,company_h1,34000000000.0,jpy_abs,jquants,2026-05-08
9143,"SG HOLDINGS CO.,LTD.",eps,FY2028,consensus,115.07272,jpy,yfinance,2026-08-27
9143,"SG HOLDINGS CO.,LTD.",net_sales,FY2028,consensus,1822176615790.0,jpy_abs,yfinance,2026-08-27
9201,"Japan Airlines Co.,Ltd.",dps,FY2026,actual,96.0,jpy,jquants,2026-04-30
9201,"Japan Airlines Co.,Ltd.",eps,FY2026,actual,306.96,jpy,jquants,2026-04-30
9201,"Japan Airlines Co.,Ltd.",net_profit,FY2026,actual,137604000000.0,jpy_abs,jquants,2026-04-30
9201,"Japan Airlines Co.,Ltd.",net_sales,FY2026,actual,2012515000000.0,jpy_abs,jquants,2026-04-30
9201,"Japan Airlines Co.,Ltd.",operating_profit,FY2026,actual,207349000000.0,jpy_abs,jquants,2026-04-30
9201,"Japan Airlines Co.,Ltd.",ordinary_profit,FY2026,actual,154347000000.0,jpy_abs,jquants,2026-04-30
9201,"Japan Airlines Co.,Ltd.",dps,FY2027,company,96.0,jpy,jquants,2026-04-30
9201,"Japan Airlines Co.,Ltd.",eps,FY2027,consensus,217.36938,jpy,yfinance,2026-08-27
9201,"Japan Airlines Co.,Ltd.",net_profit,FY2027,company,110000000000.0,jpy_abs,jquants,2026-04-30
9201,"Japan Airlines Co.,Ltd.",net_sales,FY2027,company,2095000000000.0,jpy_abs,jquants,2026-04-30
9201,"Japan Airlines Co.,Ltd.",net_sales,FY2027,consensus,2183207611790.0,jpy_abs,yfinance,2026-08-27
9201,"Japan Airlines Co.,Ltd.",eps,FY2028,consensus,284.03104,jpy,yfinance,2026-08-27
9201,"Japan Airlines Co.,Ltd.",net_sales,FY2028,consensus,2229701195490.0,jpy_abs,yfinance,2026-08-27
9202,ANA HOLDINGS INC.,dps,FY2026,actual,65.0,jpy,jquants,2026-04-30
9202,ANA HOLDINGS INC.,eps,FY2026,actual,358.37,jpy,jquants,2026-04-30
9202,ANA HOLDINGS INC.,net_profit,FY2026,actual,169075000000.0,jpy_abs,jquants,2026-04-30
9202,ANA HOLDINGS INC.,net_sales,FY2026,actual,2539233000000.0,jpy_abs,jquants,2026-04-30
9202,ANA HOLDINGS INC.,operating_profit,FY2026,actual,217437000000.0,jpy_abs,jquants,2026-04-30
9202,ANA HOLDINGS INC.,ordinary_profit,FY2026,actual,219651000000.0,jpy_abs,jquants,2026-04-30
9202,ANA HOLDINGS INC.,dps,FY2027,company,60.0,jpy,jquants,2026-04-30
9202,ANA HOLDINGS INC.,eps,FY2027,company,209.28,jpy,jquants,2026-04-30
9202,ANA HOLDINGS INC.,eps,FY2027,consensus,256.76965,jpy,yfinance,2026-08-27
9202,ANA HOLDINGS INC.,net_profit,FY2027,company,96000000000.0,jpy_abs,jquants,2026-04-30
9202,ANA HOLDINGS INC.,net_sales,FY2027,company,2770000000000.0,jpy_abs,jquants,2026-04-30
9202,ANA HOLDINGS INC.,net_sales,FY2027,consensus,2797330343600.0,jpy_abs,yfinance,2026-08-27
9202,ANA HOLDINGS INC.,operating_profit,FY2027,company,150000000000.0,jpy_abs,jquants,2026-04-30
9202,ANA HOLDINGS INC.,ordinary_profit,FY2027,company,137000000000.0,jpy_abs,jquants,2026-04-30
9202,ANA HOLDINGS INC.,eps,FY2028,consensus,341.2329,jpy,yfinance,2026-08-27
9202,ANA HOLDINGS INC.,net_sales,FY2028,consensus,2841151069410.0,jpy_abs,yfinance,2026-08-27
9336,"Daiei Kankyo Co.,Ltd.",dps,FY2026,actual,53.0,jpy,jquants,2026-05-14
9336,"Daiei Kankyo Co.,Ltd.",eps,FY2026,actual,159.93,jpy,jquants,2026-05-14
9336,"Daiei Kankyo Co.,Ltd.",net_profit,FY2026,actual,15845000000.0,jpy_abs,jquants,2026-05-14
9336,"Daiei Kankyo Co.,Ltd.",net_sales,FY2026,actual,87855000000.0,jpy_abs,jquants,2026-05-14
9336,"Daiei Kankyo Co.,Ltd.",operating_profit,FY2026,actual,22189000000.0,jpy_abs,jquants,2026-05-14
9336,"Daiei Kankyo Co.,Ltd.",ordinary_profit,FY2026,actual,22427000000.0,jpy_abs,jquants,2026-05-14
9336,"Daiei Kankyo Co.,Ltd.",dps,FY2027,company,55.0,jpy,jquants,2026-05-14
9336,"Daiei Kankyo Co.,Ltd.",eps,FY2027,company,164.25,jpy,jquants,2026-05-14
9336,"Daiei Kankyo Co.,Ltd.",eps,FY2027,company_h1,71.11,jpy,jquants,2026-05-14
9336,"Daiei Kankyo Co.,Ltd.",eps,FY2027,consensus,167.775,jpy,yfinance,2026-08-27
9336,"Daiei Kankyo Co.,Ltd.",net_profit,FY2027,company,16400000000.0,jpy_abs,jquants,2026-05-14
9336,"Daiei Kankyo Co.,Ltd.",net_profit,FY2027,company_h1,7100000000.0,jpy_abs,jquants,2026-05-14
9336,"Daiei Kankyo Co.,Ltd.",net_sales,FY2027,company,93900000000.0,jpy_abs,jquants,2026-05-14
9336,"Daiei Kankyo Co.,Ltd.",net_sales,FY2027,company_h1,46300000000.0,jpy_abs,jquants,2026-05-14
9336,"Daiei Kankyo Co.,Ltd.",net_sales,FY2027,consensus,96375000000.0,jpy_abs,yfinance,2026-08-27
9336,"Daiei Kankyo Co.,Ltd.",operating_profit,FY2027,company,24300000000.0,jpy_abs,jquants,2026-05-14
9336,"Daiei Kankyo Co.,Ltd.",operating_profit,FY2027,company_h1,11300000000.0,jpy_abs,jquants,2026-05-14
9336,"Daiei Kankyo Co.,Ltd.",ordinary_profit,FY2027,company,23100000000.0,jpy_abs,jquants,2026-05-14
9336,"Daiei Kankyo Co.,Ltd.",ordinary_profit,FY2027,company_h1,10700000000.0,jpy_abs,jquants,2026-05-14
9336,"Daiei Kankyo Co.,Ltd.",eps,FY2028,consensus,181.4,jpy,yfinance,2026-08-27
9336,"Daiei Kankyo Co.,Ltd.",net_sales,FY2028,consensus,102550000000.0,jpy_abs,yfinance,2026-08-27
9418,"U-NEXT HOLDINGS Co.,Ltd.",dps,FY2025,actual,15.5,jpy,jquants,2026-04-13
9418,"U-NEXT HOLDINGS Co.,Ltd.",eps,FY2025,actual,101.99,jpy,jquants,2026-04-13
9418,"U-NEXT HOLDINGS Co.,Ltd.",net_profit,FY2025,actual,18395000000.0,jpy_abs,jquants,2026-04-13
9418,"U-NEXT HOLDINGS Co.,Ltd.",net_sales,FY2025,actual,390408000000.0,jpy_abs,jquants,2026-04-13
9418,"U-NEXT HOLDINGS Co.,Ltd.",operating_profit,FY2025,actual,31571000000.0,jpy_abs,jquants,2026-04-13
9418,"U-NEXT HOLDINGS Co.,Ltd.",ordinary_profit,FY2025,actual,30900000000.0,jpy_abs,jquants,2026-04-13
9418,"U-NEXT HOLDINGS Co.,Ltd.",dps,FY2026,company,17.0,jpy,jquants,2026-04-13
9418,"U-NEXT HOLDINGS Co.,Ltd.",eps,FY2026,company,102.57,jpy,jquants,2026-04-13
9418,"U-NEXT HOLDINGS Co.,Ltd.",eps,FY2026,consensus,102.2,jpy,yfinance,2026-08-27
9418,"U-NEXT HOLDINGS Co.,Ltd.",net_profit,FY2026,company,18500000000.0,jpy_abs,jquants,2026-04-13
9418,"U-NEXT HOLDINGS Co.,Ltd.",net_sales,FY2026,company,424000000000.0,jpy_abs,jquants,2026-04-13
9418,"U-NEXT HOLDINGS Co.,Ltd.",net_sales,FY2026,consensus,459095666670.0,jpy_abs,yfinance,2026-08-27
9418,"U-NEXT HOLDINGS Co.,Ltd.",operating_profit,FY2026,company,33500000000.0,jpy_abs,jquants,2026-04-13
9418,"U-NEXT HOLDINGS Co.,Ltd.",ordinary_profit,FY2026,company,32200000000.0,jpy_abs,jquants,2026-04-13
9418,"U-NEXT HOLDINGS Co.,Ltd.",eps,FY2027,consensus,110.26667,jpy,yfinance,2026-08-27
9418,"U-NEXT HOLDINGS Co.,Ltd.",net_sales,FY2027,consensus,510248000000.0,jpy_abs,yfinance,2026-08-27
9432,"NTT,Inc.",dps,FY2026,actual,5.3,jpy,jquants,2026-05-08
9432,"NTT,Inc.",eps,FY2026,actual,12.61,jpy,jquants,2026-05-08
9432,"NTT,Inc.",net_profit,FY2026,actual,1037032000000.0,jpy_abs,jquants,2026-05-08
9432,"NTT,Inc.",net_sales,FY2026,actual,14409121000000.0,jpy_abs,jquants,2026-05-08
9432,"NTT,Inc.",operating_profit,FY2026,actual,1706221000000.0,jpy_abs,jquants,2026-05-08
9432,"NTT,Inc.",dps,FY2027,company,5.4,jpy,jquants,2026-05-08
9432,"NTT,Inc.",eps,FY2027,company,12.1,jpy,jquants,2026-05-08
9432,"NTT,Inc.",eps,FY2027,consensus,12.64125,jpy,yfinance,2026-08-27
9432,"NTT,Inc.",net_profit,FY2027,company,980000000000.0,jpy_abs,jquants,2026-05-08
9432,"NTT,Inc.",net_sales,FY2027,company,15060000000000.0,jpy_abs,jquants,2026-05-08
9432,"NTT,Inc.",net_sales,FY2027,consensus,15140000353480.0,jpy_abs,yfinance,2026-08-27
9432,"NTT,Inc.",operating_profit,FY2027,company,1710000000000.0,jpy_abs,jquants,2026-05-08
9432,"NTT,Inc.",eps,FY2028,consensus,13.62427,jpy,yfinance,2026-08-27
9432,"NTT,Inc.",net_sales,FY2028,consensus,15667459365500.0,jpy_abs,yfinance,2026-08-27
9434,SoftBank Corp.,dps,FY2026,actual,8.6,jpy,jquants,2026-05-11
9434,SoftBank Corp.,eps,FY2026,actual,11.35,jpy,jquants,2026-05-11
9434,SoftBank Corp.,net_profit,FY2026,actual,550759000000.0,jpy_abs,jquants,2026-05-11
9434,SoftBank Corp.,net_sales,FY2026,actual,7038680000000.0,jpy_abs,jquants,2026-05-11
9434,SoftBank Corp.,operating_profit,FY2026,actual,1042576000000.0,jpy_abs,jquants,2026-05-11
9434,SoftBank Corp.,dps,FY2027,company,8.8,jpy,jquants,2026-05-11
9434,SoftBank Corp.,eps,FY2027,company,11.54,jpy,jquants,2026-05-11
9434,SoftBank Corp.,eps,FY2027,consensus,12.18697,jpy,yfinance,2026-08-27
9434,SoftBank Corp.,net_profit,FY2027,company,560000000000.0,jpy_abs,jquants,2026-05-11
9434,SoftBank Corp.,net_sales,FY2027,company,7500000000000.0,jpy_abs,jquants,2026-05-11
9434,SoftBank Corp.,net_sales,FY2027,consensus,7599334554020.0,jpy_abs,yfinance,2026-08-27
9434,SoftBank Corp.,operating_profit,FY2027,company,1100000000000.0,jpy_abs,jquants,2026-05-11
9434,SoftBank Corp.,eps,FY2028,consensus,13.17562,jpy,yfinance,2026-08-27
9434,SoftBank Corp.,net_sales,FY2028,consensus,8040208583700.0,jpy_abs,yfinance,2026-08-27
9435,"HIKARI TSUSHIN,INC.",dps,FY2026,actual,751.0,jpy,jquants,2026-05-13
9435,"HIKARI TSUSHIN,INC.",eps,FY2026,actual,3440.12,jpy,jquants,2026-05-13
9435,"HIKARI TSUSHIN,INC.",net_profit,FY2026,actual,151014000000.0,jpy_abs,jquants,2026-05-13
9435,"HIKARI TSUSHIN,INC.",net_sales,FY2026,actual,734791000000.0,jpy_abs,jquants,2026-05-13
9435,"HIKARI TSUSHIN,INC.",operating_profit,FY2026,actual,116664000000.0,jpy_abs,jquants,2026-05-13
9435,"HIKARI TSUSHIN,INC.",ordinary_profit,FY2026,actual,15590000000.0,jpy_abs,jquants,2026-05-13
9435,"HIKARI TSUSHIN,INC.",dps,FY2027,company,780.0,jpy,jquants,2026-05-13
9435,"HIKARI TSUSHIN,INC.",eps,FY2027,company,2738.32,jpy,jquants,2026-05-13
9435,"HIKARI TSUSHIN,INC.",eps,FY2027,consensus,2798.9497,jpy,yfinance,2026-08-27
9435,"HIKARI TSUSHIN,INC.",net_profit,FY2027,company,120000000000.0,jpy_abs,jquants,2026-05-13
9435,"HIKARI TSUSHIN,INC.",net_sales,FY2027,company,775000000000.0,jpy_abs,jquants,2026-05-13
9435,"HIKARI TSUSHIN,INC.",net_sales,FY2027,consensus,819009968000.0,jpy_abs,yfinance,2026-08-27
9435,"HIKARI TSUSHIN,INC.",operating_profit,FY2027,company,130000000000.0,jpy_abs,jquants,2026-05-13
9435,"HIKARI TSUSHIN,INC.",eps,FY2028,consensus,3044.4294,jpy,yfinance,2026-08-27
9435,"HIKARI TSUSHIN,INC.",net_sales,FY2028,consensus,879637362000.0,jpy_abs,yfinance,2026-08-27
9449,"GMO internet group,Inc.",dps,FY2025,actual,52.0,jpy,jquants,2026-05-15
9449,"GMO internet group,Inc.",eps,FY2025,actual,163.89,jpy,jquants,2026-05-15
9449,"GMO internet group,Inc.",net_profit,FY2025,actual,16749000000.0,jpy_abs,jquants,2026-05-15
9449,"GMO internet group,Inc.",net_sales,FY2025,actual,285261000000.0,jpy_abs,jquants,2026-05-15
9449,"GMO internet group,Inc.",operating_profit,FY2025,actual,59132000000.0,jpy_abs,jquants,2026-05-15
9449,"GMO internet group,Inc.",ordinary_profit,FY2025,actual,52837000000.0,jpy_abs,jquants,2026-05-15
9449,"GMO internet group,Inc.",eps,FY2026,consensus,216.32333,jpy,yfinance,2026-08-27
9449,"GMO internet group,Inc.",net_sales,FY2026,consensus,309294000000.0,jpy_abs,yfinance,2026-08-27
9449,"GMO internet group,Inc.",eps,FY2027,consensus,258.7275,jpy,yfinance,2026-08-27
9449,"GMO internet group,Inc.",net_sales,FY2027,consensus,334518750000.0,jpy_abs,yfinance,2026-08-27
9502,"Chubu Electric Power Company,Incorporated",dps,FY2026,actual,70.0,jpy,jquants,2026-04-28
9502,"Chubu Electric Power Company,Incorporated",eps,FY2026,actual,301.57,jpy,jquants,2026-04-28
9502,"Chubu Electric Power Company,Incorporated",net_profit,FY2026,actual,227795000000.0,jpy_abs,jquants,2026-04-28
9502,"Chubu Electric Power Company,Incorporated",net_sales,FY2026,actual,3546041000000.0,jpy_abs,jquants,2026-04-28
9502,"Chubu Electric Power Company,Incorporated",operating_profit,FY2026,actual,230042000000.0,jpy_abs,jquants,2026-04-28
9502,"Chubu Electric Power Company,Incorporated",ordinary_profit,FY2026,actual,291072000000.0,jpy_abs,jquants,2026-04-28
9502,"Chubu Electric Power Company,Incorporated",dps,FY2027,company,70.0,jpy,jquants,2026-04-28
9502,"Chubu Electric Power Company,Incorporated",eps,FY2027,consensus,227.83167,jpy,yfinance,2026-08-27
9502,"Chubu Electric Power Company,Incorporated",net_sales,FY2027,consensus,3787266666670.0,jpy_abs,yfinance,2026-08-27
9502,"Chubu Electric Power Company,Incorporated",eps,FY2028,consensus,292.74332,jpy,yfinance,2026-08-27
9502,"Chubu Electric Power Company,Incorporated",net_sales,FY2028,consensus,3821583333330.0,jpy_abs,yfinance,2026-08-27
9503,"The Kansai Electric Power Company,Incorporated",dps,FY2026,actual,75.0,jpy,jquants,2026-04-30
9503,"The Kansai Electric Power Company,Incorporated",eps,FY2026,actual,341.14,jpy,jquants,2026-04-30
9503,"The Kansai Electric Power Company,Incorporated",net_profit,FY2026,actual,380051000000.0,jpy_abs,jquants,2026-04-30
9503,"The Kansai Electric Power Company,Incorporated",net_sales,FY2026,actual,4056638000000.0,jpy_abs,jquants,2026-04-30
9503,"The Kansai Electric Power Company,Incorporated",operating_profit,FY2026,actual,437556000000.0,jpy_abs,jquants,2026-04-30
9503,"The Kansai Electric Power Company,Incorporated",ordinary_profit,FY2026,actual,518530000000.0,jpy_abs,jquants,2026-04-30
9503,"The Kansai Electric Power Company,Incorporated",dps,FY2027,company,80.0,jpy,jquants,2026-04-30
9503,"The Kansai Electric Power Company,Incorporated",eps,FY2027,company,278.26,jpy,jquants,2026-04-30
9503,"The Kansai Electric Power Company,Incorporated",eps,FY2027,consensus,284.1875,jpy,yfinance,2026-08-27
9503,"The Kansai Electric Power Company,Incorporated",net_profit,FY2027,company,310000000000.0,jpy_abs,jquants,2026-04-30
9503,"The Kansai Electric Power Company,Incorporated",net_sales,FY2027,company,4500000000000.0,jpy_abs,jquants,2026-04-30
9503,"The Kansai Electric Power Company,Incorporated",net_sales,FY2027,consensus,4364983333330.0,jpy_abs,yfinance,2026-08-27
9503,"The Kansai Electric Power Company,Incorporated",operating_profit,FY2027,company,250000000000.0,jpy_abs,jquants,2026-04-30
9503,"The Kansai Electric Power Company,Incorporated",ordinary_profit,FY2027,company,290000000000.0,jpy_abs,jquants,2026-04-30
9503,"The Kansai Electric Power Company,Incorporated",eps,FY2028,consensus,242.74333,jpy,yfinance,2026-08-27
9503,"The Kansai Electric Power Company,Incorporated",net_sales,FY2028,consensus,4387450000000.0,jpy_abs,yfinance,2026-08-27
9504,"The Chugoku Electric Power Company,Incorporated",dps,FY2026,actual,27.0,jpy,jquants,2026-04-28
9504,"The Chugoku Electric Power Company,Incorporated",eps,FY2026,actual,190.61,jpy,jquants,2026-04-28
9504,"The Chugoku Electric Power Company,Incorporated",net_profit,FY2026,actual,68539000000.0,jpy_abs,jquants,2026-04-28
9504,"The Chugoku Electric Power Company,Incorporated",net_sales,FY2026,actual,1442302000000.0,jpy_abs,jquants,2026-04-28
9504,"The Chugoku Electric Power Company,Incorporated",operating_profit,FY2026,actual,90216000000.0,jpy_abs,jquants,2026-04-28
9504,"The Chugoku Electric Power Company,Incorporated",ordinary_profit,FY2026,actual,80225000000.0,jpy_abs,jquants,2026-04-28
9504,"The Chugoku Electric Power Company,Incorporated",dps,FY2027,company,30.0,jpy,jquants,2026-04-28
9504,"The Chugoku Electric Power Company,Incorporated",eps,FY2027,company,86.2,jpy,jquants,2026-04-28
9504,"The Chugoku Electric Power Company,Incorporated",eps,FY2027,consensus,113.3775,jpy,yfinance,2026-08-27
9504,"The Chugoku Electric Power Company,Incorporated",net_profit,FY2027,company,31000000000.0,jpy_abs,jquants,2026-04-28
9504,"The Chugoku Electric Power Company,Incorporated",net_sales,FY2027,company,1490000000000.0,jpy_abs,jquants,2026-04-28
9504,"The Chugoku Electric Power Company,Incorporated",net_sales,FY2027,consensus,1529000000000.0,jpy_abs,yfinance,2026-08-27
9504,"The Chugoku Electric Power Company,Incorporated",operating_profit,FY2027,company,52000000000.0,jpy_abs,jquants,2026-04-28
9504,"The Chugoku Electric Power Company,Incorporated",ordinary_profit,FY2027,company,40000000000.0,jpy_abs,jquants,2026-04-28
9504,"The Chugoku Electric Power Company,Incorporated",eps,FY2028,consensus,167.8075,jpy,yfinance,2026-08-27
9504,"The Chugoku Electric Power Company,Incorporated",net_sales,FY2028,consensus,1526333333330.0,jpy_abs,yfinance,2026-08-27
9505,Hokuriku Electric Power Company,dps,FY2026,actual,25.0,jpy,jquants,2026-04-28
9505,Hokuriku Electric Power Company,eps,FY2026,actual,260.74,jpy,jquants,2026-04-28
9505,Hokuriku Electric Power Company,net_profit,FY2026,actual,54466000000.0,jpy_abs,jquants,2026-04-28
9505,Hokuriku Electric Power Company,net_sales,FY2026,actual,786552000000.0,jpy_abs,jquants,2026-04-28
9505,Hokuriku Electric Power Company,operating_profit,FY2026,actual,87459000000.0,jpy_abs,jquants,2026-04-28
9505,Hokuriku Electric Power Company,ordinary_profit,FY2026,actual,85013000000.0,jpy_abs,jquants,2026-04-28
9505,Hokuriku Electric Power Company,dps,FY2027,company,25.0,jpy,jquants,2026-04-28
9505,Hokuriku Electric Power Company,eps,FY2027,company,119.67,jpy,jquants,2026-04-28
9505,Hokuriku Electric Power Company,eps,FY2027,consensus,137.3825,jpy,yfinance,2026-08-27
9505,Hokuriku Electric Power Company,net_profit,FY2027,company,25000000000.0,jpy_abs,jquants,2026-04-28
9505,Hokuriku Electric Power Company,net_sales,FY2027,company,760000000000.0,jpy_abs,jquants,2026-04-28
9505,Hokuriku Electric Power Company,net_sales,FY2027,consensus,780000000000.0,jpy_abs,yfinance,2026-08-27
9505,Hokuriku Electric Power Company,operating_profit,FY2027,company,40000000000.0,jpy_abs,jquants,2026-04-28
9505,Hokuriku Electric Power Company,ordinary_profit,FY2027,company,35000000000.0,jpy_abs,jquants,2026-04-28
9505,Hokuriku Electric Power Company,eps,FY2028,consensus,173.18,jpy,yfinance,2026-08-27
9505,Hokuriku Electric Power Company,net_sales,FY2028,consensus,792666666670.0,jpy_abs,yfinance,2026-08-27
9506,"Tohoku Electric Power Company,Incorporated",dps,FY2026,actual,40.0,jpy,jquants,2026-04-30
9506,"Tohoku Electric Power Company,Incorporated",eps,FY2026,actual,169.85,jpy,jquants,2026-04-30
9506,"Tohoku Electric Power Company,Incorporated",net_profit,FY2026,actual,84975000000.0,jpy_abs,jquants,2026-04-30
9506,"Tohoku Electric Power Company,Incorporated",net_sales,FY2026,actual,2372420000000.0,jpy_abs,jquants,2026-04-30
9506,"Tohoku Electric Power Company,Incorporated",operating_profit,FY2026,actual,160380000000.0,jpy_abs,jquants,2026-04-30
9506,"Tohoku Electric Power Company,Incorporated",ordinary_profit,FY2026,actual,126407000000.0,jpy_abs,jquants,2026-04-30
9506,"Tohoku Electric Power Company,Incorporated",dps,FY2027,company,40.0,jpy,jquants,2026-04-30
9506,"Tohoku Electric Power Company,Incorporated",eps,FY2027,consensus,233.695,jpy,yfinance,2026-08-27
9506,"Tohoku Electric Power Company,Incorporated",net_sales,FY2027,consensus,2436400000000.0,jpy_abs,yfinance,2026-08-27
9506,"Tohoku Electric Power Company,Incorporated",eps,FY2028,consensus,210.335,jpy,yfinance,2026-08-27
9506,"Tohoku Electric Power Company,Incorporated",net_sales,FY2028,consensus,2425366666670.0,jpy_abs,yfinance,2026-08-27
9507,"Shikoku Electric Power Company,Incorporated",dps,FY2026,actual,50.0,jpy,jquants,2026-04-30
9507,"Shikoku Electric Power Company,Incorporated",eps,FY2026,actual,247.27,jpy,jquants,2026-04-30
9507,"Shikoku Electric Power Company,Incorporated",net_profit,FY2026,actual,50809000000.0,jpy_abs,jquants,2026-04-30
9507,"Shikoku Electric Power Company,Incorporated",net_sales,FY2026,actual,761862000000.0,jpy_abs,jquants,2026-04-30
9507,"Shikoku Electric Power Company,Incorporated",operating_profit,FY2026,actual,67848000000.0,jpy_abs,jquants,2026-04-30
9507,"Shikoku Electric Power Company,Incorporated",ordinary_profit,FY2026,actual,67890000000.0,jpy_abs,jquants,2026-04-30
9507,"Shikoku Electric Power Company,Incorporated",dps,FY2027,company,55.0,jpy,jquants,2026-04-30
9507,"Shikoku Electric Power Company,Incorporated",eps,FY2027,company,147.0,jpy,jquants,2026-04-30
9507,"Shikoku Electric Power Company,Incorporated",eps,FY2027,consensus,178.2275,jpy,yfinance,2026-08-27
9507,"Shikoku Electric Power Company,Incorporated",net_profit,FY2027,company,30000000000.0,jpy_abs,jquants,2026-04-30
9507,"Shikoku Electric Power Company,Incorporated",net_sales,FY2027,company,925000000000.0,jpy_abs,jquants,2026-04-30
9507,"Shikoku Electric Power Company,Incorporated",net_sales,FY2027,consensus,877600000000.0,jpy_abs,yfinance,2026-08-27
9507,"Shikoku Electric Power Company,Incorporated",operating_profit,FY2027,company,37000000000.0,jpy_abs,jquants,2026-04-30
9507,"Shikoku Electric Power Company,Incorporated",ordinary_profit,FY2027,company,40000000000.0,jpy_abs,jquants,2026-04-30
9507,"Shikoku Electric Power Company,Incorporated",eps,FY2028,consensus,217.5875,jpy,yfinance,2026-08-27
9507,"Shikoku Electric Power Company,Incorporated",net_sales,FY2028,consensus,863000000000.0,jpy_abs,yfinance,2026-08-27
9508,"Kyushu Electric Power Company,Incorporated",dps,FY2026,actual,50.0,jpy,jquants,2026-04-30
9508,"Kyushu Electric Power Company,Incorporated",eps,FY2026,actual,314.65,jpy,jquants,2026-04-30
9508,"Kyushu Electric Power Company,Incorporated",net_profit,FY2026,actual,154535000000.0,jpy_abs,jquants,2026-04-30
9508,"Kyushu Electric Power Company,Incorporated",net_sales,FY2026,actual,2247214000000.0,jpy_abs,jquants,2026-04-30
9508,"Kyushu Electric Power Company,Incorporated",operating_profit,FY2026,actual,224853000000.0,jpy_abs,jquants,2026-04-30
9508,"Kyushu Electric Power Company,Incorporated",ordinary_profit,FY2026,actual,207059000000.0,jpy_abs,jquants,2026-04-30
9508,"Kyushu Electric Power Company,Incorporated",dps,FY2027,company,50.0,jpy,jquants,2026-04-30
9508,"Kyushu Electric Power Company,Incorporated",eps,FY2027,company,262.7,jpy,jquants,2026-04-30
9508,"Kyushu Electric Power Company,Incorporated",eps,FY2027,consensus,280.90668,jpy,yfinance,2026-08-27
9508,"Kyushu Electric Power Company,Incorporated",net_profit,FY2027,company,130000000000.0,jpy_abs,jquants,2026-04-30
9508,"Kyushu Electric Power Company,Incorporated",net_sales,FY2027,company,2300000000000.0,jpy_abs,jquants,2026-04-30
9508,"Kyushu Electric Power Company,Incorporated",net_sales,FY2027,consensus,2296566666670.0,jpy_abs,yfinance,2026-08-27
9508,"Kyushu Electric Power Company,Incorporated",operating_profit,FY2027,company,210000000000.0,jpy_abs,jquants,2026-04-30
9508,"Kyushu Electric Power Company,Incorporated",ordinary_profit,FY2027,company,180000000000.0,jpy_abs,jquants,2026-04-30
9508,"Kyushu Electric Power Company,Incorporated",eps,FY2028,consensus,300.27167,jpy,yfinance,2026-08-27
9508,"Kyushu Electric Power Company,Incorporated",net_sales,FY2028,consensus,2308983333330.0,jpy_abs,yfinance,2026-08-27
9509,"Hokkaido Electric Power Company,Incorporated",dps,FY2026,actual,32.0,jpy,jquants,2026-04-28
9509,"Hokkaido Electric Power Company,Incorporated",eps,FY2026,actual,207.4,jpy,jquants,2026-04-28
9509,"Hokkaido Electric Power Company,Incorporated",net_profit,FY2026,actual,43998000000.0,jpy_abs,jquants,2026-04-28
9509,"Hokkaido Electric Power Company,Incorporated",net_sales,FY2026,actual,855983000000.0,jpy_abs,jquants,2026-04-28
9509,"Hokkaido Electric Power Company,Incorporated",operating_profit,FY2026,actual,73238000000.0,jpy_abs,jquants,2026-04-28
9509,"Hokkaido Electric Power Company,Incorporated",ordinary_profit,FY2026,actual,61348000000.0,jpy_abs,jquants,2026-04-28
9509,"Hokkaido Electric Power Company,Incorporated",dps,FY2027,company,33.0,jpy,jquants,2026-04-28
9509,"Hokkaido Electric Power Company,Incorporated",eps,FY2027,company,100.27,jpy,jquants,2026-04-28
9509,"Hokkaido Electric Power Company,Incorporated",eps,FY2027,consensus,127.425,jpy,yfinance,2026-08-27
9509,"Hokkaido Electric Power Company,Incorporated",net_profit,FY2027,company,22000000000.0,jpy_abs,jquants,2026-04-28
9509,"Hokkaido Electric Power Company,Incorporated",net_sales,FY2027,company,970000000000.0,jpy_abs,jquants,2026-04-28
9509,"Hokkaido Electric Power Company,Incorporated",net_sales,FY2027,consensus,957700000000.0,jpy_abs,yfinance,2026-08-27
9509,"Hokkaido Electric Power Company,Incorporated",operating_profit,FY2027,company,48000000000.0,jpy_abs,jquants,2026-04-28
9509,"Hokkaido Electric Power Company,Incorporated",ordinary_profit,FY2027,company,30000000000.0,jpy_abs,jquants,2026-04-28
9509,"Hokkaido Electric Power Company,Incorporated",eps,FY2028,consensus,174.67,jpy,yfinance,2026-08-27
9509,"Hokkaido Electric Power Company,Incorporated",net_sales,FY2028,consensus,957175000000.0,jpy_abs,yfinance,2026-08-27
9513,"Electric Power Development Co.,Ltd.",dps,FY2026,actual,100.0,jpy,jquants,2026-05-12
9513,"Electric Power Development Co.,Ltd.",eps,FY2026,actual,325.51,jpy,jquants,2026-05-12
9513,"Electric Power Development Co.,Ltd.",net_profit,FY2026,actual,58537000000.0,jpy_abs,jquants,2026-05-12
9513,"Electric Power Development Co.,Ltd.",net_sales,FY2026,actual,1182260000000.0,jpy_abs,jquants,2026-05-12
9513,"Electric Power Development Co.,Ltd.",operating_profit,FY2026,actual,100992000000.0,jpy_abs,jquants,2026-05-12
9513,"Electric Power Development Co.,Ltd.",ordinary_profit,FY2026,actual,158532000000.0,jpy_abs,jquants,2026-05-12
9513,"Electric Power Development Co.,Ltd.",dps,FY2027,company,105.0,jpy,jquants,2026-05-12
9513,"Electric Power Development Co.,Ltd.",eps,FY2027,company,460.21,jpy,jquants,2026-05-12
9513,"Electric Power Development Co.,Ltd.",eps,FY2027,consensus,474.402,jpy,yfinance,2026-08-27
9513,"Electric Power Development Co.,Ltd.",net_profit,FY2027,company,81000000000.0,jpy_abs,jquants,2026-05-12
9513,"Electric Power Development Co.,Ltd.",net_sales,FY2027,company,1380000000000.0,jpy_abs,jquants,2026-05-12
9513,"Electric Power Development Co.,Ltd.",net_sales,FY2027,consensus,1394600000000.0,jpy_abs,yfinance,2026-08-27
9513,"Electric Power Development Co.,Ltd.",operating_profit,FY2027,company,125000000000.0,jpy_abs,jquants,2026-05-12
9513,"Electric Power Development Co.,Ltd.",ordinary_profit,FY2027,company,125000000000.0,jpy_abs,jquants,2026-05-12
9513,"Electric Power Development Co.,Ltd.",eps,FY2028,consensus,447.226,jpy,yfinance,2026-08-27
9513,"Electric Power Development Co.,Ltd.",net_sales,FY2028,consensus,1375916666670.0,jpy_abs,yfinance,2026-08-27
9531,"TOKYO GAS CO.,LTD.",dps,FY2026,actual,110.0,jpy,jquants,2026-04-28
9531,"TOKYO GAS CO.,LTD.",eps,FY2026,actual,654.76,jpy,jquants,2026-04-28
9531,"TOKYO GAS CO.,LTD.",net_profit,FY2026,actual,226857000000.0,jpy_abs,jquants,2026-04-28
9531,"TOKYO GAS CO.,LTD.",net_sales,FY2026,actual,2834749000000.0,jpy_abs,jquants,2026-04-28
9531,"TOKYO GAS CO.,LTD.",operating_profit,FY2026,actual,197677000000.0,jpy_abs,jquants,2026-04-28
9531,"TOKYO GAS CO.,LTD.",ordinary_profit,FY2026,actual,193701000000.0,jpy_abs,jquants,2026-04-28
9531,"TOKYO GAS CO.,LTD.",dps,FY2027,company,120.0,jpy,jquants,2026-04-28
9531,"TOKYO GAS CO.,LTD.",eps,FY2027,company,418.07,jpy,jquants,2026-04-28
9531,"TOKYO GAS CO.,LTD.",eps,FY2027,consensus,374.064,jpy,yfinance,2026-08-27
9531,"TOKYO GAS CO.,LTD.",net_profit,FY2027,company,137000000000.0,jpy_abs,jquants,2026-04-28
9531,"TOKYO GAS CO.,LTD.",net_sales,FY2027,company,2947000000000.0,jpy_abs,jquants,2026-04-28
9531,"TOKYO GAS CO.,LTD.",net_sales,FY2027,consensus,3040433333330.0,jpy_abs,yfinance,2026-08-27
9531,"TOKYO GAS CO.,LTD.",operating_profit,FY2027,company,186000000000.0,jpy_abs,jquants,2026-04-28
9531,"TOKYO GAS CO.,LTD.",ordinary_profit,FY2027,company,173000000000.0,jpy_abs,jquants,2026-04-28
9531,"TOKYO GAS CO.,LTD.",eps,FY2028,consensus,433.20834,jpy,yfinance,2026-08-27
9531,"TOKYO GAS CO.,LTD.",net_sales,FY2028,consensus,3022016666670.0,jpy_abs,yfinance,2026-08-27
9532,"OSAKA GAS CO.,LTD.",dps,FY2026,actual,120.0,jpy,jquants,2026-05-08
9532,"OSAKA GAS CO.,LTD.",eps,FY2026,actual,391.15,jpy,jquants,2026-05-08
9532,"OSAKA GAS CO.,LTD.",net_profit,FY2026,actual,152751000000.0,jpy_abs,jquants,2026-05-08
9532,"OSAKA GAS CO.,LTD.",net_sales,FY2026,actual,2030302000000.0,jpy_abs,jquants,2026-05-08
9532,"OSAKA GAS CO.,LTD.",operating_profit,FY2026,actual,174809000000.0,jpy_abs,jquants,2026-05-08
9532,"OSAKA GAS CO.,LTD.",ordinary_profit,FY2026,actual,204522000000.0,jpy_abs,jquants,2026-05-08
9532,"OSAKA GAS CO.,LTD.",dps,FY2027,company,130.0,jpy,jquants,2026-05-08
9532,"OSAKA GAS CO.,LTD.",eps,FY2027,company,377.75,jpy,jquants,2026-05-08
9532,"OSAKA GAS CO.,LTD.",eps,FY2027,consensus,381.9,jpy,yfinance,2026-08-27
9532,"OSAKA GAS CO.,LTD.",net_profit,FY2027,company,145000000000.0,jpy_abs,jquants,2026-05-08
9532,"OSAKA GAS CO.,LTD.",net_sales,FY2027,company,2070000000000.0,jpy_abs,jquants,2026-05-08
9532,"OSAKA GAS CO.,LTD.",net_sales,FY2027,consensus,2293875000000.0,jpy_abs,yfinance,2026-08-27
9532,"OSAKA GAS CO.,LTD.",operating_profit,FY2027,company,150000000000.0,jpy_abs,jquants,2026-05-08
9532,"OSAKA GAS CO.,LTD.",ordinary_profit,FY2027,company,190000000000.0,jpy_abs,jquants,2026-05-08
9532,"OSAKA GAS CO.,LTD.",eps,FY2028,consensus,428.11832,jpy,yfinance,2026-08-27
9532,"OSAKA GAS CO.,LTD.",net_sales,FY2028,consensus,2212766666670.0,jpy_abs,yfinance,2026-08-27
9602,"TOHO CO.,LTD",dps,FY2026,actual,110.0,jpy,jquants,2026-04-14
9602,"TOHO CO.,LTD",eps,FY2026,actual,61.2,jpy,jquants,2026-04-14
9602,"TOHO CO.,LTD",net_profit,FY2026,actual,51768000000.0,jpy_abs,jquants,2026-04-14
9602,"TOHO CO.,LTD",net_sales,FY2026,actual,360663000000.0,jpy_abs,jquants,2026-04-14
9602,"TOHO CO.,LTD",operating_profit,FY2026,actual,67889000000.0,jpy_abs,jquants,2026-04-14
9602,"TOHO CO.,LTD",ordinary_profit,FY2026,actual,70140000000.0,jpy_abs,jquants,2026-04-14
9602,"TOHO CO.,LTD",dps,FY2027,company,22.0,jpy,jquants,2026-04-14
9602,"TOHO CO.,LTD",eps,FY2027,company,48.85,jpy,jquants,2026-04-14
9602,"TOHO CO.,LTD",eps,FY2027,consensus,58.46792,jpy,yfinance,2026-08-27
9602,"TOHO CO.,LTD",net_profit,FY2027,company,41000000000.0,jpy_abs,jquants,2026-04-14
9602,"TOHO CO.,LTD",net_sales,FY2027,company,345000000000.0,jpy_abs,jquants,2026-04-14
9602,"TOHO CO.,LTD",net_sales,FY2027,consensus,363637640160.0,jpy_abs,yfinance,2026-08-27
9602,"TOHO CO.,LTD",operating_profit,FY2027,company,62000000000.0,jpy_abs,jquants,2026-04-14
9602,"TOHO CO.,LTD",ordinary_profit,FY2027,company,67000000000.0,jpy_abs,jquants,2026-04-14
9602,"TOHO CO.,LTD",eps,FY2028,consensus,65.97695,jpy,yfinance,2026-08-27
9602,"TOHO CO.,LTD",net_sales,FY2028,consensus,383455719600.0,jpy_abs,yfinance,2026-08-27
9616,"KYORITSU MAINTENANCE CO.,LTD.",dps,FY2026,actual,46.0,jpy,jquants,2026-05-15
9616,"KYORITSU MAINTENANCE CO.,LTD.",eps,FY2026,actual,221.84,jpy,jquants,2026-05-15
9616,"KYORITSU MAINTENANCE CO.,LTD.",net_profit,FY2026,actual,18709000000.0,jpy_abs,jquants,2026-05-15
9616,"KYORITSU MAINTENANCE CO.,LTD.",net_sales,FY2026,actual,275247000000.0,jpy_abs,jquants,2026-05-15
9616,"KYORITSU MAINTENANCE CO.,LTD.",operating_profit,FY2026,actual,24845000000.0,jpy_abs,jquants,2026-05-15
9616,"KYORITSU MAINTENANCE CO.,LTD.",ordinary_profit,FY2026,actual,26204000000.0,jpy_abs,jquants,2026-05-15
9616,"KYORITSU MAINTENANCE CO.,LTD.",dps,FY2027,company,46.0,jpy,jquants,2026-05-15
9616,"KYORITSU MAINTENANCE CO.,LTD.",eps,FY2027,company,197.98,jpy,jquants,2026-05-15
9616,"KYORITSU MAINTENANCE CO.,LTD.",eps,FY2027,consensus,202.7625,jpy,yfinance,2026-08-27
9616,"KYORITSU MAINTENANCE CO.,LTD.",net_profit,FY2027,company,18000000000.0,jpy_abs,jquants,2026-05-15
9616,"KYORITSU MAINTENANCE CO.,LTD.",net_sales,FY2027,company,277000000000.0,jpy_abs,jquants,2026-05-15
9616,"KYORITSU MAINTENANCE CO.,LTD.",net_sales,FY2027,consensus,275096674380.0,jpy_abs,yfinance,2026-08-27
9616,"KYORITSU MAINTENANCE CO.,LTD.",operating_profit,FY2027,company,26000000000.0,jpy_abs,jquants,2026-05-15
9616,"KYORITSU MAINTENANCE CO.,LTD.",ordinary_profit,FY2027,company,26000000000.0,jpy_abs,jquants,2026-05-15
9616,"KYORITSU MAINTENANCE CO.,LTD.",eps,FY2028,consensus,226.6925,jpy,yfinance,2026-08-27
9616,"KYORITSU MAINTENANCE CO.,LTD.",net_sales,FY2028,consensus,291646814750.0,jpy_abs,yfinance,2026-08-27
9682,DTS CORPORATION,dps,FY2026,actual,5895000000.0,jpy,jquants,2026-05-01
9682,DTS CORPORATION,eps,FY2026,actual,72.94,jpy,jquants,2026-05-01
9682,DTS CORPORATION,net_profit,FY2026,actual,11644000000.0,jpy_abs,jquants,2026-05-01
9682,DTS CORPORATION,net_sales,FY2026,actual,135213000000.0,jpy_abs,jquants,2026-05-01
9682,DTS CORPORATION,operating_profit,FY2026,actual,16434000000.0,jpy_abs,jquants,2026-05-01
9682,DTS CORPORATION,ordinary_profit,FY2026,actual,16940000000.0,jpy_abs,jquants,2026-05-01
9682,DTS CORPORATION,dps,FY2027,company,38.0,jpy,jquants,2026-05-01
9682,DTS CORPORATION,eps,FY2027,company,75.0,jpy,jquants,2026-05-01
9682,DTS CORPORATION,eps,FY2027,consensus,74.9,jpy,yfinance,2026-08-27
9682,DTS CORPORATION,net_profit,FY2027,company,11700000000.0,jpy_abs,jquants,2026-05-01
9682,DTS CORPORATION,net_sales,FY2027,company,142000000000.0,jpy_abs,jquants,2026-05-01
9682,DTS CORPORATION,net_sales,FY2027,consensus,141675000000.0,jpy_abs,yfinance,2026-08-27
9682,DTS CORPORATION,operating_profit,FY2027,company,17000000000.0,jpy_abs,jquants,2026-05-01
9682,DTS CORPORATION,ordinary_profit,FY2027,company,17350000000.0,jpy_abs,jquants,2026-05-01
9682,DTS CORPORATION,eps,FY2028,consensus,82.13333,jpy,yfinance,2026-08-27
9682,DTS CORPORATION,net_sales,FY2028,consensus,147743333330.0,jpy_abs,yfinance,2026-08-27
9684,"SQUARE ENIX HOLDINGS CO.,LTD.",dps,FY2026,actual,15505000000.0,jpy,jquants,2026-05-14
9684,"SQUARE ENIX HOLDINGS CO.,LTD.",eps,FY2026,actual,82.15,jpy,jquants,2026-05-14
9684,"SQUARE ENIX HOLDINGS CO.,LTD.",net_profit,FY2026,actual,29616000000.0,jpy_abs,jquants,2026-05-14
9684,"SQUARE ENIX HOLDINGS CO.,LTD.",net_sales,FY2026,actual,297661000000.0,jpy_abs,jquants,2026-05-14
9684,"SQUARE ENIX HOLDINGS CO.,LTD.",operating_profit,FY2026,actual,54736000000.0,jpy_abs,jquants,2026-05-14
9684,"SQUARE ENIX HOLDINGS CO.,LTD.",ordinary_profit,FY2026,actual,64469000000.0,jpy_abs,jquants,2026-05-14
9684,"SQUARE ENIX HOLDINGS CO.,LTD.",dps,FY2027,company,43.0,jpy,jquants,2026-05-14
9684,"SQUARE ENIX HOLDINGS CO.,LTD.",eps,FY2027,company,85.99,jpy,jquants,2026-05-14
9684,"SQUARE ENIX HOLDINGS CO.,LTD.",eps,FY2027,consensus,112.13187,jpy,yfinance,2026-08-27
9684,"SQUARE ENIX HOLDINGS CO.,LTD.",net_profit,FY2027,company,31000000000.0,jpy_abs,jquants,2026-05-14
9684,"SQUARE ENIX HOLDINGS CO.,LTD.",net_sales,FY2027,company,298000000000.0,jpy_abs,jquants,2026-05-14
9684,"SQUARE ENIX HOLDINGS CO.,LTD.",net_sales,FY2027,consensus,313857353750.0,jpy_abs,yfinance,2026-08-27
9684,"SQUARE ENIX HOLDINGS CO.,LTD.",operating_profit,FY2027,company,49000000000.0,jpy_abs,jquants,2026-05-14
9684,"SQUARE ENIX HOLDINGS CO.,LTD.",ordinary_profit,FY2027,company,49000000000.0,jpy_abs,jquants,2026-05-14
9684,"SQUARE ENIX HOLDINGS CO.,LTD.",eps,FY2028,consensus,117.69599,jpy,yfinance,2026-08-27
9684,"SQUARE ENIX HOLDINGS CO.,LTD.",net_sales,FY2028,consensus,327592142410.0,jpy_abs,yfinance,2026-08-27
9697,"CAPCOM CO.,LTD.",dps,FY2026,actual,45.0,jpy,jquants,2026-05-13
9697,"CAPCOM CO.,LTD.",eps,FY2026,actual,130.5,jpy,jquants,2026-05-13
9697,"CAPCOM CO.,LTD.",net_profit,FY2026,actual,54587000000.0,jpy_abs,jquants,2026-05-13
9697,"CAPCOM CO.,LTD.",net_sales,FY2026,actual,195365000000.0,jpy_abs,jquants,2026-05-13
9697,"CAPCOM CO.,LTD.",operating_profit,FY2026,actual,75295000000.0,jpy_abs,jquants,2026-05-13
9697,"CAPCOM CO.,LTD.",ordinary_profit,FY2026,actual,74134000000.0,jpy_abs,jquants,2026-05-13
9697,"CAPCOM CO.,LTD.",dps,FY2027,company,46.0,jpy,jquants,2026-05-13
9697,"CAPCOM CO.,LTD.",eps,FY2027,company,138.65,jpy,jquants,2026-05-13
9697,"CAPCOM CO.,LTD.",eps,FY2027,consensus,150.92636,jpy,yfinance,2026-08-27
9697,"CAPCOM CO.,LTD.",net_profit,FY2027,company,58000000000.0,jpy_abs,jquants,2026-05-13
9697,"CAPCOM CO.,LTD.",net_sales,FY2027,company,210000000000.0,jpy_abs,jquants,2026-05-13
9697,"CAPCOM CO.,LTD.",net_sales,FY2027,consensus,219742011880.0,jpy_abs,yfinance,2026-08-27
9697,"CAPCOM CO.,LTD.",operating_profit,FY2027,company,83000000000.0,jpy_abs,jquants,2026-05-13
9697,"CAPCOM CO.,LTD.",ordinary_profit,FY2027,company,83000000000.0,jpy_abs,jquants,2026-05-13
9697,"CAPCOM CO.,LTD.",eps,FY2028,consensus,173.65169,jpy,yfinance,2026-08-27
9697,"CAPCOM CO.,LTD.",net_sales,FY2028,consensus,242326988820.0,jpy_abs,yfinance,2026-08-27
9706,"Japan Airport Terminal Co.,ltd.",dps,FY2026,actual,95.0,jpy,jquants,2026-05-08
9706,"Japan Airport Terminal Co.,ltd.",eps,FY2026,actual,313.95,jpy,jquants,2026-05-08
9706,"Japan Airport Terminal Co.,ltd.",net_profit,FY2026,actual,29139000000.0,jpy_abs,jquants,2026-05-08
9706,"Japan Airport Terminal Co.,ltd.",net_sales,FY2026,actual,289823000000.0,jpy_abs,jquants,2026-05-08
9706,"Japan Airport Terminal Co.,ltd.",operating_profit,FY2026,actual,45043000000.0,jpy_abs,jquants,2026-05-08
9706,"Japan Airport Terminal Co.,ltd.",ordinary_profit,FY2026,actual,43704000000.0,jpy_abs,jquants,2026-05-08
9706,"Japan Airport Terminal Co.,ltd.",dps,FY2027,company,95.0,jpy,jquants,2026-05-08
9706,"Japan Airport Terminal Co.,ltd.",eps,FY2027,company,260.71,jpy,jquants,2026-05-08
9706,"Japan Airport Terminal Co.,ltd.",eps,FY2027,company_h1,161.6,jpy,jquants,2026-05-08
9706,"Japan Airport Terminal Co.,ltd.",eps,FY2027,consensus,286.1276,jpy,yfinance,2026-08-27
9706,"Japan Airport Terminal Co.,ltd.",net_profit,FY2027,company,24200000000.0,jpy_abs,jquants,2026-05-08
9706,"Japan Airport Terminal Co.,ltd.",net_profit,FY2027,company_h1,15000000000.0,jpy_abs,jquants,2026-05-08
9706,"Japan Airport Terminal Co.,ltd.",net_sales,FY2027,company,296700000000.0,jpy_abs,jquants,2026-05-08
9706,"Japan Airport Terminal Co.,ltd.",net_sales,FY2027,company_h1,145000000000.0,jpy_abs,jquants,2026-05-08
9706,"Japan Airport Terminal Co.,ltd.",net_sales,FY2027,consensus,300935160620.0,jpy_abs,yfinance,2026-08-27
9706,"Japan Airport Terminal Co.,ltd.",operating_profit,FY2027,company,45600000000.0,jpy_abs,jquants,2026-05-08
9706,"Japan Airport Terminal Co.,ltd.",operating_profit,FY2027,company_h1,23300000000.0,jpy_abs,jquants,2026-05-08
9706,"Japan Airport Terminal Co.,ltd.",ordinary_profit,FY2027,company,45800000000.0,jpy_abs,jquants,2026-05-08
9706,"Japan Airport Terminal Co.,ltd.",ordinary_profit,FY2027,company_h1,23800000000.0,jpy_abs,jquants,2026-05-08
9706,"Japan Airport Terminal Co.,ltd.",eps,FY2028,consensus,294.23285,jpy,yfinance,2026-08-27
9706,"Japan Airport Terminal Co.,ltd.",net_sales,FY2028,consensus,312190368500.0,jpy_abs,yfinance,2026-08-27
9735,"SECOM CO.,LTD.",dps,FY2026,actual,100.0,jpy,jquants,2026-05-12
9735,"SECOM CO.,LTD.",eps,FY2026,actual,276.17,jpy,jquants,2026-05-12
9735,"SECOM CO.,LTD.",net_profit,FY2026,actual,112662000000.0,jpy_abs,jquants,2026-05-12
9735,"SECOM CO.,LTD.",net_sales,FY2026,actual,1256896000000.0,jpy_abs,jquants,2026-05-12
9735,"SECOM CO.,LTD.",operating_profit,FY2026,actual,160333000000.0,jpy_abs,jquants,2026-05-12
9735,"SECOM CO.,LTD.",ordinary_profit,FY2026,actual,182160000000.0,jpy_abs,jquants,2026-05-12
9735,"SECOM CO.,LTD.",dps,FY2027,company,120.0,jpy,jquants,2026-05-12
9735,"SECOM CO.,LTD.",eps,FY2027,company,261.58,jpy,jquants,2026-05-12
9735,"SECOM CO.,LTD.",eps,FY2027,company_h1,110.02,jpy,jquants,2026-05-12
9735,"SECOM CO.,LTD.",eps,FY2027,consensus,291.606,jpy,yfinance,2026-08-27
9735,"SECOM CO.,LTD.",net_profit,FY2027,company,105800000000.0,jpy_abs,jquants,2026-05-12
9735,"SECOM CO.,LTD.",net_profit,FY2027,company_h1,44500000000.0,jpy_abs,jquants,2026-05-12
9735,"SECOM CO.,LTD.",net_sales,FY2027,company,1313500000000.0,jpy_abs,jquants,2026-05-12
9735,"SECOM CO.,LTD.",net_sales,FY2027,company_h1,617000000000.0,jpy_abs,jquants,2026-05-12
9735,"SECOM CO.,LTD.",net_sales,FY2027,consensus,1314152000000.0,jpy_abs,yfinance,2026-08-27
9735,"SECOM CO.,LTD.",operating_profit,FY2027,company,165500000000.0,jpy_abs,jquants,2026-05-12
9735,"SECOM CO.,LTD.",operating_profit,FY2027,company_h1,68500000000.0,jpy_abs,jquants,2026-05-12
9735,"SECOM CO.,LTD.",ordinary_profit,FY2027,company,176000000000.0,jpy_abs,jquants,2026-05-12
9735,"SECOM CO.,LTD.",ordinary_profit,FY2027,company_h1,72500000000.0,jpy_abs,jquants,2026-05-12
9735,"SECOM CO.,LTD.",eps,FY2028,consensus,325.98,jpy,yfinance,2026-08-27
9735,"SECOM CO.,LTD.",net_sales,FY2028,consensus,1368324000000.0,jpy_abs,yfinance,2026-08-27
9744,MEITEC Group Holdings Inc.,dps,FY2026,actual,196.0,jpy,jquants,2026-05-12
9744,MEITEC Group Holdings Inc.,eps,FY2026,actual,194.96,jpy,jquants,2026-05-12
9744,MEITEC Group Holdings Inc.,net_profit,FY2026,actual,15051000000.0,jpy_abs,jquants,2026-05-12
9744,MEITEC Group Holdings Inc.,net_sales,FY2026,actual,137686000000.0,jpy_abs,jquants,2026-05-12
9744,MEITEC Group Holdings Inc.,operating_profit,FY2026,actual,19903000000.0,jpy_abs,jquants,2026-05-12
9744,MEITEC Group Holdings Inc.,ordinary_profit,FY2026,actual,20101000000.0,jpy_abs,jquants,2026-05-12
9744,MEITEC Group Holdings Inc.,dps,FY2027,company,181.0,jpy,jquants,2026-05-12
9744,MEITEC Group Holdings Inc.,eps,FY2027,company,180.04,jpy,jquants,2026-05-12
9744,MEITEC Group Holdings Inc.,eps,FY2027,company_h1,84.19,jpy,jquants,2026-05-12
9744,MEITEC Group Holdings Inc.,eps,FY2027,consensus,183.755,jpy,yfinance,2026-08-27
9744,MEITEC Group Holdings Inc.,net_profit,FY2027,company,13900000000.0,jpy_abs,jquants,2026-05-12
9744,MEITEC Group Holdings Inc.,net_profit,FY2027,company_h1,6500000000.0,jpy_abs,jquants,2026-05-12
9744,MEITEC Group Holdings Inc.,net_sales,FY2027,company,140800000000.0,jpy_abs,jquants,2026-05-12
9744,MEITEC Group Holdings Inc.,net_sales,FY2027,company_h1,69500000000.0,jpy_abs,jquants,2026-05-12
9744,MEITEC Group Holdings Inc.,net_sales,FY2027,consensus,141305287280.0,jpy_abs,yfinance,2026-08-27
9744,MEITEC Group Holdings Inc.,operating_profit,FY2027,company,20500000000.0,jpy_abs,jquants,2026-05-12
9744,MEITEC Group Holdings Inc.,operating_profit,FY2027,company_h1,9500000000.0,jpy_abs,jquants,2026-05-12
9744,MEITEC Group Holdings Inc.,ordinary_profit,FY2027,company,20700000000.0,jpy_abs,jquants,2026-05-12
9744,MEITEC Group Holdings Inc.,ordinary_profit,FY2027,company_h1,9600000000.0,jpy_abs,jquants,2026-05-12
9744,MEITEC Group Holdings Inc.,eps,FY2028,consensus,190.356,jpy,yfinance,2026-08-27
9744,MEITEC Group Holdings Inc.,net_sales,FY2028,consensus,144425412590.0,jpy_abs,yfinance,2026-08-27
9759,"NSD CO.,LTD.",dps,FY2026,actual,96.0,jpy,jquants,2026-05-08
9759,"NSD CO.,LTD.",eps,FY2026,actual,170.49,jpy,jquants,2026-05-08
9759,"NSD CO.,LTD.",net_profit,FY2026,actual,13009000000.0,jpy_abs,jquants,2026-05-08
9759,"NSD CO.,LTD.",net_sales,FY2026,actual,117813000000.0,jpy_abs,jquants,2026-05-08
9759,"NSD CO.,LTD.",operating_profit,FY2026,actual,19073000000.0,jpy_abs,jquants,2026-05-08
9759,"NSD CO.,LTD.",ordinary_profit,FY2026,actual,19326000000.0,jpy_abs,jquants,2026-05-08
9759,"NSD CO.,LTD.",dps,FY2027,company,97.0,jpy,jquants,2026-05-08
9759,"NSD CO.,LTD.",eps,FY2027,company,173.76,jpy,jquants,2026-05-08
9759,"NSD CO.,LTD.",eps,FY2027,company_h1,72.74,jpy,jquants,2026-05-08
9759,"NSD CO.,LTD.",eps,FY2027,consensus,180.45,jpy,yfinance,2026-08-27
9759,"NSD CO.,LTD.",net_profit,FY2027,company,13100000000.0,jpy_abs,jquants,2026-05-08
9759,"NSD CO.,LTD.",net_profit,FY2027,company_h1,5500000000.0,jpy_abs,jquants,2026-05-08
9759,"NSD CO.,LTD.",net_sales,FY2027,company,126000000000.0,jpy_abs,jquants,2026-05-08
9759,"NSD CO.,LTD.",net_sales,FY2027,company_h1,61000000000.0,jpy_abs,jquants,2026-05-08
9759,"NSD CO.,LTD.",net_sales,FY2027,consensus,126300000000.0,jpy_abs,yfinance,2026-08-27
9759,"NSD CO.,LTD.",operating_profit,FY2027,company,19500000000.0,jpy_abs,jquants,2026-05-08
9759,"NSD CO.,LTD.",operating_profit,FY2027,company_h1,8400000000.0,jpy_abs,jquants,2026-05-08
9759,"NSD CO.,LTD.",ordinary_profit,FY2027,company,19700000000.0,jpy_abs,jquants,2026-05-08
9759,"NSD CO.,LTD.",ordinary_profit,FY2027,company_h1,8500000000.0,jpy_abs,jquants,2026-05-08
9759,"NSD CO.,LTD.",eps,FY2028,consensus,199.4,jpy,yfinance,2026-08-27
9759,"NSD CO.,LTD.",net_sales,FY2028,consensus,135285000000.0,jpy_abs,yfinance,2026-08-27
9766,KONAMI GROUP CORPORATION,dps,FY2026,actual,221.5,jpy,jquants,2026-05-08
9766,KONAMI GROUP CORPORATION,eps,FY2026,actual,737.8,jpy,jquants,2026-05-08
9766,KONAMI GROUP CORPORATION,net_profit,FY2026,actual,100013000000.0,jpy_abs,jquants,2026-05-08
9766,KONAMI GROUP CORPORATION,net_sales,FY2026,actual,493677000000.0,jpy_abs,jquants,2026-05-08
9766,KONAMI GROUP CORPORATION,operating_profit,FY2026,actual,135891000000.0,jpy_abs,jquants,2026-05-08
9766,KONAMI GROUP CORPORATION,ordinary_profit,FY2026,actual,61743000000.0,jpy_abs,jquants,2026-05-08
9766,KONAMI GROUP CORPORATION,dps,FY2027,company,224.0,jpy,jquants,2026-05-08
9766,KONAMI GROUP CORPORATION,eps,FY2027,company,745.08,jpy,jquants,2026-05-08
9766,KONAMI GROUP CORPORATION,eps,FY2027,consensus,928.1802,jpy,yfinance,2026-08-27
9766,KONAMI GROUP CORPORATION,net_profit,FY2027,company,101000000000.0,jpy_abs,jquants,2026-05-08
9766,KONAMI GROUP CORPORATION,net_sales,FY2027,company,505000000000.0,jpy_abs,jquants,2026-05-08
9766,KONAMI GROUP CORPORATION,net_sales,FY2027,consensus,556225910390.0,jpy_abs,yfinance,2026-08-27
9766,KONAMI GROUP CORPORATION,operating_profit,FY2027,company,143000000000.0,jpy_abs,jquants,2026-05-08
9766,KONAMI GROUP CORPORATION,eps,FY2028,consensus,1028.72,jpy,yfinance,2026-08-27
9766,KONAMI GROUP CORPORATION,net_sales,FY2028,consensus,595474332560.0,jpy_abs,yfinance,2026-08-27
9843,"Nitori Holdings Co.,Ltd.",dps,FY2026,actual,17463000000.0,jpy,jquants,2026-05-14
9843,"Nitori Holdings Co.,Ltd.",eps,FY2026,actual,157.98,jpy,jquants,2026-05-14
9843,"Nitori Holdings Co.,Ltd.",net_profit,FY2026,actual,89270000000.0,jpy_abs,jquants,2026-05-14
9843,"Nitori Holdings Co.,Ltd.",net_sales,FY2026,actual,912248000000.0,jpy_abs,jquants,2026-05-14
9843,"Nitori Holdings Co.,Ltd.",operating_profit,FY2026,actual,125526000000.0,jpy_abs,jquants,2026-05-14
9843,"Nitori Holdings Co.,Ltd.",ordinary_profit,FY2026,actual,5756000000.0,jpy_abs,jquants,2026-05-14
9843,"Nitori Holdings Co.,Ltd.",dps,FY2027,company,32.0,jpy,jquants,2026-05-14
9843,"Nitori Holdings Co.,Ltd.",eps,FY2027,company,161.05,jpy,jquants,2026-05-14
9843,"Nitori Holdings Co.,Ltd.",eps,FY2027,company_h1,74.51,jpy,jquants,2026-05-14
9843,"Nitori Holdings Co.,Ltd.",eps,FY2027,consensus,167.06,jpy,yfinance,2026-08-27
9843,"Nitori Holdings Co.,Ltd.",net_profit,FY2027,company,91000000000.0,jpy_abs,jquants,2026-05-14
9843,"Nitori Holdings Co.,Ltd.",net_profit,FY2027,company_h1,42100000000.0,jpy_abs,jquants,2026-05-14
9843,"Nitori Holdings Co.,Ltd.",net_sales,FY2027,company,957000000000.0,jpy_abs,jquants,2026-05-14
9843,"Nitori Holdings Co.,Ltd.",net_sales,FY2027,company_h1,457400000000.0,jpy_abs,jquants,2026-05-14
9843,"Nitori Holdings Co.,Ltd.",net_sales,FY2027,consensus,1038022444440.0,jpy_abs,yfinance,2026-08-27
9843,"Nitori Holdings Co.,Ltd.",operating_profit,FY2027,company,130300000000.0,jpy_abs,jquants,2026-05-14
9843,"Nitori Holdings Co.,Ltd.",operating_profit,FY2027,company_h1,60200000000.0,jpy_abs,jquants,2026-05-14
9843,"Nitori Holdings Co.,Ltd.",eps,FY2028,consensus,179.1,jpy,yfinance,2026-08-27
9843,"Nitori Holdings Co.,Ltd.",net_sales,FY2028,consensus,1106000000000.0,jpy_abs,yfinance,2026-08-27
9934,"INABA DENKISANGYO CO.,LTD.",dps,FY2026,actual,9569000000.0,jpy,jquants,2026-05-15
9934,"INABA DENKISANGYO CO.,LTD.",eps,FY2026,actual,208.49,jpy,jquants,2026-05-15
9934,"INABA DENKISANGYO CO.,LTD.",net_profit,FY2026,actual,23420000000.0,jpy_abs,jquants,2026-05-15
9934,"INABA DENKISANGYO CO.,LTD.",net_sales,FY2026,actual,417023000000.0,jpy_abs,jquants,2026-05-15
9934,"INABA DENKISANGYO CO.,LTD.",operating_profit,FY2026,actual,29711000000.0,jpy_abs,jquants,2026-05-15
9934,"INABA DENKISANGYO CO.,LTD.",ordinary_profit,FY2026,actual,31756000000.0,jpy_abs,jquants,2026-05-15
9934,"INABA DENKISANGYO CO.,LTD.",dps,FY2027,company,85.0,jpy,jquants,2026-05-15
9934,"INABA DENKISANGYO CO.,LTD.",eps,FY2027,company,211.13,jpy,jquants,2026-05-15
9934,"INABA DENKISANGYO CO.,LTD.",net_profit,FY2027,company,23700000000.0,jpy_abs,jquants,2026-05-15
9934,"INABA DENKISANGYO CO.,LTD.",net_sales,FY2027,company,436000000000.0,jpy_abs,jquants,2026-05-15
9934,"INABA DENKISANGYO CO.,LTD.",net_sales,FY2027,consensus,0.0,jpy_abs,yfinance,2026-08-27
9934,"INABA DENKISANGYO CO.,LTD.",operating_profit,FY2027,company,32900000000.0,jpy_abs,jquants,2026-05-15
9934,"INABA DENKISANGYO CO.,LTD.",ordinary_profit,FY2027,company,34400000000.0,jpy_abs,jquants,2026-05-15
9934,"INABA DENKISANGYO CO.,LTD.",net_sales,FY2028,consensus,0.0,jpy_abs,yfinance,2026-08-27
9962,MISUMI Group Inc.,dps,FY2026,actual,52.98,jpy,jquants,2026-04-30
9962,MISUMI Group Inc.,eps,FY2026,actual,149.3,jpy,jquants,2026-04-30
9962,MISUMI Group Inc.,net_profit,FY2026,actual,40457000000.0,jpy_abs,jquants,2026-04-30
9962,MISUMI Group Inc.,net_sales,FY2026,actual,441383000000.0,jpy_abs,jquants,2026-04-30
9962,MISUMI Group Inc.,operating_profit,FY2026,actual,47613000000.0,jpy_abs,jquants,2026-04-30
9962,MISUMI Group Inc.,ordinary_profit,FY2026,actual,49095000000.0,jpy_abs,jquants,2026-04-30
9962,MISUMI Group Inc.,dps,FY2027,company,52.98,jpy,jquants,2026-04-30
9962,MISUMI Group Inc.,eps,FY2027,company,141.17,jpy,jquants,2026-04-30
9962,MISUMI Group Inc.,eps,FY2027,company_h1,63.03,jpy,jquants,2026-04-30
9962,MISUMI Group Inc.,eps,FY2027,consensus,183.42374,jpy,yfinance,2026-08-27
9962,MISUMI Group Inc.,net_profit,FY2027,company,37400000000.0,jpy_abs,jquants,2026-04-30
9962,MISUMI Group Inc.,net_profit,FY2027,company_h1,16700000000.0,jpy_abs,jquants,2026-04-30
9962,MISUMI Group Inc.,net_sales,FY2027,company,491500000000.0,jpy_abs,jquants,2026-04-30
9962,MISUMI Group Inc.,net_sales,FY2027,company_h1,238400000000.0,jpy_abs,jquants,2026-04-30
9962,MISUMI Group Inc.,net_sales,FY2027,consensus,521825000000.0,jpy_abs,yfinance,2026-08-27
9962,MISUMI Group Inc.,operating_profit,FY2027,company,55000000000.0,jpy_abs,jquants,2026-04-30
9962,MISUMI Group Inc.,operating_profit,FY2027,company_h1,24100000000.0,jpy_abs,jquants,2026-04-30
9962,MISUMI Group Inc.,ordinary_profit,FY2027,company,55900000000.0,jpy_abs,jquants,2026-04-30
9962,MISUMI Group Inc.,ordinary_profit,FY2027,company_h1,24600000000.0,jpy_abs,jquants,2026-04-30
9962,MISUMI Group Inc.,eps,FY2028,consensus,200.97112,jpy,yfinance,2026-08-27
9962,MISUMI Group Inc.,net_sales,FY2028,consensus,556800000000.0,jpy_abs,yfinance,2026-08-27
9983,"FAST RETAILING CO.,LTD.",dps,FY2025,actual,500.0,jpy,jquants,2026-04-09
9983,"FAST RETAILING CO.,LTD.",eps,FY2025,actual,1411.44,jpy,jquants,2026-04-09
9983,"FAST RETAILING CO.,LTD.",net_profit,FY2025,actual,433009000000.0,jpy_abs,jquants,2026-04-09
9983,"FAST RETAILING CO.,LTD.",net_sales,FY2025,actual,3400539000000.0,jpy_abs,jquants,2026-04-09
9983,"FAST RETAILING CO.,LTD.",operating_profit,FY2025,actual,564265000000.0,jpy_abs,jquants,2026-04-09
9983,"FAST RETAILING CO.,LTD.",ordinary_profit,FY2025,actual,424463000000.0,jpy_abs,jquants,2026-04-09
9983,"FAST RETAILING CO.,LTD.",dps,FY2026,company,640.0,jpy,jquants,2026-04-09
9983,"FAST RETAILING CO.,LTD.",eps,FY2026,company,1564.39,jpy,jquants,2026-04-09
9983,"FAST RETAILING CO.,LTD.",eps,FY2026,consensus,1671.5869,jpy,yfinance,2026-08-27
9983,"FAST RETAILING CO.,LTD.",net_profit,FY2026,company,480000000000.0,jpy_abs,jquants,2026-04-09
9983,"FAST RETAILING CO.,LTD.",net_sales,FY2026,company,3900000000000.0,jpy_abs,jquants,2026-04-09
9983,"FAST RETAILING CO.,LTD.",net_sales,FY2026,consensus,3964541473020.0,jpy_abs,yfinance,2026-08-27
9983,"FAST RETAILING CO.,LTD.",operating_profit,FY2026,company,700000000000.0,jpy_abs,jquants,2026-04-09
9983,"FAST RETAILING CO.,LTD.",eps,FY2027,consensus,1887.1532,jpy,yfinance,2026-08-27
9983,"FAST RETAILING CO.,LTD.",net_sales,FY2027,consensus,4417843488640.0,jpy_abs,yfinance,2026-08-27
9984,SoftBank Group Corp.,dps,FY2026,actual,62686000000.0,jpy,jquants,2026-05-15
9984,SoftBank Group Corp.,eps,FY2026,actual,873.51,jpy,jquants,2026-05-15
9984,SoftBank Group Corp.,net_profit,FY2026,actual,5002271000000.0,jpy_abs,jquants,2026-05-15
9984,SoftBank Group Corp.,net_sales,FY2026,actual,7798650000000.0,jpy_abs,jquants,2026-05-15
9984,SoftBank Group Corp.,ordinary_profit,FY2026,actual,1009950000000.0,jpy_abs,jquants,2026-05-15
9984,SoftBank Group Corp.,dps,FY2027,company,11.0,jpy,jquants,2026-05-15
9984,SoftBank Group Corp.,eps,FY2027,consensus,192.20963,jpy,yfinance,2026-08-27
9984,SoftBank Group Corp.,net_sales,FY2027,consensus,8467579736819.0,jpy_abs,yfinance,2026-08-27
9984,SoftBank Group Corp.,eps,FY2028,consensus,115.09542,jpy,yfinance,2026-08-27
9984,SoftBank Group Corp.,net_sales,FY2028,consensus,9077138206390.0,jpy_abs,yfinance,2026-08-27
9989,"SUNDRUG CO.,LTD.",dps,FY2026,actual,131.0,jpy,jquants,2026-05-15
9989,"SUNDRUG CO.,LTD.",eps,FY2026,actual,268.36,jpy,jquants,2026-05-15
9989,"SUNDRUG CO.,LTD.",net_profit,FY2026,actual,31392000000.0,jpy_abs,jquants,2026-05-15
9989,"SUNDRUG CO.,LTD.",net_sales,FY2026,actual,842512000000.0,jpy_abs,jquants,2026-05-15
9989,"SUNDRUG CO.,LTD.",operating_profit,FY2026,actual,46831000000.0,jpy_abs,jquants,2026-05-15
9989,"SUNDRUG CO.,LTD.",ordinary_profit,FY2026,actual,46220000000.0,jpy_abs,jquants,2026-05-15
9989,"SUNDRUG CO.,LTD.",dps,FY2027,company,132.0,jpy,jquants,2026-05-15
9989,"SUNDRUG CO.,LTD.",eps,FY2027,company,274.87,jpy,jquants,2026-05-15
9989,"SUNDRUG CO.,LTD.",eps,FY2027,company_h1,131.67,jpy,jquants,2026-05-15
9989,"SUNDRUG CO.,LTD.",eps,FY2027,consensus,284.57227,jpy,yfinance,2026-08-27
9989,"SUNDRUG CO.,LTD.",net_profit,FY2027,company,32150000000.0,jpy_abs,jquants,2026-05-15
9989,"SUNDRUG CO.,LTD.",net_profit,FY2027,company_h1,15400000000.0,jpy_abs,jquants,2026-05-15
9989,"SUNDRUG CO.,LTD.",net_sales,FY2027,company,876000000000.0,jpy_abs,jquants,2026-05-15
9989,"SUNDRUG CO.,LTD.",net_sales,FY2027,company_h1,434500000000.0,jpy_abs,jquants,2026-05-15
9989,"SUNDRUG CO.,LTD.",net_sales,FY2027,consensus,894457142860.0,jpy_abs,yfinance,2026-08-27
9989,"SUNDRUG CO.,LTD.",operating_profit,FY2027,company,48800000000.0,jpy_abs,jquants,2026-05-15
9989,"SUNDRUG CO.,LTD.",operating_profit,FY2027,company_h1,23500000000.0,jpy_abs,jquants,2026-05-15
9989,"SUNDRUG CO.,LTD.",ordinary_profit,FY2027,company,48100000000.0,jpy_abs,jquants,2026-05-15
9989,"SUNDRUG CO.,LTD.",ordinary_profit,FY2027,company_h1,23000000000.0,jpy_abs,jquants,2026-05-15
9989,"SUNDRUG CO.,LTD.",eps,FY2028,consensus,305.68222,jpy,yfinance,2026-08-27
9989,"SUNDRUG CO.,LTD.",net_sales,FY2028,consensus,950671428570.0,jpy_abs,yfinance,2026-08-27
