code,name,shares,bps,equity,total_assets,debt,cash,ebitda,dep_amort,op_actual,equity_to_assets,cfo,doc_type,fy_end,fy_end_next,ebitda_basis,sources,as_of
1301,"KYOKUYO CO.,LTD.",12078283.0,6511.31,78868000000.0,214128000000.0,91937996800.0,11047000000.0,14428250112.0,,10731000000.0,0.361,-745000000.0,FYFinancialStatements_Consolidated_JP,2027-03-31,2028-03-31,yfinance,bps=jquants:BPS;cash=jquants:CashEq;cfo=jquants:CFO;debt=yfinance:totalDebt;ebitda=yfinance:ebitda;equity=jquants:Eq;equity_to_assets=jquants:EqAR;shares=jquants:ShOutFY;total_assets=jquants:TA,2026-05-15
1332,Nissui Corporation,312430277.0,989.61,309943000000.0,749509000000.0,300739985408.0,24251000000.0,70110248960.0,,40430000000.0,0.4,53242000000.0,FYFinancialStatements_Consolidated_JP,2027-03-31,2028-03-31,yfinance,bps=jquants:BPS;cash=jquants:CashEq;cfo=jquants:CFO;debt=yfinance:totalDebt;ebitda=yfinance:ebitda;equity=jquants:Eq;equity_to_assets=jquants:EqAR;shares=jquants:ShOutFY;total_assets=jquants:TA,2026-05-20
1333,Umios Corporation,151736511.0,1635.34,291487000000.0,751702000000.0,332311986176.0,52931000000.0,48751751168.0,,31191000000.0,0.329,24804000000.0,FYFinancialStatements_Consolidated_JP,2027-03-31,2028-03-31,yfinance,bps=jquants:BPS;cash=jquants:CashEq;cfo=jquants:CFO;debt=yfinance:totalDebt;ebitda=yfinance:ebitda;equity=jquants:Eq;equity_to_assets=jquants:EqAR;shares=jquants:ShOutFY;total_assets=jquants:TA,2026-05-11
1377,SAKATA SEED CORPORATION,45410750.0,4223.009,173563000000.0,210231000000.0,5582000128.0,27126000000.0,18770999296.0,,9323000000.0,0.823,6294000000.0,3QFinancialStatements_Consolidated_JP,2026-05-31,,yfinance,bps=yfinance:bookValue;cash=jquants:CashEq;cfo=jquants:CFO;debt=yfinance:totalDebt;ebitda=yfinance:ebitda;equity=jquants:Eq;equity_to_assets=jquants:EqAR;shares=jquants:ShOutFY;total_assets=jquants:TA,2026-04-07
1414,"SHO-BOND Holdings Co.,Ltd.",218980720.0,533.185,105446000000.0,124880000000.0,0.0,30677000000.0,21558999040.0,,16591000000.0,0.833,5965000000.0,3QFinancialStatements_Consolidated_JP,2026-06-30,,yfinance,bps=yfinance:bookValue;cash=jquants:CashEq;cfo=jquants:CFO;debt=yfinance:totalDebt;ebitda=yfinance:ebitda;equity=jquants:Eq;equity_to_assets=jquants:EqAR;shares=jquants:ShOutFY;total_assets=jquants:TA,2026-05-11
1417,MIRAIT ONE Corporation,91325329.0,3151.61,288447000000.0,573393000000.0,90041999360.0,57084000000.0,50969251840.0,,34267000000.0,0.487,24081000000.0,FYFinancialStatements_Consolidated_JP,2027-03-31,2028-03-31,yfinance,bps=jquants:BPS;cash=jquants:CashEq;cfo=jquants:CFO;debt=yfinance:totalDebt;ebitda=yfinance:ebitda;equity=jquants:Eq;equity_to_assets=jquants:EqAR;shares=jquants:ShOutFY;total_assets=jquants:TA,2026-05-12
1419,"Tama Home Co.,Ltd.",29455800.0,1023.487,25880000000.0,97475000000.0,15095000064.0,26927000000.0,6210999808.0,,-3375000000.0,0.265,701000000.0,DividendForecastRevision,2027-05-31,2028-05-31,yfinance,bps=yfinance:bookValue;cash=jquants:CashEq;cfo=jquants:CFO;debt=yfinance:totalDebt;ebitda=yfinance:ebitda;equity=jquants:Eq;equity_to_assets=jquants:EqAR;shares=jquants:ShOutFY;total_assets=jquants:TA,2026-04-10
1515,"Nittetsu Mining Co.,Ltd.",80000000.0,1999.28,167622000000.0,310412000000.0,70626000896.0,43236000000.0,27510249472.0,,18826000000.0,0.507,7580000000.0,FYFinancialStatements_Consolidated_JP,2027-03-31,2028-03-31,yfinance,bps=jquants:BPS;cash=jquants:CashEq;cfo=jquants:CFO;debt=yfinance:totalDebt;ebitda=yfinance:ebitda;equity=jquants:Eq;equity_to_assets=jquants:EqAR;shares=jquants:ShOutFY;total_assets=jquants:TA,2026-05-13
1518,"MITSUI MATSUSHIMA HOLDINGS CO.,LTD.",65322000.0,1453.23,55800000000.0,127921000000.0,51737001984.0,5701000000.0,12366749696.0,,9573000000.0,0.435,5753000000.0,FYFinancialStatements_Consolidated_JP,2027-03-31,2028-03-31,yfinance,bps=jquants:BPS;cash=jquants:CashEq;cfo=jquants:CFO;debt=yfinance:totalDebt;ebitda=yfinance:ebitda;equity=jquants:Eq;equity_to_assets=jquants:EqAR;shares=jquants:ShOutFY;total_assets=jquants:TA,2026-05-13
1605,INPEX CORPORATION,1259136067.0,4390.365,5122733000000.0,8019409000000.0,1318322962432.0,210485000000.0,1377061044224.0,,278215000000.0,0.61,,1QFinancialStatements_Consolidated_IFRS,2026-12-31,,yfinance,bps=yfinance:bookValue;cash=jquants:CashEq;debt=yfinance:totalDebt;ebitda=yfinance:ebitda;equity=jquants:Eq;equity_to_assets=jquants:EqAR;shares=jquants:ShOutFY;total_assets=jquants:TA,2026-05-13
1662,"Japan Petroleum Exploration Co.,Ltd.",257000380.0,2451.33,658897000000.0,862470000000.0,57756000256.0,49954000000.0,74752999424.0,,38915000000.0,0.728,102976000000.0,FYFinancialStatements_Consolidated_JP,2027-03-31,2028-03-31,yfinance,bps=jquants:BPS;cash=jquants:CashEq;cfo=jquants:CFO;debt=yfinance:totalDebt;ebitda=yfinance:ebitda;equity=jquants:Eq;equity_to_assets=jquants:EqAR;shares=jquants:ShOutFY;total_assets=jquants:TA,2026-05-13
1663,K&O Energy Group Inc.,28336061.0,2065.727,110824000000.0,129886000000.0,0.0,41834000384.0,17096999936.0,,3667000000.0,0.826,,1QFinancialStatements_Consolidated_JP,2026-12-31,,yfinance,bps=yfinance:bookValue;cash=yfinance:totalCash;debt=yfinance:totalDebt;ebitda=yfinance:ebitda;equity=jquants:Eq;equity_to_assets=jquants:EqAR;shares=jquants:ShOutFY;total_assets=jquants:TA,2026-05-13
167A,"Ryoyo Ryosan Holdings,Inc.",54000000.0,3413.06,136895000000.0,250806000000.0,51484000256.0,35672000000.0,14546249728.0,,10128000000.0,0.546,-1490000000.0,FYFinancialStatements_Consolidated_JP,2027-03-31,2028-03-31,yfinance,bps=jquants:BPS;cash=jquants:CashEq;cfo=jquants:CFO;debt=yfinance:totalDebt;ebitda=yfinance:ebitda;equity=jquants:Eq;equity_to_assets=jquants:EqAR;shares=jquants:ShOutFY;total_assets=jquants:TA,2026-05-14
1719,HAZAMA ANDO CORPORATION,181021197.0,1327.51,209380000000.0,411575000000.0,27477000192.0,64591000000.0,38510501888.0,,33618000000.0,0.506,28432000000.0,FYFinancialStatements_Consolidated_JP,2027-03-31,2028-03-31,yfinance,bps=jquants:BPS;cash=jquants:CashEq;cfo=jquants:CFO;debt=yfinance:totalDebt;ebitda=yfinance:ebitda;equity=jquants:Eq;equity_to_assets=jquants:EqAR;shares=jquants:ShOutFY;total_assets=jquants:TA,2026-05-14
1720,"TOKYU CONSTRUCTION CO., LTD.",106761205.0,1048.68,112676000000.0,310849000000.0,21041000448.0,49587000000.0,18562750464.0,,16306000000.0,0.359,6910000000.0,FYFinancialStatements_Consolidated_JP,2027-03-31,2028-03-31,yfinance,bps=jquants:BPS;cash=jquants:CashEq;cfo=jquants:CFO;debt=yfinance:totalDebt;ebitda=yfinance:ebitda;equity=jquants:Eq;equity_to_assets=jquants:EqAR;shares=jquants:ShOutFY;total_assets=jquants:TA,2026-05-08
1721,COMSYS Holdings Corporation,118000000.0,3456.24,407451000000.0,565709000000.0,2776000000.0,41333000000.0,64068001792.0,,50904000000.0,0.707,42469000000.0,FYFinancialStatements_Consolidated_JP,2027-03-31,2028-03-31,yfinance,bps=jquants:BPS;cash=jquants:CashEq;cfo=jquants:CFO;debt=yfinance:totalDebt;ebitda=yfinance:ebitda;equity=jquants:Eq;equity_to_assets=jquants:EqAR;shares=jquants:ShOutFY;total_assets=jquants:TA,2026-05-12
1766,TOKEN CORPORATION,13472000.0,10481.12,116350000000.0,215656000000.0,0.0,116840000000.0,24309999616.0,,22373000000.0,0.54,19567000000.0,FYFinancialStatements_Consolidated_JP,2027-04-30,2028-04-30,yfinance,bps=jquants:BPS;cash=jquants:CashEq;cfo=jquants:CFO;debt=yfinance:totalDebt;ebitda=yfinance:ebitda;equity=jquants:Eq;equity_to_assets=jquants:EqAR;shares=jquants:ShOutFY;total_assets=jquants:TA,2026-06-12
1801,TAISEI CORPORATION,163185872.0,5816.09,989931000000.0,2714550000000.0,447028985856.0,272974000000.0,217361498112.0,,187973000000.0,0.349,147287000000.0,FYFinancialStatements_Consolidated_JP,2027-03-31,2028-03-31,yfinance,bps=jquants:BPS;cash=jquants:CashEq;cfo=jquants:CFO;debt=yfinance:totalDebt;ebitda=yfinance:ebitda;equity=jquants:Eq;equity_to_assets=jquants:EqAR;shares=jquants:ShOutFY;total_assets=jquants:TA,2026-05-14
1802,OBAYASHI CORPORATION,691811346.0,1830.64,1316466000000.0,3143449000000.0,355662004224.0,416028000000.0,246128001024.0,,194678000000.0,0.4,252920000000.0,FYFinancialStatements_Consolidated_JP,2027-03-31,2028-03-31,yfinance,bps=jquants:BPS;cash=jquants:CashEq;cfo=jquants:CFO;debt=yfinance:totalDebt;ebitda=yfinance:ebitda;equity=jquants:Eq;equity_to_assets=jquants:EqAR;shares=jquants:ShOutFY;total_assets=jquants:TA,2026-05-13
1803,SHIMIZU CORPORATION,716689413.0,1439.89,1001175000000.0,2654382000000.0,573212000256.0,354492000000.0,154221248512.0,,118669000000.0,0.368,41639000000.0,FYFinancialStatements_Consolidated_JP,2027-03-31,2028-03-31,yfinance,bps=jquants:BPS;cash=jquants:CashEq;cfo=jquants:CFO;debt=yfinance:totalDebt;ebitda=yfinance:ebitda;equity=jquants:Eq;equity_to_assets=jquants:EqAR;shares=jquants:ShOutFY;total_assets=jquants:TA,2026-05-12
1808,HASEKO Corporation,292479897.0,2126.38,563451000000.0,1417724000000.0,418543992832.0,288134000000.0,117682503680.0,,98743000000.0,0.397,157414000000.0,FYFinancialStatements_Consolidated_JP,2027-03-31,2028-03-31,yfinance,bps=jquants:BPS;cash=jquants:CashEq;cfo=jquants:CFO;debt=yfinance:totalDebt;ebitda=yfinance:ebitda;equity=jquants:Eq;equity_to_assets=jquants:EqAR;shares=jquants:ShOutFY;total_assets=jquants:TA,2026-05-15
1812,KAJIMA CORPORATION,528656011.0,3036.89,1436220000000.0,3624341000000.0,817700995072.0,392273000000.0,275852001280.0,,240780000000.0,0.39,114606000000.0,FYFinancialStatements_Consolidated_JP,2027-03-31,2028-03-31,yfinance,bps=jquants:BPS;cash=jquants:CashEq;cfo=jquants:CFO;debt=yfinance:totalDebt;ebitda=yfinance:ebitda;equity=jquants:Eq;equity_to_assets=jquants:EqAR;shares=jquants:ShOutFY;total_assets=jquants:TA,2026-05-14
1820,"Nishimatsu Construction Co.,Ltd.",41791502.0,4936.16,204420000000.0,686012000000.0,225109999616.0,48266000000.0,37119750144.0,,28029000000.0,0.284,3045000000.0,FYFinancialStatements_Consolidated_JP,2027-03-31,2028-03-31,yfinance,bps=jquants:BPS;cash=jquants:CashEq;cfo=jquants:CFO;debt=yfinance:totalDebt;ebitda=yfinance:ebitda;equity=jquants:Eq;equity_to_assets=jquants:EqAR;shares=jquants:ShOutFY;total_assets=jquants:TA,2026-05-12
1833,OKUMURA CORPORATION,38665226.0,5489.4,193964000000.0,440889000000.0,65601998848.0,15676000000.0,17357250560.0,,15928000000.0,0.447,7616000000.0,FYFinancialStatements_Consolidated_JP,2027-03-31,2028-03-31,yfinance,bps=jquants:BPS;cash=jquants:CashEq;cfo=jquants:CFO;debt=yfinance:totalDebt;ebitda=yfinance:ebitda;equity=jquants:Eq;equity_to_assets=jquants:EqAR;shares=jquants:ShOutFY;total_assets=jquants:TA,2026-05-15
1835,"TOTETSU KOGYO CO.,LTD.",36100000.0,3851.87,133975000000.0,203845000000.0,0.0,20574000000.0,20411543552.0,,17601000000.0,0.651,5241000000.0,FYFinancialStatements_Consolidated_JP,2027-03-31,2028-03-31,yfinance,bps=jquants:BPS;cash=jquants:CashEq;cfo=jquants:CFO;debt=yfinance:totalDebt;ebitda=yfinance:ebitda;equity=jquants:Eq;equity_to_assets=jquants:EqAR;shares=jquants:ShOutFY;total_assets=jquants:TA,2026-05-14
1852,ASANUMA CORPORATION,80786290.0,616.39,50205000000.0,118176000000.0,14135000064.0,23647000000.0,8653249536.0,,7211000000.0,0.421,18414000000.0,FYFinancialStatements_Consolidated_JP,2027-03-31,2028-03-31,yfinance,bps=jquants:BPS;cash=jquants:CashEq;cfo=jquants:CFO;debt=yfinance:totalDebt;ebitda=yfinance:ebitda;equity=jquants:Eq;equity_to_assets=jquants:EqAR;shares=jquants:ShOutFY;total_assets=jquants:TA,2026-05-13
1860,TODA CORPORATION,318005696.0,1320.15,403161000000.0,998399000000.0,212225998848.0,84629000000.0,53288751104.0,,38215000000.0,0.391,62460000000.0,FYFinancialStatements_Consolidated_JP,2027-03-31,2028-03-31,yfinance,bps=jquants:BPS;cash=jquants:CashEq;cfo=jquants:CFO;debt=yfinance:totalDebt;ebitda=yfinance:ebitda;equity=jquants:Eq;equity_to_assets=jquants:EqAR;shares=jquants:ShOutFY;total_assets=jquants:TA,2026-05-15
1861,"Kumagai Gumi Co.,Ltd.",173142240.0,1105.63,187867000000.0,448918000000.0,57879998464.0,64679000000.0,30132000768.0,,27092000000.0,0.418,25016000000.0,FYFinancialStatements_Consolidated_JP,2027-03-31,2028-03-31,yfinance,bps=jquants:BPS;cash=jquants:CashEq;cfo=jquants:CFO;debt=yfinance:totalDebt;ebitda=yfinance:ebitda;equity=jquants:Eq;equity_to_assets=jquants:EqAR;shares=jquants:ShOutFY;total_assets=jquants:TA,2026-05-15
1870,"YAHAGI CONSTRUCTION CO.,LTD.",44607457.0,1760.04,76010000000.0,147662000000.0,14565999616.0,16230000000.0,12609500160.0,,13742000000.0,0.515,9849000000.0,FYFinancialStatements_Consolidated_JP,2027-03-31,2028-03-31,yfinance,bps=jquants:BPS;cash=jquants:CashEq;cfo=jquants:CFO;debt=yfinance:totalDebt;ebitda=yfinance:ebitda;equity=jquants:Eq;equity_to_assets=jquants:EqAR;shares=jquants:ShOutFY;total_assets=jquants:TA,2026-05-12
1878,"DAITO TRUST CONSTRUCTION CO.,LTD.",344594895.0,1534.24,496598000000.0,1367502000000.0,300824985600.0,258120000000.0,162382004224.0,,135256000000.0,0.365,40490000000.0,FYFinancialStatements_Consolidated_JP,2027-03-31,2028-03-31,yfinance,bps=jquants:BPS;cash=jquants:CashEq;cfo=jquants:CFO;debt=yfinance:totalDebt;ebitda=yfinance:ebitda;equity=jquants:Eq;equity_to_assets=jquants:EqAR;shares=jquants:ShOutFY;total_assets=jquants:TA,2026-05-26
1882,TOA ROAD CORPORATION,50394730.0,1160.86,55059000000.0,88501000000.0,510000000.0,13909000000.0,8126750208.0,,5788000000.0,0.606,12205000000.0,FYFinancialStatements_Consolidated_JP,2027-03-31,2028-03-31,yfinance,bps=jquants:BPS;cash=jquants:CashEq;cfo=jquants:CFO;debt=yfinance:totalDebt;ebitda=yfinance:ebitda;equity=jquants:Eq;equity_to_assets=jquants:EqAR;shares=jquants:ShOutFY;total_assets=jquants:TA,2026-05-11
1885,TOA CORPORATION,87978516.0,1507.27,117926000000.0,305435000000.0,29944000512.0,49231000000.0,27101749248.0,,24199000000.0,0.382,48006000000.0,FYFinancialStatements_Consolidated_JP,2027-03-31,2028-03-31,yfinance,bps=jquants:BPS;cash=jquants:CashEq;cfo=jquants:CFO;debt=yfinance:totalDebt;ebitda=yfinance:ebitda;equity=jquants:Eq;equity_to_assets=jquants:EqAR;shares=jquants:ShOutFY;total_assets=jquants:TA,2026-05-13
1893,"PENTA-OCEAN CONSTRUCTION CO.,LTD.",286013910.0,726.03,199033000000.0,790413000000.0,244885995520.0,71435000000.0,66469249024.0,,55304000000.0,0.251,68392000000.0,FYFinancialStatements_Consolidated_JP,2027-03-31,2028-03-31,yfinance,bps=jquants:BPS;cash=jquants:CashEq;cfo=jquants:CFO;debt=yfinance:totalDebt;ebitda=yfinance:ebitda;equity=jquants:Eq;equity_to_assets=jquants:EqAR;shares=jquants:ShOutFY;total_assets=jquants:TA,2026-05-08
1898,"SEIKITOKYU KOGYO CO.,LTD.",37424507.0,1207.01,44215000000.0,84530000000.0,6677000192.0,14437000000.0,,,6417000000.0,0.523,11417000000.0,FYFinancialStatements_Consolidated_JP,2027-03-31,2028-03-31,,bps=jquants:BPS;cash=jquants:CashEq;cfo=jquants:CFO;debt=yfinance:totalDebt;equity=jquants:Eq;equity_to_assets=jquants:EqAR;shares=jquants:ShOutFY;total_assets=jquants:TA,2026-05-07
1911,"Sumitomo Forestry Co.,Ltd.",618555804.0,2025.788,1179723000000.0,2612798000000.0,302932983808.0,89054003200.0,78579499008.0,,23905000000.0,0.398,,1QFinancialStatements_Consolidated_JP,2026-12-31,,yfinance,bps=yfinance:bookValue;cash=yfinance:totalCash;debt=yfinance:totalDebt;ebitda=yfinance:ebitda;equity=jquants:Eq;equity_to_assets=jquants:EqAR;shares=jquants:ShOutFY;total_assets=jquants:TA,2026-05-07
1925,"DAIWA HOUSE INDUSTRY CO.,LTD.",659636182.0,4677.09,3022275000000.0,8412419000000.0,3463954038784.0,424588000000.0,769303248896.0,,614879000000.0,0.344,189277000000.0,FYFinancialStatements_Consolidated_JP,2027-03-31,2028-03-31,yfinance,bps=jquants:BPS;cash=jquants:CashEq;cfo=jquants:CFO;debt=yfinance:totalDebt;ebitda=yfinance:ebitda;equity=jquants:Eq;equity_to_assets=jquants:EqAR;shares=jquants:ShOutFY;total_assets=jquants:TA,2026-05-13
1926,"RAITO KOGYO CO.,LTD.",42970450.0,2141.13,90886000000.0,125930000000.0,1808999936.0,29975000000.0,20978499584.0,,17201000000.0,0.715,13662000000.0,FYFinancialStatements_Consolidated_JP,2027-03-31,2028-03-31,yfinance,bps=jquants:BPS;cash=jquants:CashEq;cfo=jquants:CFO;debt=yfinance:totalDebt;ebitda=yfinance:ebitda;equity=jquants:Eq;equity_to_assets=jquants:EqAR;shares=jquants:ShOutFY;total_assets=jquants:TA,2026-05-14
1928,"Sekisui House,Ltd.",651422166.0,3331.587,2210279000000.0,4958306000000.0,1873616961536.0,296158986240.0,401864491008.0,,76104000000.0,0.436,,1QFinancialStatements_Consolidated_JP,2027-01-31,,yfinance,bps=yfinance:bookValue;cash=yfinance:totalCash;debt=yfinance:totalDebt;ebitda=yfinance:ebitda;equity=jquants:Eq;equity_to_assets=jquants:EqAR;shares=jquants:ShOutFY;total_assets=jquants:TA,2026-06-04
1934,YURTEC CORPORATION,69191462.0,2260.83,155356000000.0,228948000000.0,8979999744.0,43082000000.0,24304500736.0,,18038000000.0,0.678,6638000000.0,FYFinancialStatements_Consolidated_JP,2027-03-31,2028-03-31,yfinance,bps=jquants:BPS;cash=jquants:CashEq;cfo=jquants:CFO;debt=yfinance:totalDebt;ebitda=yfinance:ebitda;equity=jquants:Eq;equity_to_assets=jquants:EqAR;shares=jquants:ShOutFY;total_assets=jquants:TA,2026-04-28
1941,CHUDENKO CORPORATION,58138117.0,4613.43,247823000000.0,317819000000.0,0.0,43605000000.0,31695249408.0,,26180000000.0,0.769,29146000000.0,FYFinancialStatements_Consolidated_JP,2027-03-31,2028-03-31,yfinance,bps=jquants:BPS;cash=jquants:CashEq;cfo=jquants:CFO;debt=yfinance:totalDebt;ebitda=yfinance:ebitda;equity=jquants:Eq;equity_to_assets=jquants:EqAR;shares=jquants:ShOutFY;total_assets=jquants:TA,2026-04-28
1942,"KANDENKO CO.,LTD.",205288338.0,1961.02,405687000000.0,635618000000.0,11706000384.0,77151000000.0,96528998400.0,,83140000000.0,0.614,89451000000.0,FYFinancialStatements_Consolidated_JP,2027-03-31,2028-03-31,yfinance,bps=jquants:BPS;cash=jquants:CashEq;cfo=jquants:CFO;debt=yfinance:totalDebt;ebitda=yfinance:ebitda;equity=jquants:Eq;equity_to_assets=jquants:EqAR;shares=jquants:ShOutFY;total_assets=jquants:TA,2026-06-01
1944,KINDEN CORPORATION,199954180.0,3340.44,661895000000.0,913763000000.0,245420998656.0,182308000000.0,108153004032.0,,90256000000.0,0.724,87684000000.0,FYFinancialStatements_Consolidated_JP,2027-03-31,2028-03-31,yfinance,bps=jquants:BPS;cash=jquants:CashEq;cfo=jquants:CFO;debt=yfinance:totalDebt;ebitda=yfinance:ebitda;equity=jquants:Eq;equity_to_assets=jquants:EqAR;shares=jquants:ShOutFY;total_assets=jquants:TA,2026-04-27
1950,"NIPPON DENSETSU KOGYO CO.,LTD.",61537219.0,3696.08,230726000000.0,333793000000.0,100000000.0,33710000000.0,30777499648.0,,23560000000.0,0.646,10521000000.0,FYFinancialStatements_Consolidated_JP,2027-03-31,2028-03-31,yfinance,bps=jquants:BPS;cash=jquants:CashEq;cfo=jquants:CFO;debt=yfinance:totalDebt;ebitda=yfinance:ebitda;equity=jquants:Eq;equity_to_assets=jquants:EqAR;shares=jquants:ShOutFY;total_assets=jquants:TA,2026-04-30
1951,"EXEO Group,Inc.",205624838.0,1676.23,346736000000.0,691154000000.0,121562996736.0,41376000000.0,73233997824.0,,52016000000.0,0.495,33230000000.0,FYFinancialStatements_Consolidated_JP,2027-03-31,2028-03-31,yfinance,bps=jquants:BPS;cash=jquants:CashEq;cfo=jquants:CFO;debt=yfinance:totalDebt;ebitda=yfinance:ebitda;equity=jquants:Eq;equity_to_assets=jquants:EqAR;shares=jquants:ShOutFY;total_assets=jquants:TA,2026-05-13
1952,"Shin Nippon Air Technologies Co.,Ltd.",48564450.0,1817.48,82669000000.0,135391000000.0,2448999936.0,26869000000.0,14823000064.0,,15128000000.0,0.61,11621000000.0,FYFinancialStatements_Consolidated_JP,2027-03-31,2028-03-31,yfinance,bps=jquants:BPS;cash=jquants:CashEq;cfo=jquants:CFO;debt=yfinance:totalDebt;ebitda=yfinance:ebitda;equity=jquants:Eq;equity_to_assets=jquants:EqAR;shares=jquants:ShOutFY;total_assets=jquants:TA,2026-05-13
1959,KRAFTIA CORPORATION,70864961.0,4915.49,351644000000.0,523268000000.0,29315999744.0,50548000000.0,60935000064.0,,54600000000.0,0.664,12332000000.0,FYFinancialStatements_Consolidated_JP,2027-03-31,2028-03-31,yfinance,bps=jquants:BPS;cash=jquants:CashEq;cfo=jquants:CFO;debt=yfinance:totalDebt;ebitda=yfinance:ebitda;equity=jquants:Eq;equity_to_assets=jquants:EqAR;shares=jquants:ShOutFY;total_assets=jquants:TA,2026-04-28
1961,"SANKI ENGINEERING CO.,LTD.",160983468.0,794.14,121437000000.0,219483000000.0,6374000128.0,39784000000.0,32313999360.0,,27991000000.0,0.553,13167000000.0,FYFinancialStatements_Consolidated_JP,2027-03-31,2028-03-31,yfinance,bps=jquants:BPS;cash=jquants:CashEq;cfo=jquants:CFO;debt=yfinance:totalDebt;ebitda=yfinance:ebitda;equity=jquants:Eq;equity_to_assets=jquants:EqAR;shares=jquants:ShOutFY;total_assets=jquants:TA,2026-05-14
1963,JGC HOLDINGS CORPORATION,244293008.0,1775.55,431191000000.0,838793000000.0,35817000960.0,400470000000.0,51360251904.0,,35399000000.0,0.512,79898000000.0,FYFinancialStatements_Consolidated_JP,2027-03-31,2028-03-31,yfinance,bps=jquants:BPS;cash=jquants:CashEq;cfo=jquants:CFO;debt=yfinance:totalDebt;ebitda=yfinance:ebitda;equity=jquants:Eq;equity_to_assets=jquants:EqAR;shares=jquants:ShOutFY;total_assets=jquants:TA,2026-05-14
1968,"TAIHEI DENGYO KAISHA,LTD.",65195940.0,2003.32,127939000000.0,175365000000.0,15166000128.0,35169000000.0,17942249472.0,,14839000000.0,0.721,-5817000000.0,FYFinancialStatements_Consolidated_JP,2027-03-31,2028-03-31,yfinance,bps=jquants:BPS;cash=jquants:CashEq;cfo=jquants:CFO;debt=yfinance:totalDebt;ebitda=yfinance:ebitda;equity=jquants:Eq;equity_to_assets=jquants:EqAR;shares=jquants:ShOutFY;total_assets=jquants:TA,2026-05-14
1969,"Takasago Thermal Engineering Co.,Ltd.",140478804.0,1603.89,215056000000.0,381823000000.0,40592998400.0,42537000000.0,50104500224.0,,47745000000.0,0.55,29725000000.0,FYFinancialStatements_Consolidated_JP,2027-03-31,2028-03-31,yfinance,bps=jquants:BPS;cash=jquants:CashEq;cfo=jquants:CFO;debt=yfinance:totalDebt;ebitda=yfinance:ebitda;equity=jquants:Eq;equity_to_assets=jquants:EqAR;shares=jquants:ShOutFY;total_assets=jquants:TA,2026-06-12
1975,"ASAHI KOGYOSHA CO.,LTD.",27200000.0,1965.51,50858000000.0,100697000000.0,6661000192.0,26266000000.0,12723500032.0,,11682000000.0,0.505,12732000000.0,FYFinancialStatements_Consolidated_JP,2027-03-31,2028-03-31,yfinance,bps=jquants:BPS;cash=jquants:CashEq;cfo=jquants:CFO;debt=yfinance:totalDebt;ebitda=yfinance:ebitda;equity=jquants:Eq;equity_to_assets=jquants:EqAR;shares=jquants:ShOutFY;total_assets=jquants:TA,2026-05-14
1979,Taikisha Ltd.,63464018.0,2555.19,170232000000.0,286820000000.0,3643000064.0,86359000000.0,25129250816.0,,23320000000.0,0.561,64700000000.0,FYFinancialStatements_Consolidated_JP,2027-03-31,2028-03-31,yfinance,bps=jquants:BPS;cash=jquants:CashEq;cfo=jquants:CFO;debt=yfinance:totalDebt;ebitda=yfinance:ebitda;equity=jquants:Eq;equity_to_assets=jquants:EqAR;shares=jquants:ShOutFY;total_assets=jquants:TA,2026-05-15
1980,"DAI-DAN CO.,LTD.",137891406.0,1008.47,132879000000.0,232074000000.0,3343000064.0,81925000000.0,37217251328.0,,34479000000.0,0.562,58437000000.0,FYFinancialStatements_Consolidated_JP,2027-03-31,2028-03-31,yfinance,bps=jquants:BPS;cash=jquants:CashEq;cfo=jquants:CFO;debt=yfinance:totalDebt;ebitda=yfinance:ebitda;equity=jquants:Eq;equity_to_assets=jquants:EqAR;shares=jquants:ShOutFY;total_assets=jquants:TA,2026-05-13
2001,NIPPN CORPORATION,84727163.0,3415.52,289877000000.0,476826000000.0,78230003712.0,64222000000.0,32258000896.0,,22082000000.0,0.592,25272000000.0,FYFinancialStatements_Consolidated_JP,2027-03-31,2028-03-31,yfinance,bps=jquants:BPS;cash=jquants:CashEq;cfo=jquants:CFO;debt=yfinance:totalDebt;ebitda=yfinance:ebitda;equity=jquants:Eq;equity_to_assets=jquants:EqAR;shares=jquants:ShOutFY;total_assets=jquants:TA,2026-05-12
2002,NISSHIN SEIFUN GROUP INC.,282111891.0,1848.36,538439000000.0,849705000000.0,89785999360.0,91411000000.0,75141750784.0,,46685000000.0,0.611,69194000000.0,FYFinancialStatements_Consolidated_JP,2027-03-31,2028-03-31,yfinance,bps=jquants:BPS;cash=jquants:CashEq;cfo=jquants:CFO;debt=yfinance:totalDebt;ebitda=yfinance:ebitda;equity=jquants:Eq;equity_to_assets=jquants:EqAR;shares=jquants:ShOutFY;total_assets=jquants:TA,2026-05-14
2109,"Mitsui DM Sugar Co.,Ltd.",31464780.0,3599.62,114595000000.0,181955000000.0,35135000576.0,28116000000.0,19751499776.0,,12909000000.0,0.616,12343000000.0,FYFinancialStatements_Consolidated_JP,2027-03-31,2028-03-31,yfinance,bps=jquants:BPS;cash=jquants:CashEq;cfo=jquants:CFO;debt=yfinance:totalDebt;ebitda=yfinance:ebitda;equity=jquants:Eq;equity_to_assets=jquants:EqAR;shares=jquants:ShOutFY;total_assets=jquants:TA,2026-05-15
2121,"MIXI,Inc.",71330850.0,2787.63,189466000000.0,280405000000.0,44249001984.0,111190000000.0,36878999552.0,,22256000000.0,0.647,19287000000.0,FYFinancialStatements_Consolidated_JP,2027-03-31,2028-03-31,yfinance,bps=jquants:BPS;cash=jquants:CashEq;cfo=jquants:CFO;debt=yfinance:totalDebt;ebitda=yfinance:ebitda;equity=jquants:Eq;equity_to_assets=jquants:EqAR;shares=jquants:ShOutFY;total_assets=jquants:TA,2026-05-15
2124,"JAC Recruitment Co.,Ltd.",165557200.0,137.282,19926000000.0,26383000000.0,242000000.0,20632000512.0,13079000064.0,,4389000000.0,0.755,,1QFinancialStatements_Consolidated_JP,2026-12-31,,yfinance,bps=yfinance:bookValue;cash=yfinance:totalCash;debt=yfinance:totalDebt;ebitda=yfinance:ebitda;equity=jquants:Eq;equity_to_assets=jquants:EqAR;shares=jquants:ShOutFY;total_assets=jquants:TA,2026-05-13
2127,Nihon M&A Center Holdings Inc.,336934800.0,158.15,50643000000.0,66223000000.0,2800000000.0,39440000000.0,18800001024.0,,18761000000.0,0.758,15551000000.0,FYFinancialStatements_Consolidated_JP,2027-03-31,2028-03-31,yfinance,bps=jquants:BPS;cash=jquants:CashEq;cfo=jquants:CFO;debt=yfinance:totalDebt;ebitda=yfinance:ebitda;equity=jquants:Eq;equity_to_assets=jquants:EqAR;shares=jquants:ShOutFY;total_assets=jquants:TA,2026-04-30
2146,"UT Group Co.,Ltd.",601193745.0,44.26,32141000000.0,63473000000.0,9143000064.0,29507000000.0,13553500160.0,,10613000000.0,0.398,7599000000.0,FYFinancialStatements_Consolidated_JP,2027-03-31,2028-03-31,yfinance,bps=jquants:BPS;cash=jquants:CashEq;cfo=jquants:CFO;debt=yfinance:totalDebt;ebitda=yfinance:ebitda;equity=jquants:Eq;equity_to_assets=jquants:EqAR;shares=jquants:ShOutFY;total_assets=jquants:TA,2026-05-14
2154,Open Up Group Inc.,90822812.0,944.36,77983000000.0,121991000000.0,9982999552.0,16507000000.0,19050999808.0,,13679000000.0,0.639,9724000000.0,3QFinancialStatements_Consolidated_IFRS,2026-06-30,,yfinance,bps=yfinance:bookValue;cash=jquants:CashEq;cfo=jquants:CFO;debt=yfinance:totalDebt;ebitda=yfinance:ebitda;equity=jquants:Eq;equity_to_assets=jquants:EqAR;shares=jquants:ShOutFY;total_assets=jquants:TA,2026-05-12
2157,"KOSHIDAKA HOLDINGS Co.,LTD.",83781480.0,470.71,38185000000.0,75077000000.0,14128246784.0,7792851000.0,15394853888.0,,5004000000.0,0.508,6643111000.0,2QFinancialStatements_Consolidated_JP,2026-08-31,,yfinance,bps=yfinance:bookValue;cash=jquants:CashEq;cfo=jquants:CFO;debt=yfinance:totalDebt;ebitda=yfinance:ebitda;equity=jquants:Eq;equity_to_assets=jquants:EqAR;shares=jquants:ShOutFY;total_assets=jquants:TA,2026-04-10
2168,Pasona Group Inc.,40190300.0,3397.048,133824000000.0,229276000000.0,38945001472.0,63737000000.0,1788999936.0,,-1329000000.0,0.557,-6621000000.0,3QFinancialStatements_Consolidated_JP,2026-05-31,,yfinance,bps=yfinance:bookValue;cash=jquants:CashEq;cfo=jquants:CFO;debt=yfinance:totalDebt;ebitda=yfinance:ebitda;equity=jquants:Eq;equity_to_assets=jquants:EqAR;shares=jquants:ShOutFY;total_assets=jquants:TA,2026-04-14
2175,"SMS CO.,LTD.",87561600.0,322.79,26724000000.0,52774000000.0,5647000064.0,12547000000.0,12300499968.0,,6787000000.0,0.502,8799000000.0,FYFinancialStatements_Consolidated_JP,2027-03-31,2028-03-31,yfinance,bps=jquants:BPS;cash=jquants:CashEq;cfo=jquants:CFO;debt=yfinance:totalDebt;ebitda=yfinance:ebitda;equity=jquants:Eq;equity_to_assets=jquants:EqAR;shares=jquants:ShOutFY;total_assets=jquants:TA,2026-04-28
2181,"PERSOL HOLDINGS CO.,LTD.",2278437810.0,98.4,238788000000.0,620535000000.0,83358998528.0,85018000000.0,106532003840.0,,66512000000.0,0.354,77440000000.0,FYFinancialStatements_Consolidated_IFRS,2027-03-31,2028-03-31,yfinance,bps=jquants:BPS;cash=jquants:CashEq;cfo=jquants:CFO;debt=yfinance:totalDebt;ebitda=yfinance:ebitda;equity=jquants:Eq;equity_to_assets=jquants:EqAR;shares=jquants:ShOutFY;total_assets=jquants:TA,2026-05-14
2201,"Morinaga & Co.,Ltd.",86111638.0,1690.58,143696000000.0,225921000000.0,41000001536.0,25726000000.0,31639500800.0,,22394000000.0,0.628,23637000000.0,FYFinancialStatements_Consolidated_JP,2027-03-31,2028-03-31,yfinance,bps=jquants:BPS;cash=jquants:CashEq;cfo=jquants:CFO;debt=yfinance:totalDebt;ebitda=yfinance:ebitda;equity=jquants:Eq;equity_to_assets=jquants:EqAR;shares=jquants:ShOutFY;total_assets=jquants:TA,2026-05-11
2206,"Ezaki Glico Co.,Ltd.",68468569.0,3284.591,277056000000.0,383827000000.0,30331000832.0,105608003584.0,29234999296.0,,3697000000.0,0.72,,1QFinancialStatements_Consolidated_JP,2026-12-31,,yfinance,bps=yfinance:bookValue;cash=yfinance:totalCash;debt=yfinance:totalDebt;ebitda=yfinance:ebitda;equity=jquants:Eq;equity_to_assets=jquants:EqAR;shares=jquants:ShOutFY;total_assets=jquants:TA,2026-05-08
2212,"YAMAZAKI BAKING CO.,LTD.",220282860.0,2394.832,513597000000.0,915906000000.0,97665998848.0,174626996224.0,109019996160.0,,18328000000.0,0.505,,1QFinancialStatements_Consolidated_JP,2026-12-31,,yfinance,bps=yfinance:bookValue;cash=yfinance:totalCash;debt=yfinance:totalDebt;ebitda=yfinance:ebitda;equity=jquants:Eq;equity_to_assets=jquants:EqAR;shares=jquants:ShOutFY;total_assets=jquants:TA,2026-04-28
2220,"KAMEDA SEIKA CO.,LTD.",66955950.0,1627.34,106466000000.0,188223000000.0,43746000896.0,18601000000.0,19480250368.0,,7528000000.0,0.547,11897000000.0,FYFinancialStatements_Consolidated_JP,2027-03-31,2028-03-31,yfinance,bps=jquants:BPS;cash=jquants:CashEq;cfo=jquants:CFO;debt=yfinance:totalDebt;ebitda=yfinance:ebitda;equity=jquants:Eq;equity_to_assets=jquants:EqAR;shares=jquants:ShOutFY;total_assets=jquants:TA,2026-05-13
2222,"Kotobuki Spirits Co.,Ltd.",155658402.0,310.37,47936000000.0,60142000000.0,0.0,28200000000.0,21056249856.0,,18598000000.0,0.797,13801000000.0,FYFinancialStatements_Consolidated_JP,2027-03-31,2028-03-31,yfinance,bps=jquants:BPS;cash=jquants:CashEq;cfo=jquants:CFO;debt=yfinance:totalDebt;ebitda=yfinance:ebitda;equity=jquants:Eq;equity_to_assets=jquants:EqAR;shares=jquants:ShOutFY;total_assets=jquants:TA,2026-05-14
2229,"CALBEE,Inc.",133929800.0,1732.1,221774000000.0,327609000000.0,36714000384.0,45581000000.0,44928000000.0,,26173000000.0,0.643,35596000000.0,FYFinancialStatements_Consolidated_JP,2027-03-31,2028-03-31,yfinance,bps=jquants:BPS;cash=jquants:CashEq;cfo=jquants:CFO;debt=yfinance:totalDebt;ebitda=yfinance:ebitda;equity=jquants:Eq;equity_to_assets=jquants:EqAR;shares=jquants:ShOutFY;total_assets=jquants:TA,2026-05-14
2264,"MORINAGA MILK INDUSTRY CO.,LTD.",86179786.0,3403.79,279749000000.0,547116000000.0,132766998528.0,26059000000.0,59323748352.0,,34479000000.0,0.502,35716000000.0,FYFinancialStatements_Consolidated_JP,2027-03-31,2028-03-31,yfinance,bps=jquants:BPS;cash=jquants:CashEq;cfo=jquants:CFO;debt=yfinance:totalDebt;ebitda=yfinance:ebitda;equity=jquants:Eq;equity_to_assets=jquants:EqAR;shares=jquants:ShOutFY;total_assets=jquants:TA,2026-05-13
2267,"YAKULT HONSHA CO.,LTD.",308285236.0,2075.29,654321000000.0,912578000000.0,113009000448.0,165042000000.0,72647753728.0,,45185000000.0,0.664,52121000000.0,FYFinancialStatements_Consolidated_JP,2027-03-31,2028-03-31,yfinance,bps=jquants:BPS;cash=jquants:CashEq;cfo=jquants:CFO;debt=yfinance:totalDebt;ebitda=yfinance:ebitda;equity=jquants:Eq;equity_to_assets=jquants:EqAR;shares=jquants:ShOutFY;total_assets=jquants:TA,2026-05-12
2269,"Meiji Holdings Co.,Ltd.",282200000.0,2849.8,817552000000.0,1261759000000.0,138265001984.0,49611000000.0,152330993664.0,,93307000000.0,0.612,56522000000.0,FYFinancialStatements_Consolidated_JP,2027-03-31,2028-03-31,yfinance,bps=jquants:BPS;cash=jquants:CashEq;cfo=jquants:CFO;debt=yfinance:totalDebt;ebitda=yfinance:ebitda;equity=jquants:Eq;equity_to_assets=jquants:EqAR;shares=jquants:ShOutFY;total_assets=jquants:TA,2026-05-14
2270,"MEGMILK SNOW BRAND Co.,Ltd.",63835455.0,3923.36,240741000000.0,426820000000.0,41513000960.0,13998000000.0,36417998848.0,,18266000000.0,0.557,22897000000.0,FYFinancialStatements_Consolidated_JP,2027-03-31,2028-03-31,yfinance,bps=jquants:BPS;cash=jquants:CashEq;cfo=jquants:CFO;debt=yfinance:totalDebt;ebitda=yfinance:ebitda;equity=jquants:Eq;equity_to_assets=jquants:EqAR;shares=jquants:ShOutFY;total_assets=jquants:TA,2026-05-14
2281,"Prima Meat Packers,Ltd.",50524399.0,2425.93,130536000000.0,241280000000.0,19278000128.0,5917000000.0,20821000192.0,,9131000000.0,0.505,19752000000.0,FYFinancialStatements_Consolidated_JP,2027-03-31,2028-03-31,yfinance,bps=jquants:BPS;cash=jquants:CashEq;cfo=jquants:CFO;debt=yfinance:totalDebt;ebitda=yfinance:ebitda;equity=jquants:Eq;equity_to_assets=jquants:EqAR;shares=jquants:ShOutFY;total_assets=jquants:TA,2026-05-08
2282,NH Foods Ltd.,99095004.0,5704.03,551692000000.0,997477000000.0,252983001088.0,68679000000.0,101527003136.0,,,0.538,82344000000.0,FYFinancialStatements_Consolidated_IFRS,2027-03-31,2028-03-31,yfinance,bps=jquants:BPS;cash=jquants:CashEq;cfo=jquants:CFO;debt=yfinance:totalDebt;ebitda=yfinance:ebitda;equity=jquants:Eq;equity_to_assets=jquants:EqAR;shares=jquants:ShOutFY;total_assets=jquants:TA,2026-05-08
2292,S Foods Inc.,32267721.0,4170.42,140672000000.0,251439000000.0,52778999808.0,37482000000.0,16006500352.0,,10476000000.0,0.525,8832000000.0,FYFinancialStatements_Consolidated_JP,2027-02-28,2028-02-28,yfinance,bps=jquants:BPS;cash=jquants:CashEq;cfo=jquants:CFO;debt=yfinance:totalDebt;ebitda=yfinance:ebitda;equity=jquants:Eq;equity_to_assets=jquants:EqAR;shares=jquants:ShOutFY;total_assets=jquants:TA,2026-05-20
2296,ITOHAM YONEKYU HOLDINGS INC.,57471011.0,5193.66,295509000000.0,524726000000.0,107844001792.0,17572000000.0,42832998400.0,,28456000000.0,0.562,13663000000.0,FYFinancialStatements_Consolidated_JP,2027-03-31,2028-03-31,yfinance,bps=jquants:BPS;cash=jquants:CashEq;cfo=jquants:CFO;debt=yfinance:totalDebt;ebitda=yfinance:ebitda;equity=jquants:Eq;equity_to_assets=jquants:EqAR;shares=jquants:ShOutFY;total_assets=jquants:TA,2026-05-01
2317,Systena Corporation,425880000.0,110.82,40221000000.0,61079000000.0,1595000064.0,29819000000.0,16124000256.0,,15367000000.0,0.649,13283000000.0,FYFinancialStatements_Consolidated_JP,2027-03-31,2028-03-31,yfinance,bps=jquants:BPS;cash=jquants:CashEq;cfo=jquants:CFO;debt=yfinance:totalDebt;ebitda=yfinance:ebitda;equity=jquants:Eq;equity_to_assets=jquants:EqAR;shares=jquants:ShOutFY;total_assets=jquants:TA,2026-05-13
2326,Digital Arts Inc.,14133000.0,1370.52,18454000000.0,27865000000.0,0.0,23083000000.0,6022499840.0,,4791000000.0,0.661,8381000000.0,FYFinancialStatements_Consolidated_JP,2027-03-31,2028-03-31,yfinance,bps=jquants:BPS;cash=jquants:CashEq;cfo=jquants:CFO;debt=yfinance:totalDebt;ebitda=yfinance:ebitda;equity=jquants:Eq;equity_to_assets=jquants:EqAR;shares=jquants:ShOutFY;total_assets=jquants:TA,2026-05-07
2327,NS Solutions Corporation,183002000.0,1525.86,288808000000.0,417584000000.0,23857000448.0,108798000000.0,59529998336.0,,44242000000.0,0.669,-3409000000.0,EarnForecastRevision,2027-03-31,2028-03-31,yfinance,bps=jquants:BPS;cash=jquants:CashEq;cfo=jquants:CFO;debt=yfinance:totalDebt;ebitda=yfinance:ebitda;equity=jquants:Eq;equity_to_assets=jquants:EqAR;shares=jquants:ShOutFY;total_assets=jquants:TA,2026-04-27
2331,"ALSOK CO.,LTD.",510200210.0,789.42,426941000000.0,675024000000.0,29777999872.0,66814000000.0,73651003392.0,,46919000000.0,0.568,53786000000.0,FYFinancialStatements_Consolidated_JP,2027-03-31,2028-03-31,yfinance,bps=jquants:BPS;cash=jquants:CashEq;cfo=jquants:CFO;debt=yfinance:totalDebt;ebitda=yfinance:ebitda;equity=jquants:Eq;equity_to_assets=jquants:EqAR;shares=jquants:ShOutFY;total_assets=jquants:TA,2026-05-12
2337,Ichigo Inc.,415993612.0,288.76,116754000000.0,435820000000.0,316655992832.0,42019000000.0,24444000256.0,,20449000000.0,0.266,-21859000000.0,FYFinancialStatements_Consolidated_JP,2027-02-28,2028-02-28,yfinance,bps=jquants:BPS;cash=jquants:CashEq;cfo=jquants:CFO;debt=yfinance:totalDebt;ebitda=yfinance:ebitda;equity=jquants:Eq;equity_to_assets=jquants:EqAR;shares=jquants:ShOutFY;total_assets=jquants:TA,2026-04-14
2353,"NIPPON PARKING DEVELOPMENT Co.,Ltd.",348398600.0,63.201,24237000000.0,60007000000.0,22902999040.0,20739581000.0,10309596160.0,,7016000000.0,0.326,3225222000.0,3QFinancialStatements_Consolidated_JP,2026-07-31,,yfinance,bps=yfinance:bookValue;cash=jquants:CashEq;cfo=jquants:CFO;debt=yfinance:totalDebt;ebitda=yfinance:ebitda;equity=jquants:Eq;equity_to_assets=jquants:EqAR;shares=jquants:ShOutFY;total_assets=jquants:TA,2026-06-05
2371,"Kakaku.com,Inc.",198218300.0,328.5,65170000000.0,92475000000.0,8104999936.0,46468000000.0,31431999488.0,,27243000000.0,0.703,25354000000.0,FYFinancialStatements_Consolidated_IFRS,2027-03-31,2028-03-31,yfinance,bps=jquants:BPS;cash=jquants:CashEq;cfo=jquants:CFO;debt=yfinance:totalDebt;ebitda=yfinance:ebitda;equity=jquants:Eq;equity_to_assets=jquants:EqAR;shares=jquants:ShOutFY;total_assets=jquants:TA,2026-05-08
2379,dip Corporation,60140000.0,703.28,37193000000.0,49954000000.0,0.0,9039000000.0,10702069760.0,,9112000000.0,0.737,9965000000.0,FYFinancialStatements_Consolidated_JP,2027-02-28,2028-02-28,yfinance,bps=jquants:BPS;cash=jquants:CashEq;cfo=jquants:CFO;debt=yfinance:totalDebt;ebitda=yfinance:ebitda;equity=jquants:Eq;equity_to_assets=jquants:EqAR;shares=jquants:ShOutFY;total_assets=jquants:TA,2026-04-14
2384,"SBS Holdings,Inc.",39718200.0,2632.753,131575000000.0,351573000000.0,100840996864.0,39172001792.0,47727001600.0,,13114000000.0,0.289,,1QFinancialStatements_Consolidated_JP,2026-12-31,,yfinance,bps=yfinance:bookValue;cash=yfinance:totalCash;debt=yfinance:totalDebt;ebitda=yfinance:ebitda;equity=jquants:Eq;equity_to_assets=jquants:EqAR;shares=jquants:ShOutFY;total_assets=jquants:TA,2026-05-15
2413,"M3,Inc.",679120300.0,608.98,446648000000.0,637396000000.0,33149000000.0,156177000000.0,87465000960.0,,73547000000.0,0.64,70262000000.0,FYFinancialStatements_Consolidated_IFRS,2027-03-31,2028-03-31,yfinance,bps=jquants:BPS;cash=jquants:CashEq;cfo=jquants:CFO;debt=yfinance:bs:Total Debt;ebitda=yfinance:ebitda;equity=jquants:Eq;equity_to_assets=jquants:EqAR;shares=jquants:ShOutFY;total_assets=jquants:TA,2026-05-01
2432,"DeNA Co.,Ltd.",122145545.0,2160.86,240787000000.0,333244000000.0,16177999872.0,103046000000.0,29437999104.0,,18694000000.0,0.698,33431000000.0,FYFinancialStatements_Consolidated_IFRS,2027-03-31,2028-03-31,yfinance,bps=jquants:BPS;cash=jquants:CashEq;cfo=jquants:CFO;debt=yfinance:totalDebt;ebitda=yfinance:ebitda;equity=jquants:Eq;equity_to_assets=jquants:EqAR;shares=jquants:ShOutFY;total_assets=jquants:TA,2026-05-12
2433,HAKUHODO DY HOLDINGS INCORPORATED,363902636.0,1083.83,402516000000.0,1081132000000.0,124434997248.0,233077000000.0,69231001600.0,,44675000000.0,0.36,68361000000.0,FYFinancialStatements_Consolidated_JP,2027-03-31,2028-03-31,yfinance,bps=jquants:BPS;cash=jquants:CashEq;cfo=jquants:CFO;debt=yfinance:totalDebt;ebitda=yfinance:ebitda;equity=jquants:Eq;equity_to_assets=jquants:EqAR;shares=jquants:ShOutFY;total_assets=jquants:TA,2026-05-12
2492,Infomart Corporation,267507864.0,112.763,29555000000.0,34397000000.0,680000000.0,20303537000.0,5446000128.0,,1025000000.0,0.858,-352866000.0,1QFinancialStatements_Consolidated_JP,2026-12-31,,yfinance,bps=yfinance:bookValue;cash=jquants:CashEq;cfo=jquants:CFO;debt=yfinance:totalDebt;ebitda=yfinance:ebitda;equity=jquants:Eq;equity_to_assets=jquants:EqAR;shares=jquants:ShOutFY;total_assets=jquants:TA,2026-04-30
2501,SAPPORO HOLDINGS LIMITED,393971490.0,1315.327,216234000000.0,637968000000.0,148191002624.0,21288000000.0,33282000896.0,,-2108000000.0,0.337,-1877000000.0,1QFinancialStatements_Consolidated_IFRS,2026-12-31,,yfinance,bps=yfinance:bookValue;cash=jquants:CashEq;cfo=jquants:CFO;debt=yfinance:totalDebt;ebitda=yfinance:ebitda;equity=jquants:Eq;equity_to_assets=jquants:EqAR;shares=jquants:ShOutFY;total_assets=jquants:TA,2026-05-14
2502,"Asahi Group Holdings,Ltd.",1521010086.0,2180.167,2815820000000.0,5577923000000.0,1688457969664.0,84948000000.0,440870993920.0,,158712000000.0,0.504,148363000000.0,EarnForecastRevision,2026-12-31,2027-12-31,yfinance,bps=yfinance:bookValue;cash=jquants:CashEq;cfo=jquants:CFO;debt=yfinance:totalDebt;ebitda=yfinance:ebitda;equity=jquants:Eq;equity_to_assets=jquants:EqAR;shares=jquants:ShOutFY;total_assets=jquants:TA,2026-06-11
2503,"Kirin Holdings Company,Limited",816000000.0,1709.111,1625813000000.0,3408011000000.0,843601018880.0,124053000000.0,401999986688.0,,39659000000.0,0.387,74231000000.0,1QFinancialStatements_Consolidated_IFRS,2026-12-31,,yfinance,bps=yfinance:bookValue;cash=jquants:CashEq;cfo=jquants:CFO;debt=yfinance:totalDebt;ebitda=yfinance:ebitda;equity=jquants:Eq;equity_to_assets=jquants:EqAR;shares=jquants:ShOutFY;total_assets=jquants:TA,2026-05-14
2531,TAKARA HOLDINGS INC.,197252043.0,1344.61,310937000000.0,513801000000.0,71140999168.0,69125000000.0,32430999552.0,,17076000000.0,0.505,17318000000.0,FYFinancialStatements_Consolidated_JP,2027-03-31,2028-03-31,yfinance,bps=jquants:BPS;cash=jquants:CashEq;cfo=jquants:CFO;debt=yfinance:totalDebt;ebitda=yfinance:ebitda;equity=jquants:Eq;equity_to_assets=jquants:EqAR;shares=jquants:ShOutFY;total_assets=jquants:TA,2026-05-13
2579,Coca-Cola Bottlers Japan Holdings Inc.,171268593.0,2248.69,368913000000.0,681531000000.0,173555007488.0,70716000000.0,65334001664.0,,-240000000.0,0.541,8757000000.0,1QFinancialStatements_Consolidated_IFRS,2026-12-31,,yfinance,bps=yfinance:bookValue;cash=jquants:CashEq;cfo=jquants:CFO;debt=yfinance:totalDebt;ebitda=yfinance:ebitda;equity=jquants:Eq;equity_to_assets=jquants:EqAR;shares=jquants:ShOutFY;total_assets=jquants:TA,2026-04-30
2585,"LIFEDRINK COMPANY,INC.",52328609.0,317.02,16449000000.0,47063000000.0,31975999488.0,3561000000.0,8064249856.0,,5326000000.0,0.35,4951000000.0,FYFinancialStatements_Consolidated_JP,2027-03-31,2028-03-31,yfinance,bps=jquants:BPS;cash=jquants:CashEq;cfo=jquants:CFO;debt=yfinance:totalDebt;ebitda=yfinance:ebitda;equity=jquants:Eq;equity_to_assets=jquants:EqAR;shares=jquants:ShOutFY;total_assets=jquants:TA,2026-05-15
2587,Suntory Beverage & Food Limited,309000000.0,4382.73,1430078000000.0,2180502000000.0,16012999680.0,132417000000.0,231982006272.0,,27238000000.0,0.603,20637000000.0,1QFinancialStatements_Consolidated_IFRS,2026-12-31,,yfinance,bps=yfinance:bookValue;cash=jquants:CashEq;cfo=jquants:CFO;debt=yfinance:totalDebt;ebitda=yfinance:ebitda;equity=jquants:Eq;equity_to_assets=jquants:EqAR;shares=jquants:ShOutFY;total_assets=jquants:TA,2026-05-13
2590,"DyDo GROUP HOLDINGS,INC.",33137000.0,2179.092,65995000000.0,157465000000.0,31670999040.0,32398999552.0,18708000768.0,,1556000000.0,0.416,,1QFinancialStatements_Consolidated_JP,2027-01-20,,yfinance,bps=yfinance:bookValue;cash=yfinance:totalCash;debt=yfinance:totalDebt;ebitda=yfinance:ebitda;equity=jquants:Eq;equity_to_assets=jquants:EqAR;shares=jquants:ShOutFY;total_assets=jquants:TA,2026-05-26
2593,"ITO EN,LTD.",85212380.0,1527.27,177951000000.0,342667000000.0,74233004032.0,71080000000.0,32867500032.0,,21684000000.0,0.514,11301000000.0,FYFinancialStatements_Consolidated_JP,2027-04-30,2028-04-30,yfinance,bps=jquants:BPS;cash=jquants:CashEq;cfo=jquants:CFO;debt=yfinance:totalDebt;ebitda=yfinance:ebitda;equity=jquants:Eq;equity_to_assets=jquants:EqAR;shares=jquants:ShOutFY;total_assets=jquants:TA,2026-06-01
2602,"The Nisshin OilliO Group,Ltd.",101148771.0,2298.24,222004000000.0,451185000000.0,122593001472.0,24953000000.0,31530999808.0,,17027000000.0,0.466,10460000000.0,FYFinancialStatements_Consolidated_JP,2027-03-31,2028-03-31,yfinance,bps=jquants:BPS;cash=jquants:CashEq;cfo=jquants:CFO;debt=yfinance:totalDebt;ebitda=yfinance:ebitda;equity=jquants:Eq;equity_to_assets=jquants:EqAR;shares=jquants:ShOutFY;total_assets=jquants:TA,2026-05-12
2607,"FUJI OIL CO.,LTD.",87569383.0,2793.12,244477000000.0,636933000000.0,287403999232.0,46811000000.0,56127000576.0,,29822000000.0,0.377,54840000000.0,FYFinancialStatements_Consolidated_IFRS,2027-03-31,2028-03-31,yfinance,bps=jquants:BPS;cash=jquants:CashEq;cfo=jquants:CFO;debt=yfinance:totalDebt;ebitda=yfinance:ebitda;equity=jquants:Eq;equity_to_assets=jquants:EqAR;shares=jquants:ShOutFY;total_assets=jquants:TA,2026-05-12
2659,"SAN-A CO.,LTD.",63963308.0,2529.03,160958000000.0,217274000000.0,0.0,79534000000.0,24514250752.0,,17070000000.0,0.72,31617000000.0,FYFinancialStatements_Consolidated_JP,2027-02-28,2028-02-28,yfinance,bps=jquants:BPS;cash=jquants:CashEq;cfo=jquants:CFO;debt=yfinance:totalDebt;ebitda=yfinance:ebitda;equity=jquants:Eq;equity_to_assets=jquants:EqAR;shares=jquants:ShOutFY;total_assets=jquants:TA,2026-04-07
2664,CAWACHI LIMITED,24583420.0,5188.27,115928000000.0,199614000000.0,16513000448.0,38112000000.0,11389500416.0,,6779000000.0,0.58,8865000000.0,FYFinancialStatements_Consolidated_JP,2027-03-15,2028-03-15,yfinance,bps=jquants:BPS;cash=jquants:CashEq;cfo=jquants:CFO;debt=yfinance:totalDebt;ebitda=yfinance:ebitda;equity=jquants:Eq;equity_to_assets=jquants:EqAR;shares=jquants:ShOutFY;total_assets=jquants:TA,2026-04-28
2670,"ABC-MART,INC.",247618938.0,1607.64,401000000000.0,455202000000.0,4406000128.0,207174000000.0,71395500032.0,,63287000000.0,0.875,41814000000.0,FYFinancialStatements_Consolidated_JP,2027-02-28,2028-02-28,yfinance,bps=jquants:BPS;cash=jquants:CashEq;cfo=jquants:CFO;debt=yfinance:totalDebt;ebitda=yfinance:ebitda;equity=jquants:Eq;equity_to_assets=jquants:EqAR;shares=jquants:ShOutFY;total_assets=jquants:TA,2026-04-08
2678,ASKUL Corporation,89771300.0,533.923,59441000000.0,222065000000.0,70353002496.0,49433000000.0,-4822000128.0,,-12484000000.0,0.251,9776000000.0,3QFinancialStatements_Consolidated_JP,2026-05-20,,yfinance,bps=yfinance:bookValue;cash=jquants:CashEq;cfo=jquants:CFO;debt=yfinance:totalDebt;ebitda=yfinance:ebitda;equity=jquants:Eq;equity_to_assets=jquants:EqAR;shares=jquants:ShOutFY;total_assets=jquants:TA,2026-03-27
2681,GEO HOLDINGS CORPORATION,39783552.0,2463.88,98190000000.0,295211000000.0,149548007424.0,91747000000.0,26395000832.0,,14239000000.0,0.332,19475000000.0,FYFinancialStatements_Consolidated_JP,2027-03-31,2028-03-31,yfinance,bps=jquants:BPS;cash=jquants:CashEq;cfo=jquants:CFO;debt=yfinance:totalDebt;ebitda=yfinance:ebitda;equity=jquants:Eq;equity_to_assets=jquants:EqAR;shares=jquants:ShOutFY;total_assets=jquants:TA,2026-05-08
2685,"and ST HD Co.,Ltd.",48800000.0,1765.62,81823000000.0,139688000000.0,6000000000.0,24820000000.0,32669999104.0,,16524000000.0,0.583,20566000000.0,FYFinancialStatements_Consolidated_JP,2027-02-28,2028-02-28,yfinance,bps=jquants:BPS;cash=jquants:CashEq;cfo=jquants:CFO;debt=yfinance:totalDebt;ebitda=yfinance:ebitda;equity=jquants:Eq;equity_to_assets=jquants:EqAR;shares=jquants:ShOutFY;total_assets=jquants:TA,2026-04-06
268A,Rigaku Holdings Corporation,226402700.0,393.794,87428000000.0,182465000000.0,66925998080.0,25691000000.0,19680999424.0,,630000000.0,0.479,2295000000.0,1QFinancialStatements_Consolidated_IFRS,2026-12-31,,yfinance,bps=yfinance:bookValue;cash=jquants:CashEq;cfo=jquants:CFO;debt=yfinance:totalDebt;ebitda=yfinance:ebitda;equity=jquants:Eq;equity_to_assets=jquants:EqAR;shares=jquants:ShOutFY;total_assets=jquants:TA,2026-05-13
2695,"Kura Sushi,Inc.",82799200.0,848.7,89626000000.0,164369000000.0,41066999808.0,21302000000.0,16023000064.0,,2476000000.0,0.391,7320000000.0,2QFinancialStatements_Consolidated_JP,2026-10-31,,yfinance,bps=yfinance:bookValue;cash=jquants:CashEq;cfo=jquants:CFO;debt=yfinance:totalDebt;ebitda=yfinance:ebitda;equity=jquants:Eq;equity_to_assets=jquants:EqAR;shares=jquants:ShOutFY;total_assets=jquants:TA,2026-06-12
2702,"McDonald's Holdings Company(Japan),Ltd.",132960000.0,2201.173,284019000000.0,351375000000.0,77000000.0,71634001920.0,75806998528.0,,16640000000.0,,,,2026-12-31,,yfinance,bps=yfinance:bookValue;cash=yfinance:totalCash;debt=yfinance:totalDebt;ebitda=yfinance:ebitda;equity=jquants:Eq;shares=jquants:ShOutFY;total_assets=jquants:TA,2026-05-12
2726,"PAL GROUP Holdings CO.,LTD",185088000.0,481.14,86167000000.0,164496000000.0,13290000384.0,96264000000.0,30565500928.0,,27144000000.0,0.508,21332000000.0,FYFinancialStatements_Consolidated_JP,2027-02-28,2028-02-28,yfinance,bps=jquants:BPS;cash=jquants:CashEq;cfo=jquants:CFO;debt=yfinance:totalDebt;ebitda=yfinance:ebitda;equity=jquants:Eq;equity_to_assets=jquants:EqAR;shares=jquants:ShOutFY;total_assets=jquants:TA,2026-04-07
2730,EDION Corporation,112005636.0,2217.06,234957000000.0,433550000000.0,59821998080.0,8958000000.0,43652001792.0,,25782000000.0,0.541,30834000000.0,FYFinancialStatements_Consolidated_JP,2027-03-31,2028-03-31,yfinance,bps=jquants:BPS;cash=jquants:CashEq;cfo=jquants:CFO;debt=yfinance:totalDebt;ebitda=yfinance:ebitda;equity=jquants:Eq;equity_to_assets=jquants:EqAR;shares=jquants:ShOutFY;total_assets=jquants:TA,2026-05-11
2733,ARATA CORPORATION,36057424.0,3707.92,124162000000.0,347880000000.0,58533998592.0,38623000000.0,17121500160.0,,13207000000.0,0.357,18694000000.0,FYFinancialStatements_Consolidated_JP,2027-03-31,2028-03-31,yfinance,bps=jquants:BPS;cash=jquants:CashEq;cfo=jquants:CFO;debt=yfinance:totalDebt;ebitda=yfinance:ebitda;equity=jquants:Eq;equity_to_assets=jquants:EqAR;shares=jquants:ShOutFY;total_assets=jquants:TA,2026-05-14
2749,"JP-HOLDINGS,INC.",87849400.0,267.77,22935000000.0,38209000000.0,4549345792.0,22619000000.0,7567254016.0,,6533000000.0,0.6,6268000000.0,FYFinancialStatements_Consolidated_JP,2027-03-31,2028-03-31,yfinance,bps=jquants:BPS;cash=jquants:CashEq;cfo=jquants:CFO;debt=yfinance:totalDebt;ebitda=yfinance:ebitda;equity=jquants:Eq;equity_to_assets=jquants:EqAR;shares=jquants:ShOutFY;total_assets=jquants:TA,2026-05-13
2752,FUJIO FOOD GROUP INC.,51267537.0,166.221,8769000000.0,23934000000.0,7800000000.0,7295000064.0,1159000064.0,,277000000.0,0.366,,1QFinancialStatements_Consolidated_JP,2026-12-31,,yfinance,bps=yfinance:bookValue;cash=yfinance:totalCash;debt=yfinance:totalDebt;ebitda=yfinance:ebitda;equity=jquants:Eq;equity_to_assets=jquants:EqAR;shares=jquants:ShOutFY;total_assets=jquants:TA,2026-05-15
2760,TOKYO ELECTRON DEVICE LIMITED,31336500.0,1793.95,53756000000.0,162211000000.0,33529999360.0,7622000000.0,13930999808.0,,10253000000.0,0.326,15684000000.0,FYFinancialStatements_Consolidated_JP,2027-03-31,2028-03-31,yfinance,bps=jquants:BPS;cash=jquants:CashEq;cfo=jquants:CFO;debt=yfinance:totalDebt;ebitda=yfinance:ebitda;equity=jquants:Eq;equity_to_assets=jquants:EqAR;shares=jquants:ShOutFY;total_assets=jquants:TA,2026-04-27
2767,TSUBURAYA FIELDS HOLDINGS INC.,65429150.0,977.58,66187000000.0,103360000000.0,8481999872.0,30835000000.0,18932000768.0,,17455000000.0,0.589,7477000000.0,FYFinancialStatements_Consolidated_JP,2027-03-31,2028-03-31,yfinance,bps=jquants:BPS;cash=jquants:CashEq;cfo=jquants:CFO;debt=yfinance:totalDebt;ebitda=yfinance:ebitda;equity=jquants:Eq;equity_to_assets=jquants:EqAR;shares=jquants:ShOutFY;total_assets=jquants:TA,2026-05-12
2768,Sojitz Corporation,210000000.0,5240.64,1153800000000.0,3648023000000.0,1528764956672.0,245145000000.0,109223002112.0,,,0.299,16759000000.0,FYFinancialStatements_Consolidated_IFRS,2027-03-31,2028-03-31,yfinance,bps=jquants:BPS;cash=jquants:CashEq;cfo=jquants:CFO;debt=yfinance:totalDebt;ebitda=yfinance:ebitda;equity=jquants:Eq;equity_to_assets=jquants:EqAR;shares=jquants:ShOutFY;total_assets=jquants:TA,2026-05-01
2784,Alfresa Holdings Corporation,191300000.0,2792.01,507903000000.0,1507016000000.0,30000001024.0,190684000000.0,49732251648.0,,36164000000.0,0.337,38566000000.0,FYFinancialStatements_Consolidated_JP,2027-03-31,2028-03-31,yfinance,bps=jquants:BPS;cash=jquants:CashEq;cfo=jquants:CFO;debt=yfinance:totalDebt;ebitda=yfinance:ebitda;equity=jquants:Eq;equity_to_assets=jquants:EqAR;shares=jquants:ShOutFY;total_assets=jquants:TA,2026-05-15
2791,"DAIKOKUTENBUSSAN CO.,LTD.",14502400.0,4555.048,60347000000.0,129430000000.0,36118999040.0,14031000000.0,15082000384.0,,4261000000.0,0.465,1933000000.0,3QFinancialStatements_Consolidated_JP,2026-05-31,,yfinance,bps=yfinance:bookValue;cash=jquants:CashEq;cfo=jquants:CFO;debt=yfinance:totalDebt;ebitda=yfinance:ebitda;equity=jquants:Eq;equity_to_assets=jquants:EqAR;shares=jquants:ShOutFY;total_assets=jquants:TA,2026-04-10
2801,KIKKOMAN CORPORATION,969416010.0,605.4,568841000000.0,751660000000.0,61588000768.0,111770000000.0,109721247744.0,,75940000000.0,0.746,90508000000.0,FYFinancialStatements_Consolidated_IFRS,2027-03-31,2028-03-31,yfinance,bps=jquants:BPS;cash=jquants:CashEq;cfo=jquants:CFO;debt=yfinance:totalDebt;ebitda=yfinance:ebitda;equity=jquants:Eq;equity_to_assets=jquants:EqAR;shares=jquants:ShOutFY;total_assets=jquants:TA,2026-04-24
2802,"Ajinomoto Co.,Inc.",977735616.0,804.24,844275000000.0,1812346000000.0,561918967808.0,106693000000.0,289635008512.0,,199412000000.0,0.425,239351000000.0,FYFinancialStatements_Consolidated_IFRS,2027-03-31,2028-03-31,yfinance,bps=jquants:BPS;cash=jquants:CashEq;cfo=jquants:CFO;debt=yfinance:totalDebt;ebitda=yfinance:ebitda;equity=jquants:Eq;equity_to_assets=jquants:EqAR;shares=jquants:ShOutFY;total_assets=jquants:TA,2026-05-07
2809,Kewpie Corporation,141500000.0,2385.878,349658000000.0,483161000000.0,25237999616.0,77981999104.0,57189998592.0,,7810000000.0,0.672,,1QFinancialStatements_Consolidated_JP,2026-11-30,,yfinance,bps=yfinance:bookValue;cash=yfinance:totalCash;debt=yfinance:totalDebt;ebitda=yfinance:ebitda;equity=jquants:Eq;equity_to_assets=jquants:EqAR;shares=jquants:ShOutFY;total_assets=jquants:TA,2026-04-09
2810,House Foods Group Inc.,98498416.0,3223.48,322715000000.0,437275000000.0,18804000768.0,94803000000.0,31730249728.0,,18246000000.0,0.67,24474000000.0,FYFinancialStatements_Consolidated_JP,2027-03-31,2028-03-31,yfinance,bps=jquants:BPS;cash=jquants:CashEq;cfo=jquants:CFO;debt=yfinance:totalDebt;ebitda=yfinance:ebitda;equity=jquants:Eq;equity_to_assets=jquants:EqAR;shares=jquants:ShOutFY;total_assets=jquants:TA,2026-05-11
2811,"KAGOME CO.,LTD.",91132844.0,2133.458,213320000000.0,359957000000.0,67410001920.0,15235000000.0,33134999552.0,,4124000000.0,0.526,9150000000.0,1QFinancialStatements_Consolidated_IFRS,2026-12-31,,yfinance,bps=yfinance:bookValue;cash=jquants:CashEq;cfo=jquants:CFO;debt=yfinance:totalDebt;ebitda=yfinance:ebitda;equity=jquants:Eq;equity_to_assets=jquants:EqAR;shares=jquants:ShOutFY;total_assets=jquants:TA,2026-05-11
2815,"ARIAKE JAPAN Co.,Ltd.",32808683.0,4186.12,134749000000.0,151051000000.0,8247000.0,53641000000.0,13940647936.0,,11782000000.0,0.883,9055000000.0,FYFinancialStatements_Consolidated_JP,2027-03-31,2028-03-31,yfinance,bps=jquants:BPS;cash=jquants:CashEq;cfo=jquants:CFO;debt=yfinance:totalDebt;ebitda=yfinance:ebitda;equity=jquants:Eq;equity_to_assets=jquants:EqAR;shares=jquants:ShOutFY;total_assets=jquants:TA,2026-05-13
285A,Kioxia Holdings Corporation,546086290.0,2561.74,1399079000000.0,3690071000000.0,837830967296.0,470707000000.0,2368695959552.0,,870369000000.0,0.379,616540000000.0,FYFinancialStatements_Consolidated_IFRS,2027-03-31,2028-03-31,yfinance,bps=jquants:BPS;cash=jquants:CashEq;cfo=jquants:CFO;debt=yfinance:totalDebt;ebitda=yfinance:ebitda;equity=jquants:Eq;equity_to_assets=jquants:EqAR;shares=jquants:ShOutFY;total_assets=jquants:TA,2026-05-15
2871,NICHIREI CORPORATION,256984963.0,1142.56,304438000000.0,557242000000.0,152851005440.0,51538000000.0,60095500288.0,,38999000000.0,0.514,48746000000.0,FYFinancialStatements_Consolidated_JP,2026-12-31,2027-12-31,yfinance,bps=jquants:BPS;cash=jquants:CashEq;cfo=jquants:CFO;debt=yfinance:totalDebt;ebitda=yfinance:ebitda;equity=jquants:Eq;equity_to_assets=jquants:EqAR;shares=jquants:ShOutFY;total_assets=jquants:TA,2026-05-12
2874,"YOKOREI CO.,LTD.",59222784.0,1450.89,87765000000.0,216950000000.0,108102000640.0,3143000000.0,15518000128.0,,4106000000.0,0.396,9724000000.0,2QFinancialStatements_Consolidated_JP,2026-09-30,,yfinance,bps=jquants:BPS;cash=jquants:CashEq;cfo=jquants:CFO;debt=yfinance:totalDebt;ebitda=yfinance:ebitda;equity=jquants:Eq;equity_to_assets=jquants:EqAR;shares=jquants:ShOutFY;total_assets=jquants:TA,2026-05-15
2875,"TOYO SUISAN KAISHA,LTD.",110881044.0,5453.98,543927000000.0,642877000000.0,3150000128.0,35687000000.0,108836503552.0,,85799000000.0,0.826,85161000000.0,FYFinancialStatements_Consolidated_JP,2027-03-31,2028-03-31,yfinance,bps=jquants:BPS;cash=jquants:CashEq;cfo=jquants:CFO;debt=yfinance:totalDebt;ebitda=yfinance:ebitda;equity=jquants:Eq;equity_to_assets=jquants:EqAR;shares=jquants:ShOutFY;total_assets=jquants:TA,2026-05-15
2897,"NISSIN FOODS HOLDINGS CO.,LTD.",297584500.0,1801.61,559817000000.0,981195000000.0,198429999104.0,98334000000.0,88181997568.0,,62330000000.0,0.527,80431000000.0,FYFinancialStatements_Consolidated_IFRS,2027-03-31,2028-03-31,yfinance,bps=jquants:BPS;cash=jquants:CashEq;cfo=jquants:CFO;debt=yfinance:totalDebt;ebitda=yfinance:ebitda;equity=jquants:Eq;equity_to_assets=jquants:EqAR;shares=jquants:ShOutFY;total_assets=jquants:TA,2026-05-13
2914,JAPAN TOBACCO INC.,2000000000.0,2301.32,4114889000000.0,8351210000000.0,1676771983360.0,694622000000.0,1193064005632.0,,304554000000.0,0.489,39597000000.0,1QFinancialStatements_Consolidated_IFRS,2026-12-31,,yfinance,bps=jquants:BPS;cash=jquants:CashEq;cfo=jquants:CFO;debt=yfinance:totalDebt;ebitda=yfinance:ebitda;equity=jquants:Eq;equity_to_assets=jquants:EqAR;shares=jquants:ShOutFY;total_assets=jquants:TA,2026-05-08
2918,"WARABEYA NICHIYO HOLDINGS CO.,LTD.",17625660.0,3431.29,62131000000.0,131735000000.0,33952000000.0,10378000000.0,13957749760.0,,7441000000.0,0.451,16960000000.0,FYFinancialStatements_Consolidated_JP,2027-02-28,2028-02-28,yfinance,bps=jquants:BPS;cash=jquants:CashEq;cfo=jquants:CFO;debt=yfinance:totalDebt;ebitda=yfinance:ebitda;equity=jquants:Eq;equity_to_assets=jquants:EqAR;shares=jquants:ShOutFY;total_assets=jquants:TA,2026-04-08
2931,"Euglena Co.,Ltd.",139273056.0,237.841,30799000000.0,70658000000.0,23061000192.0,17173999616.0,6672000000.0,,837000000.0,0.464,,1QFinancialStatements_Consolidated_JP,2026-12-31,,yfinance,bps=yfinance:bookValue;cash=yfinance:totalCash;debt=yfinance:totalDebt;ebitda=yfinance:ebitda;equity=jquants:Eq;equity_to_assets=jquants:EqAR;shares=jquants:ShOutFY;total_assets=jquants:TA,2026-05-14
3002,GUNZE LIMITED,31587032.0,3565.39,113746000000.0,153612000000.0,19409999872.0,9936000000.0,14075499520.0,,4882000000.0,0.728,17271000000.0,FYFinancialStatements_Consolidated_JP,2027-03-31,2028-03-31,yfinance,bps=jquants:BPS;cash=jquants:CashEq;cfo=jquants:CFO;debt=yfinance:totalDebt;ebitda=yfinance:ebitda;equity=jquants:Eq;equity_to_assets=jquants:EqAR;shares=jquants:ShOutFY;total_assets=jquants:TA,2026-05-14
3003,"Hulic Co.,Ltd.",767907735.0,1197.03,941401000000.0,3552936000000.0,2275306897408.0,156196995072.0,222766006272.0,,31171000000.0,0.255,,1QFinancialStatements_Consolidated_JP,2026-12-31,,yfinance,bps=jquants:BPS;cash=yfinance:totalCash;debt=yfinance:totalDebt;ebitda=yfinance:ebitda;equity=jquants:Eq;equity_to_assets=jquants:EqAR;shares=jquants:ShOutFY;total_assets=jquants:TA,2026-04-27
3028,"Alpen Co.,Ltd.",38888000.0,3194.99,119811000000.0,224015000000.0,13809999872.0,13453000000.0,14474999808.0,,4466000000.0,0.535,1896000000.0,DividendForecastRevision,2027-06-30,2028-06-30,yfinance,bps=jquants:BPS;cash=jquants:CashEq;cfo=jquants:CFO;debt=yfinance:totalDebt;ebitda=yfinance:ebitda;equity=jquants:Eq;equity_to_assets=jquants:EqAR;shares=jquants:ShOutFY;total_assets=jquants:TA,2026-06-10
3034,"Qol Holdings Co.,Ltd.",38902785.0,1528.91,59840000000.0,158116000000.0,38306000896.0,20988000000.0,27505000448.0,,14811000000.0,0.363,18665000000.0,FYFinancialStatements_Consolidated_JP,2027-03-31,2028-03-31,yfinance,bps=jquants:BPS;cash=jquants:CashEq;cfo=jquants:CFO;debt=yfinance:totalDebt;ebitda=yfinance:ebitda;equity=jquants:Eq;equity_to_assets=jquants:EqAR;shares=jquants:ShOutFY;total_assets=jquants:TA,2026-05-14
3036,ALCONIX CORPORATION,31125300.0,2635.52,79942000000.0,222427000000.0,69116002304.0,20813000000.0,17691500544.0,,9743000000.0,0.356,2424000000.0,FYFinancialStatements_Consolidated_JP,2027-03-31,2028-03-31,yfinance,bps=jquants:BPS;cash=jquants:CashEq;cfo=jquants:CFO;debt=yfinance:totalDebt;ebitda=yfinance:ebitda;equity=jquants:Eq;equity_to_assets=jquants:EqAR;shares=jquants:ShOutFY;total_assets=jquants:TA,2026-05-15
3038,"KOBE BUSSAN CO.,LTD.",273600000.0,756.68,172329000000.0,269421000000.0,28576999424.0,138938007552.0,48233000960.0,,21037000000.0,0.623,,2QFinancialStatements_Consolidated_JP,2026-10-31,,yfinance,bps=jquants:BPS;cash=yfinance:totalCash;debt=yfinance:totalDebt;ebitda=yfinance:ebitda;equity=jquants:Eq;equity_to_assets=jquants:EqAR;shares=jquants:ShOutFY;total_assets=jquants:TA,2026-06-12
3046,JINS HOLDINGS Inc.,23980000.0,1528.856,33885000000.0,60021000000.0,7774000128.0,10323999744.0,15196499968.0,,4932000000.0,0.565,,2QFinancialStatements_Consolidated_JP,2026-08-31,,yfinance,bps=yfinance:bookValue;cash=yfinance:totalCash;debt=yfinance:totalDebt;ebitda=yfinance:ebitda;equity=jquants:Eq;equity_to_assets=jquants:EqAR;shares=jquants:ShOutFY;total_assets=jquants:TA,2026-04-10
3048,BIC CAMERA INC.,188146304.0,1064.298,221400000000.0,513376000000.0,98423996416.0,56334000000.0,50121498624.0,,18727000000.0,0.345,6613000000.0,2QFinancialStatements_Consolidated_JP,2026-08-31,,yfinance,bps=yfinance:bookValue;cash=jquants:CashEq;cfo=jquants:CFO;debt=yfinance:totalDebt;ebitda=yfinance:ebitda;equity=jquants:Eq;equity_to_assets=jquants:EqAR;shares=jquants:ShOutFY;total_assets=jquants:TA,2026-04-10
3050,"DCM Holdings Co.,Ltd.",146500000.0,2154.31,298177000000.0,670854000000.0,252192997376.0,85094000000.0,48590749696.0,,31014000000.0,0.444,36541000000.0,FYFinancialStatements_Consolidated_JP,2027-02-28,2028-02-28,yfinance,bps=jquants:BPS;cash=jquants:CashEq;cfo=jquants:CFO;debt=yfinance:totalDebt;ebitda=yfinance:ebitda;equity=jquants:Eq;equity_to_assets=jquants:EqAR;shares=jquants:ShOutFY;total_assets=jquants:TA,2026-04-14
3064,"MonotaRO Co.,Ltd.",501361000.0,245.626,115378000000.0,183805000000.0,20963000320.0,41334001664.0,57922998272.0,,13170000000.0,0.627,,1QFinancialStatements_Consolidated_JP,2026-12-31,,yfinance,bps=yfinance:bookValue;cash=yfinance:totalCash;debt=yfinance:totalDebt;ebitda=yfinance:ebitda;equity=jquants:Eq;equity_to_assets=jquants:EqAR;shares=jquants:ShOutFY;total_assets=jquants:TA,2026-05-07
3076,Ai Holdings Corporation,56590410.0,2146.71,114362000000.0,144057000000.0,793000000.0,50883000000.0,13568000000.0,,8719000000.0,0.792,4496000000.0,DividendForecastRevision,2027-06-30,2028-06-30,yfinance,bps=jquants:BPS;cash=jquants:CashEq;cfo=jquants:CFO;debt=yfinance:totalDebt;ebitda=yfinance:ebitda;equity=jquants:Eq;equity_to_assets=jquants:EqAR;shares=jquants:ShOutFY;total_assets=jquants:TA,2026-05-15
3086,"J.FRONT RETAILING Co.,Ltd.",270565764.0,1671.35,428022000000.0,1141567000000.0,353434992640.0,36099000000.0,91306999808.0,,49015000000.0,0.364,66992000000.0,FYFinancialStatements_Consolidated_IFRS,2027-02-28,2028-02-28,yfinance,bps=jquants:BPS;cash=jquants:CashEq;cfo=jquants:CFO;debt=yfinance:totalDebt;ebitda=yfinance:ebitda;equity=jquants:Eq;equity_to_assets=jquants:EqAR;shares=jquants:ShOutFY;total_assets=jquants:TA,2026-04-14
3087,"DOUTOR・NICHIRES Holdings Co.,Ltd.",45609761.0,2502.93,105554000000.0,136519000000.0,1876999936.0,26822000000.0,15830250496.0,,10150000000.0,0.77,7021000000.0,FYFinancialStatements_Consolidated_JP,2027-02-28,2028-02-28,yfinance,bps=jquants:BPS;cash=jquants:CashEq;cfo=jquants:CFO;debt=yfinance:totalDebt;ebitda=yfinance:ebitda;equity=jquants:Eq;equity_to_assets=jquants:EqAR;shares=jquants:ShOutFY;total_assets=jquants:TA,2026-04-14
3088,MatsukiyoCocokara & Co.,410275830.0,1365.78,544451000000.0,755831000000.0,1516000000.0,119670000000.0,110544248832.0,,84935000000.0,0.719,73201000000.0,FYFinancialStatements_Consolidated_JP,2027-03-31,2028-03-31,yfinance,bps=jquants:BPS;cash=jquants:CashEq;cfo=jquants:CFO;debt=yfinance:totalDebt;ebitda=yfinance:ebitda;equity=jquants:Eq;equity_to_assets=jquants:EqAR;shares=jquants:ShOutFY;total_assets=jquants:TA,2026-05-13
3091,"BRONCO BILLY Co.,LTD.",15079000.0,767.108,22207000000.0,27108000000.0,428000000.0,10417999872.0,4597000192.0,,1031000000.0,0.817,,DividendForecastRevision,2027-12-31,2028-12-31,yfinance,bps=yfinance:bookValue;cash=yfinance:totalCash;debt=yfinance:totalDebt;ebitda=yfinance:ebitda;equity=jquants:Eq;equity_to_assets=jquants:EqAR;shares=jquants:ShOutFY;total_assets=jquants:TA,2026-06-12
3092,"ZOZO,Inc.",892032372.0,120.76,106789000000.0,198260000000.0,20073000960.0,69422000000.0,78632247296.0,,69366000000.0,0.539,52531000000.0,FYFinancialStatements_Consolidated_JP,2027-03-31,2028-03-31,yfinance,bps=jquants:BPS;cash=jquants:CashEq;cfo=jquants:CFO;debt=yfinance:totalDebt;ebitda=yfinance:ebitda;equity=jquants:Eq;equity_to_assets=jquants:EqAR;shares=jquants:ShOutFY;total_assets=jquants:TA,2026-04-30
3097,The Monogatari Corporation,39202981.0,1227.904,44309000000.0,84435000000.0,17423998976.0,16993000448.0,18329999360.0,,9125000000.0,0.523,,3QFinancialStatements_Consolidated_JP,2026-06-30,,yfinance,bps=yfinance:bookValue;cash=yfinance:totalCash;debt=yfinance:totalDebt;ebitda=yfinance:ebitda;equity=jquants:Eq;equity_to_assets=jquants:EqAR;shares=jquants:ShOutFY;total_assets=jquants:TA,2026-05-08
3099,Isetan Mitsukoshi Holdings Ltd.,367446554.0,1764.68,620156000000.0,1217975000000.0,72291999744.0,77343000000.0,107723497472.0,,80020000000.0,0.508,90655000000.0,FYFinancialStatements_Consolidated_JP,2027-03-31,2028-03-31,yfinance,bps=jquants:BPS;cash=jquants:CashEq;cfo=jquants:CFO;debt=yfinance:totalDebt;ebitda=yfinance:ebitda;equity=jquants:Eq;equity_to_assets=jquants:EqAR;shares=jquants:ShOutFY;total_assets=jquants:TA,2026-05-13
3101,"TOYOBO CO.,LTD.",89048792.0,2417.3,251995000000.0,627667000000.0,255819005952.0,30128000000.0,54584250368.0,,27906000000.0,0.34,45032000000.0,FYFinancialStatements_Consolidated_JP,2027-03-31,2028-03-31,yfinance,bps=jquants:BPS;cash=jquants:CashEq;cfo=jquants:CFO;debt=yfinance:totalDebt;ebitda=yfinance:ebitda;equity=jquants:Eq;equity_to_assets=jquants:EqAR;shares=jquants:ShOutFY;total_assets=jquants:TA,2026-05-12
3105,Nisshinbo Holdings Inc.,169328839.0,1457.942,333021000000.0,692271000000.0,163294003200.0,42433998848.0,30924500992.0,,20316000000.0,0.438,,1QFinancialStatements_Consolidated_JP,2026-12-31,,yfinance,bps=yfinance:bookValue;cash=yfinance:totalCash;debt=yfinance:totalDebt;ebitda=yfinance:ebitda;equity=jquants:Eq;equity_to_assets=jquants:EqAR;shares=jquants:ShOutFY;total_assets=jquants:TA,2026-05-12
3106,KURABO INDUSTRIES LTD.,17000000.0,8266.72,133674000000.0,201844000000.0,7390000128.0,15499000000.0,14855999488.0,,9182000000.0,0.655,14586000000.0,FYFinancialStatements_Consolidated_JP,2027-03-31,2028-03-31,yfinance,bps=jquants:BPS;cash=jquants:CashEq;cfo=jquants:CFO;debt=yfinance:totalDebt;ebitda=yfinance:ebitda;equity=jquants:Eq;equity_to_assets=jquants:EqAR;shares=jquants:ShOutFY;total_assets=jquants:TA,2026-05-14
3107,"Daiwabo Holdings Co.,Ltd.",88479028.0,1954.0,169829000000.0,462072000000.0,36767997952.0,43852000000.0,44057001984.0,,44169000000.0,0.368,14569000000.0,FYFinancialStatements_Consolidated_JP,2027-03-31,2028-03-31,yfinance,bps=jquants:BPS;cash=jquants:CashEq;cfo=jquants:CFO;debt=yfinance:totalDebt;ebitda=yfinance:ebitda;equity=jquants:Eq;equity_to_assets=jquants:EqAR;shares=jquants:ShOutFY;total_assets=jquants:TA,2026-05-13
3110,"NITTO BOSEKI CO.,LTD.",182025600.0,973.715,173594000000.0,283038000000.0,49267998720.0,45475999744.0,34105999360.0,,,,,DividendForecastRevision,2028-03-31,2029-03-31,yfinance,bps=yfinance:bookValue;cash=yfinance:totalCash;debt=yfinance:totalDebt;ebitda=yfinance:ebitda;equity=yfinance:bs:Stockholders Equity;shares=yfinance:sharesOutstanding;total_assets=yfinance:bs:Total Assets,2026-05-25
3116,TOYOTA BOSHOKU CORPORATION,187665738.0,2716.1,529068000000.0,1182385000000.0,179211993088.0,278507000000.0,107990999040.0,,53948000000.0,0.41,142965000000.0,FYFinancialStatements_Consolidated_IFRS,2027-03-31,2028-03-31,yfinance,bps=jquants:BPS;cash=jquants:CashEq;cfo=jquants:CFO;debt=yfinance:totalDebt;ebitda=yfinance:ebitda;equity=jquants:Eq;equity_to_assets=jquants:EqAR;shares=jquants:ShOutFY;total_assets=jquants:TA,2026-04-28
3132,"MACNICA HOLDINGS,INC.",179072146.0,1562.1,289115000000.0,700887000000.0,100238999552.0,54370000000.0,54778998784.0,,41950000000.0,0.398,18774000000.0,FYFinancialStatements_Consolidated_JP,2027-03-31,2028-03-31,yfinance,bps=jquants:BPS;cash=jquants:CashEq;cfo=jquants:CFO;debt=yfinance:totalDebt;ebitda=yfinance:ebitda;equity=jquants:Eq;equity_to_assets=jquants:EqAR;shares=jquants:ShOutFY;total_assets=jquants:TA,2026-05-11
3148,"CREATE SD HOLDINGS CO.,LTD.",66819342.0,2388.786,149088000000.0,241428000000.0,1360000000.0,35902000000.0,30525999104.0,,17110000000.0,0.618,10818000000.0,3QFinancialStatements_Consolidated_JP,2026-05-31,,yfinance,bps=yfinance:bookValue;cash=jquants:CashEq;cfo=jquants:CFO;debt=yfinance:totalDebt;ebitda=yfinance:ebitda;equity=jquants:Eq;equity_to_assets=jquants:EqAR;shares=jquants:ShOutFY;total_assets=jquants:TA,2026-04-06
3167,TOKAI Holdings Corporation,139679977.0,790.37,104462000000.0,219586000000.0,48638001152.0,5214000000.0,37134000128.0,,18699000000.0,0.464,27215000000.0,FYFinancialStatements_Consolidated_JP,2027-03-31,2028-03-31,yfinance,bps=jquants:BPS;cash=jquants:CashEq;cfo=jquants:CFO;debt=yfinance:totalDebt;ebitda=yfinance:ebitda;equity=jquants:Eq;equity_to_assets=jquants:EqAR;shares=jquants:ShOutFY;total_assets=jquants:TA,2026-05-08
3182,Oisix ra daichi Inc.,36940000.0,786.67,29069000000.0,108137000000.0,39317000192.0,21091000000.0,13256750080.0,,7339000000.0,0.253,9284000000.0,FYFinancialStatements_Consolidated_JP,2027-03-31,2028-03-31,yfinance,bps=jquants:BPS;cash=jquants:CashEq;cfo=jquants:CFO;debt=yfinance:totalDebt;ebitda=yfinance:ebitda;equity=jquants:Eq;equity_to_assets=jquants:EqAR;shares=jquants:ShOutFY;total_assets=jquants:TA,2026-05-14
3186,"NEXTAGE Co.,Ltd.",80877900.0,1081.653,79646000000.0,228117000000.0,116209999872.0,33340999680.0,33410000896.0,,6024000000.0,0.349,,1QFinancialStatements_Consolidated_JP,2026-11-30,,yfinance,bps=yfinance:bookValue;cash=yfinance:totalCash;debt=yfinance:totalDebt;ebitda=yfinance:ebitda;equity=jquants:Eq;equity_to_assets=jquants:EqAR;shares=jquants:ShOutFY;total_assets=jquants:TA,2026-04-06
3191,"JOYFUL HONDA CO.,LTD.",63784612.0,2097.759,125435000000.0,166196000000.0,9840000000.0,28733000000.0,12072999936.0,,7401000000.0,0.755,3622000000.0,3QFinancialStatements_Consolidated_JP,2026-06-20,,yfinance,bps=yfinance:bookValue;cash=jquants:CashEq;cfo=jquants:CFO;debt=yfinance:totalDebt;ebitda=yfinance:ebitda;equity=jquants:Eq;equity_to_assets=jquants:EqAR;shares=jquants:ShOutFY;total_assets=jquants:TA,2026-05-01
3197,"SKYLARK HOLDINGS CO.,LTD.",227502200.0,856.47,190072000000.0,521157000000.0,137243000832.0,35771000000.0,90307002368.0,,8910000000.0,0.365,16017000000.0,1QFinancialStatements_Consolidated_IFRS,2026-12-31,,yfinance,bps=yfinance:bookValue;cash=jquants:CashEq;cfo=jquants:CFO;debt=yfinance:totalDebt;ebitda=yfinance:ebitda;equity=jquants:Eq;equity_to_assets=jquants:EqAR;shares=jquants:ShOutFY;total_assets=jquants:TA,2026-05-13
3201,"THE JAPAN WOOL TEXTILE CO.,LTD.",74278858.0,2045.49,137584000000.0,199333000000.0,14723000320.0,34147000320.0,17225000960.0,,2268000000.0,0.688,,1QFinancialStatements_Consolidated_JP,2026-11-30,,yfinance,bps=jquants:BPS;cash=yfinance:totalCash;debt=yfinance:totalDebt;ebitda=yfinance:ebitda;equity=jquants:Eq;equity_to_assets=jquants:EqAR;shares=jquants:ShOutFY;total_assets=jquants:TA,2026-04-10
3222,United Super Markets Holdings Inc.,199100691.0,1024.88,200671000000.0,379211000000.0,58203000832.0,32411000000.0,24064999424.0,,5050000000.0,0.529,25603000000.0,FYFinancialStatements_Consolidated_JP,2027-02-28,2028-02-28,yfinance,bps=jquants:BPS;cash=jquants:CashEq;cfo=jquants:CFO;debt=yfinance:totalDebt;ebitda=yfinance:ebitda;equity=jquants:Eq;equity_to_assets=jquants:EqAR;shares=jquants:ShOutFY;total_assets=jquants:TA,2026-04-07
3231,"Nomura Real Estate Holdings,Inc.",917927685.0,938.08,802729000000.0,2811989000000.0,1696530956288.0,36842000000.0,156708503552.0,,138242000000.0,0.285,44906000000.0,FYFinancialStatements_Consolidated_JP,2027-03-31,2028-03-31,yfinance,bps=jquants:BPS;cash=jquants:CashEq;cfo=jquants:CFO;debt=yfinance:totalDebt;ebitda=yfinance:ebitda;equity=jquants:Eq;equity_to_assets=jquants:EqAR;shares=jquants:ShOutFY;total_assets=jquants:TA,2026-04-24
3288,"Open House Group Co.,Ltd.",116735700.0,5327.741,583126000000.0,1509665000000.0,802893987840.0,387562000000.0,167144996864.0,,84398000000.0,0.385,-37155000000.0,2QFinancialStatements_Consolidated_JP,2026-09-30,,yfinance,bps=yfinance:bookValue;cash=jquants:CashEq;cfo=jquants:CFO;debt=yfinance:totalDebt;ebitda=yfinance:ebitda;equity=jquants:Eq;equity_to_assets=jquants:EqAR;shares=jquants:ShOutFY;total_assets=jquants:TA,2026-05-11
3289,Tokyu Fudosan Holdings Corporation,719830974.0,1260.05,916600000000.0,3419052000000.0,1916921053184.0,180546000000.0,250461257728.0,,166882000000.0,0.263,129480000000.0,FYFinancialStatements_Consolidated_JP,2027-03-31,2028-03-31,yfinance,bps=jquants:BPS;cash=jquants:CashEq;cfo=jquants:CFO;debt=yfinance:totalDebt;ebitda=yfinance:ebitda;equity=jquants:Eq;equity_to_assets=jquants:EqAR;shares=jquants:ShOutFY;total_assets=jquants:TA,2026-05-11
3291,"Iida Group Holdings Co.,Ltd.",280379057.0,3694.73,1021560000000.0,2008739000000.0,845823016960.0,390743000000.0,124792250368.0,,94444000000.0,0.508,-97485000000.0,FYFinancialStatements_Consolidated_IFRS,2027-03-31,2028-03-31,yfinance,bps=jquants:BPS;cash=jquants:CashEq;cfo=jquants:CFO;debt=yfinance:totalDebt;ebitda=yfinance:ebitda;equity=jquants:Eq;equity_to_assets=jquants:EqAR;shares=jquants:ShOutFY;total_assets=jquants:TA,2026-05-15
3349,COSMOS Pharmaceutical Corporation,80001600.0,3579.483,274255000000.0,546747000000.0,78476001280.0,43241000000.0,66929000448.0,,32021000000.0,0.502,22149000000.0,3QFinancialStatements_Consolidated_JP,2026-05-31,,yfinance,bps=yfinance:bookValue;cash=jquants:CashEq;cfo=jquants:CFO;debt=yfinance:totalDebt;ebitda=yfinance:ebitda;equity=jquants:Eq;equity_to_assets=jquants:EqAR;shares=jquants:ShOutFY;total_assets=jquants:TA,2026-04-13
3360,"SHIP HEALTHCARE HOLDINGS,INC.",94350134.0,1641.74,152428000000.0,385109000000.0,26539999232.0,78604000000.0,31360999424.0,,24482000000.0,0.392,22078000000.0,FYFinancialStatements_Consolidated_JP,2027-03-31,2028-03-31,yfinance,bps=jquants:BPS;cash=jquants:CashEq;cfo=jquants:CFO;debt=yfinance:totalDebt;ebitda=yfinance:ebitda;equity=jquants:Eq;equity_to_assets=jquants:EqAR;shares=jquants:ShOutFY;total_assets=jquants:TA,2026-05-12
3382,"Seven & i Holdings Co.,Ltd.",2604555849.0,1566.06,3648195000000.0,9142957000000.0,3878661128192.0,426146000000.0,970409967616.0,,422993000000.0,0.396,666736000000.0,FYFinancialStatements_Consolidated_JP,2027-02-28,2028-02-28,yfinance,bps=jquants:BPS;cash=jquants:CashEq;cfo=jquants:CFO;debt=yfinance:totalDebt;ebitda=yfinance:ebitda;equity=jquants:Eq;equity_to_assets=jquants:EqAR;shares=jquants:ShOutFY;total_assets=jquants:TA,2026-04-09
3387,create restaurants holdings inc.,425628568.0,104.0,47888000000.0,139669000000.0,66437001216.0,17497000000.0,26272000000.0,,7944000000.0,0.313,23002000000.0,FYFinancialStatements_Consolidated_IFRS,2027-02-28,2028-02-28,yfinance,bps=jquants:BPS;cash=jquants:CashEq;cfo=jquants:CFO;debt=yfinance:totalDebt;ebitda=yfinance:ebitda;equity=jquants:Eq;equity_to_assets=jquants:EqAR;shares=jquants:ShOutFY;total_assets=jquants:TA,2026-04-14
3391,TSURUHA HOLDINGS INC.,454308990.0,1932.16,895706000000.0,1647981000000.0,202422992896.0,201309000000.0,108533997568.0,,63037000000.0,0.531,84582000000.0,FYFinancialStatements_Consolidated_JP,2027-02-28,2028-02-28,yfinance,bps=jquants:BPS;cash=jquants:CashEq;cfo=jquants:CFO;debt=yfinance:totalDebt;ebitda=yfinance:ebitda;equity=jquants:Eq;equity_to_assets=jquants:EqAR;shares=jquants:ShOutFY;total_assets=jquants:TA,2026-04-09
3395,"Saint Marc Holdings Co.,Ltd.",22941111.0,1468.83,31488000000.0,70453000000.0,19527999488.0,14872000000.0,9948201984.0,,5149000000.0,0.447,8579000000.0,FYFinancialStatements_Consolidated_JP,2027-03-31,2028-03-31,yfinance,bps=jquants:BPS;cash=jquants:CashEq;cfo=jquants:CFO;debt=yfinance:totalDebt;ebitda=yfinance:ebitda;equity=jquants:Eq;equity_to_assets=jquants:EqAR;shares=jquants:ShOutFY;total_assets=jquants:TA,2026-05-13
3397,TORIDOLL Holdings Corporation,88731752.0,1051.11,92356000000.0,309072000000.0,164820992000.0,69888000000.0,51740000256.0,,10578000000.0,0.299,49238000000.0,EarnForecastRevision,2027-03-31,2028-03-31,yfinance,bps=jquants:BPS;cash=jquants:CashEq;cfo=jquants:CFO;debt=yfinance:totalDebt;ebitda=yfinance:ebitda;equity=jquants:Eq;equity_to_assets=jquants:EqAR;shares=jquants:ShOutFY;total_assets=jquants:TA,2026-05-15
3401,TEIJIN LIMITED,197953707.0,1889.22,368631000000.0,920115000000.0,325235998720.0,104474000000.0,128250003456.0,,-70714000000.0,0.396,98654000000.0,FYFinancialStatements_Consolidated_IFRS,2027-03-31,2028-03-31,yfinance,bps=jquants:BPS;cash=jquants:CashEq;cfo=jquants:CFO;debt=yfinance:totalDebt;ebitda=yfinance:ebitda;equity=jquants:Eq;equity_to_assets=jquants:EqAR;shares=jquants:ShOutFY;total_assets=jquants:TA,2026-05-11
3402,"TORAY INDUSTRIES,INC.",1504481403.0,1236.45,1927836000000.0,3476976000000.0,901120000000.0,265295000000.0,250784006144.0,,97221000000.0,0.518,211763000000.0,FYFinancialStatements_Consolidated_IFRS,2027-03-31,2028-03-31,yfinance,bps=jquants:BPS;cash=jquants:CashEq;cfo=jquants:CFO;debt=yfinance:totalDebt;ebitda=yfinance:ebitda;equity=jquants:Eq;equity_to_assets=jquants:EqAR;shares=jquants:ShOutFY;total_assets=jquants:TA,2026-05-13
3405,"KURARAY CO.,LTD.",307963603.0,2508.224,752904000000.0,1316053000000.0,318701010944.0,127321997312.0,146899992576.0,,14870000000.0,0.562,,1QFinancialStatements_Consolidated_JP,2026-12-31,,yfinance,bps=yfinance:bookValue;cash=yfinance:totalCash;debt=yfinance:totalDebt;ebitda=yfinance:ebitda;equity=jquants:Eq;equity_to_assets=jquants:EqAR;shares=jquants:ShOutFY;total_assets=jquants:TA,2026-05-13
3407,ASAHI KASEI CORPORATION,1365751932.0,1539.66,2165647000000.0,4137943000000.0,1248968966144.0,372068000000.0,460487000064.0,,231200000000.0,0.505,303104000000.0,FYFinancialStatements_Consolidated_JP,2027-03-31,2028-03-31,yfinance,bps=jquants:BPS;cash=jquants:CashEq;cfo=jquants:CFO;debt=yfinance:totalDebt;ebitda=yfinance:ebitda;equity=jquants:Eq;equity_to_assets=jquants:EqAR;shares=jquants:ShOutFY;total_assets=jquants:TA,2026-05-12
3431,"MIYAJI ENGINEERING GROUP,INC.",27677816.0,1615.51,49988000000.0,82021000000.0,300000000.0,12370000000.0,5146999808.0,,4525000000.0,0.522,10944000000.0,FYFinancialStatements_Consolidated_JP,2027-03-31,2028-03-31,yfinance,bps=jquants:BPS;cash=jquants:CashEq;cfo=jquants:CFO;debt=yfinance:totalDebt;ebitda=yfinance:ebitda;equity=jquants:Eq;equity_to_assets=jquants:EqAR;shares=jquants:ShOutFY;total_assets=jquants:TA,2026-05-13
3433,"TOCALO Co.,Ltd.",61200000.0,1122.58,72657000000.0,89291000000.0,12051999744.0,14461000000.0,18027499520.0,,14102000000.0,0.748,7749000000.0,FYFinancialStatements_Consolidated_JP,2027-03-31,2028-03-31,yfinance,bps=jquants:BPS;cash=jquants:CashEq;cfo=jquants:CFO;debt=yfinance:totalDebt;ebitda=yfinance:ebitda;equity=jquants:Eq;equity_to_assets=jquants:EqAR;shares=jquants:ShOutFY;total_assets=jquants:TA,2026-05-11
3436,SUMCO CORPORATION,350175139.0,1624.545,640437000000.0,1142822000000.0,367339012096.0,111766003712.0,109516996608.0,,-5273000000.0,0.498,,1QFinancialStatements_Consolidated_JP,2026-12-31,,yfinance,bps=yfinance:bookValue;cash=yfinance:totalCash;debt=yfinance:totalDebt;ebitda=yfinance:ebitda;equity=jquants:Eq;equity_to_assets=jquants:EqAR;shares=jquants:ShOutFY;total_assets=jquants:TA,2026-05-12
3445,"RS Technologies Co.,Ltd.",26567102.0,3378.2,162201000000.0,206117000000.0,12268999680.0,97294000128.0,20871999488.0,,3630000000.0,0.411,,1QFinancialStatements_Consolidated_JP,2026-12-31,,yfinance,bps=yfinance:bookValue;cash=yfinance:totalCash;debt=yfinance:totalDebt;ebitda=yfinance:ebitda;equity=jquants:Eq;equity_to_assets=jquants:EqAR;shares=jquants:ShOutFY;total_assets=jquants:TA,2026-05-14
3465,"KI-STAR REAL ESTATE CO.,LTD",31737200.0,2357.24,82983000000.0,355621000000.0,238363000832.0,71079000000.0,31546499072.0,,26995000000.0,0.206,-27480000000.0,FYFinancialStatements_Consolidated_JP,2027-03-31,2028-03-31,yfinance,bps=jquants:BPS;cash=jquants:CashEq;cfo=jquants:CFO;debt=yfinance:totalDebt;ebitda=yfinance:ebitda;equity=jquants:Eq;equity_to_assets=jquants:EqAR;shares=jquants:ShOutFY;total_assets=jquants:TA,2026-05-14
3498,"Kasumigaseki Capital Co.,Ltd.",24587530.0,3058.018,75531000000.0,163413000000.0,98647998464.0,42845000000.0,19181500416.0,,8065000000.0,0.457,1577000000.0,2QFinancialStatements_Consolidated_JP,2026-08-31,,yfinance,bps=yfinance:bookValue;cash=jquants:CashEq;cfo=jquants:CFO;debt=yfinance:totalDebt;ebitda=yfinance:ebitda;equity=jquants:Eq;equity_to_assets=jquants:EqAR;shares=jquants:ShOutFY;total_assets=jquants:TA,2026-04-02
3543,"KOMEDA Holdings Co.,Ltd.",46271400.0,1095.59,50154000000.0,110385000000.0,41797001216.0,8859000000.0,12234000384.0,,9424000000.0,0.452,12353000000.0,FYFinancialStatements_Consolidated_IFRS,2027-02-28,2028-02-28,yfinance,bps=jquants:BPS;cash=jquants:CashEq;cfo=jquants:CFO;debt=yfinance:totalDebt;ebitda=yfinance:ebitda;equity=jquants:Eq;equity_to_assets=jquants:EqAR;shares=jquants:ShOutFY;total_assets=jquants:TA,2026-04-08
3549,"KUSURI NO AOKI HOLDINGS CO.,LTD.",95616980.0,1485.177,138742000000.0,388578000000.0,149773991936.0,57998000000.0,42873999360.0,,21420000000.0,0.357,17853000000.0,3QFinancialStatements_Consolidated_JP,2026-05-20,,yfinance,bps=yfinance:bookValue;cash=jquants:CashEq;cfo=jquants:CFO;debt=yfinance:totalDebt;ebitda=yfinance:ebitda;equity=jquants:Eq;equity_to_assets=jquants:EqAR;shares=jquants:ShOutFY;total_assets=jquants:TA,2026-04-02
3563,FOOD & LIFE COMPANIES LTD.,116069184.0,548.151,118895000000.0,429704000000.0,228143005696.0,62400000000.0,90496000000.0,,28080000000.0,0.263,40553000000.0,2QFinancialStatements_Consolidated_IFRS,2026-09-30,,yfinance,bps=yfinance:bookValue;cash=jquants:CashEq;cfo=jquants:CFO;debt=yfinance:totalDebt;ebitda=yfinance:ebitda;equity=jquants:Eq;equity_to_assets=jquants:EqAR;shares=jquants:ShOutFY;total_assets=jquants:TA,2026-05-08
3569,"SEIREN CO.,LTD.",64633646.0,2734.6,161787000000.0,223926000000.0,8890999808.0,34198000000.0,28572999680.0,,20832000000.0,0.718,17771000000.0,FYFinancialStatements_Consolidated_JP,2027-03-31,2028-03-31,yfinance,bps=jquants:BPS;cash=jquants:CashEq;cfo=jquants:CFO;debt=yfinance:totalDebt;ebitda=yfinance:ebitda;equity=jquants:Eq;equity_to_assets=jquants:EqAR;shares=jquants:ShOutFY;total_assets=jquants:TA,2026-05-13
3591,WACOAL HOLDINGS CORP.,52500000.0,4239.69,212445000000.0,292315000000.0,24329000960.0,44170000000.0,12993000448.0,,19877000000.0,0.717,8346000000.0,FYFinancialStatements_Consolidated_IFRS,2027-03-31,2028-03-31,yfinance,bps=jquants:BPS;cash=jquants:CashEq;cfo=jquants:CFO;debt=yfinance:totalDebt;ebitda=yfinance:ebitda;equity=jquants:Eq;equity_to_assets=jquants:EqAR;shares=jquants:ShOutFY;total_assets=jquants:TA,2026-05-14
3608,"TSI HOLDINGS CO.,LTD.",63438793.0,1704.79,99321000000.0,174204000000.0,48237998080.0,27955000000.0,11166999552.0,,4325000000.0,0.57,-7717000000.0,FYFinancialStatements_Consolidated_JP,2027-02-28,2028-02-28,yfinance,bps=jquants:BPS;cash=jquants:CashEq;cfo=jquants:CFO;debt=yfinance:totalDebt;ebitda=yfinance:ebitda;equity=jquants:Eq;equity_to_assets=jquants:EqAR;shares=jquants:ShOutFY;total_assets=jquants:TA,2026-04-10
3612,"WORLD CO.,LTD.",73717266.0,1300.45,96282000000.0,280059000000.0,130081996800.0,18109000000.0,38430998528.0,,16028000000.0,0.338,30984000000.0,FYFinancialStatements_Consolidated_IFRS,2027-02-28,2028-02-28,yfinance,bps=jquants:BPS;cash=jquants:CashEq;cfo=jquants:CFO;debt=yfinance:totalDebt;ebitda=yfinance:ebitda;equity=jquants:Eq;equity_to_assets=jquants:EqAR;shares=jquants:ShOutFY;total_assets=jquants:TA,2026-04-10
3626,TIS Inc.,228400000.0,1475.55,337726000000.0,551507000000.0,62643998720.0,93733000000.0,96688996352.0,,76229000000.0,0.589,81447000000.0,FYFinancialStatements_Consolidated_JP,2027-03-31,2028-03-31,yfinance,bps=jquants:BPS;cash=jquants:CashEq;cfo=jquants:CFO;debt=yfinance:totalDebt;ebitda=yfinance:ebitda;equity=jquants:Eq;equity_to_assets=jquants:EqAR;shares=jquants:ShOutFY;total_assets=jquants:TA,2026-05-08
3635,"KOEI TECMO HOLDINGS CO.,LTD.",336096924.0,813.6,272536000000.0,313662000000.0,10000000000.0,59334000000.0,41020248064.0,,37168000000.0,0.867,33010000000.0,FYFinancialStatements_Consolidated_JP,2027-03-31,2028-03-31,yfinance,bps=jquants:BPS;cash=jquants:CashEq;cfo=jquants:CFO;debt=yfinance:totalDebt;ebitda=yfinance:ebitda;equity=jquants:Eq;equity_to_assets=jquants:EqAR;shares=jquants:ShOutFY;total_assets=jquants:TA,2026-04-27
3636,"Mitsubishi Research Institute,Inc.",16044000.0,4900.071,88553000000.0,140413000000.0,982000000.0,15872000000.0,12227000320.0,,9293000000.0,0.564,-11992000000.0,2QFinancialStatements_Consolidated_JP,2026-09-30,,yfinance,bps=yfinance:bookValue;cash=jquants:CashEq;cfo=jquants:CFO;debt=yfinance:totalDebt;ebitda=yfinance:ebitda;equity=jquants:Eq;equity_to_assets=jquants:EqAR;shares=jquants:ShOutFY;total_assets=jquants:TA,2026-04-27
3659,"NEXON Co.,Ltd.",792711875.0,1372.884,1068368000000.0,1385050000000.0,49348001792.0,454256000000.0,142154006528.0,,58163000000.0,0.766,53015000000.0,1QFinancialStatements_Consolidated_IFRS,2026-12-31,,yfinance,bps=yfinance:bookValue;cash=jquants:CashEq;cfo=jquants:CFO;debt=yfinance:totalDebt;ebitda=yfinance:ebitda;equity=jquants:Eq;equity_to_assets=jquants:EqAR;shares=jquants:ShOutFY;total_assets=jquants:TA,2026-05-14
3660,istyle Inc.,102661967.0,236.301,22578000000.0,39145000000.0,6179999744.0,10216999936.0,6605000192.0,,2884000000.0,0.549,,3QFinancialStatements_Consolidated_JP,2026-06-30,,yfinance,bps=yfinance:bookValue;cash=yfinance:totalCash;debt=yfinance:totalDebt;ebitda=yfinance:ebitda;equity=jquants:Eq;equity_to_assets=jquants:EqAR;shares=jquants:ShOutFY;total_assets=jquants:TA,2026-05-08
3661,"m-up holdings,Inc.",72992776.0,133.73,10944000000.0,31617000000.0,0.0,16383000000.0,5377750016.0,,5003000000.0,0.297,7019000000.0,FYFinancialStatements_Consolidated_JP,2027-03-31,2028-03-31,yfinance,bps=jquants:BPS;cash=jquants:CashEq;cfo=jquants:CFO;debt=yfinance:totalDebt;ebitda=yfinance:ebitda;equity=jquants:Eq;equity_to_assets=jquants:EqAR;shares=jquants:ShOutFY;total_assets=jquants:TA,2026-05-15
3668,"COLOPL,Inc.",130346707.0,521.912,66543000000.0,71954000000.0,18000000.0,43300000000.0,1915000064.0,,533000000.0,0.925,-82000000.0,2QFinancialStatements_Consolidated_JP,2026-09-30,,yfinance,bps=yfinance:bookValue;cash=jquants:CashEq;cfo=jquants:CFO;debt=yfinance:totalDebt;ebitda=yfinance:ebitda;equity=jquants:Eq;equity_to_assets=jquants:EqAR;shares=jquants:ShOutFY;total_assets=jquants:TA,2026-05-07
3673,"Broadleaf Co.,Ltd.",97896800.0,138.774,24608000000.0,41940000000.0,5068000256.0,3393181000.0,6239000064.0,,853000000.0,0.586,1241859000.0,DividendForecastRevision,2027-12-31,2028-12-31,yfinance,bps=yfinance:bookValue;cash=jquants:CashEq;cfo=jquants:CFO;debt=yfinance:totalDebt;ebitda=yfinance:ebitda;equity=jquants:Eq;equity_to_assets=jquants:EqAR;shares=jquants:ShOutFY;total_assets=jquants:TA,2026-05-20
3697,SHIFT Inc.,267500670.0,150.494,38574000000.0,80389000000.0,34683998208.0,24315000000.0,,,6907000000.0,0.475,1129000000.0,2QFinancialStatements_Consolidated_JP,2026-08-31,,,bps=yfinance:bookValue;cash=jquants:CashEq;cfo=jquants:CFO;debt=yfinance:totalDebt;equity=jquants:Eq;equity_to_assets=jquants:EqAR;shares=jquants:ShOutFY;total_assets=jquants:TA,2026-04-14
3762,TECHMATRIX CORPORATION,44518400.0,655.15,32680000000.0,121531000000.0,4873999872.0,35801000000.0,10948750336.0,,7760000000.0,0.217,13144000000.0,FYFinancialStatements_Consolidated_IFRS,2027-03-31,2028-03-31,yfinance,bps=jquants:BPS;cash=jquants:CashEq;cfo=jquants:CFO;debt=yfinance:totalDebt;ebitda=yfinance:ebitda;equity=jquants:Eq;equity_to_assets=jquants:EqAR;shares=jquants:ShOutFY;total_assets=jquants:TA,2026-05-08
3765,"GungHo Online Entertainment,Inc.",69161416.0,2209.488,144888000000.0,169648000000.0,0.0,130587000832.0,7449999872.0,,3693000000.0,0.676,,1QFinancialStatements_Consolidated_JP,2026-12-31,,yfinance,bps=yfinance:bookValue;cash=yfinance:totalCash;debt=yfinance:totalDebt;ebitda=yfinance:ebitda;equity=jquants:Eq;equity_to_assets=jquants:EqAR;shares=jquants:ShOutFY;total_assets=jquants:TA,2026-05-08
3769,"GMO Payment Gateway,Inc.",76557545.0,1647.0,120669000000.0,451535000000.0,53888000000.0,234577000000.0,41273999360.0,,18792000000.0,0.26,18957000000.0,2QFinancialStatements_Consolidated_IFRS,2026-09-30,,yfinance,bps=yfinance:bookValue;cash=jquants:CashEq;cfo=jquants:CFO;debt=yfinance:totalDebt;ebitda=yfinance:ebitda;equity=jquants:Eq;equity_to_assets=jquants:EqAR;shares=jquants:ShOutFY;total_assets=jquants:TA,2026-05-15
3774,Internet Initiative Japan Inc.,183448852.0,891.38,159471000000.0,346933000000.0,76732997632.0,38395000000.0,68416499712.0,,34835000000.0,0.455,50460000000.0,FYFinancialStatements_Consolidated_IFRS,2027-03-31,2028-03-31,yfinance,bps=jquants:BPS;cash=jquants:CashEq;cfo=jquants:CFO;debt=yfinance:totalDebt;ebitda=yfinance:ebitda;equity=jquants:Eq;equity_to_assets=jquants:EqAR;shares=jquants:ShOutFY;total_assets=jquants:TA,2026-05-14
3778,SAKURA internet Inc.,41890700.0,752.07,30329000000.0,82451000000.0,37572575232.0,15394000000.0,9423526912.0,,-403000000.0,0.365,6223000000.0,FYFinancialStatements_Consolidated_JP,2027-03-31,2028-03-31,yfinance,bps=jquants:BPS;cash=jquants:CashEq;cfo=jquants:CFO;debt=yfinance:totalDebt;ebitda=yfinance:ebitda;equity=jquants:Eq;equity_to_assets=jquants:EqAR;shares=jquants:ShOutFY;total_assets=jquants:TA,2026-04-27
3844,COMTURE CORPORATION,32241600.0,633.09,20191000000.0,27052000000.0,200000000.0,10826000000.0,,,4660000000.0,0.746,3414000000.0,FYFinancialStatements_Consolidated_JP,2027-03-31,2028-03-31,,bps=jquants:BPS;cash=jquants:CashEq;cfo=jquants:CFO;debt=yfinance:totalDebt;equity=jquants:Eq;equity_to_assets=jquants:EqAR;shares=jquants:ShOutFY;total_assets=jquants:TA,2026-05-15
3861,Oji Holdings Corporation,1014381817.0,1257.44,1136882000000.0,2686944000000.0,1031947026432.0,74247000000.0,148028243968.0,,34582000000.0,0.41,113376000000.0,FYFinancialStatements_Consolidated_JP,2027-03-31,2028-03-31,yfinance,bps=jquants:BPS;cash=jquants:CashEq;cfo=jquants:CFO;debt=yfinance:totalDebt;ebitda=yfinance:ebitda;equity=jquants:Eq;equity_to_assets=jquants:EqAR;shares=jquants:ShOutFY;total_assets=jquants:TA,2026-05-15
3863,"Nippon Paper Industries Co.,Ltd.",116254892.0,4409.63,540507000000.0,1738479000000.0,842254974976.0,207411000000.0,84697751552.0,,25205000000.0,0.292,74986000000.0,FYFinancialStatements_Consolidated_JP,2027-03-31,2028-03-31,yfinance,bps=jquants:BPS;cash=jquants:CashEq;cfo=jquants:CFO;debt=yfinance:totalDebt;ebitda=yfinance:ebitda;equity=jquants:Eq;equity_to_assets=jquants:EqAR;shares=jquants:ShOutFY;total_assets=jquants:TA,2026-05-15
3865,Hokuetsu Corporation,163053114.0,1585.72,252747000000.0,420574000000.0,105344999424.0,26421000000.0,18734249984.0,,7539000000.0,0.599,10192000000.0,FYFinancialStatements_Consolidated_JP,2027-03-31,2028-03-31,yfinance,bps=jquants:BPS;cash=jquants:CashEq;cfo=jquants:CFO;debt=yfinance:totalDebt;ebitda=yfinance:ebitda;equity=jquants:Eq;equity_to_assets=jquants:EqAR;shares=jquants:ShOutFY;total_assets=jquants:TA,2026-05-15
3880,Daio Paper Corporation,169012926.0,1471.37,242757000000.0,853930000000.0,404885995520.0,95737000000.0,70060752896.0,,24032000000.0,0.266,57304000000.0,FYFinancialStatements_Consolidated_JP,2027-03-31,2028-03-31,yfinance,bps=jquants:BPS;cash=jquants:CashEq;cfo=jquants:CFO;debt=yfinance:totalDebt;ebitda=yfinance:ebitda;equity=jquants:Eq;equity_to_assets=jquants:EqAR;shares=jquants:ShOutFY;total_assets=jquants:TA,2026-05-15
3923,"RAKUS Co.,Ltd.",354391000.0,73.52,26034000000.0,36581000000.0,0.0,13891000000.0,19733749760.0,,17345000000.0,0.712,13391000000.0,FYFinancialStatements_Consolidated_JP,2027-03-31,2028-03-31,yfinance,bps=jquants:BPS;cash=jquants:CashEq;cfo=jquants:CFO;debt=yfinance:totalDebt;ebitda=yfinance:ebitda;equity=jquants:Eq;equity_to_assets=jquants:EqAR;shares=jquants:ShOutFY;total_assets=jquants:TA,2026-05-14
3941,"Rengo Co.,Ltd.",271056029.0,1972.64,528554000000.0,1313086000000.0,500181008384.0,89388000000.0,108153004032.0,,37090000000.0,0.373,78164000000.0,FYFinancialStatements_Consolidated_JP,2027-03-31,2028-03-31,yfinance,bps=jquants:BPS;cash=jquants:CashEq;cfo=jquants:CFO;debt=yfinance:totalDebt;ebitda=yfinance:ebitda;equity=jquants:Eq;equity_to_assets=jquants:EqAR;shares=jquants:ShOutFY;total_assets=jquants:TA,2026-05-14
3962,"CHANGE Holdings,Inc.",73852362.0,671.98,54781000000.0,105605000000.0,27576999936.0,26181000000.0,958249984.0,,11225000000.0,0.443,7253000000.0,FYFinancialStatements_Consolidated_IFRS,2027-03-31,2028-03-31,yfinance,bps=jquants:BPS;cash=jquants:CashEq;cfo=jquants:CFO;debt=yfinance:totalDebt;ebitda=yfinance:ebitda;equity=jquants:Eq;equity_to_assets=jquants:EqAR;shares=jquants:ShOutFY;total_assets=jquants:TA,2026-05-14
3993,PKSHA Technology Inc.,31948000.0,1157.703,36309000000.0,53829000000.0,7718000128.0,15829794000.0,6547749888.0,,3347435000.0,0.664,2855600000.0,2QFinancialStatements_Consolidated_IFRS,2026-09-30,,yfinance,bps=yfinance:bookValue;cash=jquants:CashEq;cfo=jquants:CFO;debt=yfinance:totalDebt;ebitda=yfinance:ebitda;equity=jquants:Eq;equity_to_assets=jquants:EqAR;shares=jquants:ShOutFY;total_assets=jquants:TA,2026-05-14
3994,"Money Forward,Inc.",55540379.0,803.479,57757000000.0,160262000000.0,47288000512.0,45385998336.0,5456000000.0,,168000000.0,0.261,,1QFinancialStatements_Consolidated_JP,2026-11-30,,yfinance,bps=yfinance:bookValue;cash=yfinance:totalCash;debt=yfinance:totalDebt;ebitda=yfinance:ebitda;equity=jquants:Eq;equity_to_assets=jquants:EqAR;shares=jquants:ShOutFY;total_assets=jquants:TA,2026-04-14
4004,Resonac Holdings Corporation,184901292.0,4157.264,737979000000.0,2109304000000.0,956660973568.0,281904000000.0,191400001536.0,,22144000000.0,0.337,,1QFinancialStatements_Consolidated_IFRS,2026-12-31,,yfinance,bps=yfinance:bookValue;cash=jquants:CashEq;debt=yfinance:totalDebt;ebitda=yfinance:ebitda;equity=jquants:Eq;equity_to_assets=jquants:EqAR;shares=jquants:ShOutFY;total_assets=jquants:TA,2026-05-13
4005,"SUMITOMO CHEMICAL COMPANY,LIMITED",1657914399.0,610.78,1236673000000.0,3405041000000.0,1132167954432.0,208589000000.0,329028009984.0,,151744000000.0,0.296,234759000000.0,FYFinancialStatements_Consolidated_IFRS,2027-03-31,2028-03-31,yfinance,bps=jquants:BPS;cash=jquants:CashEq;cfo=jquants:CFO;debt=yfinance:totalDebt;ebitda=yfinance:ebitda;equity=jquants:Eq;equity_to_assets=jquants:EqAR;shares=jquants:ShOutFY;total_assets=jquants:TA,2026-05-14
4008,"Sumitomo Seika Chemicals Company,Limited.",69958980.0,1601.96,103621000000.0,152732000000.0,24240001024.0,17989000000.0,21046749184.0,,14464000000.0,0.678,17480000000.0,FYFinancialStatements_Consolidated_JP,2027-03-31,2028-03-31,yfinance,bps=jquants:BPS;cash=jquants:CashEq;cfo=jquants:CFO;debt=yfinance:totalDebt;ebitda=yfinance:ebitda;equity=jquants:Eq;equity_to_assets=jquants:EqAR;shares=jquants:ShOutFY;total_assets=jquants:TA,2026-05-12
4021,Nissan Chemical Corporation,134800000.0,1903.42,259051000000.0,355078000000.0,44314001408.0,35729000000.0,83155001344.0,,63552000000.0,0.719,64164000000.0,FYFinancialStatements_Consolidated_JP,2027-03-31,2028-03-31,yfinance,bps=jquants:BPS;cash=jquants:CashEq;cfo=jquants:CFO;debt=yfinance:totalDebt;ebitda=yfinance:ebitda;equity=jquants:Eq;equity_to_assets=jquants:EqAR;shares=jquants:ShOutFY;total_assets=jquants:TA,2026-05-15
4023,KUREHA CORPORATION,49942221.0,4323.33,167179000000.0,338444000000.0,123382996992.0,29726000000.0,28505999360.0,,-18592000000.0,0.488,28009000000.0,FYFinancialStatements_Consolidated_IFRS,2027-03-31,2028-03-31,yfinance,bps=jquants:BPS;cash=jquants:CashEq;cfo=jquants:CFO;debt=yfinance:totalDebt;ebitda=yfinance:ebitda;equity=jquants:Eq;equity_to_assets=jquants:EqAR;shares=jquants:ShOutFY;total_assets=jquants:TA,2026-05-12
4028,"ISHIHARA SANGYO KAISHA,LTD.",40383943.0,3370.85,129178000000.0,240408000000.0,67012001792.0,29424000000.0,20711000064.0,,19077000000.0,0.537,17259000000.0,FYFinancialStatements_Consolidated_JP,2027-03-31,2028-03-31,yfinance,bps=jquants:BPS;cash=jquants:CashEq;cfo=jquants:CFO;debt=yfinance:totalDebt;ebitda=yfinance:ebitda;equity=jquants:Eq;equity_to_assets=jquants:EqAR;shares=jquants:ShOutFY;total_assets=jquants:TA,2026-05-12
4041,"Nippon Soda Co.,Ltd.",55294534.0,3820.43,206094000000.0,307305000000.0,55851999232.0,21907000000.0,23805999104.0,,14970000000.0,0.666,21594000000.0,FYFinancialStatements_Consolidated_JP,2027-03-31,2028-03-31,yfinance,bps=jquants:BPS;cash=jquants:CashEq;cfo=jquants:CFO;debt=yfinance:totalDebt;ebitda=yfinance:ebitda;equity=jquants:Eq;equity_to_assets=jquants:EqAR;shares=jquants:ShOutFY;total_assets=jquants:TA,2026-05-14
4042,TOSOH CORPORATION,325080956.0,2701.46,919141000000.0,1408950000000.0,282137001984.0,176571000000.0,159169003520.0,,95532000000.0,0.59,114556000000.0,FYFinancialStatements_Consolidated_JP,2027-03-31,2028-03-31,yfinance,bps=jquants:BPS;cash=jquants:CashEq;cfo=jquants:CFO;debt=yfinance:totalDebt;ebitda=yfinance:ebitda;equity=jquants:Eq;equity_to_assets=jquants:EqAR;shares=jquants:ShOutFY;total_assets=jquants:TA,2026-05-13
4043,Tokuyama Corporation,72088327.0,3934.75,297811000000.0,557432000000.0,164697997312.0,46466000000.0,58376499200.0,,37017000000.0,0.508,50985000000.0,FYFinancialStatements_Consolidated_JP,2027-03-31,2028-03-31,yfinance,bps=jquants:BPS;cash=jquants:CashEq;cfo=jquants:CFO;debt=yfinance:totalDebt;ebitda=yfinance:ebitda;equity=jquants:Eq;equity_to_assets=jquants:EqAR;shares=jquants:ShOutFY;total_assets=jquants:TA,2026-04-28
4044,"Central Glass Co.,Ltd.",26000000.0,4986.36,128212000000.0,197825000000.0,28758999040.0,22078000000.0,20167249920.0,,10029000000.0,0.625,26441000000.0,FYFinancialStatements_Consolidated_JP,2027-03-31,2028-03-31,yfinance,bps=jquants:BPS;cash=jquants:CashEq;cfo=jquants:CFO;debt=yfinance:totalDebt;ebitda=yfinance:ebitda;equity=jquants:Eq;equity_to_assets=jquants:EqAR;shares=jquants:ShOutFY;total_assets=jquants:TA,2026-05-14
4045,"TOAGOSEI CO.,LTD.",108000000.0,2076.063,213975000000.0,284108000000.0,20565000192.0,22016999424.0,27044999168.0,,3206000000.0,0.749,,1QFinancialStatements_Consolidated_JP,2026-12-31,,yfinance,bps=yfinance:bookValue;cash=yfinance:totalCash;debt=yfinance:totalDebt;ebitda=yfinance:ebitda;equity=jquants:Eq;equity_to_assets=jquants:EqAR;shares=jquants:ShOutFY;total_assets=jquants:TA,2026-04-28
4046,"OSAKA SODA CO.,LTD.",133660085.0,1046.31,128541000000.0,168741000000.0,7699999744.0,48802000000.0,24415250432.0,,17634000000.0,0.762,19875000000.0,FYFinancialStatements_Consolidated_JP,2027-03-31,2028-03-31,yfinance,bps=jquants:BPS;cash=jquants:CashEq;cfo=jquants:CFO;debt=yfinance:totalDebt;ebitda=yfinance:ebitda;equity=jquants:Eq;equity_to_assets=jquants:EqAR;shares=jquants:ShOutFY;total_assets=jquants:TA,2026-05-27
4047,"KANTO DENKA KOGYO CO.,LTD.",57546050.0,1262.29,74249000000.0,131314000000.0,41819000832.0,19362000000.0,18248749056.0,,5478000000.0,0.551,7280000000.0,DividendForecastRevision,2027-03-31,2028-03-31,yfinance,bps=jquants:BPS;cash=jquants:CashEq;cfo=jquants:CFO;debt=yfinance:totalDebt;ebitda=yfinance:ebitda;equity=jquants:Eq;equity_to_assets=jquants:EqAR;shares=jquants:ShOutFY;total_assets=jquants:TA,2026-05-15
4061,Denka Company Limited,88555840.0,3604.53,338826000000.0,681006000000.0,237876002816.0,35270000000.0,64410001408.0,,26225000000.0,0.456,36154000000.0,FYFinancialStatements_Consolidated_JP,2027-03-31,2028-03-31,yfinance,bps=jquants:BPS;cash=jquants:CashEq;cfo=jquants:CFO;debt=yfinance:totalDebt;ebitda=yfinance:ebitda;equity=jquants:Eq;equity_to_assets=jquants:EqAR;shares=jquants:ShOutFY;total_assets=jquants:TA,2026-05-13
4062,"IBIDEN CO.,LTD.",281721114.0,1969.85,557412000000.0,960425000000.0,185300992000.0,292908000000.0,139692998656.0,,62027000000.0,0.573,106407000000.0,FYFinancialStatements_Consolidated_JP,2027-03-31,2028-03-31,yfinance,bps=jquants:BPS;cash=jquants:CashEq;cfo=jquants:CFO;debt=yfinance:totalDebt;ebitda=yfinance:ebitda;equity=jquants:Eq;equity_to_assets=jquants:EqAR;shares=jquants:ShOutFY;total_assets=jquants:TA,2026-05-11
4063,"Shin-Etsu Chemical Co.,Ltd.",1984995865.0,2400.39,4643307000000.0,5661907000000.0,260367007744.0,562089000000.0,885373009920.0,,635204000000.0,0.787,712651000000.0,FYFinancialStatements_Consolidated_JP,2027-03-31,2028-03-31,yfinance,bps=jquants:BPS;cash=jquants:CashEq;cfo=jquants:CFO;debt=yfinance:totalDebt;ebitda=yfinance:ebitda;equity=jquants:Eq;equity_to_assets=jquants:EqAR;shares=jquants:ShOutFY;total_assets=jquants:TA,2026-04-28
4071,"Plus Alpha Consulting Co.,LTD.",42390750.0,406.892,16087000000.0,19813000000.0,0.0,15359591000.0,7908513792.0,,3692000000.0,0.811,2234321000.0,2QFinancialStatements_Consolidated_JP,2026-09-30,,yfinance,bps=yfinance:bookValue;cash=jquants:CashEq;cfo=jquants:CFO;debt=yfinance:totalDebt;ebitda=yfinance:ebitda;equity=jquants:Eq;equity_to_assets=jquants:EqAR;shares=jquants:ShOutFY;total_assets=jquants:TA,2026-05-13
4078,"Sakai Chemical Industry Co.,Ltd.",16000000.0,5072.98,78923000000.0,117216000000.0,12524000256.0,15444000000.0,10016749568.0,,6452000000.0,0.663,14479000000.0,EarnForecastRevision,2027-03-31,2028-03-31,yfinance,bps=jquants:BPS;cash=jquants:CashEq;cfo=jquants:CFO;debt=yfinance:totalDebt;ebitda=yfinance:ebitda;equity=jquants:Eq;equity_to_assets=jquants:EqAR;shares=jquants:ShOutFY;total_assets=jquants:TA,2026-05-13
4091,NIPPON SANSO HOLDINGS CORPORATION,433092837.0,2812.4,1260671000000.0,2767679000000.0,868456988672.0,165348000000.0,334985003008.0,,197882000000.0,0.44,272594000000.0,FYFinancialStatements_Consolidated_IFRS,2027-03-31,2028-03-31,yfinance,bps=jquants:BPS;cash=jquants:CashEq;cfo=jquants:CFO;debt=yfinance:totalDebt;ebitda=yfinance:ebitda;equity=jquants:Eq;equity_to_assets=jquants:EqAR;shares=jquants:ShOutFY;total_assets=jquants:TA,2026-05-11
4095,"NIHON PARKERIZING CO.,LTD.",132604524.0,1864.35,221457000000.0,273094000000.0,250000000.0,53849000000.0,23502749696.0,,14814000000.0,0.739,25402000000.0,FYFinancialStatements_Consolidated_JP,2027-03-31,2028-03-31,yfinance,bps=jquants:BPS;cash=jquants:CashEq;cfo=jquants:CFO;debt=yfinance:totalDebt;ebitda=yfinance:ebitda;equity=jquants:Eq;equity_to_assets=jquants:EqAR;shares=jquants:ShOutFY;total_assets=jquants:TA,2026-05-14
4109,STELLA CHEMIFA CORPORATION,12973248.0,3918.11,48061000000.0,64149000000.0,5270000128.0,14347000000.0,7573250048.0,,4644000000.0,0.746,6009000000.0,FYFinancialStatements_Consolidated_JP,2027-03-31,2028-03-31,yfinance,bps=jquants:BPS;cash=jquants:CashEq;cfo=jquants:CFO;debt=yfinance:totalDebt;ebitda=yfinance:ebitda;equity=jquants:Eq;equity_to_assets=jquants:EqAR;shares=jquants:ShOutFY;total_assets=jquants:TA,2026-05-14
4114,"NIPPON SHOKUBAI CO.,LTD.",150000000.0,2684.47,406587000000.0,580209000000.0,67008000000.0,51819000000.0,57480998912.0,,17530000000.0,0.684,53544000000.0,FYFinancialStatements_Consolidated_IFRS,2027-03-31,2028-03-31,yfinance,bps=jquants:BPS;cash=jquants:CashEq;cfo=jquants:CFO;debt=yfinance:totalDebt;ebitda=yfinance:ebitda;equity=jquants:Eq;equity_to_assets=jquants:EqAR;shares=jquants:ShOutFY;total_assets=jquants:TA,2026-05-13
4118,KANEKA CORPORATION,63000000.0,8279.85,521669000000.0,959154000000.0,227061006336.0,48935000000.0,86718496768.0,,32894000000.0,0.52,50118000000.0,FYFinancialStatements_Consolidated_JP,2027-03-31,2028-03-31,yfinance,bps=jquants:BPS;cash=jquants:CashEq;cfo=jquants:CFO;debt=yfinance:totalDebt;ebitda=yfinance:ebitda;equity=jquants:Eq;equity_to_assets=jquants:EqAR;shares=jquants:ShOutFY;total_assets=jquants:TA,2026-05-14
4151,"Kyowa Kirin Co.,Ltd.",525634500.0,1749.79,892741000000.0,1067161000000.0,0.0,249521000000.0,138215997440.0,,,0.837,56334000000.0,1QFinancialStatements_Consolidated_IFRS,2026-12-31,,yfinance,bps=yfinance:bookValue;cash=jquants:CashEq;cfo=jquants:CFO;debt=yfinance:totalDebt;ebitda=yfinance:ebitda;equity=jquants:Eq;equity_to_assets=jquants:EqAR;shares=jquants:ShOutFY;total_assets=jquants:TA,2026-05-07
417A,"BLUE ZONES HOLDINGS CO.,LTD.",209470885.0,980.25,205964000000.0,427822000000.0,80447995904.0,52811000000.0,54552748032.0,,36392000000.0,0.466,47071000000.0,FYFinancialStatements_Consolidated_JP,2027-03-31,2028-03-31,yfinance,bps=jquants:BPS;cash=jquants:CashEq;cfo=jquants:CFO;debt=yfinance:totalDebt;ebitda=yfinance:ebitda;equity=jquants:Eq;equity_to_assets=jquants:EqAR;shares=jquants:ShOutFY;total_assets=jquants:TA,2026-05-11
4180,"Appier Group,Inc.",102724983.0,391.22,37706000000.0,61294000000.0,12339000320.0,11894000000.0,7923999744.0,,185000000.0,0.615,-1380000000.0,1QFinancialStatements_Consolidated_IFRS,2026-12-31,,yfinance,bps=yfinance:bookValue;cash=jquants:CashEq;cfo=jquants:CFO;debt=yfinance:totalDebt;ebitda=yfinance:ebitda;equity=jquants:Eq;equity_to_assets=jquants:EqAR;shares=jquants:ShOutFY;total_assets=jquants:TA,2026-05-13
4182,"Mitsubishi Gas Chemical Company,Inc.",211686599.0,3319.36,679550000000.0,1113040000000.0,218730004480.0,59096000000.0,101281251328.0,,45293000000.0,0.581,74726000000.0,FYFinancialStatements_Consolidated_JP,2027-03-31,2028-03-31,yfinance,bps=jquants:BPS;cash=jquants:CashEq;cfo=jquants:CFO;debt=yfinance:totalDebt;ebitda=yfinance:ebitda;equity=jquants:Eq;equity_to_assets=jquants:EqAR;shares=jquants:ShOutFY;total_assets=jquants:TA,2026-05-13
4183,"Mitsui Chemicals,Inc.",401687630.0,2349.17,988784000000.0,2151652000000.0,821962014720.0,183113000000.0,208044998656.0,,73809000000.0,0.402,212988000000.0,FYFinancialStatements_Consolidated_IFRS,2027-03-31,2028-03-31,yfinance,bps=jquants:BPS;cash=jquants:CashEq;cfo=jquants:CFO;debt=yfinance:totalDebt;ebitda=yfinance:ebitda;equity=jquants:Eq;equity_to_assets=jquants:EqAR;shares=jquants:ShOutFY;total_assets=jquants:TA,2026-05-13
4186,"TOKYO OHKA KOGYO CO.,LTD.",127800000.0,3421.136,246270000000.0,340953000000.0,0.0,46180999168.0,18921750528.0,,15074000000.0,0.689,,1QFinancialStatements_Consolidated_JP,2026-12-31,,yfinance,bps=yfinance:bookValue;cash=yfinance:totalCash;debt=yfinance:totalDebt;ebitda=yfinance:ebitda;equity=jquants:Eq;equity_to_assets=jquants:EqAR;shares=jquants:ShOutFY;total_assets=jquants:TA,2026-05-11
4187,OSAKA ORGANIC CHEMICAL INDUSTRY LTD.,22410038.0,2671.387,52916000000.0,65452000000.0,1063000000.0,17105999872.0,10561999872.0,,1832000000.0,0.794,,1QFinancialStatements_Consolidated_JP,2026-11-30,,yfinance,bps=yfinance:bookValue;cash=yfinance:totalCash;debt=yfinance:totalDebt;ebitda=yfinance:ebitda;equity=jquants:Eq;equity_to_assets=jquants:EqAR;shares=jquants:ShOutFY;total_assets=jquants:TA,2026-04-10
4188,Mitsubishi Chemical Group Corporation,1441467207.0,1296.73,2414680000000.0,5876609000000.0,1845052964864.0,527104000000.0,364258000896.0,,30078000000.0,0.3,436287000000.0,FYFinancialStatements_Consolidated_IFRS,2027-03-31,2028-03-31,yfinance,bps=jquants:BPS;cash=jquants:CashEq;cfo=jquants:CFO;debt=yfinance:totalDebt;ebitda=yfinance:ebitda;equity=jquants:Eq;equity_to_assets=jquants:EqAR;shares=jquants:ShOutFY;total_assets=jquants:TA,2026-05-13
4189,"KH Neochem Co.,Ltd.",37149400.0,2131.852,72594000000.0,122251000000.0,16428000256.0,7794999808.0,19104000000.0,,2094000000.0,0.57,,1QFinancialStatements_Consolidated_JP,2026-12-31,,yfinance,bps=yfinance:bookValue;cash=yfinance:totalCash;debt=yfinance:totalDebt;ebitda=yfinance:ebitda;equity=jquants:Eq;equity_to_assets=jquants:EqAR;shares=jquants:ShOutFY;total_assets=jquants:TA,2026-05-11
4194,"Visional,Inc.",40222500.0,2036.168,82333000000.0,112524000000.0,157000000.0,69892000000.0,25723250688.0,,19612000000.0,0.725,8354000000.0,3QFinancialStatements_Consolidated_JP,2026-07-31,,yfinance,bps=yfinance:bookValue;cash=jquants:CashEq;cfo=jquants:CFO;debt=yfinance:totalDebt;ebitda=yfinance:ebitda;equity=jquants:Eq;equity_to_assets=jquants:EqAR;shares=jquants:ShOutFY;total_assets=jquants:TA,2026-06-11
4202,Daicel Corporation,255512005.0,1440.366,355597000000.0,833929000000.0,310772989952.0,73031999488.0,86904496128.0,,,,,DividendForecastRevision,2028-03-31,2029-03-31,yfinance,bps=yfinance:bookValue;cash=yfinance:totalCash;debt=yfinance:totalDebt;ebitda=yfinance:ebitda;equity=yfinance:bs:Stockholders Equity;shares=yfinance:sharesOutstanding;total_assets=yfinance:bs:Total Assets,2026-05-22
4203,"Sumitomo Bakelite Company,Limited",88249856.0,3957.19,350646000000.0,484167000000.0,30208000000.0,124752000000.0,55717998592.0,,35478000000.0,0.717,35003000000.0,FYFinancialStatements_Consolidated_IFRS,2027-03-31,2028-03-31,yfinance,bps=jquants:BPS;cash=jquants:CashEq;cfo=jquants:CFO;debt=yfinance:totalDebt;ebitda=yfinance:ebitda;equity=jquants:Eq;equity_to_assets=jquants:EqAR;shares=jquants:ShOutFY;total_assets=jquants:TA,2026-05-11
4204,"Sekisui Chemical Co.,Ltd.",430507285.0,2108.44,881125000000.0,1427933000000.0,189291003904.0,92444000000.0,169402007552.0,,106477000000.0,0.596,78301000000.0,FYFinancialStatements_Consolidated_JP,2027-03-31,2028-03-31,yfinance,bps=jquants:BPS;cash=jquants:CashEq;cfo=jquants:CFO;debt=yfinance:totalDebt;ebitda=yfinance:ebitda;equity=jquants:Eq;equity_to_assets=jquants:EqAR;shares=jquants:ShOutFY;total_assets=jquants:TA,2026-04-28
4205,ZEON CORPORATION,209251256.0,1972.74,378252000000.0,548246000000.0,36960002048.0,28437000000.0,56367501312.0,,36377000000.0,0.689,76436000000.0,FYFinancialStatements_Consolidated_JP,2027-03-31,2028-03-31,yfinance,bps=jquants:BPS;cash=jquants:CashEq;cfo=jquants:CFO;debt=yfinance:totalDebt;ebitda=yfinance:ebitda;equity=jquants:Eq;equity_to_assets=jquants:EqAR;shares=jquants:ShOutFY;total_assets=jquants:TA,2026-05-13
4206,"Aica Kogyo Company,Limited",67590664.0,3010.32,207298000000.0,326435000000.0,44873998336.0,54606000000.0,,,29143000000.0,0.584,8776000000.0,FYFinancialStatements_Consolidated_JP,2027-03-31,2028-03-31,,bps=jquants:BPS;cash=jquants:CashEq;cfo=jquants:CFO;debt=yfinance:totalDebt;equity=jquants:Eq;equity_to_assets=jquants:EqAR;shares=jquants:ShOutFY;total_assets=jquants:TA,2026-05-01
4208,UBE Corporation,97144637.0,4520.569,437213000000.0,946313000000.0,332823003136.0,65294999552.0,50575998976.0,,,,,DividendForecastRevision,2028-03-31,2029-03-31,yfinance,bps=yfinance:bookValue;cash=yfinance:totalCash;debt=yfinance:totalDebt;ebitda=yfinance:ebitda;equity=yfinance:bs:Stockholders Equity;shares=yfinance:sharesOutstanding;total_assets=yfinance:bs:Total Assets,2026-05-20
4212,Sekisui Jushi Corporation,31813598.0,3311.88,101103000000.0,142568000000.0,12803999744.0,15302000000.0,10298999808.0,,5685000000.0,0.696,7994000000.0,FYFinancialStatements_Consolidated_JP,2027-03-31,2028-03-31,yfinance,bps=jquants:BPS;cash=jquants:CashEq;cfo=jquants:CFO;debt=yfinance:totalDebt;ebitda=yfinance:ebitda;equity=jquants:Eq;equity_to_assets=jquants:EqAR;shares=jquants:ShOutFY;total_assets=jquants:TA,2026-05-13
4216,ASAHI YUKIZAI CORPORATION,19800400.0,4305.9,81593000000.0,108582000000.0,7306999808.0,23228000000.0,11368500224.0,,7579000000.0,0.745,10449000000.0,FYFinancialStatements_Consolidated_JP,2027-03-31,2028-03-31,yfinance,bps=jquants:BPS;cash=jquants:CashEq;cfo=jquants:CFO;debt=yfinance:totalDebt;ebitda=yfinance:ebitda;equity=jquants:Eq;equity_to_assets=jquants:EqAR;shares=jquants:ShOutFY;total_assets=jquants:TA,2026-05-15
4272,"NIPPON KAYAKU CO.,LTD.",160000000.0,1878.87,280104000000.0,398736000000.0,68182999040.0,53368000000.0,41004498944.0,,22454000000.0,0.7,28784000000.0,FYFinancialStatements_Consolidated_JP,2027-03-31,2028-03-31,yfinance,bps=jquants:BPS;cash=jquants:CashEq;cfo=jquants:CFO;debt=yfinance:totalDebt;ebitda=yfinance:ebitda;equity=jquants:Eq;equity_to_assets=jquants:EqAR;shares=jquants:ShOutFY;total_assets=jquants:TA,2026-05-12
4290,Prestige International Inc.,127176300.0,387.72,52486000000.0,82244000000.0,7699999744.0,28061000000.0,11861634048.0,,8869000000.0,0.588,10466000000.0,FYFinancialStatements_Consolidated_JP,2027-03-31,2028-03-31,yfinance,bps=jquants:BPS;cash=jquants:CashEq;cfo=jquants:CFO;debt=yfinance:totalDebt;ebitda=yfinance:ebitda;equity=jquants:Eq;equity_to_assets=jquants:EqAR;shares=jquants:ShOutFY;total_assets=jquants:TA,2026-05-13
4307,"Nomura Research Institute,Ltd.",581241511.0,755.4,438002000000.0,959794000000.0,234944004096.0,132620000000.0,113550999552.0,,58273000000.0,0.452,147641000000.0,FYFinancialStatements_Consolidated_IFRS,2027-03-31,2028-03-31,yfinance,bps=jquants:BPS;cash=jquants:CashEq;cfo=jquants:CFO;debt=yfinance:totalDebt;ebitda=yfinance:ebitda;equity=jquants:Eq;equity_to_assets=jquants:EqAR;shares=jquants:ShOutFY;total_assets=jquants:TA,2026-04-24
4324,DENTSU GROUP INC.,265800000.0,1607.29,477850000000.0,3044735000000.0,450154004480.0,255893000000.0,232028995584.0,,64958000000.0,0.137,-32461000000.0,1QFinancialStatements_Consolidated_IFRS,2026-12-31,,yfinance,bps=jquants:BPS;cash=jquants:CashEq;cfo=jquants:CFO;debt=yfinance:totalDebt;ebitda=yfinance:ebitda;equity=jquants:Eq;equity_to_assets=jquants:EqAR;shares=jquants:ShOutFY;total_assets=jquants:TA,2026-05-15
4368,"FUSO CHEMICAL CO.,LTD.",106533000.0,1107.94,117216000000.0,152256000000.0,15900000256.0,37896000000.0,32086507520.0,,18850000000.0,0.77,24793000000.0,FYFinancialStatements_Consolidated_JP,2027-03-31,2028-03-31,yfinance,bps=jquants:BPS;cash=jquants:CashEq;cfo=jquants:CFO;debt=yfinance:totalDebt;ebitda=yfinance:ebitda;equity=jquants:Eq;equity_to_assets=jquants:EqAR;shares=jquants:ShOutFY;total_assets=jquants:TA,2026-05-11
4369,Tri Chemical Laboratories Inc.,32498640.0,1177.029,36761000000.0,47174000000.0,5782539776.0,7797927000.0,8837483520.0,,2069000000.0,0.779,1776035000.0,1QFinancialStatements_Consolidated_JP,2027-01-31,,yfinance,bps=yfinance:bookValue;cash=jquants:CashEq;cfo=jquants:CFO;debt=yfinance:totalDebt;ebitda=yfinance:ebitda;equity=jquants:Eq;equity_to_assets=jquants:EqAR;shares=jquants:ShOutFY;total_assets=jquants:TA,2026-05-29
4373,"Simplex Holdings,Inc.",237045100.0,230.0,51450000000.0,88169000000.0,21963999232.0,14443000000.0,15280000000.0,,14420000000.0,0.584,10689000000.0,FYFinancialStatements_Consolidated_IFRS,2027-03-31,2028-03-31,yfinance,bps=jquants:BPS;cash=jquants:CashEq;cfo=jquants:CFO;debt=yfinance:totalDebt;ebitda=yfinance:ebitda;equity=jquants:Eq;equity_to_assets=jquants:EqAR;shares=jquants:ShOutFY;total_assets=jquants:TA,2026-04-30
4385,"Mercari,Inc.",165043847.0,829.614,120491000000.0,673763000000.0,274320998400.0,155229000000.0,46782001152.0,,34518000000.0,0.178,-19259000000.0,3QFinancialStatements_Consolidated_IFRS,2026-06-30,,yfinance,bps=yfinance:bookValue;cash=jquants:CashEq;cfo=jquants:CFO;debt=yfinance:totalDebt;ebitda=yfinance:ebitda;equity=jquants:Eq;equity_to_assets=jquants:EqAR;shares=jquants:ShOutFY;total_assets=jquants:TA,2026-05-11
4401,ADEKA CORPORATION,103768142.0,3202.99,371572000000.0,559987000000.0,48419999744.0,87884000000.0,65462001664.0,,41614000000.0,0.56,40612000000.0,FYFinancialStatements_Consolidated_JP,2027-03-31,2028-03-31,yfinance,bps=jquants:BPS;cash=jquants:CashEq;cfo=jquants:CFO;debt=yfinance:totalDebt;ebitda=yfinance:ebitda;equity=jquants:Eq;equity_to_assets=jquants:EqAR;shares=jquants:ShOutFY;total_assets=jquants:TA,2026-05-14
4403,NOF CORPORATION,236524128.0,1304.33,296465000000.0,399168000000.0,4312999936.0,82973000000.0,71830749184.0,,47411000000.0,0.74,35865000000.0,FYFinancialStatements_Consolidated_JP,2027-03-31,2028-03-31,yfinance,bps=jquants:BPS;cash=jquants:CashEq;cfo=jquants:CFO;debt=yfinance:totalDebt;ebitda=yfinance:ebitda;equity=jquants:Eq;equity_to_assets=jquants:EqAR;shares=jquants:ShOutFY;total_assets=jquants:TA,2026-05-11
4432,WingArc1st Inc.,35009470.0,1355.26,47032000000.0,73490000000.0,7118836224.0,13339000000.0,11026201600.0,,8989000000.0,0.64,7197000000.0,FYFinancialStatements_Consolidated_IFRS,2027-02-28,2028-02-28,yfinance,bps=jquants:BPS;cash=jquants:CashEq;cfo=jquants:CFO;debt=yfinance:totalDebt;ebitda=yfinance:ebitda;equity=jquants:Eq;equity_to_assets=jquants:EqAR;shares=jquants:ShOutFY;total_assets=jquants:TA,2026-04-09
4443,"Sansan,Inc.",126780856.0,166.564,19070000000.0,47807000000.0,2735000064.0,28076000000.0,9219000320.0,,5947000000.0,0.377,-359000000.0,DividendForecastRevision,2027-05-31,2028-05-31,yfinance,bps=yfinance:bookValue;cash=jquants:CashEq;cfo=jquants:CFO;debt=yfinance:totalDebt;ebitda=yfinance:ebitda;equity=jquants:Eq;equity_to_assets=jquants:EqAR;shares=jquants:ShOutFY;total_assets=jquants:TA,2026-05-19
4452,Kao Corporation,453600000.0,2371.02,1103069000000.0,1831159000000.0,237206994944.0,274840000000.0,253407002624.0,,44903000000.0,0.586,-16757000000.0,1QFinancialStatements_Consolidated_IFRS,2026-12-31,,yfinance,bps=jquants:BPS;cash=jquants:CashEq;cfo=jquants:CFO;debt=yfinance:totalDebt;ebitda=yfinance:ebitda;equity=jquants:Eq;equity_to_assets=jquants:EqAR;shares=jquants:ShOutFY;total_assets=jquants:TA,2026-05-12
4471,"SANYO CHEMICAL INDUSTRIES,LTD.",23534752.0,7198.31,162556000000.0,195526000000.0,3727000064.0,34378000000.0,22307000320.0,,10007000000.0,0.814,20206000000.0,FYFinancialStatements_Consolidated_JP,2027-03-31,2028-03-31,yfinance,bps=jquants:BPS;cash=jquants:CashEq;cfo=jquants:CFO;debt=yfinance:totalDebt;ebitda=yfinance:ebitda;equity=jquants:Eq;equity_to_assets=jquants:EqAR;shares=jquants:ShOutFY;total_assets=jquants:TA,2026-05-13
4480,"MEDLEY,INC.",32738600.0,495.055,13057000000.0,43683000000.0,18830999552.0,12042000384.0,5736000000.0,,-67000000.0,0.299,,1QFinancialStatements_Consolidated_JP,2026-12-31,,yfinance,bps=yfinance:bookValue;cash=yfinance:totalCash;debt=yfinance:totalDebt;ebitda=yfinance:ebitda;equity=jquants:Eq;equity_to_assets=jquants:EqAR;shares=jquants:ShOutFY;total_assets=jquants:TA,2026-05-13
4483,JMDC Inc.,65439808.0,1278.09,84183000000.0,158538000000.0,51027001344.0,28950000000.0,14133999616.0,,10521000000.0,0.528,8594000000.0,FYFinancialStatements_Consolidated_IFRS,2027-03-31,2028-03-31,yfinance,bps=jquants:BPS;cash=jquants:CashEq;cfo=jquants:CFO;debt=yfinance:totalDebt;ebitda=yfinance:ebitda;equity=jquants:Eq;equity_to_assets=jquants:EqAR;shares=jquants:ShOutFY;total_assets=jquants:TA,2026-05-08
4502,Takeda Pharmaceutical Company Limited,1591229109.0,4702.66,7430649000000.0,15511506000000.0,5536499105792.0,595054000000.0,1249335967744.0,,6217000000.0,0.479,1041431000000.0,FYFinancialStatements_Consolidated_IFRS,2027-03-31,2028-03-31,yfinance,bps=jquants:BPS;cash=jquants:CashEq;cfo=jquants:CFO;debt=yfinance:totalDebt;ebitda=yfinance:ebitda;equity=jquants:Eq;equity_to_assets=jquants:EqAR;shares=jquants:ShOutFY;total_assets=jquants:TA,2026-06-05
4503,Astellas Pharma Inc.,1809663075.0,1020.96,1830884000000.0,3567042000000.0,589870006272.0,281605000000.0,669549002752.0,,382633000000.0,0.513,560188000000.0,FYFinancialStatements_Consolidated_IFRS,2027-03-31,2028-03-31,yfinance,bps=jquants:BPS;cash=jquants:CashEq;cfo=jquants:CFO;debt=yfinance:totalDebt;ebitda=yfinance:ebitda;equity=jquants:Eq;equity_to_assets=jquants:EqAR;shares=jquants:ShOutFY;total_assets=jquants:TA,2026-04-27
4506,"Sumitomo Pharma Co.,Ltd.",397900154.0,736.16,292467000000.0,804571000000.0,160657997824.0,44310000000.0,68337999872.0,,107338000000.0,0.364,71715000000.0,FYFinancialStatements_Consolidated_IFRS,2027-03-31,2028-03-31,yfinance,bps=jquants:BPS;cash=jquants:CashEq;cfo=jquants:CFO;debt=yfinance:totalDebt;ebitda=yfinance:ebitda;equity=jquants:Eq;equity_to_assets=jquants:EqAR;shares=jquants:ShOutFY;total_assets=jquants:TA,2026-05-13
4507,"Shionogi & Co.,Ltd.",889632195.0,1980.14,1686205000000.0,2576870000000.0,684131024896.0,711397000000.0,150737993728.0,,166725000000.0,0.654,213572000000.0,FYFinancialStatements_Consolidated_IFRS,2027-03-31,2028-03-31,yfinance,bps=jquants:BPS;cash=jquants:CashEq;cfo=jquants:CFO;debt=yfinance:totalDebt;ebitda=yfinance:ebitda;equity=jquants:Eq;equity_to_assets=jquants:EqAR;shares=jquants:ShOutFY;total_assets=jquants:TA,2026-05-12
4516,"Nippon Shinyaku Co.,Ltd.",70251484.0,4325.63,291871000000.0,346359000000.0,2558000128.0,76592000000.0,42017001472.0,,35496000000.0,0.842,27221000000.0,FYFinancialStatements_Consolidated_IFRS,2027-03-31,2028-03-31,yfinance,bps=jquants:BPS;cash=jquants:CashEq;cfo=jquants:CFO;debt=yfinance:totalDebt;ebitda=yfinance:ebitda;equity=jquants:Eq;equity_to_assets=jquants:EqAR;shares=jquants:ShOutFY;total_assets=jquants:TA,2026-05-15
4519,"CHUGAI PHARMACEUTICAL CO.,LTD.",1679057667.0,1232.395,1907715000000.0,2265101000000.0,0.0,417984000000.0,678050004992.0,,158765000000.0,0.842,122040000000.0,1QFinancialStatements_Consolidated_IFRS,2026-12-31,,yfinance,bps=yfinance:bookValue;cash=jquants:CashEq;cfo=jquants:CFO;debt=yfinance:totalDebt;ebitda=yfinance:ebitda;equity=jquants:Eq;equity_to_assets=jquants:EqAR;shares=jquants:ShOutFY;total_assets=jquants:TA,2026-04-24
4521,"KAKEN PHARMACEUTICAL CO.,LTD.",44139730.0,3898.24,147619000000.0,178217000000.0,3849999872.0,50705000000.0,13507749888.0,,-899000000.0,0.828,-11079000000.0,EarnForecastRevision,2027-03-31,2028-03-31,yfinance,bps=jquants:BPS;cash=jquants:CashEq;cfo=jquants:CFO;debt=yfinance:totalDebt;ebitda=yfinance:ebitda;equity=jquants:Eq;equity_to_assets=jquants:EqAR;shares=jquants:ShOutFY;total_assets=jquants:TA,2026-05-13
4523,"Eisai Co.,Ltd.",291649149.0,3189.15,925124000000.0,1449113000000.0,271341993984.0,245423000000.0,96127000576.0,,44138000000.0,0.62,61323000000.0,FYFinancialStatements_Consolidated_IFRS,2027-03-31,2028-03-31,yfinance,bps=jquants:BPS;cash=jquants:CashEq;cfo=jquants:CFO;debt=yfinance:totalDebt;ebitda=yfinance:ebitda;equity=jquants:Eq;equity_to_assets=jquants:EqAR;shares=jquants:ShOutFY;total_assets=jquants:TA,2026-05-15
4527,"ROHTO PHARMACEUTICAL CO.,LTD.",236178310.0,1334.04,320174000000.0,485771000000.0,58100998144.0,82851000000.0,61088501760.0,,41118000000.0,0.621,47788000000.0,FYFinancialStatements_Consolidated_JP,2027-03-31,2028-03-31,yfinance,bps=jquants:BPS;cash=jquants:CashEq;cfo=jquants:CFO;debt=yfinance:totalDebt;ebitda=yfinance:ebitda;equity=jquants:Eq;equity_to_assets=jquants:EqAR;shares=jquants:ShOutFY;total_assets=jquants:TA,2026-05-13
4528,"ONO PHARMACEUTICAL CO.,LTD.",498692800.0,1810.44,856643000000.0,1106515000000.0,117100003328.0,237046000000.0,138388996096.0,,92236000000.0,0.769,136821000000.0,FYFinancialStatements_Consolidated_IFRS,2027-03-31,2028-03-31,yfinance,bps=jquants:BPS;cash=jquants:CashEq;cfo=jquants:CFO;debt=yfinance:totalDebt;ebitda=yfinance:ebitda;equity=jquants:Eq;equity_to_assets=jquants:EqAR;shares=jquants:ShOutFY;total_assets=jquants:TA,2026-05-08
4536,"SANTEN PHARMACEUTICAL CO.,LTD.",322281654.0,923.75,296017000000.0,423033000000.0,0.0,80875000000.0,65346998272.0,,47797000000.0,0.702,43500000000.0,FYFinancialStatements_Consolidated_IFRS,2027-03-31,2028-03-31,yfinance,bps=jquants:BPS;cash=jquants:CashEq;cfo=jquants:CFO;debt=yfinance:totalDebt;ebitda=yfinance:ebitda;equity=jquants:Eq;equity_to_assets=jquants:EqAR;shares=jquants:ShOutFY;total_assets=jquants:TA,2026-05-12
4540,TSUMURA & CO.,76758362.0,4315.88,371603000000.0,592766000000.0,148074004480.0,78261000000.0,49178001408.0,,35219000000.0,0.543,24718000000.0,FYFinancialStatements_Consolidated_JP,2027-03-31,2028-03-31,yfinance,bps=jquants:BPS;cash=jquants:CashEq;cfo=jquants:CFO;debt=yfinance:totalDebt;ebitda=yfinance:ebitda;equity=jquants:Eq;equity_to_assets=jquants:EqAR;shares=jquants:ShOutFY;total_assets=jquants:TA,2026-05-13
4543,TERUMO CORPORATION,1480559680.0,1074.18,1584509000000.0,2312234000000.0,438055010304.0,280494000000.0,305706991616.0,,176320000000.0,0.685,230852000000.0,FYFinancialStatements_Consolidated_IFRS,2027-03-31,2028-03-31,yfinance,bps=jquants:BPS;cash=jquants:CashEq;cfo=jquants:CFO;debt=yfinance:totalDebt;ebitda=yfinance:ebitda;equity=jquants:Eq;equity_to_assets=jquants:EqAR;shares=jquants:ShOutFY;total_assets=jquants:TA,2026-05-15
4544,"H.U. Group Holdings,Inc.",57492322.0,2474.75,137472000000.0,267466000000.0,60271001600.0,48104000000.0,27395000320.0,,4780000000.0,0.513,21565000000.0,FYFinancialStatements_Consolidated_JP,2027-03-31,2028-03-31,yfinance,bps=jquants:BPS;cash=jquants:CashEq;cfo=jquants:CFO;debt=yfinance:totalDebt;ebitda=yfinance:ebitda;equity=jquants:Eq;equity_to_assets=jquants:EqAR;shares=jquants:ShOutFY;total_assets=jquants:TA,2026-05-14
4547,"KISSEI PHARMACEUTICAL CO.,LTD.",46541985.0,5552.11,231536000000.0,275086000000.0,1250000000.0,53971000000.0,712249984.0,,-2927000000.0,0.837,-1485000000.0,FYFinancialStatements_Consolidated_JP,2027-03-31,2028-03-31,yfinance,bps=jquants:BPS;cash=jquants:CashEq;cfo=jquants:CFO;debt=yfinance:totalDebt;ebitda=yfinance:ebitda;equity=jquants:Eq;equity_to_assets=jquants:EqAR;shares=jquants:ShOutFY;total_assets=jquants:TA,2026-05-11
4549,"EIKEN CHEMICAL CO.,LTD.",34541438.0,1333.07,44034000000.0,62657000000.0,5874999808.0,7943000000.0,5386500096.0,,2919000000.0,0.701,4045000000.0,FYFinancialStatements_Consolidated_JP,2027-03-31,2028-03-31,yfinance,bps=jquants:BPS;cash=jquants:CashEq;cfo=jquants:CFO;debt=yfinance:totalDebt;ebitda=yfinance:ebitda;equity=jquants:Eq;equity_to_assets=jquants:EqAR;shares=jquants:ShOutFY;total_assets=jquants:TA,2026-05-12
4552,"JCR Pharmaceuticals Co.,Ltd.",129686308.0,384.19,47084000000.0,113195000000.0,53942001664.0,14007000000.0,1324749952.0,,477000000.0,0.412,-135000000.0,3QFinancialStatements_Consolidated_JP,2026-03-31,,yfinance,bps=jquants:BPS;cash=jquants:CashEq;cfo=jquants:CFO;debt=yfinance:totalDebt;ebitda=yfinance:ebitda;equity=jquants:Eq;equity_to_assets=jquants:EqAR;shares=jquants:ShOutFY;total_assets=jquants:TA,2026-05-13
4553,"TOWA PHARMACEUTICAL CO.,LTD.",51516000.0,3617.95,178103000000.0,475290000000.0,229926993920.0,44811000000.0,47066001408.0,,23102000000.0,0.375,30429000000.0,FYFinancialStatements_Consolidated_JP,2027-03-31,2028-03-31,yfinance,bps=jquants:BPS;cash=jquants:CashEq;cfo=jquants:CFO;debt=yfinance:totalDebt;ebitda=yfinance:ebitda;equity=jquants:Eq;equity_to_assets=jquants:EqAR;shares=jquants:ShOutFY;total_assets=jquants:TA,2026-05-14
4559,"ZERIA PHARMACEUTICAL CO.,LTD.",50119190.0,2459.12,108604000000.0,179697000000.0,36474220544.0,27635000000.0,20099225600.0,,12374000000.0,0.603,9955000000.0,FYFinancialStatements_Consolidated_JP,2027-03-31,2028-03-31,yfinance,bps=jquants:BPS;cash=jquants:CashEq;cfo=jquants:CFO;debt=yfinance:totalDebt;ebitda=yfinance:ebitda;equity=jquants:Eq;equity_to_assets=jquants:EqAR;shares=jquants:ShOutFY;total_assets=jquants:TA,2026-05-08
4565,"Nxera Pharma Co.,Ltd.",90496735.0,709.192,63686000000.0,133338000000.0,54406000640.0,11597000000.0,754000000.0,,3244000000.0,0.478,-1654000000.0,1QFinancialStatements_Consolidated_IFRS,2026-12-31,,yfinance,bps=yfinance:bookValue;cash=jquants:CashEq;cfo=jquants:CFO;debt=yfinance:totalDebt;ebitda=yfinance:ebitda;equity=jquants:Eq;equity_to_assets=jquants:EqAR;shares=jquants:ShOutFY;total_assets=jquants:TA,2026-05-01
4568,"DAIICHI SANKYO COMPANY,LIMITED",1894350529.0,914.56,1664179000000.0,4005390000000.0,500480016384.0,488983000000.0,311073996800.0,,229089000000.0,0.415,77655000000.0,FYFinancialStatements_Consolidated_IFRS,2027-03-31,2028-03-31,yfinance,bps=jquants:BPS;cash=jquants:CashEq;cfo=jquants:CFO;debt=yfinance:totalDebt;ebitda=yfinance:ebitda;equity=jquants:Eq;equity_to_assets=jquants:EqAR;shares=jquants:ShOutFY;total_assets=jquants:TA,2026-05-11
4569,"KYORIN Pharmaceutical Co.,Ltd.",59945641.0,2479.28,142425000000.0,195455000000.0,23242999808.0,11802000000.0,6784000000.0,,3567000000.0,0.729,6381000000.0,FYFinancialStatements_Consolidated_JP,2027-03-31,2028-03-31,yfinance,bps=jquants:BPS;cash=jquants:CashEq;cfo=jquants:CFO;debt=yfinance:totalDebt;ebitda=yfinance:ebitda;equity=jquants:Eq;equity_to_assets=jquants:EqAR;shares=jquants:ShOutFY;total_assets=jquants:TA,2026-05-12
4578,"Otsuka Holdings Co.,Ltd.",542988917.0,5894.25,3174033000000.0,4209195000000.0,194201993216.0,538296000000.0,580975984640.0,,126287000000.0,0.738,108882000000.0,1QFinancialStatements_Consolidated_IFRS,2026-12-31,,yfinance,bps=jquants:BPS;cash=jquants:CashEq;cfo=jquants:CFO;debt=yfinance:totalDebt;ebitda=yfinance:ebitda;equity=jquants:Eq;equity_to_assets=jquants:EqAR;shares=jquants:ShOutFY;total_assets=jquants:TA,2026-04-28
4587,PeptiDream Inc.,130010400.0,132.568,49747000000.0,74696000000.0,15687999488.0,25550978000.0,2055639040.0,,-1140000000.0,0.666,-945684000.0,1QFinancialStatements_Consolidated_IFRS,2026-12-31,,yfinance,bps=yfinance:bookValue;cash=jquants:CashEq;cfo=jquants:CFO;debt=yfinance:totalDebt;ebitda=yfinance:ebitda;equity=jquants:Eq;equity_to_assets=jquants:EqAR;shares=jquants:ShOutFY;total_assets=jquants:TA,2026-05-13
4612,"NIPPON PAINT HOLDINGS CO.,LTD.",2370512215.0,863.107,1922409000000.0,4140764000000.0,1420886016000.0,396553000000.0,361079996416.0,,70948000000.0,0.459,15454000000.0,1QFinancialStatements_Consolidated_IFRS,2026-12-31,,yfinance,bps=yfinance:bookValue;cash=jquants:CashEq;cfo=jquants:CFO;debt=yfinance:totalDebt;ebitda=yfinance:ebitda;equity=jquants:Eq;equity_to_assets=jquants:EqAR;shares=jquants:ShOutFY;total_assets=jquants:TA,2026-05-15
4613,"KANSAI PAINT CO.,LTD.",177976280.0,1703.16,381203000000.0,801693000000.0,243250003968.0,67230000000.0,77297745920.0,,49726000000.0,0.374,52616000000.0,FYFinancialStatements_Consolidated_JP,2027-03-31,2028-03-31,yfinance,bps=jquants:BPS;cash=jquants:CashEq;cfo=jquants:CFO;debt=yfinance:totalDebt;ebitda=yfinance:ebitda;equity=jquants:Eq;equity_to_assets=jquants:EqAR;shares=jquants:ShOutFY;total_assets=jquants:TA,2026-05-11
4617,"Chugoku Marine Paints,Ltd.",55000000.0,1924.33,101780000000.0,157560000000.0,15948000256.0,38058000000.0,21102999552.0,,17437000000.0,0.606,14418000000.0,FYFinancialStatements_Consolidated_JP,2027-03-31,2028-03-31,yfinance,bps=jquants:BPS;cash=jquants:CashEq;cfo=jquants:CFO;debt=yfinance:totalDebt;ebitda=yfinance:ebitda;equity=jquants:Eq;equity_to_assets=jquants:EqAR;shares=jquants:ShOutFY;total_assets=jquants:TA,2026-05-11
4626,"TAIYO HOLDINGS CO.,LTD.",116839616.0,1040.16,115757000000.0,201928000000.0,53663997952.0,42542000000.0,44227248128.0,,32529000000.0,0.573,30742000000.0,FYFinancialStatements_Consolidated_JP,2027-03-31,2028-03-31,yfinance,bps=jquants:BPS;cash=jquants:CashEq;cfo=jquants:CFO;debt=yfinance:totalDebt;ebitda=yfinance:ebitda;equity=jquants:Eq;equity_to_assets=jquants:EqAR;shares=jquants:ShOutFY;total_assets=jquants:TA,2026-04-30
4631,DIC Corporation,95156904.0,5385.045,501880000000.0,1303573000000.0,433812996096.0,70686998528.0,133498003456.0,,24512000000.0,0.37,,1QFinancialStatements_Consolidated_JP,2026-12-31,,yfinance,bps=yfinance:bookValue;cash=yfinance:totalCash;debt=yfinance:totalDebt;ebitda=yfinance:ebitda;equity=jquants:Eq;equity_to_assets=jquants:EqAR;shares=jquants:ShOutFY;total_assets=jquants:TA,2026-05-15
4633,SAKATA INX CORPORATION,54172361.0,2586.34,128423000000.0,228933000000.0,38656999424.0,22111000576.0,23152001024.0,,4173000000.0,0.527,,1QFinancialStatements_Consolidated_JP,2026-12-31,,yfinance,bps=yfinance:bookValue;cash=yfinance:totalCash;debt=yfinance:totalDebt;ebitda=yfinance:ebitda;equity=jquants:Eq;equity_to_assets=jquants:EqAR;shares=jquants:ShOutFY;total_assets=jquants:TA,2026-05-11
4634,"artience Co.,Ltd.",50286544.0,767.872,276835000000.0,451003000000.0,59598000128.0,50737000448.0,34589499392.0,,5200000000.0,0.588,,1QFinancialStatements_Consolidated_JP,2026-12-31,,yfinance,bps=yfinance:bookValue;cash=yfinance:totalCash;debt=yfinance:totalDebt;ebitda=yfinance:ebitda;equity=jquants:Eq;equity_to_assets=jquants:EqAR;shares=jquants:ShOutFY;total_assets=jquants:TA,2026-05-15
4661,"ORIENTAL LAND CO.,LTD.",1800450800.0,670.86,1100021000000.0,1629076000000.0,326302007296.0,236132000000.0,,,168413000000.0,0.675,181281000000.0,FYFinancialStatements_Consolidated_JP,2027-03-31,2028-03-31,,bps=jquants:BPS;cash=jquants:CashEq;cfo=jquants:CFO;debt=yfinance:totalDebt;equity=jquants:Eq;equity_to_assets=jquants:EqAR;shares=jquants:ShOutFY;total_assets=jquants:TA,2026-04-28
4665,"DUSKIN CO.,LTD.",48000000.0,3354.74,158297000000.0,210288000000.0,3000000.0,24183000000.0,17860249600.0,,8748000000.0,0.751,13792000000.0,FYFinancialStatements_Consolidated_JP,2027-03-31,2028-03-31,yfinance,bps=jquants:BPS;cash=jquants:CashEq;cfo=jquants:CFO;debt=yfinance:totalDebt;ebitda=yfinance:ebitda;equity=jquants:Eq;equity_to_assets=jquants:EqAR;shares=jquants:ShOutFY;total_assets=jquants:TA,2026-05-15
4666,"PARK24 Co.,Ltd.",171048369.0,690.105,71035000000.0,311109000000.0,172159991808.0,32813000000.0,80572997632.0,,9194000000.0,0.228,9471000000.0,EarnForecastRevision,2027-10-31,2028-10-31,yfinance,bps=yfinance:bookValue;cash=jquants:CashEq;cfo=jquants:CFO;debt=yfinance:totalDebt;ebitda=yfinance:ebitda;equity=jquants:Eq;equity_to_assets=jquants:EqAR;shares=jquants:ShOutFY;total_assets=jquants:TA,2026-03-17
4676,"FUJI MEDIA HOLDINGS,INC.",169123000.0,3838.08,561467000000.0,1464728000000.0,648709013504.0,128936000000.0,36806750208.0,,-8766000000.0,0.373,-341000000.0,FYFinancialStatements_Consolidated_JP,2027-03-31,2028-03-31,yfinance,bps=jquants:BPS;cash=jquants:CashEq;cfo=jquants:CFO;debt=yfinance:totalDebt;ebitda=yfinance:ebitda;equity=jquants:Eq;equity_to_assets=jquants:EqAR;shares=jquants:ShOutFY;total_assets=jquants:TA,2026-05-12
4680,ROUND ONE Corporation,289161942.0,312.47,82635000000.0,309888000000.0,203242995712.0,54950000000.0,72935997440.0,,28773000000.0,0.267,60461000000.0,FYFinancialStatements_Consolidated_IFRS,2027-03-31,2028-03-31,yfinance,bps=jquants:BPS;cash=jquants:CashEq;cfo=jquants:CFO;debt=yfinance:totalDebt;ebitda=yfinance:ebitda;equity=jquants:Eq;equity_to_assets=jquants:EqAR;shares=jquants:ShOutFY;total_assets=jquants:TA,2026-05-13
4681,"RESORTTRUST,INC.",217041598.0,754.67,166683000000.0,525309000000.0,40446001152.0,32887000000.0,43780251648.0,,29161000000.0,0.305,50260000000.0,FYFinancialStatements_Consolidated_JP,2027-03-31,2028-03-31,yfinance,bps=jquants:BPS;cash=jquants:CashEq;cfo=jquants:CFO;debt=yfinance:totalDebt;ebitda=yfinance:ebitda;equity=jquants:Eq;equity_to_assets=jquants:EqAR;shares=jquants:ShOutFY;total_assets=jquants:TA,2026-05-15
4684,"OBIC Co.,Ltd.",498000000.0,1190.8,516011000000.0,618796000000.0,0.0,207385000000.0,95356002304.0,,88823000000.0,0.834,73746000000.0,FYFinancialStatements_Consolidated_JP,2027-03-31,2028-03-31,yfinance,bps=jquants:BPS;cash=jquants:CashEq;cfo=jquants:CFO;debt=yfinance:totalDebt;ebitda=yfinance:ebitda;equity=jquants:Eq;equity_to_assets=jquants:EqAR;shares=jquants:ShOutFY;total_assets=jquants:TA,2026-04-21
4686,JUSTSYSTEMS CORPORATION,64224800.0,1848.04,118688000000.0,136412000000.0,0.0,64901000000.0,25798500352.0,,22492000000.0,0.87,19626000000.0,FYFinancialStatements_Consolidated_JP,2027-03-31,2028-03-31,yfinance,bps=jquants:BPS;cash=jquants:CashEq;cfo=jquants:CFO;debt=yfinance:totalDebt;ebitda=yfinance:ebitda;equity=jquants:Eq;equity_to_assets=jquants:EqAR;shares=jquants:ShOutFY;total_assets=jquants:TA,2026-05-14
4689,LY Corporation,6884244856.0,437.23,3713509000000.0,11205191000000.0,2283190878208.0,1068032000000.0,485953011712.0,,341322000000.0,0.268,662854000000.0,EarnForecastRevision,2027-03-31,2028-03-31,yfinance,bps=jquants:BPS;cash=jquants:CashEq;cfo=jquants:CFO;debt=yfinance:totalDebt;ebitda=yfinance:ebitda;equity=jquants:Eq;equity_to_assets=jquants:EqAR;shares=jquants:ShOutFY;total_assets=jquants:TA,2026-05-08
4694,"BML,INC.",40749426.0,3405.4,132129000000.0,183247000000.0,0.0,64602000000.0,20103249920.0,,10421000000.0,0.697,20715000000.0,FYFinancialStatements_Consolidated_JP,2027-03-31,2028-03-31,yfinance,bps=jquants:BPS;cash=jquants:CashEq;cfo=jquants:CFO;debt=yfinance:totalDebt;ebitda=yfinance:ebitda;equity=jquants:Eq;equity_to_assets=jquants:EqAR;shares=jquants:ShOutFY;total_assets=jquants:TA,2026-05-13
4704,Trend Micro Incorporated,140901604.0,916.772,114532000000.0,399240000000.0,0.0,215133000000.0,78236999680.0,,15558000000.0,0.278,29583000000.0,1QFinancialStatements_Consolidated_JP,2026-12-31,,yfinance,bps=yfinance:bookValue;cash=jquants:CashEq;cfo=jquants:CFO;debt=yfinance:totalDebt;ebitda=yfinance:ebitda;equity=jquants:Eq;equity_to_assets=jquants:EqAR;shares=jquants:ShOutFY;total_assets=jquants:TA,2026-05-14
4716,ORACLE CORPORATION JAPAN,128310971.0,1597.498,188081000000.0,315493000000.0,0.0,64231000000.0,91118002176.0,,67023000000.0,0.596,23419000000.0,3QFinancialStatements_NonConsolidated_JP,2026-05-31,,yfinance,bps=yfinance:bookValue;cash=jquants:CashEq;cfo=jquants:CFO;debt=yfinance:totalDebt;ebitda=yfinance:ebitda;equity=jquants:Eq;equity_to_assets=jquants:EqAR;shares=jquants:ShOutFY;total_assets=jquants:TA,2026-03-24
4722,Future Corporation,95328000.0,714.5,63358000000.0,94019000000.0,13571000320.0,36360998912.0,19872999424.0,,3433000000.0,0.674,,1QFinancialStatements_Consolidated_JP,2026-12-31,,yfinance,bps=jquants:BPS;cash=yfinance:totalCash;debt=yfinance:totalDebt;ebitda=yfinance:ebitda;equity=jquants:Eq;equity_to_assets=jquants:EqAR;shares=jquants:ShOutFY;total_assets=jquants:TA,2026-04-28
4732,"USS Co.,Ltd.",474000000.0,446.0,210966000000.0,270130000000.0,2112999936.0,88933000000.0,67084001280.0,,59847000000.0,0.767,43913000000.0,FYFinancialStatements_Consolidated_JP,2027-03-31,2028-03-31,yfinance,bps=jquants:BPS;cash=jquants:CashEq;cfo=jquants:CFO;debt=yfinance:totalDebt;ebitda=yfinance:ebitda;equity=jquants:Eq;equity_to_assets=jquants:EqAR;shares=jquants:ShOutFY;total_assets=jquants:TA,2026-05-12
4733,"OBIC BUSINESS CONSULTANTS CO.,LTD.",75404000.0,2253.05,169376000000.0,220801000000.0,0.0,116252000000.0,25313179648.0,,23580000000.0,0.767,17372000000.0,FYFinancialStatements_NonConsolidated_JP,2027-03-31,2028-03-31,yfinance,bps=jquants:BPS;cash=jquants:CashEq;cfo=jquants:CFO;debt=yfinance:totalDebt;ebitda=yfinance:ebitda;equity=jquants:Eq;equity_to_assets=jquants:EqAR;shares=jquants:ShOutFY;total_assets=jquants:TA,2026-04-21
4751,"CyberAgent,Inc.",507098570.0,412.148,284384000000.0,556509000000.0,96857997312.0,177949000000.0,98279251968.0,,52459000000.0,0.35,19612000000.0,2QFinancialStatements_Consolidated_JP,2026-09-30,,yfinance,bps=yfinance:bookValue;cash=jquants:CashEq;cfo=jquants:CFO;debt=yfinance:totalDebt;ebitda=yfinance:ebitda;equity=jquants:Eq;equity_to_assets=jquants:EqAR;shares=jquants:ShOutFY;total_assets=jquants:TA,2026-05-13
4755,"Rakuten Group,Inc.",2173696300.0,419.628,1276629000000.0,29314001000000.0,4796177186816.0,5042266000000.0,451701014528.0,,30394000000.0,0.031,-487063000000.0,1QFinancialStatements_Consolidated_IFRS,2026-12-31,,yfinance,bps=yfinance:bookValue;cash=jquants:CashEq;cfo=jquants:CFO;debt=yfinance:totalDebt;ebitda=yfinance:ebitda;equity=jquants:Eq;equity_to_assets=jquants:EqAR;shares=jquants:ShOutFY;total_assets=jquants:TA,2026-05-14
4768,OTSUKA CORPORATION,380004240.0,1091.255,397614000000.0,749489000000.0,6000000000.0,261406000000.0,104287002624.0,,23505000000.0,0.523,29821000000.0,1QFinancialStatements_Consolidated_JP,2026-12-31,,yfinance,bps=yfinance:bookValue;cash=jquants:CashEq;cfo=jquants:CFO;debt=yfinance:totalDebt;ebitda=yfinance:ebitda;equity=jquants:Eq;equity_to_assets=jquants:EqAR;shares=jquants:ShOutFY;total_assets=jquants:TA,2026-04-30
4776,"Cybozu,Inc.",52757800.0,386.147,17586000000.0,27023000000.0,29000000.0,8670000128.0,13706999808.0,,3014000000.0,0.649,,1QFinancialStatements_Consolidated_JP,2026-12-31,,yfinance,bps=yfinance:bookValue;cash=yfinance:totalCash;debt=yfinance:totalDebt;ebitda=yfinance:ebitda;equity=jquants:Eq;equity_to_assets=jquants:EqAR;shares=jquants:ShOutFY;total_assets=jquants:TA,2026-05-14
4812,DENTSU SOKEN INC.,195547440.0,540.004,100945000000.0,168897000000.0,0.0,77339000832.0,29034000384.0,,6588000000.0,0.597,,1QFinancialStatements_Consolidated_JP,2026-12-31,,yfinance,bps=yfinance:bookValue;cash=yfinance:totalCash;debt=yfinance:totalDebt;ebitda=yfinance:ebitda;equity=jquants:Eq;equity_to_assets=jquants:EqAR;shares=jquants:ShOutFY;total_assets=jquants:TA,2026-04-28
4816,"TOEI ANIMATION CO.,LTD.",210000000.0,837.15,171039000000.0,202271000000.0,0.0,76406000000.0,32659249152.0,,31018000000.0,,,,2027-03-31,2028-03-31,yfinance,bps=jquants:BPS;cash=jquants:CashEq;debt=yfinance:totalDebt;ebitda=yfinance:ebitda;equity=jquants:Eq;shares=jquants:ShOutFY;total_assets=jquants:TA,2026-05-13
4819,"Digital Garage,Inc.",47714532.0,1645.8,77696000000.0,218703000000.0,60852998144.0,40469000000.0,3775000064.0,,,0.346,-4939000000.0,FYFinancialStatements_Consolidated_IFRS,2027-03-31,2028-03-31,yfinance,bps=jquants:BPS;cash=jquants:CashEq;cfo=jquants:CFO;debt=yfinance:totalDebt;ebitda=yfinance:ebitda;equity=jquants:Eq;equity_to_assets=jquants:EqAR;shares=jquants:ShOutFY;total_assets=jquants:TA,2026-05-14
4825,WEATHERNEWS INC.,47376000.0,537.481,22819000000.0,25873000000.0,0.0,18834999296.0,5731999744.0,,3776000000.0,0.881,,DividendForecastRevision,2027-05-31,2028-05-31,yfinance,bps=yfinance:bookValue;cash=yfinance:totalCash;debt=yfinance:totalDebt;ebitda=yfinance:ebitda;equity=jquants:Eq;equity_to_assets=jquants:EqAR;shares=jquants:ShOutFY;total_assets=jquants:TA,2026-05-18
4849,en Inc.,49716000.0,830.17,31824000000.0,49708000000.0,0.0,12480000000.0,7740749824.0,,3962000000.0,0.631,3550000000.0,FYFinancialStatements_Consolidated_JP,2027-03-31,2028-03-31,yfinance,bps=jquants:BPS;cash=jquants:CashEq;cfo=jquants:CFO;debt=yfinance:totalDebt;ebitda=yfinance:ebitda;equity=jquants:Eq;equity_to_assets=jquants:EqAR;shares=jquants:ShOutFY;total_assets=jquants:TA,2026-05-14
4887,"SAWAI GROUP HOLDINGS Co.,Ltd.",115487137.0,1546.13,178556000000.0,359919000000.0,118967001088.0,28989000000.0,34384998400.0,,15894000000.0,0.496,7433000000.0,FYFinancialStatements_Consolidated_IFRS,2027-03-31,2028-03-31,yfinance,bps=jquants:BPS;cash=jquants:CashEq;cfo=jquants:CFO;debt=yfinance:totalDebt;ebitda=yfinance:ebitda;equity=jquants:Eq;equity_to_assets=jquants:EqAR;shares=jquants:ShOutFY;total_assets=jquants:TA,2026-05-15
4901,FUJIFILM Holdings Corporation,1243877184.0,3185.79,3844385000000.0,6053776000000.0,1110362947584.0,170553000000.0,508043001856.0,,350210000000.0,0.634,410555000000.0,FYFinancialStatements_Consolidated_US,2027-03-31,2028-03-31,yfinance,bps=jquants:BPS;cash=jquants:CashEq;cfo=jquants:CFO;debt=yfinance:totalDebt;ebitda=yfinance:ebitda;equity=jquants:Eq;equity_to_assets=jquants:EqAR;shares=jquants:ShOutFY;total_assets=jquants:TA,2026-05-12
4902,"KONICA MINOLTA,INC.",502664337.0,1085.64,548971000000.0,1234909000000.0,397020004352.0,110762000000.0,114673000448.0,,49869000000.0,0.434,86286000000.0,FYFinancialStatements_Consolidated_IFRS,2027-03-31,2028-03-31,yfinance,bps=jquants:BPS;cash=jquants:CashEq;cfo=jquants:CFO;debt=yfinance:totalDebt;ebitda=yfinance:ebitda;equity=jquants:Eq;equity_to_assets=jquants:EqAR;shares=jquants:ShOutFY;total_assets=jquants:TA,2026-05-14
4911,"Shiseido Company,Limited",400000000.0,1593.041,625367000000.0,1269851000000.0,336896000000.0,91786000000.0,100470996992.0,,12333000000.0,0.478,-840000000.0,1QFinancialStatements_Consolidated_IFRS,2026-12-31,,yfinance,bps=yfinance:bookValue;cash=jquants:CashEq;cfo=jquants:CFO;debt=yfinance:totalDebt;ebitda=yfinance:ebitda;equity=jquants:Eq;equity_to_assets=jquants:EqAR;shares=jquants:ShOutFY;total_assets=jquants:TA,2026-05-12
4912,Lion Corporation,279782746.0,1202.6,349708000000.0,520307000000.0,31826999296.0,57556000000.0,62298001408.0,,6292000000.0,0.621,-10868000000.0,1QFinancialStatements_Consolidated_IFRS,2026-12-31,,yfinance,bps=yfinance:bookValue;cash=jquants:CashEq;cfo=jquants:CFO;debt=yfinance:totalDebt;ebitda=yfinance:ebitda;equity=jquants:Eq;equity_to_assets=jquants:EqAR;shares=jquants:ShOutFY;total_assets=jquants:TA,2026-05-12
4914,TAKASAGO INTERNATIONAL CORPORATION,100761985.0,1573.55,156051000000.0,271147000000.0,63966998528.0,19572000000.0,16979000320.0,,8132000000.0,0.566,4271000000.0,FYFinancialStatements_Consolidated_JP,2027-03-31,2028-03-31,yfinance,bps=jquants:BPS;cash=jquants:CashEq;cfo=jquants:CFO;debt=yfinance:totalDebt;ebitda=yfinance:ebitda;equity=jquants:Eq;equity_to_assets=jquants:EqAR;shares=jquants:ShOutFY;total_assets=jquants:TA,2026-05-15
4919,"Milbon Co.,Ltd.",32305534.0,1576.66,48649000000.0,56981000000.0,0.0,12325999616.0,9210999808.0,,1250000000.0,0.854,,1QFinancialStatements_Consolidated_JP,2026-12-31,,yfinance,bps=yfinance:bookValue;cash=yfinance:totalCash;debt=yfinance:totalDebt;ebitda=yfinance:ebitda;equity=jquants:Eq;equity_to_assets=jquants:EqAR;shares=jquants:ShOutFY;total_assets=jquants:TA,2026-05-15
4922,KOSE Holdings Corporation,60592541.0,4913.11,299853000000.0,387464000000.0,10791000064.0,76837003264.0,25987000320.0,,1030000000.0,0.721,,1QFinancialStatements_Consolidated_JP,2026-12-31,,yfinance,bps=jquants:BPS;cash=yfinance:totalCash;debt=yfinance:totalDebt;ebitda=yfinance:ebitda;equity=jquants:Eq;equity_to_assets=jquants:EqAR;shares=jquants:ShOutFY;total_assets=jquants:TA,2026-05-14
4927,POLA ORBIS HOLDINGS INC.,229136156.0,712.62,157930000000.0,191701000000.0,33000000.0,60842999808.0,25614000128.0,,4925000000.0,0.823,,1QFinancialStatements_Consolidated_JP,2026-12-31,,yfinance,bps=jquants:BPS;cash=yfinance:totalCash;debt=yfinance:totalDebt;ebitda=yfinance:ebitda;equity=jquants:Eq;equity_to_assets=jquants:EqAR;shares=jquants:ShOutFY;total_assets=jquants:TA,2026-05-11
4928,"Noevir Holdings Co.,Ltd.",34156623.0,1493.609,49489000000.0,71736000000.0,684000000.0,23215000000.0,10842749952.0,,4534000000.0,0.681,3080000000.0,2QFinancialStatements_Consolidated_JP,2026-09-30,,yfinance,bps=yfinance:bookValue;cash=jquants:CashEq;cfo=jquants:CFO;debt=yfinance:totalDebt;ebitda=yfinance:ebitda;equity=jquants:Eq;equity_to_assets=jquants:EqAR;shares=jquants:ShOutFY;total_assets=jquants:TA,2026-05-13
4958,"T.HASEGAWA CO.,LTD.",42708154.0,3325.667,132276000000.0,156731000000.0,0.0,35050999808.0,14832749568.0,,4528000000.0,0.842,,2QFinancialStatements_Consolidated_JP,2026-09-30,,yfinance,bps=yfinance:bookValue;cash=yfinance:totalCash;debt=yfinance:totalDebt;ebitda=yfinance:ebitda;equity=jquants:Eq;equity_to_assets=jquants:EqAR;shares=jquants:ShOutFY;total_assets=jquants:TA,2026-05-08
4966,"C.Uyemura & Co.,Ltd.",18099000.0,7251.67,116665000000.0,139570000000.0,1086000000.0,51816000000.0,25013749760.0,,21327000000.0,,,,2027-03-31,2028-03-31,yfinance,bps=jquants:BPS;cash=jquants:CashEq;debt=yfinance:totalDebt;ebitda=yfinance:ebitda;equity=jquants:Eq;shares=jquants:ShOutFY;total_assets=jquants:TA,2026-05-13
4967,"KOBAYASHI PHARMACEUTICAL CO.,LTD.",78050000.0,2820.701,208926000000.0,254864000000.0,723000000.0,57329000448.0,19559999488.0,,1350000000.0,0.817,,1QFinancialStatements_Consolidated_JP,2026-12-31,,yfinance,bps=yfinance:bookValue;cash=yfinance:totalCash;debt=yfinance:totalDebt;ebitda=yfinance:ebitda;equity=jquants:Eq;equity_to_assets=jquants:EqAR;shares=jquants:ShOutFY;total_assets=jquants:TA,2026-05-08
4971,MEC COMPANY LTD.,19571093.0,760.889,31627000000.0,37955000000.0,1250000000.0,4633999872.0,2878000128.0,,2079000000.0,0.833,,1QFinancialStatements_Consolidated_JP,2026-12-31,,yfinance,bps=yfinance:bookValue;cash=yfinance:totalCash;debt=yfinance:totalDebt;ebitda=yfinance:ebitda;equity=jquants:Eq;equity_to_assets=jquants:EqAR;shares=jquants:ShOutFY;total_assets=jquants:TA,2026-05-12
4975,JCU CORPORATION,26219049.0,2216.41,54567000000.0,62679000000.0,32000000.0,22009000000.0,13138499584.0,,12156000000.0,0.871,9038000000.0,FYFinancialStatements_Consolidated_JP,2027-03-31,2028-03-31,yfinance,bps=jquants:BPS;cash=jquants:CashEq;cfo=jquants:CFO;debt=yfinance:totalDebt;ebitda=yfinance:ebitda;equity=jquants:Eq;equity_to_assets=jquants:EqAR;shares=jquants:ShOutFY;total_assets=jquants:TA,2026-05-12
4980,Dexerials Corporation,174741400.0,652.87,109363000000.0,165104000000.0,20302000128.0,16655000000.0,46427500544.0,,38097000000.0,0.662,27544000000.0,FYFinancialStatements_Consolidated_IFRS,2027-03-31,2028-03-31,yfinance,bps=jquants:BPS;cash=jquants:CashEq;cfo=jquants:CFO;debt=yfinance:totalDebt;ebitda=yfinance:ebitda;equity=jquants:Eq;equity_to_assets=jquants:EqAR;shares=jquants:ShOutFY;total_assets=jquants:TA,2026-05-13
4985,Earth Corporation,22209900.0,3696.442,82608000000.0,162384000000.0,11644000256.0,20541999104.0,12755999744.0,,6338000000.0,0.471,,1QFinancialStatements_Consolidated_JP,2026-12-31,,yfinance,bps=yfinance:bookValue;cash=yfinance:totalCash;debt=yfinance:totalDebt;ebitda=yfinance:ebitda;equity=jquants:Eq;equity_to_assets=jquants:EqAR;shares=jquants:ShOutFY;total_assets=jquants:TA,2026-05-13
4996,"KUMIAI CHEMICAL INDUSTRY CO.,LTD.",133184612.0,1279.461,160492000000.0,259068000000.0,53546000384.0,27773999104.0,18467000320.0,,10464000000.0,0.595,,2QFinancialStatements_Consolidated_JP,2026-10-31,,yfinance,bps=yfinance:bookValue;cash=yfinance:totalCash;debt=yfinance:totalDebt;ebitda=yfinance:ebitda;equity=jquants:Eq;equity_to_assets=jquants:EqAR;shares=jquants:ShOutFY;total_assets=jquants:TA,2026-06-12
5016,JX Advanced Metals Corporation,928463102.0,784.44,838258000000.0,1505337000000.0,453226004480.0,66306000000.0,142525005824.0,,174967000000.0,0.483,107544000000.0,FYFinancialStatements_Consolidated_IFRS,2027-03-31,2028-03-31,yfinance,bps=jquants:BPS;cash=jquants:CashEq;cfo=jquants:CFO;debt=yfinance:totalDebt;ebitda=yfinance:ebitda;equity=jquants:Eq;equity_to_assets=jquants:EqAR;shares=jquants:ShOutFY;total_assets=jquants:TA,2026-05-11
5019,"Idemitsu Kosan Co.,Ltd.",1288747390.0,1574.46,1951099000000.0,5328792000000.0,2296460869632.0,157088000000.0,604662267904.0,,212203000000.0,0.36,392429000000.0,FYFinancialStatements_Consolidated_JP,2027-03-31,2028-03-31,yfinance,bps=jquants:BPS;cash=jquants:CashEq;cfo=jquants:CFO;debt=yfinance:totalDebt;ebitda=yfinance:ebitda;equity=jquants:Eq;equity_to_assets=jquants:EqAR;shares=jquants:ShOutFY;total_assets=jquants:TA,2026-05-12
5020,"ENEOS Holdings,Inc.",2706766549.0,1252.75,3758201000000.0,9094314000000.0,2387852918784.0,877295000000.0,1120421937152.0,,466627000000.0,0.371,619983000000.0,FYFinancialStatements_Consolidated_IFRS,2027-03-31,2028-03-31,yfinance,bps=jquants:BPS;cash=jquants:CashEq;cfo=jquants:CFO;debt=yfinance:totalDebt;ebitda=yfinance:ebitda;equity=jquants:Eq;equity_to_assets=jquants:EqAR;shares=jquants:ShOutFY;total_assets=jquants:TA,2026-05-14
5021,"COSMO ENERGY HOLDINGS COMPANY,LIMITED",165041722.0,3817.76,735761000000.0,2196556000000.0,551332020224.0,81770000000.0,322353987584.0,,144790000000.0,0.276,213737000000.0,FYFinancialStatements_Consolidated_JP,2027-03-31,2028-03-31,yfinance,bps=jquants:BPS;cash=jquants:CashEq;cfo=jquants:CFO;debt=yfinance:totalDebt;ebitda=yfinance:ebitda;equity=jquants:Eq;equity_to_assets=jquants:EqAR;shares=jquants:ShOutFY;total_assets=jquants:TA,2026-05-12
5032,ANYCOLOR Inc.,61128029.0,449.75,26963000000.0,36502000000.0,0.0,22050000000.0,20720001024.0,,20172000000.0,0.739,15678000000.0,FYFinancialStatements_NonConsolidated_JP,2027-04-30,2028-04-30,yfinance,bps=jquants:BPS;cash=jquants:CashEq;cfo=jquants:CFO;debt=yfinance:totalDebt;ebitda=yfinance:ebitda;equity=jquants:Eq;equity_to_assets=jquants:EqAR;shares=jquants:ShOutFY;total_assets=jquants:TA,2026-06-10
5076,INFRONEER Holdings Inc.,274845024.0,2012.57,645230000000.0,2023100000000.0,610763014144.0,360981000000.0,115640000512.0,,75805000000.0,0.302,192785000000.0,FYFinancialStatements_Consolidated_IFRS,2027-03-31,2028-03-31,yfinance,bps=jquants:BPS;cash=jquants:CashEq;cfo=jquants:CFO;debt=yfinance:totalDebt;ebitda=yfinance:ebitda;equity=jquants:Eq;equity_to_assets=jquants:EqAR;shares=jquants:ShOutFY;total_assets=jquants:TA,2026-05-13
5101,"The Yokohama Rubber Company,Limited",166396381.0,6616.73,1052637000000.0,2046220000000.0,615222018048.0,93594000000.0,289973010432.0,,26007000000.0,0.51,-29105000000.0,1QFinancialStatements_Consolidated_IFRS,2026-12-31,,yfinance,bps=jquants:BPS;cash=jquants:CashEq;cfo=jquants:CFO;debt=yfinance:totalDebt;ebitda=yfinance:ebitda;equity=jquants:Eq;equity_to_assets=jquants:EqAR;shares=jquants:ShOutFY;total_assets=jquants:TA,2026-05-15
5105,Toyo Tire Corporation,154111029.0,3570.19,532770000000.0,735028000000.0,61397999616.0,112652001280.0,123317002240.0,,20610000000.0,0.725,,1QFinancialStatements_Consolidated_JP,2026-12-31,,yfinance,bps=yfinance:bookValue;cash=yfinance:totalCash;debt=yfinance:totalDebt;ebitda=yfinance:ebitda;equity=jquants:Eq;equity_to_assets=jquants:EqAR;shares=jquants:ShOutFY;total_assets=jquants:TA,2026-05-15
5108,BRIDGESTONE CORPORATION,1334037042.0,3038.25,3736191000000.0,5645839000000.0,899813998592.0,642944000000.0,957665968128.0,,125802000000.0,0.652,190795000000.0,1QFinancialStatements_Consolidated_IFRS,2026-12-31,,yfinance,bps=yfinance:bookValue;cash=jquants:CashEq;cfo=jquants:CFO;debt=yfinance:totalDebt;ebitda=yfinance:ebitda;equity=jquants:Eq;equity_to_assets=jquants:EqAR;shares=jquants:ShOutFY;total_assets=jquants:TA,2026-05-14
5110,"Sumitomo Rubber Industries,Ltd.",263043057.0,2761.12,747136000000.0,1490600000000.0,347783987200.0,99339000000.0,182280994816.0,,15066000000.0,0.487,10060000000.0,1QFinancialStatements_Consolidated_IFRS,2026-12-31,,yfinance,bps=jquants:BPS;cash=jquants:CashEq;cfo=jquants:CFO;debt=yfinance:totalDebt;ebitda=yfinance:ebitda;equity=jquants:Eq;equity_to_assets=jquants:EqAR;shares=jquants:ShOutFY;total_assets=jquants:TA,2026-05-15
5192,Mitsuboshi Belting Ltd.,31104198.0,3640.75,101619000000.0,129884000000.0,1750000000.0,25844000000.0,14143250432.0,,8678000000.0,0.782,10310000000.0,FYFinancialStatements_Consolidated_JP,2027-03-31,2028-03-31,yfinance,bps=jquants:BPS;cash=jquants:CashEq;cfo=jquants:CFO;debt=yfinance:totalDebt;ebitda=yfinance:ebitda;equity=jquants:Eq;equity_to_assets=jquants:EqAR;shares=jquants:ShOutFY;total_assets=jquants:TA,2026-05-14
5201,AGC Inc.,217434681.0,7194.697,1719471000000.0,2995531000000.0,673154007040.0,119848000000.0,343370006528.0,,38472000000.0,0.499,42605000000.0,1QFinancialStatements_Consolidated_IFRS,2026-12-31,,yfinance,bps=yfinance:bookValue;cash=jquants:CashEq;cfo=jquants:CFO;debt=yfinance:totalDebt;ebitda=yfinance:ebitda;equity=jquants:Eq;equity_to_assets=jquants:EqAR;shares=jquants:ShOutFY;total_assets=jquants:TA,2026-05-12
5202,"Nippon Sheet Glass Company,Limited",142319262.0,1065.75,185519000000.0,1117494000000.0,569489031168.0,55101000000.0,71349002240.0,,28817000000.0,0.135,33624000000.0,FYFinancialStatements_Consolidated_IFRS,2027-03-31,2028-03-31,yfinance,bps=jquants:BPS;cash=jquants:CashEq;cfo=jquants:CFO;debt=yfinance:totalDebt;ebitda=yfinance:ebitda;equity=jquants:Eq;equity_to_assets=jquants:EqAR;shares=jquants:ShOutFY;total_assets=jquants:TA,2026-05-11
5208,"Arisawa Mfg.Co.,Ltd.",33603924.0,1546.49,50688000000.0,81039000000.0,18686746624.0,14880000000.0,8605883392.0,,5805000000.0,0.625,3144000000.0,FYFinancialStatements_Consolidated_JP,2027-03-31,2028-03-31,yfinance,bps=jquants:BPS;cash=jquants:CashEq;cfo=jquants:CFO;debt=yfinance:totalDebt;ebitda=yfinance:ebitda;equity=jquants:Eq;equity_to_assets=jquants:EqAR;shares=jquants:ShOutFY;total_assets=jquants:TA,2026-04-30
5214,"Nippon Electric Glass Co.,Ltd.",89523246.0,6736.445,497538000000.0,692219000000.0,78505000960.0,100664000512.0,54405001216.0,,6481000000.0,0.714,,1QFinancialStatements_Consolidated_JP,2026-12-31,,yfinance,bps=yfinance:bookValue;cash=yfinance:totalCash;debt=yfinance:totalDebt;ebitda=yfinance:ebitda;equity=jquants:Eq;equity_to_assets=jquants:EqAR;shares=jquants:ShOutFY;total_assets=jquants:TA,2026-04-30
5232,"Sumitomo Osaka Cement Co.,Ltd.",32068117.0,6162.78,197948000000.0,361980000000.0,88087003136.0,16588000000.0,39248498688.0,,13648000000.0,0.54,34539000000.0,FYFinancialStatements_Consolidated_JP,2027-03-31,2028-03-31,yfinance,bps=jquants:BPS;cash=jquants:CashEq;cfo=jquants:CFO;debt=yfinance:totalDebt;ebitda=yfinance:ebitda;equity=jquants:Eq;equity_to_assets=jquants:EqAR;shares=jquants:ShOutFY;total_assets=jquants:TA,2026-05-13
5233,TAIHEIYO CEMENT CORPORATION,118191578.0,6098.13,712237000000.0,1479061000000.0,520392998912.0,53926000000.0,148980498432.0,,74620000000.0,0.46,114205000000.0,FYFinancialStatements_Consolidated_JP,2027-03-31,2028-03-31,yfinance,bps=jquants:BPS;cash=jquants:CashEq;cfo=jquants:CFO;debt=yfinance:totalDebt;ebitda=yfinance:ebitda;equity=jquants:Eq;equity_to_assets=jquants:EqAR;shares=jquants:ShOutFY;total_assets=jquants:TA,2026-05-12
5262,Nippon Hume Corporation,58695000.0,1025.11,52727000000.0,68996000000.0,988728000.0,10066000000.0,3712978944.0,,2523000000.0,0.757,-3476000000.0,FYFinancialStatements_Consolidated_JP,2027-03-31,2028-03-31,yfinance,bps=jquants:BPS;cash=jquants:CashEq;cfo=jquants:CFO;debt=yfinance:totalDebt;ebitda=yfinance:ebitda;equity=jquants:Eq;equity_to_assets=jquants:EqAR;shares=jquants:ShOutFY;total_assets=jquants:TA,2026-05-08
5301,"TOKAI CARBON CO.,LTD.",224943104.0,1588.81,351214000000.0,657654000000.0,217197002752.0,86403997696.0,62981001216.0,,6345000000.0,0.482,,1QFinancialStatements_Consolidated_JP,2026-12-31,,yfinance,bps=yfinance:bookValue;cash=yfinance:totalCash;debt=yfinance:totalDebt;ebitda=yfinance:ebitda;equity=jquants:Eq;equity_to_assets=jquants:EqAR;shares=jquants:ShOutFY;total_assets=jquants:TA,2026-05-13
5302,"Nippon Carbon Co.,Ltd.",11832504.0,4864.26,62883000000.0,83604000000.0,10364999680.0,16305000448.0,8291999744.0,,1057000000.0,0.641,,1QFinancialStatements_Consolidated_JP,2026-12-31,,yfinance,bps=jquants:BPS;cash=yfinance:totalCash;debt=yfinance:totalDebt;ebitda=yfinance:ebitda;equity=jquants:Eq;equity_to_assets=jquants:EqAR;shares=jquants:ShOutFY;total_assets=jquants:TA,2026-05-08
5310,"TOYO TANSO CO.,LTD.",20992588.0,4652.028,95863000000.0,119147000000.0,5329999872.0,15660999680.0,9368000512.0,,634000000.0,0.804,,1QFinancialStatements_Consolidated_JP,2026-12-31,,yfinance,bps=yfinance:bookValue;cash=yfinance:totalCash;debt=yfinance:totalDebt;ebitda=yfinance:ebitda;equity=jquants:Eq;equity_to_assets=jquants:EqAR;shares=jquants:ShOutFY;total_assets=jquants:TA,2026-05-11
5331,"NORITAKE CO.,LIMITED",56206996.0,3031.96,167738000000.0,230076000000.0,17164000256.0,13460000000.0,18749749248.0,,11114000000.0,0.725,10043000000.0,FYFinancialStatements_Consolidated_JP,2027-03-31,2028-03-31,yfinance,bps=jquants:BPS;cash=jquants:CashEq;cfo=jquants:CFO;debt=yfinance:totalDebt;ebitda=yfinance:ebitda;equity=jquants:Eq;equity_to_assets=jquants:EqAR;shares=jquants:ShOutFY;total_assets=jquants:TA,2026-05-12
5332,TOTO LTD.,166358397.0,3211.88,533914000000.0,827483000000.0,24594999296.0,131188000000.0,87822499840.0,,53759000000.0,0.638,71240000000.0,FYFinancialStatements_Consolidated_JP,2027-03-31,2028-03-31,yfinance,bps=jquants:BPS;cash=jquants:CashEq;cfo=jquants:CFO;debt=yfinance:totalDebt;ebitda=yfinance:ebitda;equity=jquants:Eq;equity_to_assets=jquants:EqAR;shares=jquants:ShOutFY;total_assets=jquants:TA,2026-04-30
5333,NGK Corporation,292243496.0,2811.27,817352000000.0,1243330000000.0,231445004288.0,199643000000.0,161257750528.0,,94997000000.0,0.65,137989000000.0,FYFinancialStatements_Consolidated_JP,2027-03-31,2028-03-31,yfinance,bps=jquants:BPS;cash=jquants:CashEq;cfo=jquants:CFO;debt=yfinance:totalDebt;ebitda=yfinance:ebitda;equity=jquants:Eq;equity_to_assets=jquants:EqAR;shares=jquants:ShOutFY;total_assets=jquants:TA,2026-04-30
5334,"Niterra Co.,Ltd.",199247720.0,3910.2,771255000000.0,1221101000000.0,242385993728.0,187747000000.0,192303005696.0,,138158000000.0,0.628,109384000000.0,FYFinancialStatements_Consolidated_IFRS,2027-03-31,2028-03-31,yfinance,bps=jquants:BPS;cash=jquants:CashEq;cfo=jquants:CFO;debt=yfinance:totalDebt;ebitda=yfinance:ebitda;equity=jquants:Eq;equity_to_assets=jquants:EqAR;shares=jquants:ShOutFY;total_assets=jquants:TA,2026-04-30
5344,"MARUWA CO.,LTD.",12372000.0,11933.87,147262000000.0,162691000000.0,0.0,66986000000.0,,,24976000000.0,0.905,16933000000.0,FYFinancialStatements_Consolidated_JP,2027-03-31,2028-03-31,,bps=jquants:BPS;cash=jquants:CashEq;cfo=jquants:CFO;debt=yfinance:totalDebt;equity=jquants:Eq;equity_to_assets=jquants:EqAR;shares=jquants:ShOutFY;total_assets=jquants:TA,2026-05-08
5351,"SHINAGAWA REFRA CO.,LTD.",47146830.0,2343.45,115925000000.0,231818000000.0,50306998272.0,26213000000.0,21908500480.0,,13609000000.0,0.461,13861000000.0,FYFinancialStatements_Consolidated_JP,2027-03-31,2028-03-31,yfinance,bps=jquants:BPS;cash=jquants:CashEq;cfo=jquants:CFO;debt=yfinance:totalDebt;ebitda=yfinance:ebitda;equity=jquants:Eq;equity_to_assets=jquants:EqAR;shares=jquants:ShOutFY;total_assets=jquants:TA,2026-05-15
5384,FUJIMI INCORPORATED,80098500.0,1130.59,84715000000.0,121302000000.0,16963000320.0,29524000000.0,17663250432.0,,13826000000.0,0.691,12599000000.0,FYFinancialStatements_Consolidated_JP,2027-03-31,2028-03-31,yfinance,bps=jquants:BPS;cash=jquants:CashEq;cfo=jquants:CFO;debt=yfinance:totalDebt;ebitda=yfinance:ebitda;equity=jquants:Eq;equity_to_assets=jquants:EqAR;shares=jquants:ShOutFY;total_assets=jquants:TA,2026-05-14
5393,NICHIAS CORPORATION,190985751.0,1261.39,239612000000.0,307123000000.0,11002000384.0,56631000000.0,46391001088.0,,37014000000.0,0.777,23936000000.0,FYFinancialStatements_Consolidated_JP,2027-03-31,2028-03-31,yfinance,bps=jquants:BPS;cash=jquants:CashEq;cfo=jquants:CFO;debt=yfinance:totalDebt;ebitda=yfinance:ebitda;equity=jquants:Eq;equity_to_assets=jquants:EqAR;shares=jquants:ShOutFY;total_assets=jquants:TA,2026-05-11
5401,NIPPON STEEL CORPORATION,5373633760.0,1058.19,6024560000000.0,14660583000000.0,5515738873856.0,461262000000.0,1111584276480.0,,242903000000.0,0.377,716939000000.0,FYFinancialStatements_Consolidated_IFRS,2027-03-31,2028-03-31,yfinance,bps=jquants:BPS;cash=jquants:CashEq;cfo=jquants:CFO;debt=yfinance:totalDebt;ebitda=yfinance:ebitda;equity=jquants:Eq;equity_to_assets=jquants:EqAR;shares=jquants:ShOutFY;total_assets=jquants:TA,2026-05-13
5406,"Kobe Steel,Ltd.",396345963.0,3189.56,1330453000000.0,2865184000000.0,734000971776.0,189028000000.0,232755249152.0,,129883000000.0,0.44,201683000000.0,FYFinancialStatements_Consolidated_JP,2027-03-31,2028-03-31,yfinance,bps=jquants:BPS;cash=jquants:CashEq;cfo=jquants:CFO;debt=yfinance:totalDebt;ebitda=yfinance:ebitda;equity=jquants:Eq;equity_to_assets=jquants:EqAR;shares=jquants:ShOutFY;total_assets=jquants:TA,2026-05-11
5410,"Godo Steel,Ltd.",17145211.0,9832.6,144249000000.0,255507000000.0,53622001664.0,26504000000.0,12632500224.0,,9813000000.0,0.563,21429000000.0,FYFinancialStatements_Consolidated_JP,2027-03-31,2028-03-31,yfinance,bps=jquants:BPS;cash=jquants:CashEq;cfo=jquants:CFO;debt=yfinance:totalDebt;ebitda=yfinance:ebitda;equity=jquants:Eq;equity_to_assets=jquants:EqAR;shares=jquants:ShOutFY;total_assets=jquants:TA,2026-04-27
5411,"JFE Holdings,Inc.",639438399.0,4117.88,2680190000000.0,5895238000000.0,2312087011328.0,167807000000.0,351507513344.0,,112203000000.0,0.444,379081000000.0,FYFinancialStatements_Consolidated_IFRS,2027-03-31,2028-03-31,yfinance,bps=jquants:BPS;cash=jquants:CashEq;cfo=jquants:CFO;debt=yfinance:totalDebt;ebitda=yfinance:ebitda;equity=jquants:Eq;equity_to_assets=jquants:EqAR;shares=jquants:ShOutFY;total_assets=jquants:TA,2026-05-08
5423,"TOKYO STEEL MANUFACTURING CO.,LTD.",110064249.0,2166.3,222089000000.0,292995000000.0,0.0,73470000000.0,8547500032.0,,7230000000.0,0.758,-3282000000.0,FYFinancialStatements_NonConsolidated_JP,2027-03-31,2028-03-31,yfinance,bps=jquants:BPS;cash=jquants:CashEq;cfo=jquants:CFO;debt=yfinance:totalDebt;ebitda=yfinance:ebitda;equity=jquants:Eq;equity_to_assets=jquants:EqAR;shares=jquants:ShOutFY;total_assets=jquants:TA,2026-05-01
543A,ARCHION Corporation,2581069854.0,342.222,459713000000.0,1440303000000.0,418145992704.0,361806987264.0,196778000384.0,,,,,EarnForecastRevision,2027-03-31,2028-03-31,yfinance,bps=yfinance:bookValue;cash=yfinance:totalCash;debt=yfinance:totalDebt;ebitda=yfinance:ebitda;equity=yfinance:bs:Stockholders Equity;shares=yfinance:sharesOutstanding;total_assets=yfinance:bs:Total Assets,2026-05-14
5440,KYOEI STEEL LTD.,44898730.0,4870.38,218808000000.0,373127000000.0,85677998080.0,46359000000.0,23536750592.0,,16967000000.0,0.567,24730000000.0,FYFinancialStatements_Consolidated_JP,2027-03-31,2028-03-31,yfinance,bps=jquants:BPS;cash=jquants:CashEq;cfo=jquants:CFO;debt=yfinance:totalDebt;ebitda=yfinance:ebitda;equity=jquants:Eq;equity_to_assets=jquants:EqAR;shares=jquants:ShOutFY;total_assets=jquants:TA,2026-04-30
5444,"YAMATO KOGYO CO.,LTD.",62000000.0,9066.5,581417000000.0,633540000000.0,470000000.0,75458000000.0,14846000128.0,,4495000000.0,0.855,52035000000.0,FYFinancialStatements_Consolidated_JP,2027-03-31,2028-03-31,yfinance,bps=jquants:BPS;cash=jquants:CashEq;cfo=jquants:CFO;debt=yfinance:totalDebt;ebitda=yfinance:ebitda;equity=jquants:Eq;equity_to_assets=jquants:EqAR;shares=jquants:ShOutFY;total_assets=jquants:TA,2026-04-30
5445,"TOKYO TEKKO CO.,LTD.",25335915.0,2506.34,63416000000.0,80449000000.0,9466999808.0,7162000000.0,13604500480.0,,12042000000.0,0.788,5181000000.0,FYFinancialStatements_Consolidated_JP,2027-03-31,2028-03-31,yfinance,bps=jquants:BPS;cash=jquants:CashEq;cfo=jquants:CFO;debt=yfinance:totalDebt;ebitda=yfinance:ebitda;equity=jquants:Eq;equity_to_assets=jquants:EqAR;shares=jquants:ShOutFY;total_assets=jquants:TA,2026-05-07
5451,"YODOKO,Ltd.",156272250.0,1414.21,223675000000.0,266458000000.0,0.0,49789000000.0,16392250368.0,,11868000000.0,0.76,18762000000.0,FYFinancialStatements_Consolidated_JP,2027-03-31,2028-03-31,yfinance,bps=jquants:BPS;cash=jquants:CashEq;cfo=jquants:CFO;debt=yfinance:totalDebt;ebitda=yfinance:ebitda;equity=jquants:Eq;equity_to_assets=jquants:EqAR;shares=jquants:ShOutFY;total_assets=jquants:TA,2026-05-11
5461,"Chubu Steel Plate Co.,Ltd.",28000000.0,2767.08,75736000000.0,84579000000.0,0.0,12856000000.0,2461750016.0,,923000000.0,0.886,-5839000000.0,FYFinancialStatements_Consolidated_JP,2027-03-31,2028-03-31,yfinance,bps=jquants:BPS;cash=jquants:CashEq;cfo=jquants:CFO;debt=yfinance:totalDebt;ebitda=yfinance:ebitda;equity=jquants:Eq;equity_to_assets=jquants:EqAR;shares=jquants:ShOutFY;total_assets=jquants:TA,2026-05-12
5463,Maruichi Steel Tube Ltd.,252000000.0,1575.04,361936000000.0,422374000000.0,4387999744.0,88682000000.0,42834001920.0,,32043000000.0,0.825,20410000000.0,FYFinancialStatements_Consolidated_JP,2027-03-31,2028-03-31,yfinance,bps=jquants:BPS;cash=jquants:CashEq;cfo=jquants:CFO;debt=yfinance:totalDebt;ebitda=yfinance:ebitda;equity=jquants:Eq;equity_to_assets=jquants:EqAR;shares=jquants:ShOutFY;total_assets=jquants:TA,2026-05-13
5471,"Daido Steel Co.,Ltd.",217243845.0,2364.55,513457000000.0,856380000000.0,207639003136.0,63072000000.0,77880000512.0,,42081000000.0,0.552,66096000000.0,FYFinancialStatements_Consolidated_IFRS,2027-03-31,2028-03-31,yfinance,bps=jquants:BPS;cash=jquants:CashEq;cfo=jquants:CFO;debt=yfinance:totalDebt;ebitda=yfinance:ebitda;equity=jquants:Eq;equity_to_assets=jquants:EqAR;shares=jquants:ShOutFY;total_assets=jquants:TA,2026-05-15
547A,Muninova Holdings Inc.,478996457.0,510.798,229773000000.0,1520877000000.0,907453005824.0,48336998400.0,41737498624.0,,,,,EarnForecastRevision,2028-03-31,2029-03-31,yfinance,bps=yfinance:bookValue;cash=yfinance:totalCash;debt=yfinance:totalDebt;ebitda=yfinance:ebitda;equity=yfinance:bs:Stockholders Equity;shares=yfinance:sharesOutstanding;total_assets=yfinance:bs:Total Assets,2026-05-15
5480,"Nippon Yakin kogyo Co.,Ltd.",15497333.0,7298.24,101308000000.0,219411000000.0,80420003840.0,11034000000.0,19131000832.0,,10973000000.0,0.461,13545000000.0,FYFinancialStatements_Consolidated_JP,2027-03-31,2028-03-31,yfinance,bps=jquants:BPS;cash=jquants:CashEq;cfo=jquants:CFO;debt=yfinance:totalDebt;ebitda=yfinance:ebitda;equity=jquants:Eq;equity_to_assets=jquants:EqAR;shares=jquants:ShOutFY;total_assets=jquants:TA,2026-05-08
5482,AICHI STEEL CORPORATION,64520820.0,3690.48,248926000000.0,398843000000.0,67437998080.0,33574000000.0,35796000768.0,,17371000000.0,0.592,65028000000.0,FYFinancialStatements_Consolidated_IFRS,2027-03-31,2028-03-31,yfinance,bps=jquants:BPS;cash=jquants:CashEq;cfo=jquants:CFO;debt=yfinance:totalDebt;ebitda=yfinance:ebitda;equity=jquants:Eq;equity_to_assets=jquants:EqAR;shares=jquants:ShOutFY;total_assets=jquants:TA,2026-04-28
5563,"Nippon Denko Co.,Ltd.",137386472.0,547.928,71681000000.0,98480000000.0,14808000512.0,4888000000.0,12439000064.0,,1998000000.0,0.728,,1QFinancialStatements_Consolidated_JP,2026-12-31,,yfinance,bps=yfinance:bookValue;cash=yfinance:totalCash;debt=yfinance:totalDebt;ebitda=yfinance:ebitda;equity=jquants:Eq;equity_to_assets=jquants:EqAR;shares=jquants:ShOutFY;total_assets=jquants:TA,2026-05-12
5602,"Kurimoto,Ltd.",63992450.0,1554.96,95438000000.0,155586000000.0,18375000064.0,18395000000.0,12223250432.0,,8059000000.0,0.607,7112000000.0,FYFinancialStatements_Consolidated_JP,2027-03-31,2028-03-31,yfinance,bps=jquants:BPS;cash=jquants:CashEq;cfo=jquants:CFO;debt=yfinance:totalDebt;ebitda=yfinance:ebitda;equity=jquants:Eq;equity_to_assets=jquants:EqAR;shares=jquants:ShOutFY;total_assets=jquants:TA,2026-05-14
5631,"The Japan Steel Works,Ltd.",74415909.0,2885.87,213831000000.0,429983000000.0,85925003264.0,77387000000.0,35223998464.0,,25306000000.0,0.494,-16893000000.0,FYFinancialStatements_Consolidated_JP,2027-03-31,2028-03-31,yfinance,bps=jquants:BPS;cash=jquants:CashEq;cfo=jquants:CFO;debt=yfinance:totalDebt;ebitda=yfinance:ebitda;equity=jquants:Eq;equity_to_assets=jquants:EqAR;shares=jquants:ShOutFY;total_assets=jquants:TA,2026-05-13
5702,"DAIKI ALUMINIUM INDUSTRY CO.,LTD.",43629235.0,1928.59,77102000000.0,177864000000.0,88464998400.0,8936000000.0,13436000256.0,,7268000000.0,0.429,1867000000.0,FYFinancialStatements_Consolidated_JP,2027-03-31,2028-03-31,yfinance,bps=jquants:BPS;cash=jquants:CashEq;cfo=jquants:CFO;debt=yfinance:totalDebt;ebitda=yfinance:ebitda;equity=jquants:Eq;equity_to_assets=jquants:EqAR;shares=jquants:ShOutFY;total_assets=jquants:TA,2026-05-14
5703,"Nippon Light Metal Holdings Company,Ltd.",61993750.0,4037.69,267934000000.0,556315000000.0,174362001408.0,33119000000.0,52193001472.0,,25626000000.0,0.447,25623000000.0,FYFinancialStatements_Consolidated_JP,2027-03-31,2028-03-31,yfinance,bps=jquants:BPS;cash=jquants:CashEq;cfo=jquants:CFO;debt=yfinance:totalDebt;ebitda=yfinance:ebitda;equity=jquants:Eq;equity_to_assets=jquants:EqAR;shares=jquants:ShOutFY;total_assets=jquants:TA,2026-05-15
5706,"Mitsui Kinzoku Company,Limited",57415430.0,7202.1,420910000000.0,697481000000.0,119625998336.0,58271000000.0,170634756096.0,,130912000000.0,0.591,87541000000.0,FYFinancialStatements_Consolidated_JP,2027-03-31,2028-03-31,yfinance,bps=jquants:BPS;cash=jquants:CashEq;cfo=jquants:CFO;debt=yfinance:totalDebt;ebitda=yfinance:ebitda;equity=jquants:Eq;equity_to_assets=jquants:EqAR;shares=jquants:ShOutFY;total_assets=jquants:TA,2026-05-13
5711,Mitsubishi Materials Corporation,131489535.0,5633.05,752978000000.0,2999744000000.0,704905019392.0,121749000000.0,143948496896.0,,60502000000.0,0.245,39674000000.0,FYFinancialStatements_Consolidated_JP,2027-03-31,2028-03-31,yfinance,bps=jquants:BPS;cash=jquants:CashEq;cfo=jquants:CFO;debt=yfinance:totalDebt;ebitda=yfinance:ebitda;equity=jquants:Eq;equity_to_assets=jquants:EqAR;shares=jquants:ShOutFY;total_assets=jquants:TA,2026-05-13
5713,"Sumitomo Metal Mining Co.,Ltd.",290814015.0,7668.96,2291998000000.0,3559006000000.0,714651009024.0,116768000000.0,318264999936.0,,,0.583,101810000000.0,FYFinancialStatements_Consolidated_IFRS,2027-03-31,2028-03-31,yfinance,bps=jquants:BPS;cash=jquants:CashEq;cfo=jquants:CFO;debt=yfinance:totalDebt;ebitda=yfinance:ebitda;equity=jquants:Eq;equity_to_assets=jquants:EqAR;shares=jquants:ShOutFY;total_assets=jquants:TA,2026-05-11
5714,"DOWA HOLDINGS CO.,LTD.",61989206.0,7702.07,474629000000.0,794476000000.0,114372001792.0,49276000000.0,84454252544.0,,34192000000.0,0.573,5241000000.0,FYFinancialStatements_Consolidated_JP,2027-03-31,2028-03-31,yfinance,bps=jquants:BPS;cash=jquants:CashEq;cfo=jquants:CFO;debt=yfinance:totalDebt;ebitda=yfinance:ebitda;equity=jquants:Eq;equity_to_assets=jquants:EqAR;shares=jquants:ShOutFY;total_assets=jquants:TA,2026-05-14
5715,"FURUKAWA CO.,LTD.",32545568.0,4539.8,150201000000.0,272376000000.0,79151996928.0,20352000000.0,17959749632.0,,11299000000.0,0.541,3409000000.0,FYFinancialStatements_Consolidated_JP,2027-03-31,2028-03-31,yfinance,bps=jquants:BPS;cash=jquants:CashEq;cfo=jquants:CFO;debt=yfinance:totalDebt;ebitda=yfinance:ebitda;equity=jquants:Eq;equity_to_assets=jquants:EqAR;shares=jquants:ShOutFY;total_assets=jquants:TA,2026-05-12
5726,"OSAKA Titanium technologies Co.,Ltd.",36800000.0,1204.16,44311000000.0,107066000000.0,51399999488.0,4145000000.0,9163249664.0,,5524000000.0,0.414,4169000000.0,FYFinancialStatements_NonConsolidated_JP,2027-03-31,2028-03-31,yfinance,bps=jquants:BPS;cash=jquants:CashEq;cfo=jquants:CFO;debt=yfinance:totalDebt;ebitda=yfinance:ebitda;equity=jquants:Eq;equity_to_assets=jquants:EqAR;shares=jquants:ShOutFY;total_assets=jquants:TA,2026-05-14
5741,UACJ Corporation,185312772.0,1916.24,384866000000.0,1121225000000.0,421561991168.0,58442000000.0,160413007872.0,,76863000000.0,0.309,64023000000.0,EarnForecastRevision,2027-03-31,2028-03-31,yfinance,bps=jquants:BPS;cash=jquants:CashEq;cfo=jquants:CFO;debt=yfinance:totalDebt;ebitda=yfinance:ebitda;equity=jquants:Eq;equity_to_assets=jquants:EqAR;shares=jquants:ShOutFY;total_assets=jquants:TA,2026-05-14
5801,"Furukawa Electric Co.,Ltd.",70666917.0,5928.21,435231000000.0,1066372000000.0,352839991296.0,70474000000.0,124577751040.0,,63856000000.0,0.391,28116000000.0,FYFinancialStatements_Consolidated_JP,2027-03-31,2028-03-31,yfinance,bps=jquants:BPS;cash=jquants:CashEq;cfo=jquants:CFO;debt=yfinance:totalDebt;ebitda=yfinance:ebitda;equity=jquants:Eq;equity_to_assets=jquants:EqAR;shares=jquants:ShOutFY;total_assets=jquants:TA,2026-05-12
5802,"Sumitomo Electric Industries,Ltd.",793940571.0,3517.58,2834999000000.0,4824532000000.0,737696022528.0,235921000000.0,665695485952.0,,418173000000.0,0.569,425192000000.0,FYFinancialStatements_Consolidated_JP,2027-03-31,2028-03-31,yfinance,bps=jquants:BPS;cash=jquants:CashEq;cfo=jquants:CFO;debt=yfinance:totalDebt;ebitda=yfinance:ebitda;equity=jquants:Eq;equity_to_assets=jquants:EqAR;shares=jquants:ShOutFY;total_assets=jquants:TA,2026-05-12
5803,Fujikura Ltd.,1775180526.0,338.45,593193000000.0,969454000000.0,115943997440.0,178906000000.0,279910252544.0,,188707000000.0,0.578,132905000000.0,FYFinancialStatements_Consolidated_JP,2027-03-31,2028-03-31,yfinance,bps=jquants:BPS;cash=jquants:CashEq;cfo=jquants:CFO;debt=yfinance:totalDebt;ebitda=yfinance:ebitda;equity=jquants:Eq;equity_to_assets=jquants:EqAR;shares=jquants:ShOutFY;total_assets=jquants:TA,2026-05-14
5805,SWCC Corporation,30826861.0,3322.34,106012000000.0,206878000000.0,45524000768.0,10607000000.0,39517749248.0,,27320000000.0,0.476,16230000000.0,FYFinancialStatements_Consolidated_JP,2027-03-31,2028-03-31,yfinance,bps=jquants:BPS;cash=jquants:CashEq;cfo=jquants:CFO;debt=yfinance:totalDebt;ebitda=yfinance:ebitda;equity=jquants:Eq;equity_to_assets=jquants:EqAR;shares=jquants:ShOutFY;total_assets=jquants:TA,2026-05-14
5830,"Iyogin Holdings,Inc.",313408831.0,3046.19,877882000000.0,9539812000000.0,716108005376.0,1163091000000.0,,,,0.092,-161022000000.0,FYFinancialStatements_Consolidated_JP,2027-03-31,2028-03-31,,bps=jquants:BPS;cash=jquants:CashEq;cfo=jquants:CFO;debt=yfinance:totalDebt;equity=jquants:Eq;equity_to_assets=jquants:EqAR;shares=jquants:ShOutFY;total_assets=jquants:TA,2026-05-08
5831,"Shizuoka Financial Group,Inc.",580129069.0,2321.83,1231900000000.0,16016015000000.0,1860618944512.0,755943000000.0,,,,0.077,-272714000000.0,FYFinancialStatements_Consolidated_JP,2027-03-31,2028-03-31,,bps=jquants:BPS;cash=jquants:CashEq;cfo=jquants:CFO;debt=yfinance:totalDebt;equity=jquants:Eq;equity_to_assets=jquants:EqAR;shares=jquants:ShOutFY;total_assets=jquants:TA,2026-05-12
5832,"Chugin Financial Group,Inc.",184771461.0,3491.02,620700000000.0,11370252000000.0,1754618003456.0,973331000000.0,,,,0.054,70904000000.0,FYFinancialStatements_Consolidated_JP,2027-03-31,2028-03-31,,bps=jquants:BPS;cash=jquants:CashEq;cfo=jquants:CFO;debt=yfinance:totalDebt;equity=jquants:Eq;equity_to_assets=jquants:EqAR;shares=jquants:ShOutFY;total_assets=jquants:TA,2026-05-01
5838,"Rakuten Bank,Ltd.",174499180.0,2127.93,389529000000.0,16592139000000.0,2258749882368.0,4139552000000.0,,,,0.022,354295000000.0,FYFinancialStatements_Consolidated_JP,2027-03-31,2028-03-31,,bps=jquants:BPS;cash=jquants:CashEq;cfo=jquants:CFO;debt=yfinance:totalDebt;equity=jquants:Eq;equity_to_assets=jquants:EqAR;shares=jquants:ShOutFY;total_assets=jquants:TA,2026-05-12
5844,"Kyoto Financial Group,Inc.",301362752.0,3999.2,1136251000000.0,11825666000000.0,501549989888.0,905083000000.0,,,,0.096,-1096370000000.0,FYFinancialStatements_Consolidated_JP,2027-03-31,2028-03-31,,bps=jquants:BPS;cash=jquants:CashEq;cfo=jquants:CFO;debt=yfinance:totalDebt;equity=jquants:Eq;equity_to_assets=jquants:EqAR;shares=jquants:ShOutFY;total_assets=jquants:TA,2026-05-14
5851,RYOBI LIMITED,31809471.0,5901.921,192851000000.0,341151000000.0,69248999424.0,23522000000.0,30894000128.0,,2901000000.0,0.536,700000000.0,1QFinancialStatements_Consolidated_JP,2026-12-31,,yfinance,bps=yfinance:bookValue;cash=jquants:CashEq;cfo=jquants:CFO;debt=yfinance:totalDebt;ebitda=yfinance:ebitda;equity=jquants:Eq;equity_to_assets=jquants:EqAR;shares=jquants:ShOutFY;total_assets=jquants:TA,2026-05-12
5857,"ARE Holdings,Inc.",86853534.0,2682.61,230555000000.0,615388000000.0,254094000128.0,10336000000.0,45097000960.0,,37088000000.0,0.375,-99385000000.0,FYFinancialStatements_Consolidated_IFRS,2027-03-31,2028-03-31,yfinance,bps=jquants:BPS;cash=jquants:CashEq;cfo=jquants:CFO;debt=yfinance:totalDebt;ebitda=yfinance:ebitda;equity=jquants:Eq;equity_to_assets=jquants:EqAR;shares=jquants:ShOutFY;total_assets=jquants:TA,2026-05-01
5901,"Toyo Seikan Group Holdings,Ltd.",153162162.0,4639.87,727593000000.0,1240692000000.0,207127003136.0,114912000000.0,111169503232.0,,52005000000.0,0.562,89028000000.0,FYFinancialStatements_Consolidated_JP,2027-03-31,2028-03-31,yfinance,bps=jquants:BPS;cash=jquants:CashEq;cfo=jquants:CFO;debt=yfinance:totalDebt;ebitda=yfinance:ebitda;equity=jquants:Eq;equity_to_assets=jquants:EqAR;shares=jquants:ShOutFY;total_assets=jquants:TA,2026-05-14
5911,Yokogawa Bridge Holdings Corp.,43164802.0,3419.7,138068000000.0,254572000000.0,56910000128.0,44488000000.0,18166499328.0,,13500000000.0,0.529,42992000000.0,FYFinancialStatements_Consolidated_JP,2027-03-31,2028-03-31,yfinance,bps=jquants:BPS;cash=jquants:CashEq;cfo=jquants:CFO;debt=yfinance:totalDebt;ebitda=yfinance:ebitda;equity=jquants:Eq;equity_to_assets=jquants:EqAR;shares=jquants:ShOutFY;total_assets=jquants:TA,2026-05-13
5929,Sanwa Holdings Corporation,221000000.0,1660.39,350984000000.0,547798000000.0,42907000832.0,91583000000.0,90444750848.0,,79095000000.0,0.636,61396000000.0,FYFinancialStatements_Consolidated_JP,2027-03-31,2028-03-31,yfinance,bps=jquants:BPS;cash=jquants:CashEq;cfo=jquants:CFO;debt=yfinance:totalDebt;ebitda=yfinance:ebitda;equity=jquants:Eq;equity_to_assets=jquants:EqAR;shares=jquants:ShOutFY;total_assets=jquants:TA,2026-05-14
5930,"Bunka Shutter Co.,Ltd.",72196487.0,1703.84,120009000000.0,205651000000.0,14405000192.0,36704000000.0,21734250496.0,,15569000000.0,0.583,10011000000.0,FYFinancialStatements_Consolidated_JP,2027-03-31,2028-03-31,yfinance,bps=jquants:BPS;cash=jquants:CashEq;cfo=jquants:CFO;debt=yfinance:totalDebt;ebitda=yfinance:ebitda;equity=jquants:Eq;equity_to_assets=jquants:EqAR;shares=jquants:ShOutFY;total_assets=jquants:TA,2026-05-14
5938,LIXIL Corporation,287514957.0,2312.94,668361000000.0,1883927000000.0,708578967552.0,115624000000.0,107010998272.0,,28403000000.0,0.353,82689000000.0,FYFinancialStatements_Consolidated_IFRS,2027-03-31,2028-03-31,yfinance,bps=jquants:BPS;cash=jquants:CashEq;cfo=jquants:CFO;debt=yfinance:totalDebt;ebitda=yfinance:ebitda;equity=jquants:Eq;equity_to_assets=jquants:EqAR;shares=jquants:ShOutFY;total_assets=jquants:TA,2026-05-18
5943,NORITZ CORPORATION,48554930.0,3123.753,148051000000.0,233229000000.0,7688000000.0,30116999168.0,13466000384.0,,1678000000.0,0.612,,1QFinancialStatements_Consolidated_JP,2026-12-31,,yfinance,bps=yfinance:bookValue;cash=yfinance:totalCash;debt=yfinance:totalDebt;ebitda=yfinance:ebitda;equity=jquants:Eq;equity_to_assets=jquants:EqAR;shares=jquants:ShOutFY;total_assets=jquants:TA,2026-05-14
5947,RINNAI CORPORATION,141126771.0,3166.84,494124000000.0,649569000000.0,10092000256.0,134506000000.0,64900751360.0,,50531000000.0,0.673,49298000000.0,FYFinancialStatements_Consolidated_JP,2027-03-31,2028-03-31,yfinance,bps=jquants:BPS;cash=jquants:CashEq;cfo=jquants:CFO;debt=yfinance:totalDebt;ebitda=yfinance:ebitda;equity=jquants:Eq;equity_to_assets=jquants:EqAR;shares=jquants:ShOutFY;total_assets=jquants:TA,2026-05-12
5949,UNIPRES CORPORATION,45004973.0,2973.44,151546000000.0,292222000000.0,43511001088.0,52792000000.0,27682000896.0,,13603000000.0,0.454,23129000000.0,FYFinancialStatements_Consolidated_JP,2027-03-31,2028-03-31,yfinance,bps=jquants:BPS;cash=jquants:CashEq;cfo=jquants:CFO;debt=yfinance:totalDebt;ebitda=yfinance:ebitda;equity=jquants:Eq;equity_to_assets=jquants:EqAR;shares=jquants:ShOutFY;total_assets=jquants:TA,2026-05-12
5970,G-TEKT CORPORATION,43931260.0,5213.62,239443000000.0,372445000000.0,59121000448.0,37255000000.0,36964749312.0,,15623000000.0,0.599,35053000000.0,FYFinancialStatements_Consolidated_JP,2027-03-31,2028-03-31,yfinance,bps=jquants:BPS;cash=jquants:CashEq;cfo=jquants:CFO;debt=yfinance:totalDebt;ebitda=yfinance:ebitda;equity=jquants:Eq;equity_to_assets=jquants:EqAR;shares=jquants:ShOutFY;total_assets=jquants:TA,2026-05-15
5975,Topre Corporation,54021824.0,4926.54,247283000000.0,389387000000.0,43152998400.0,62204000000.0,53563998208.0,,28042000000.0,0.625,35162000000.0,EarnForecastRevision,2027-03-31,2028-03-31,yfinance,bps=jquants:BPS;cash=jquants:CashEq;cfo=jquants:CFO;debt=yfinance:totalDebt;ebitda=yfinance:ebitda;equity=jquants:Eq;equity_to_assets=jquants:EqAR;shares=jquants:ShOutFY;total_assets=jquants:TA,2026-05-14
5988,"PIOLAX,INC.",37054100.0,2672.6,66144000000.0,101415000000.0,24000000000.0,22773000000.0,5811749888.0,,1470000000.0,0.639,3003000000.0,FYFinancialStatements_Consolidated_JP,2027-03-31,2028-03-31,yfinance,bps=jquants:BPS;cash=jquants:CashEq;cfo=jquants:CFO;debt=yfinance:totalDebt;ebitda=yfinance:ebitda;equity=jquants:Eq;equity_to_assets=jquants:EqAR;shares=jquants:ShOutFY;total_assets=jquants:TA,2026-05-12
5991,"NHK SPRING CO.,LTD.",231066144.0,2160.14,453035000000.0,738450000000.0,59491000320.0,89963000000.0,80139501568.0,,45784000000.0,0.593,77446000000.0,FYFinancialStatements_Consolidated_JP,2027-03-31,2028-03-31,yfinance,bps=jquants:BPS;cash=jquants:CashEq;cfo=jquants:CFO;debt=yfinance:totalDebt;ebitda=yfinance:ebitda;equity=jquants:Eq;equity_to_assets=jquants:EqAR;shares=jquants:ShOutFY;total_assets=jquants:TA,2026-05-25
6005,"MIURA CO.,LTD.",125291112.0,2101.4,244569000000.0,476425000000.0,23563999232.0,69048000000.0,45259001856.0,,30917000000.0,0.51,42445000000.0,FYFinancialStatements_Consolidated_IFRS,2027-03-31,2028-03-31,yfinance,bps=jquants:BPS;cash=jquants:CashEq;cfo=jquants:CFO;debt=yfinance:totalDebt;ebitda=yfinance:ebitda;equity=jquants:Eq;equity_to_assets=jquants:EqAR;shares=jquants:ShOutFY;total_assets=jquants:TA,2026-05-14
6013,"TAKUMA CO.,LTD.",75689100.0,1545.02,113586000000.0,190475000000.0,233000000.0,35347000000.0,19701499904.0,,15409000000.0,0.591,24655000000.0,FYFinancialStatements_Consolidated_JP,2027-03-31,2028-03-31,yfinance,bps=jquants:BPS;cash=jquants:CashEq;cfo=jquants:CFO;debt=yfinance:totalDebt;ebitda=yfinance:ebitda;equity=jquants:Eq;equity_to_assets=jquants:EqAR;shares=jquants:ShOutFY;total_assets=jquants:TA,2026-05-14
6036,"KeePer Technical Laboratory Co.,Ltd.",28280840.0,919.37,23991000000.0,32024000000.0,1297442944.0,13922684000.0,7633550848.0,,4279000000.0,0.749,1275108000.0,3QFinancialStatements_NonConsolidated_JP,2026-06-30,,yfinance,bps=yfinance:bookValue;cash=jquants:CashEq;cfo=jquants:CFO;debt=yfinance:totalDebt;ebitda=yfinance:ebitda;equity=jquants:Eq;equity_to_assets=jquants:EqAR;shares=jquants:ShOutFY;total_assets=jquants:TA,2026-05-15
6055,"JAPAN MATERIAL Co.,Ltd.",105149520.0,609.54,63217000000.0,75373000000.0,136000000.0,15648000000.0,17615499264.0,,14640000000.0,0.831,9605000000.0,FYFinancialStatements_Consolidated_JP,2027-03-31,2028-03-31,yfinance,bps=jquants:BPS;cash=jquants:CashEq;cfo=jquants:CFO;debt=yfinance:totalDebt;ebitda=yfinance:ebitda;equity=jquants:Eq;equity_to_assets=jquants:EqAR;shares=jquants:ShOutFY;total_assets=jquants:TA,2026-05-13
6080,"M&A Capital Partners Co.,Ltd.",31779000.0,1500.864,45523000000.0,57484000000.0,2231630080.0,31291263000.0,10776873984.0,,5200000000.0,0.792,4304739000.0,2QFinancialStatements_Consolidated_IFRS,2026-09-30,,yfinance,bps=yfinance:bookValue;cash=jquants:CashEq;cfo=jquants:CFO;debt=yfinance:totalDebt;ebitda=yfinance:ebitda;equity=jquants:Eq;equity_to_assets=jquants:EqAR;shares=jquants:ShOutFY;total_assets=jquants:TA,2026-04-30
6088,SIGMAXYZ Holdings Inc.,86000000.0,174.83,14262000000.0,17069000000.0,5109045248.0,5140000000.0,5922679296.0,,6064000000.0,0.836,3304000000.0,FYFinancialStatements_Consolidated_JP,2027-03-31,2028-03-31,yfinance,bps=jquants:BPS;cash=jquants:CashEq;cfo=jquants:CFO;debt=yfinance:totalDebt;ebitda=yfinance:ebitda;equity=jquants:Eq;equity_to_assets=jquants:EqAR;shares=jquants:ShOutFY;total_assets=jquants:TA,2026-05-08
6098,"Recruit Holdings Co.,Ltd.",1472504149.0,1134.01,1594558000000.0,2789018000000.0,178827001856.0,725578000000.0,800860012544.0,,630567000000.0,0.568,669431000000.0,FYFinancialStatements_Consolidated_IFRS,2027-03-31,2028-03-31,yfinance,bps=jquants:BPS;cash=jquants:CashEq;cfo=jquants:CFO;debt=yfinance:totalDebt;ebitda=yfinance:ebitda;equity=jquants:Eq;equity_to_assets=jquants:EqAR;shares=jquants:ShOutFY;total_assets=jquants:TA,2026-05-15
6101,TSUGAMI CORPORATION,48000000.0,1719.4,106477000000.0,154055000000.0,8933000192.0,42180000000.0,41250000896.0,,36102000000.0,0.52,28602000000.0,FYFinancialStatements_Consolidated_IFRS,2027-03-31,2028-03-31,yfinance,bps=jquants:BPS;cash=jquants:CashEq;cfo=jquants:CFO;debt=yfinance:totalDebt;ebitda=yfinance:ebitda;equity=jquants:Eq;equity_to_assets=jquants:EqAR;shares=jquants:ShOutFY;total_assets=jquants:TA,2026-05-13
6103,OKUMA Corporation,67510308.0,4133.69,255919000000.0,340386000000.0,24999999488.0,47764000000.0,27613749248.0,,15505000000.0,0.72,23821000000.0,FYFinancialStatements_Consolidated_JP,2027-03-31,2028-03-31,yfinance,bps=jquants:BPS;cash=jquants:CashEq;cfo=jquants:CFO;debt=yfinance:totalDebt;ebitda=yfinance:ebitda;equity=jquants:Eq;equity_to_assets=jquants:EqAR;shares=jquants:ShOutFY;total_assets=jquants:TA,2026-05-12
6104,"SHIBAURA MACHINE CO.,LTD.",24820406.0,5012.94,117820000000.0,183670000000.0,10247000064.0,42720000000.0,6213749760.0,,1872000000.0,0.641,-8461000000.0,3QFinancialStatements_Consolidated_JP,2026-03-31,,yfinance,bps=jquants:BPS;cash=jquants:CashEq;cfo=jquants:CFO;debt=yfinance:totalDebt;ebitda=yfinance:ebitda;equity=jquants:Eq;equity_to_assets=jquants:EqAR;shares=jquants:ShOutFY;total_assets=jquants:TA,2026-05-25
6113,"AMADA CO.,LTD.",317451417.0,1724.35,540358000000.0,772109000000.0,80327999488.0,153626000000.0,72076001280.0,,44798000000.0,0.694,58065000000.0,FYFinancialStatements_Consolidated_IFRS,2027-03-31,2028-03-31,yfinance,bps=jquants:BPS;cash=jquants:CashEq;cfo=jquants:CFO;debt=yfinance:totalDebt;ebitda=yfinance:ebitda;equity=jquants:Eq;equity_to_assets=jquants:EqAR;shares=jquants:ShOutFY;total_assets=jquants:TA,2026-05-14
6118,"AIDA ENGINEERING,LTD.",59662021.0,1593.02,86658000000.0,125424000000.0,4280999936.0,36662000000.0,7025249792.0,,5690000000.0,0.69,8201000000.0,FYFinancialStatements_Consolidated_JP,2027-03-31,2028-03-31,yfinance,bps=jquants:BPS;cash=jquants:CashEq;cfo=jquants:CFO;debt=yfinance:totalDebt;ebitda=yfinance:ebitda;equity=jquants:Eq;equity_to_assets=jquants:EqAR;shares=jquants:ShOutFY;total_assets=jquants:TA,2026-05-15
6134,FUJI CORPORATION,97823748.0,2642.59,232454000000.0,278356000000.0,0.0,53159000000.0,49899749376.0,,29282000000.0,0.835,9181000000.0,FYFinancialStatements_Consolidated_JP,2027-03-31,2028-03-31,yfinance,bps=jquants:BPS;cash=jquants:CashEq;cfo=jquants:CFO;debt=yfinance:totalDebt;ebitda=yfinance:ebitda;equity=jquants:Eq;equity_to_assets=jquants:EqAR;shares=jquants:ShOutFY;total_assets=jquants:TA,2026-05-14
6135,"Makino Milling Machine Co.,Ltd.",24893841.0,11160.24,261429000000.0,423026000000.0,53539999744.0,75151000000.0,37666750464.0,,25035000000.0,0.617,33227000000.0,FYFinancialStatements_Consolidated_JP,2027-03-31,2028-03-31,yfinance,bps=jquants:BPS;cash=jquants:CashEq;cfo=jquants:CFO;debt=yfinance:totalDebt;ebitda=yfinance:ebitda;equity=jquants:Eq;equity_to_assets=jquants:EqAR;shares=jquants:ShOutFY;total_assets=jquants:TA,2026-04-30
6136,OSG Corporation,96145417.0,2332.667,194428000000.0,265187000000.0,44088000512.0,56745000960.0,40450998272.0,,6134000000.0,0.688,,1QFinancialStatements_Consolidated_JP,2026-11-30,,yfinance,bps=yfinance:bookValue;cash=yfinance:totalCash;debt=yfinance:totalDebt;ebitda=yfinance:ebitda;equity=jquants:Eq;equity_to_assets=jquants:EqAR;shares=jquants:ShOutFY;total_assets=jquants:TA,2026-04-10
6140,"Asahi Diamond Industrial Co.,Ltd.",48430000.0,1292.35,64133000000.0,79203000000.0,4545999872.0,16156000000.0,6816750080.0,,2403000000.0,0.785,5412000000.0,FYFinancialStatements_Consolidated_JP,2027-03-31,2028-03-31,yfinance,bps=jquants:BPS;cash=jquants:CashEq;cfo=jquants:CFO;debt=yfinance:totalDebt;ebitda=yfinance:ebitda;equity=jquants:Eq;equity_to_assets=jquants:EqAR;shares=jquants:ShOutFY;total_assets=jquants:TA,2026-05-15
6141,"DMG MORI CO.,LTD.",142325934.0,2405.69,335813000000.0,877690000000.0,122965000192.0,43745000000.0,46409998336.0,,3417000000.0,0.382,-1139000000.0,1QFinancialStatements_Consolidated_IFRS,2026-12-31,,yfinance,bps=jquants:BPS;cash=jquants:CashEq;cfo=jquants:CFO;debt=yfinance:totalDebt;ebitda=yfinance:ebitda;equity=jquants:Eq;equity_to_assets=jquants:EqAR;shares=jquants:ShOutFY;total_assets=jquants:TA,2026-05-01
6143,"Sodick Co.,Ltd.",54792239.0,1835.76,92164000000.0,157660000000.0,41701998592.0,37013999616.0,12509750272.0,,1778000000.0,0.584,,1QFinancialStatements_Consolidated_JP,2026-12-31,,yfinance,bps=jquants:BPS;cash=yfinance:totalCash;debt=yfinance:totalDebt;ebitda=yfinance:ebitda;equity=jquants:Eq;equity_to_assets=jquants:EqAR;shares=jquants:ShOutFY;total_assets=jquants:TA,2026-05-12
6146,DISCO CORPORATION,108478029.0,5408.11,588125000000.0,743410000000.0,0.0,184575000000.0,214045753344.0,,184989000000.0,0.789,133543000000.0,FYFinancialStatements_Consolidated_JP,2027-03-31,2028-03-31,yfinance,bps=jquants:BPS;cash=jquants:CashEq;cfo=jquants:CFO;debt=yfinance:totalDebt;ebitda=yfinance:ebitda;equity=jquants:Eq;equity_to_assets=jquants:EqAR;shares=jquants:ShOutFY;total_assets=jquants:TA,2026-04-22
6178,"JAPAN POST HOLDINGS Co.,Ltd.",2972934900.0,3461.65,16481925000000.0,289864524000000.0,27823270002688.0,56910206000000.0,,,,0.034,-10338345000000.0,FYFinancialStatements_Consolidated_JP,2027-03-31,2028-03-31,,bps=jquants:BPS;cash=jquants:CashEq;cfo=jquants:CFO;debt=yfinance:totalDebt;equity=jquants:Eq;equity_to_assets=jquants:EqAR;shares=jquants:ShOutFY;total_assets=jquants:TA,2026-05-15
6196,"Strike Group Co.,Ltd.",57609000.0,372.189,19922000000.0,24449000000.0,0.0,19877425000.0,7536317952.0,,2699000000.0,0.815,2482231000.0,EarnForecastRevision,2027-09-30,2028-09-30,yfinance,bps=yfinance:bookValue;cash=jquants:CashEq;cfo=jquants:CFO;debt=yfinance:totalDebt;ebitda=yfinance:ebitda;equity=jquants:Eq;equity_to_assets=jquants:EqAR;shares=jquants:ShOutFY;total_assets=jquants:TA,2026-04-30
6200,"Insource Co.,Ltd.",85243000.0,160.719,12422000000.0,15878000000.0,0.0,7119277000.0,6324080128.0,,2951000000.0,0.782,1371948000.0,2QFinancialStatements_Consolidated_JP,2026-09-30,,yfinance,bps=yfinance:bookValue;cash=jquants:CashEq;cfo=jquants:CFO;debt=yfinance:totalDebt;ebitda=yfinance:ebitda;equity=jquants:Eq;equity_to_assets=jquants:EqAR;shares=jquants:ShOutFY;total_assets=jquants:TA,2026-05-07
6209,NPR-RIKEN CORPORATION,28247910.0,5957.91,169673000000.0,228954000000.0,25792000000.0,27069000000.0,20017999872.0,,12847000000.0,0.7,16343000000.0,FYFinancialStatements_Consolidated_JP,2027-03-31,2028-03-31,yfinance,bps=jquants:BPS;cash=jquants:CashEq;cfo=jquants:CFO;debt=yfinance:totalDebt;ebitda=yfinance:ebitda;equity=jquants:Eq;equity_to_assets=jquants:EqAR;shares=jquants:ShOutFY;total_assets=jquants:TA,2026-05-15
6222,"SHIMA SEIKI MFG.,LTD.",34800000.0,2427.45,82382000000.0,109531000000.0,18197000192.0,15617000000.0,-1842000000.0,,-1720000000.0,0.752,408000000.0,FYFinancialStatements_Consolidated_JP,2027-03-31,2028-03-31,yfinance,bps=jquants:BPS;cash=jquants:CashEq;cfo=jquants:CFO;debt=yfinance:totalDebt;ebitda=yfinance:ebitda;equity=jquants:Eq;equity_to_assets=jquants:EqAR;shares=jquants:ShOutFY;total_assets=jquants:TA,2026-05-08
6235,"OPTORUN CO.,LTD.",44358000.0,2348.554,80560000000.0,119202000000.0,7000000.0,39099998208.0,4481999872.0,,511000000.0,0.674,,1QFinancialStatements_Consolidated_JP,2026-12-31,,yfinance,bps=yfinance:bookValue;cash=yfinance:totalCash;debt=yfinance:totalDebt;ebitda=yfinance:ebitda;equity=jquants:Eq;equity_to_assets=jquants:EqAR;shares=jquants:ShOutFY;total_assets=jquants:TA,2026-05-13
6250,YAMABIKO CORPORATION,44108428.0,3026.78,123816000000.0,182620000000.0,17942999040.0,14801000000.0,10641999872.0,,6500000000.0,0.678,-9944000000.0,1QFinancialStatements_Consolidated_JP,2026-12-31,,yfinance,bps=jquants:BPS;cash=jquants:CashEq;cfo=jquants:CFO;debt=yfinance:totalDebt;ebitda=yfinance:ebitda;equity=jquants:Eq;equity_to_assets=jquants:EqAR;shares=jquants:ShOutFY;total_assets=jquants:TA,2026-05-14
6254,"Nomura Micro Science Co.,Ltd.",40608000.0,1026.65,39852000000.0,110290000000.0,56121999360.0,9933000000.0,7618201088.0,,6667000000.0,0.356,4679000000.0,FYFinancialStatements_Consolidated_JP,2027-03-31,2028-03-31,yfinance,bps=jquants:BPS;cash=jquants:CashEq;cfo=jquants:CFO;debt=yfinance:totalDebt;ebitda=yfinance:ebitda;equity=jquants:Eq;equity_to_assets=jquants:EqAR;shares=jquants:ShOutFY;total_assets=jquants:TA,2026-05-14
6258,HIRATA Corporation,32268270.0,2503.43,76905000000.0,131276000000.0,21336459264.0,13003000000.0,12381265920.0,,8315000000.0,0.584,16546000000.0,FYFinancialStatements_Consolidated_JP,2027-03-31,2028-03-31,yfinance,bps=jquants:BPS;cash=jquants:CashEq;cfo=jquants:CFO;debt=yfinance:totalDebt;ebitda=yfinance:ebitda;equity=jquants:Eq;equity_to_assets=jquants:EqAR;shares=jquants:ShOutFY;total_assets=jquants:TA,2026-05-14
6268,Nabtesco Corporation,118064699.0,2431.281,286046000000.0,444613000000.0,57691000832.0,80640000000.0,43036999680.0,,8209000000.0,0.617,4634000000.0,1QFinancialStatements_Consolidated_IFRS,2026-12-31,,yfinance,bps=yfinance:bookValue;cash=jquants:CashEq;cfo=jquants:CFO;debt=yfinance:totalDebt;ebitda=yfinance:ebitda;equity=jquants:Eq;equity_to_assets=jquants:EqAR;shares=jquants:ShOutFY;total_assets=jquants:TA,2026-04-30
6269,"MODEC,INC.",68345300.0,3913.116,247071000000.0,777446000000.0,68367998976.0,1961484000.0,75089002496.0,,19626000000.0,0.312,670788000.0,1QFinancialStatements_Consolidated_IFRS,2026-12-31,,yfinance,bps=yfinance:bookValue;cash=jquants:CashEq;cfo=jquants:CFO;debt=yfinance:totalDebt;ebitda=yfinance:ebitda;equity=jquants:Eq;equity_to_assets=jquants:EqAR;shares=jquants:ShOutFY;total_assets=jquants:TA,2026-05-13
6273,SMC CORPORATION,63869359.0,33498.92,2115240000000.0,2311835000000.0,5000000000.0,573769000000.0,267568496640.0,,190558000000.0,0.915,188917000000.0,FYFinancialStatements_Consolidated_JP,2027-03-31,2028-03-31,yfinance,bps=jquants:BPS;cash=jquants:CashEq;cfo=jquants:CFO;debt=yfinance:totalDebt;ebitda=yfinance:ebitda;equity=jquants:Eq;equity_to_assets=jquants:EqAR;shares=jquants:ShOutFY;total_assets=jquants:TA,2026-05-14
6277,HOSOKAWA MICRON CORPORATION,15730538.0,4898.826,70769000000.0,105144000000.0,1255000064.0,28150000000.0,6669000192.0,,1796000000.0,0.673,-1680000000.0,2QFinancialStatements_Consolidated_JP,2026-09-30,,yfinance,bps=yfinance:bookValue;cash=jquants:CashEq;cfo=jquants:CFO;debt=yfinance:totalDebt;ebitda=yfinance:ebitda;equity=jquants:Eq;equity_to_assets=jquants:EqAR;shares=jquants:ShOutFY;total_assets=jquants:TA,2026-05-11
6278,UNION TOOL CO.,19780000.0,6136.599,82431000000.0,91099000000.0,0.0,47700000768.0,15854000128.0,,3544000000.0,0.905,,1QFinancialStatements_Consolidated_JP,2026-12-31,,yfinance,bps=yfinance:bookValue;cash=yfinance:totalCash;debt=yfinance:totalDebt;ebitda=yfinance:ebitda;equity=jquants:Eq;equity_to_assets=jquants:EqAR;shares=jquants:ShOutFY;total_assets=jquants:TA,2026-05-13
6282,OILES CORPORATION,33300505.0,2742.52,80616000000.0,99429000000.0,1395000064.0,28389000000.0,10583499776.0,,6958000000.0,0.806,10651000000.0,FYFinancialStatements_Consolidated_JP,2027-03-31,2028-03-31,yfinance,bps=jquants:BPS;cash=jquants:CashEq;cfo=jquants:CFO;debt=yfinance:totalDebt;ebitda=yfinance:ebitda;equity=jquants:Eq;equity_to_assets=jquants:EqAR;shares=jquants:ShOutFY;total_assets=jquants:TA,2026-05-12
6284,"NISSEI ASB MACHINE CO.,LTD.",14991108.0,4332.916,61850000000.0,82333000000.0,4995999744.0,33143000000.0,14195250176.0,,6506000000.0,0.751,4566000000.0,2QFinancialStatements_Consolidated_JP,2026-09-30,,yfinance,bps=yfinance:bookValue;cash=jquants:CashEq;cfo=jquants:CFO;debt=yfinance:totalDebt;ebitda=yfinance:ebitda;equity=jquants:Eq;equity_to_assets=jquants:EqAR;shares=jquants:ShOutFY;total_assets=jquants:TA,2026-05-13
6287,SATO CORPORATION,33635942.0,2627.77,89585000000.0,145459000000.0,23907999744.0,26434000000.0,18300999680.0,,11041000000.0,0.586,13273000000.0,FYFinancialStatements_Consolidated_JP,2027-03-31,2028-03-31,yfinance,bps=jquants:BPS;cash=jquants:CashEq;cfo=jquants:CFO;debt=yfinance:totalDebt;ebitda=yfinance:ebitda;equity=jquants:Eq;equity_to_assets=jquants:EqAR;shares=jquants:ShOutFY;total_assets=jquants:TA,2026-05-15
6301,KOMATSU LTD.,930340620.0,3896.1,3708427000000.0,6423941000000.0,1731443949568.0,439701000000.0,747195990016.0,,567323000000.0,0.547,448963000000.0,FYFinancialStatements_Consolidated_US,2027-03-31,2028-03-31,yfinance,bps=jquants:BPS;cash=jquants:CashEq;cfo=jquants:CFO;debt=yfinance:totalDebt;ebitda=yfinance:ebitda;equity=jquants:Eq;equity_to_assets=jquants:EqAR;shares=jquants:ShOutFY;total_assets=jquants:TA,2026-04-28
6302,"SUMITOMO HEAVY INDUSTRIES,LTD.",122905481.0,5909.489,689480000000.0,1328120000000.0,271639003136.0,121243000000.0,107936997376.0,,13377000000.0,0.516,4585000000.0,1QFinancialStatements_Consolidated_JP,2026-12-31,,yfinance,bps=yfinance:bookValue;cash=jquants:CashEq;cfo=jquants:CFO;debt=yfinance:totalDebt;ebitda=yfinance:ebitda;equity=jquants:Eq;equity_to_assets=jquants:EqAR;shares=jquants:ShOutFY;total_assets=jquants:TA,2026-04-28
6305,"Hitachi Construction Machinery Co.,Ltd.",215115038.0,4231.37,955670000000.0,1857321000000.0,572233023488.0,141456000000.0,240116006912.0,,132951000000.0,0.485,164223000000.0,FYFinancialStatements_Consolidated_IFRS,2027-03-31,2028-03-31,yfinance,bps=jquants:BPS;cash=jquants:CashEq;cfo=jquants:CFO;debt=yfinance:totalDebt;ebitda=yfinance:ebitda;equity=jquants:Eq;equity_to_assets=jquants:EqAR;shares=jquants:ShOutFY;total_assets=jquants:TA,2026-04-24
6315,TOWA CORPORATION,75157367.0,941.14,70611000000.0,106267000000.0,20590000128.0,26381000000.0,13092388864.0,,6917000000.0,0.664,4120000000.0,FYFinancialStatements_Consolidated_JP,2027-03-31,2028-03-31,yfinance,bps=jquants:BPS;cash=jquants:CashEq;cfo=jquants:CFO;debt=yfinance:totalDebt;ebitda=yfinance:ebitda;equity=jquants:Eq;equity_to_assets=jquants:EqAR;shares=jquants:ShOutFY;total_assets=jquants:TA,2026-05-11
6323,RORZE CORPORATION,176400000.0,750.89,139961000000.0,197302000000.0,22050000896.0,74341000000.0,39617249280.0,,31154000000.0,0.66,31191000000.0,FYFinancialStatements_Consolidated_JP,2027-02-28,2028-02-28,yfinance,bps=jquants:BPS;cash=jquants:CashEq;cfo=jquants:CFO;debt=yfinance:totalDebt;ebitda=yfinance:ebitda;equity=jquants:Eq;equity_to_assets=jquants:EqAR;shares=jquants:ShOutFY;total_assets=jquants:TA,2026-04-09
6326,KUBOTA CORPORATION,1138716846.0,2481.165,2932992000000.0,6265166000000.0,2256735043584.0,238395000000.0,454229000192.0,,98042000000.0,0.429,14748000000.0,1QFinancialStatements_Consolidated_IFRS,2026-12-31,,yfinance,bps=yfinance:bookValue;cash=jquants:CashEq;cfo=jquants:CFO;debt=yfinance:totalDebt;ebitda=yfinance:ebitda;equity=jquants:Eq;equity_to_assets=jquants:EqAR;shares=jquants:ShOutFY;total_assets=jquants:TA,2026-05-08
6331,"Mitsubishi Kakoki Kaisha,Ltd.",23741850.0,1972.37,44932000000.0,78093000000.0,4000000000.0,9024000000.0,10663249920.0,,9181000000.0,0.575,1803000000.0,FYFinancialStatements_Consolidated_JP,2027-03-31,2028-03-31,yfinance,bps=jquants:BPS;cash=jquants:CashEq;cfo=jquants:CFO;debt=yfinance:totalDebt;ebitda=yfinance:ebitda;equity=jquants:Eq;equity_to_assets=jquants:EqAR;shares=jquants:ShOutFY;total_assets=jquants:TA,2026-05-15
6332,"TSUKISHIMA HOLDINGS CO.,LTD.",40125800.0,2482.03,117466000000.0,203021000000.0,16126999552.0,38166000000.0,13609499648.0,,9842000000.0,0.484,5161000000.0,FYFinancialStatements_Consolidated_JP,2027-03-31,2028-03-31,yfinance,bps=jquants:BPS;cash=jquants:CashEq;cfo=jquants:CFO;debt=yfinance:totalDebt;ebitda=yfinance:ebitda;equity=jquants:Eq;equity_to_assets=jquants:EqAR;shares=jquants:ShOutFY;total_assets=jquants:TA,2026-05-12
6349,KOMORI CORPORATION,53478840.0,2316.06,122896000000.0,178158000000.0,10344999936.0,52851000000.0,11967500288.0,,9404000000.0,0.69,3533000000.0,FYFinancialStatements_Consolidated_JP,2027-03-31,2028-03-31,yfinance,bps=jquants:BPS;cash=jquants:CashEq;cfo=jquants:CFO;debt=yfinance:totalDebt;ebitda=yfinance:ebitda;equity=jquants:Eq;equity_to_assets=jquants:EqAR;shares=jquants:ShOutFY;total_assets=jquants:TA,2026-05-14
6361,EBARA CORPORATION,457262685.0,2747.559,529618000000.0,1108504000000.0,112630996992.0,146382000000.0,55565000704.0,,26749000000.0,0.468,25713000000.0,1QFinancialStatements_Consolidated_IFRS,2026-12-31,,yfinance,bps=yfinance:bookValue;cash=jquants:CashEq;cfo=jquants:CFO;debt=yfinance:totalDebt;ebitda=yfinance:ebitda;equity=jquants:Eq;equity_to_assets=jquants:EqAR;shares=jquants:ShOutFY;total_assets=jquants:TA,2026-05-15
6363,"Torishima Pump Mfg.Co.,Ltd.",29045679.0,2284.64,60620000000.0,120224000000.0,33173000192.0,17770000000.0,8705999872.0,,5005000000.0,0.5,4533000000.0,FYFinancialStatements_Consolidated_JP,2027-03-31,2028-03-31,yfinance,bps=jquants:BPS;cash=jquants:CashEq;cfo=jquants:CFO;debt=yfinance:totalDebt;ebitda=yfinance:ebitda;equity=jquants:Eq;equity_to_assets=jquants:EqAR;shares=jquants:ShOutFY;total_assets=jquants:TA,2026-05-14
6367,"DAIKIN INDUSTRIES,LTD.",293113973.0,11097.6,3316538000000.0,5809240000000.0,1206597976064.0,706523000000.0,712326971392.0,,414991000000.0,0.559,465848000000.0,FYFinancialStatements_Consolidated_JP,2027-03-31,2028-03-31,yfinance,bps=jquants:BPS;cash=jquants:CashEq;cfo=jquants:CFO;debt=yfinance:totalDebt;ebitda=yfinance:ebitda;equity=jquants:Eq;equity_to_assets=jquants:EqAR;shares=jquants:ShOutFY;total_assets=jquants:TA,2026-05-12
6368,ORGANO CORPORATION,46359700.0,3109.08,142962000000.0,224867000000.0,37362999296.0,31055000000.0,39303000064.0,,37648000000.0,0.636,13099000000.0,FYFinancialStatements_Consolidated_JP,2027-03-31,2028-03-31,yfinance,bps=jquants:BPS;cash=jquants:CashEq;cfo=jquants:CFO;debt=yfinance:totalDebt;ebitda=yfinance:ebitda;equity=jquants:Eq;equity_to_assets=jquants:EqAR;shares=jquants:ShOutFY;total_assets=jquants:TA,2026-05-13
6370,Kurita Water Industries Ltd.,116200694.0,3117.58,343977000000.0,564422000000.0,115045998592.0,65251000000.0,99397001216.0,,58290000000.0,0.604,55592000000.0,FYFinancialStatements_Consolidated_IFRS,2027-03-31,2028-03-31,yfinance,bps=jquants:BPS;cash=jquants:CashEq;cfo=jquants:CFO;debt=yfinance:totalDebt;ebitda=yfinance:ebitda;equity=jquants:Eq;equity_to_assets=jquants:EqAR;shares=jquants:ShOutFY;total_assets=jquants:TA,2026-05-14
6371,TSUBAKIMOTO CHAIN CO.,106213279.0,2848.72,303815000000.0,459784000000.0,56569999360.0,78529000000.0,39110000640.0,,21578000000.0,0.645,31891000000.0,FYFinancialStatements_Consolidated_JP,2027-03-31,2028-03-31,yfinance,bps=jquants:BPS;cash=jquants:CashEq;cfo=jquants:CFO;debt=yfinance:totalDebt;ebitda=yfinance:ebitda;equity=jquants:Eq;equity_to_assets=jquants:EqAR;shares=jquants:ShOutFY;total_assets=jquants:TA,2026-05-13
6376,"NIKKISO CO.,LTD.",69175664.0,2631.027,165456000000.0,360451000000.0,113165000704.0,38613000000.0,29891000320.0,,3689000000.0,0.453,-5612000000.0,1QFinancialStatements_Consolidated_IFRS,2026-12-31,,yfinance,bps=yfinance:bookValue;cash=jquants:CashEq;cfo=jquants:CFO;debt=yfinance:totalDebt;ebitda=yfinance:ebitda;equity=jquants:Eq;equity_to_assets=jquants:EqAR;shares=jquants:ShOutFY;total_assets=jquants:TA,2026-05-15
6383,"DAIFUKU CO.,LTD.",379830231.0,1347.816,458338000000.0,743144000000.0,45432999936.0,237200000000.0,118921003008.0,,26291000000.0,0.617,16422000000.0,1QFinancialStatements_Consolidated_JP,2026-12-31,,yfinance,bps=yfinance:bookValue;cash=jquants:CashEq;cfo=jquants:CFO;debt=yfinance:totalDebt;ebitda=yfinance:ebitda;equity=jquants:Eq;equity_to_assets=jquants:EqAR;shares=jquants:ShOutFY;total_assets=jquants:TA,2026-05-14
6395,TADANO LTD.,129500355.0,1715.891,205968000000.0,463717000000.0,136353996800.0,72091000832.0,34888998912.0,,4012000000.0,0.444,,1QFinancialStatements_Consolidated_JP,2026-12-31,,yfinance,bps=yfinance:bookValue;cash=yfinance:totalCash;debt=yfinance:totalDebt;ebitda=yfinance:ebitda;equity=jquants:Eq;equity_to_assets=jquants:EqAR;shares=jquants:ShOutFY;total_assets=jquants:TA,2026-05-07
6407,CKD Corporation,67909449.0,2297.27,153538000000.0,226721000000.0,33241999360.0,42258000000.0,,,19640000000.0,0.677,14832000000.0,FYFinancialStatements_Consolidated_JP,2027-03-31,2028-03-31,,bps=jquants:BPS;cash=jquants:CashEq;cfo=jquants:CFO;debt=yfinance:totalDebt;equity=jquants:Eq;equity_to_assets=jquants:EqAR;shares=jquants:ShOutFY;total_assets=jquants:TA,2026-05-15
6412,Heiwa Corporation,99809060.0,2521.44,248910000000.0,1077576000000.0,601381011456.0,49280000000.0,74778001408.0,,43423000000.0,0.231,41210000000.0,FYFinancialStatements_Consolidated_JP,2027-03-31,2028-03-31,yfinance,bps=jquants:BPS;cash=jquants:CashEq;cfo=jquants:CFO;debt=yfinance:totalDebt;ebitda=yfinance:ebitda;equity=jquants:Eq;equity_to_assets=jquants:EqAR;shares=jquants:ShOutFY;total_assets=jquants:TA,2026-05-13
6417,"SANKYO CO.,LTD.",230000000.0,1259.04,250155000000.0,287458000000.0,0.0,192439000000.0,52159750144.0,,62484000000.0,0.865,51828000000.0,FYFinancialStatements_Consolidated_JP,2027-03-31,2028-03-31,yfinance,bps=jquants:BPS;cash=jquants:CashEq;cfo=jquants:CFO;debt=yfinance:totalDebt;ebitda=yfinance:ebitda;equity=jquants:Eq;equity_to_assets=jquants:EqAR;shares=jquants:ShOutFY;total_assets=jquants:TA,2026-05-13
6419,Mars Group Holdings Corporation,22720000.0,4647.27,85733000000.0,94262000000.0,616000000.0,38963000000.0,8513965056.0,,8795000000.0,0.91,7814000000.0,FYFinancialStatements_Consolidated_JP,2027-03-31,2028-03-31,yfinance,bps=jquants:BPS;cash=jquants:CashEq;cfo=jquants:CFO;debt=yfinance:totalDebt;ebitda=yfinance:ebitda;equity=jquants:Eq;equity_to_assets=jquants:EqAR;shares=jquants:ShOutFY;total_assets=jquants:TA,2026-05-14
6420,GALILEI CO.LTD.,44132320.0,2825.95,113392000000.0,154427000000.0,0.0,42451000000.0,19561750528.0,,17078000000.0,0.734,12088000000.0,FYFinancialStatements_Consolidated_JP,2027-03-31,2028-03-31,yfinance,bps=jquants:BPS;cash=jquants:CashEq;cfo=jquants:CFO;debt=yfinance:totalDebt;ebitda=yfinance:ebitda;equity=jquants:Eq;equity_to_assets=jquants:EqAR;shares=jquants:ShOutFY;total_assets=jquants:TA,2026-05-19
6432,"TAKEUCHI MFG.CO.,LTD.",48999000.0,4046.84,186935000000.0,225133000000.0,0.0,56235000000.0,39687749632.0,,37687000000.0,0.83,22889000000.0,FYFinancialStatements_Consolidated_JP,2027-02-28,2028-02-28,yfinance,bps=jquants:BPS;cash=jquants:CashEq;cfo=jquants:CFO;debt=yfinance:totalDebt;ebitda=yfinance:ebitda;equity=jquants:Eq;equity_to_assets=jquants:EqAR;shares=jquants:ShOutFY;total_assets=jquants:TA,2026-04-10
6436,Amano Corporation,71106129.0,2001.48,139212000000.0,193096000000.0,13895000064.0,48873000000.0,33264001024.0,,22551000000.0,0.718,24937000000.0,FYFinancialStatements_Consolidated_JP,2027-03-31,2028-03-31,yfinance,bps=jquants:BPS;cash=jquants:CashEq;cfo=jquants:CFO;debt=yfinance:totalDebt;ebitda=yfinance:ebitda;equity=jquants:Eq;equity_to_assets=jquants:EqAR;shares=jquants:ShOutFY;total_assets=jquants:TA,2026-04-27
6448,"BROTHER INDUSTRIES,LTD.",257755930.0,3066.67,767363000000.0,1018815000000.0,799000000.0,197674000000.0,171969003520.0,,77868000000.0,0.749,111001000000.0,FYFinancialStatements_Consolidated_IFRS,2027-03-31,2028-03-31,yfinance,bps=jquants:BPS;cash=jquants:CashEq;cfo=jquants:CFO;debt=yfinance:totalDebt;ebitda=yfinance:ebitda;equity=jquants:Eq;equity_to_assets=jquants:EqAR;shares=jquants:ShOutFY;total_assets=jquants:TA,2026-05-08
6454,"MAX CO.,LTD.",186149704.0,641.28,115465000000.0,137929000000.0,1228000000.0,36270000000.0,22011000832.0,,17571000000.0,0.836,14799000000.0,FYFinancialStatements_Consolidated_JP,2027-03-31,2028-03-31,yfinance,bps=jquants:BPS;cash=jquants:CashEq;cfo=jquants:CFO;debt=yfinance:totalDebt;ebitda=yfinance:ebitda;equity=jquants:Eq;equity_to_assets=jquants:EqAR;shares=jquants:ShOutFY;total_assets=jquants:TA,2026-04-30
6457,GLORY LTD.,58938210.0,4158.59,218454000000.0,452489000000.0,101581996032.0,50042000000.0,52573999104.0,,29752000000.0,0.482,42780000000.0,FYFinancialStatements_Consolidated_IFRS,2027-03-31,2028-03-31,yfinance,bps=jquants:BPS;cash=jquants:CashEq;cfo=jquants:CFO;debt=yfinance:totalDebt;ebitda=yfinance:ebitda;equity=jquants:Eq;equity_to_assets=jquants:EqAR;shares=jquants:ShOutFY;total_assets=jquants:TA,2026-05-15
6458,SINKO INDUSTRIES LTD.,72543000.0,943.32,66847000000.0,93288000000.0,8707000320.0,17401000000.0,10754499584.0,,9444000000.0,0.679,8010000000.0,FYFinancialStatements_Consolidated_JP,2027-03-31,2028-03-31,yfinance,bps=jquants:BPS;cash=jquants:CashEq;cfo=jquants:CFO;debt=yfinance:totalDebt;ebitda=yfinance:ebitda;equity=jquants:Eq;equity_to_assets=jquants:EqAR;shares=jquants:ShOutFY;total_assets=jquants:TA,2026-05-14
6460,SEGA SAMMY HOLDINGS INC.,221229476.0,1750.15,354967000000.0,627388000000.0,141999996928.0,153776000000.0,72771002368.0,,47128000000.0,0.565,25940000000.0,FYFinancialStatements_Consolidated_JP,2027-03-31,2028-03-31,yfinance,bps=jquants:BPS;cash=jquants:CashEq;cfo=jquants:CFO;debt=yfinance:totalDebt;ebitda=yfinance:ebitda;equity=jquants:Eq;equity_to_assets=jquants:EqAR;shares=jquants:ShOutFY;total_assets=jquants:TA,2026-05-12
6463,"TPR CO.,LTD.",66542998.0,2714.91,213016000000.0,305583000000.0,25229000704.0,59369000000.0,22641250304.0,,10278000000.0,0.573,22721000000.0,FYFinancialStatements_Consolidated_JP,2027-03-31,2028-03-31,yfinance,bps=jquants:BPS;cash=jquants:CashEq;cfo=jquants:CFO;debt=yfinance:totalDebt;ebitda=yfinance:ebitda;equity=jquants:Eq;equity_to_assets=jquants:EqAR;shares=jquants:ShOutFY;total_assets=jquants:TA,2026-05-15
6465,HOSHIZAKI CORPORATION,144890100.0,2803.51,415706000000.0,583487000000.0,6752999936.0,169412001792.0,72588001280.0,,17027000000.0,0.674,,1QFinancialStatements_Consolidated_JP,2026-12-31,,yfinance,bps=jquants:BPS;cash=yfinance:totalCash;debt=yfinance:totalDebt;ebitda=yfinance:ebitda;equity=jquants:Eq;equity_to_assets=jquants:EqAR;shares=jquants:ShOutFY;total_assets=jquants:TA,2026-05-15
6471,NSK Ltd.,500000000.0,1373.28,692135000000.0,1239769000000.0,0.0,142123000000.0,104337997824.0,,38812000000.0,0.542,97806000000.0,FYFinancialStatements_Consolidated_IFRS,2027-03-31,2028-03-31,yfinance,bps=jquants:BPS;cash=jquants:CashEq;cfo=jquants:CFO;debt=yfinance:totalDebt;ebitda=yfinance:ebitda;equity=jquants:Eq;equity_to_assets=jquants:EqAR;shares=jquants:ShOutFY;total_assets=jquants:TA,2026-05-12
6472,NTN CORPORATION,597533017.0,499.4,311389000000.0,878676000000.0,302396014592.0,131255000000.0,72836997120.0,,31034000000.0,0.338,57179000000.0,FYFinancialStatements_Consolidated_JP,2027-03-31,2028-03-31,yfinance,bps=jquants:BPS;cash=jquants:CashEq;cfo=jquants:CFO;debt=yfinance:totalDebt;ebitda=yfinance:ebitda;equity=jquants:Eq;equity_to_assets=jquants:EqAR;shares=jquants:ShOutFY;total_assets=jquants:TA,2026-05-14
6473,JTEKT Corporation,318608107.0,2482.33,825230000000.0,1577696000000.0,221542006784.0,137550000000.0,106237001728.0,,24847000000.0,0.501,108495000000.0,FYFinancialStatements_Consolidated_IFRS,2027-03-31,2028-03-31,yfinance,bps=jquants:BPS;cash=jquants:CashEq;cfo=jquants:CFO;debt=yfinance:totalDebt;ebitda=yfinance:ebitda;equity=jquants:Eq;equity_to_assets=jquants:EqAR;shares=jquants:ShOutFY;total_assets=jquants:TA,2026-04-28
6474,NACHI-FUJIKOSHI CORP.,24919343.0,8161.084,179009000000.0,339580000000.0,94104002560.0,33432999936.0,29653999616.0,,2725000000.0,0.516,,1QFinancialStatements_Consolidated_JP,2026-11-30,,yfinance,bps=yfinance:bookValue;cash=yfinance:totalCash;debt=yfinance:totalDebt;ebitda=yfinance:ebitda;equity=jquants:Eq;equity_to_assets=jquants:EqAR;shares=jquants:ShOutFY;total_assets=jquants:TA,2026-04-06
6479,MINEBEA MITSUMI Inc.,427080606.0,2238.5,911031000000.0,1814837000000.0,489423994880.0,227522000000.0,184945000448.0,,103979000000.0,0.495,94850000000.0,FYFinancialStatements_Consolidated_IFRS,2027-03-31,2028-03-31,yfinance,bps=jquants:BPS;cash=jquants:CashEq;cfo=jquants:CFO;debt=yfinance:totalDebt;ebitda=yfinance:ebitda;equity=jquants:Eq;equity_to_assets=jquants:EqAR;shares=jquants:ShOutFY;total_assets=jquants:TA,2026-05-12
6481,"THK CO.,LTD.",119099803.0,2462.655,252705000000.0,480619000000.0,139812995072.0,93494000000.0,56154001408.0,,7620000000.0,0.526,2995000000.0,1QFinancialStatements_Consolidated_IFRS,2026-12-31,,yfinance,bps=yfinance:bookValue;cash=jquants:CashEq;cfo=jquants:CFO;debt=yfinance:totalDebt;ebitda=yfinance:ebitda;equity=jquants:Eq;equity_to_assets=jquants:EqAR;shares=jquants:ShOutFY;total_assets=jquants:TA,2026-05-11
6486,"EAGLE INDUSTRY CO.,LTD.",49757821.0,2927.77,142621000000.0,228581000000.0,40192000000.0,32154000000.0,25535000576.0,,13468000000.0,0.582,22037000000.0,FYFinancialStatements_Consolidated_JP,2027-03-31,2028-03-31,yfinance,bps=jquants:BPS;cash=jquants:CashEq;cfo=jquants:CFO;debt=yfinance:totalDebt;ebitda=yfinance:ebitda;equity=jquants:Eq;equity_to_assets=jquants:EqAR;shares=jquants:ShOutFY;total_assets=jquants:TA,2026-05-13
6490,PILLAR Corporation,25042406.0,3473.94,79418000000.0,105629000000.0,11450000384.0,25531000000.0,18253500416.0,,12107000000.0,0.752,15126000000.0,FYFinancialStatements_Consolidated_JP,2027-03-31,2028-03-31,yfinance,bps=jquants:BPS;cash=jquants:CashEq;cfo=jquants:CFO;debt=yfinance:totalDebt;ebitda=yfinance:ebitda;equity=jquants:Eq;equity_to_assets=jquants:EqAR;shares=jquants:ShOutFY;total_assets=jquants:TA,2026-05-14
6498,KITZ CORPORATION,87565611.0,1380.42,121657000000.0,191569000000.0,48265998336.0,29253000000.0,12689999872.0,,3697000000.0,0.626,1838000000.0,1QFinancialStatements_Consolidated_JP,2026-12-31,,yfinance,bps=jquants:BPS;cash=jquants:CashEq;cfo=jquants:CFO;debt=yfinance:totalDebt;ebitda=yfinance:ebitda;equity=jquants:Eq;equity_to_assets=jquants:EqAR;shares=jquants:ShOutFY;total_assets=jquants:TA,2026-05-13
6501,"Hitachi,Ltd.",4535560985.0,1459.71,6772607000000.0,15041246000000.0,1056926990336.0,1323480000000.0,1754138017792.0,,1199275000000.0,0.437,1668061000000.0,FYFinancialStatements_Consolidated_IFRS,2027-03-31,2028-03-31,yfinance,bps=jquants:BPS;cash=jquants:CashEq;cfo=jquants:CFO;debt=yfinance:totalDebt;ebitda=yfinance:ebitda;equity=jquants:Eq;equity_to_assets=jquants:EqAR;shares=jquants:ShOutFY;total_assets=jquants:TA,2026-04-27
6503,Mitsubishi Electric Corporation,2113201551.0,2191.26,4629993000000.0,7357512000000.0,337983012864.0,731609000000.0,598317989888.0,,433095000000.0,0.609,575993000000.0,DividendForecastRevision,2027-03-31,2028-03-31,yfinance,bps=jquants:BPS;cash=jquants:CashEq;cfo=jquants:CFO;debt=yfinance:totalDebt;ebitda=yfinance:ebitda;equity=jquants:Eq;equity_to_assets=jquants:EqAR;shares=jquants:ShOutFY;total_assets=jquants:TA,2026-05-13
6504,"FUJI ELECTRIC CO.,LTD.",149296991.0,5428.63,842936000000.0,1406669000000.0,67022999552.0,69873000000.0,204029001728.0,,136620000000.0,0.569,123562000000.0,FYFinancialStatements_Consolidated_JP,2027-03-31,2028-03-31,yfinance,bps=jquants:BPS;cash=jquants:CashEq;cfo=jquants:CFO;debt=yfinance:totalDebt;ebitda=yfinance:ebitda;equity=jquants:Eq;equity_to_assets=jquants:EqAR;shares=jquants:ShOutFY;total_assets=jquants:TA,2026-04-28
6506,YASKAWA Electric Corporation,266690497.0,1864.31,493615000000.0,812365000000.0,121160998912.0,61223000000.0,67440001024.0,,47307000000.0,0.595,52170000000.0,FYFinancialStatements_Consolidated_IFRS,2027-02-28,2028-02-28,yfinance,bps=jquants:BPS;cash=jquants:CashEq;cfo=jquants:CFO;debt=yfinance:totalDebt;ebitda=yfinance:ebitda;equity=jquants:Eq;equity_to_assets=jquants:EqAR;shares=jquants:ShOutFY;total_assets=jquants:TA,2026-04-10
6507,"SINFONIA TECHNOLOGY CO.,LTD.",29789122.0,3505.37,98906000000.0,158740000000.0,17036000256.0,11618000000.0,22450499584.0,,18464000000.0,0.623,12909000000.0,FYFinancialStatements_Consolidated_JP,2027-03-31,2028-03-31,yfinance,bps=jquants:BPS;cash=jquants:CashEq;cfo=jquants:CFO;debt=yfinance:totalDebt;ebitda=yfinance:ebitda;equity=jquants:Eq;equity_to_assets=jquants:EqAR;shares=jquants:ShOutFY;total_assets=jquants:TA,2026-05-14
6508,MEIDENSHA CORPORATION,45527540.0,3855.25,178531000000.0,373668000000.0,38869000192.0,23639000000.0,43460001792.0,,27122000000.0,0.468,17498000000.0,FYFinancialStatements_Consolidated_JP,2027-03-31,2028-03-31,yfinance,bps=jquants:BPS;cash=jquants:CashEq;cfo=jquants:CFO;debt=yfinance:totalDebt;ebitda=yfinance:ebitda;equity=jquants:Eq;equity_to_assets=jquants:EqAR;shares=jquants:ShOutFY;total_assets=jquants:TA,2026-05-14
6516,"SANYO DENKI CO.,LTD.",38916561.0,3602.66,127861000000.0,166367000000.0,5305999872.0,28719000000.0,18570999808.0,,10885000000.0,0.769,10829000000.0,FYFinancialStatements_Consolidated_IFRS,2027-03-31,2028-03-31,yfinance,bps=jquants:BPS;cash=jquants:CashEq;cfo=jquants:CFO;debt=yfinance:totalDebt;ebitda=yfinance:ebitda;equity=jquants:Eq;equity_to_assets=jquants:EqAR;shares=jquants:ShOutFY;total_assets=jquants:TA,2026-04-27
6523,PHC Holdings Corporation,126724020.0,1277.89,160880000000.0,542510000000.0,229262999552.0,39820000000.0,56346001408.0,,22688000000.0,0.298,42458000000.0,FYFinancialStatements_Consolidated_IFRS,2027-03-31,2028-03-31,yfinance,bps=jquants:BPS;cash=jquants:CashEq;cfo=jquants:CFO;debt=yfinance:totalDebt;ebitda=yfinance:ebitda;equity=jquants:Eq;equity_to_assets=jquants:EqAR;shares=jquants:ShOutFY;total_assets=jquants:TA,2026-05-13
6525,KOKUSAI ELECTRIC CORPORATION,238115614.0,938.59,219270000000.0,359658000000.0,50389000192.0,56543000000.0,62722998272.0,,41836000000.0,0.61,48801000000.0,FYFinancialStatements_Consolidated_IFRS,2027-03-31,2028-03-31,yfinance,bps=jquants:BPS;cash=jquants:CashEq;cfo=jquants:CFO;debt=yfinance:totalDebt;ebitda=yfinance:ebitda;equity=jquants:Eq;equity_to_assets=jquants:EqAR;shares=jquants:ShOutFY;total_assets=jquants:TA,2026-05-13
6526,Socionext Inc.,179968630.0,759.09,133056000000.0,167623000000.0,0.0,44541000000.0,27851999232.0,,12354000000.0,0.794,7693000000.0,FYFinancialStatements_Consolidated_JP,2027-03-31,2028-03-31,yfinance,bps=jquants:BPS;cash=jquants:CashEq;cfo=jquants:CFO;debt=yfinance:totalDebt;ebitda=yfinance:ebitda;equity=jquants:Eq;equity_to_assets=jquants:EqAR;shares=jquants:ShOutFY;total_assets=jquants:TA,2026-04-28
6532,"BayCurrent,Inc.",155411410.0,770.73,117038000000.0,157485000000.0,5791000064.0,72308000000.0,56042999808.0,,50931000000.0,0.743,37616000000.0,FYFinancialStatements_Consolidated_IFRS,2027-02-28,2028-02-28,yfinance,bps=jquants:BPS;cash=jquants:CashEq;cfo=jquants:CFO;debt=yfinance:totalDebt;ebitda=yfinance:ebitda;equity=jquants:Eq;equity_to_assets=jquants:EqAR;shares=jquants:ShOutFY;total_assets=jquants:TA,2026-04-14
6544,"JAPAN ELEVATOR SERVICE HOLDINGS CO.,LTD.",178784000.0,137.54,24994000000.0,40126000000.0,5937999872.0,3859000000.0,13459500032.0,,11010000000.0,0.613,8801000000.0,FYFinancialStatements_Consolidated_JP,2027-03-31,2028-03-31,yfinance,bps=jquants:BPS;cash=jquants:CashEq;cfo=jquants:CFO;debt=yfinance:totalDebt;ebitda=yfinance:ebitda;equity=jquants:Eq;equity_to_assets=jquants:EqAR;shares=jquants:ShOutFY;total_assets=jquants:TA,2026-05-14
6586,Makita Corporation,280017520.0,3859.45,1004541000000.0,1181185000000.0,17205999616.0,257385000000.0,140294995968.0,,104705000000.0,0.844,102336000000.0,FYFinancialStatements_Consolidated_IFRS,2027-03-31,2028-03-31,yfinance,bps=jquants:BPS;cash=jquants:CashEq;cfo=jquants:CFO;debt=yfinance:totalDebt;ebitda=yfinance:ebitda;equity=jquants:Eq;equity_to_assets=jquants:EqAR;shares=jquants:ShOutFY;total_assets=jquants:TA,2026-04-28
6588,TOSHIBA TEC CORPORATION,57629140.0,1775.3,101375000000.0,361435000000.0,21820999680.0,39500000000.0,35687251968.0,,14336000000.0,0.26,4296000000.0,FYFinancialStatements_Consolidated_JP,2027-03-31,2028-03-31,yfinance,bps=jquants:BPS;cash=jquants:CashEq;cfo=jquants:CFO;debt=yfinance:totalDebt;ebitda=yfinance:ebitda;equity=jquants:Eq;equity_to_assets=jquants:EqAR;shares=jquants:ShOutFY;total_assets=jquants:TA,2026-05-11
6590,SHIBAURA MECHATRONICS CORPORATION,69859500.0,846.95,55592000000.0,100876000000.0,8659999744.0,21330000000.0,17538750464.0,,15262000000.0,0.551,4631000000.0,FYFinancialStatements_Consolidated_JP,2027-03-31,2028-03-31,yfinance,bps=jquants:BPS;cash=jquants:CashEq;cfo=jquants:CFO;debt=yfinance:totalDebt;ebitda=yfinance:ebitda;equity=jquants:Eq;equity_to_assets=jquants:EqAR;shares=jquants:ShOutFY;total_assets=jquants:TA,2026-05-13
6592,"MABUCHI MOTOR CO.,LTD.",260649848.0,1427.009,338293000000.0,377881000000.0,17949999104.0,134077997056.0,40419000320.0,,5395000000.0,0.894,,1QFinancialStatements_Consolidated_JP,2026-12-31,,yfinance,bps=yfinance:bookValue;cash=yfinance:totalCash;debt=yfinance:totalDebt;ebitda=yfinance:ebitda;equity=jquants:Eq;equity_to_assets=jquants:EqAR;shares=jquants:ShOutFY;total_assets=jquants:TA,2026-04-28
6622,DAIHEN CORPORATION,24903291.0,6524.83,170746000000.0,320175000000.0,82603999232.0,32626000000.0,26733750272.0,,18778000000.0,0.481,4944000000.0,FYFinancialStatements_Consolidated_JP,2027-03-31,2028-03-31,yfinance,bps=jquants:BPS;cash=jquants:CashEq;cfo=jquants:CFO;debt=yfinance:totalDebt;ebitda=yfinance:ebitda;equity=jquants:Eq;equity_to_assets=jquants:EqAR;shares=jquants:ShOutFY;total_assets=jquants:TA,2026-05-11
6630,YA-MAN LTD.,58348880.0,442.502,24249000000.0,26784000000.0,100000000.0,15640000512.0,-568499968.0,,-15000000.0,0.905,,1QFinancialStatements_Consolidated_JP,2026-12-31,,yfinance,bps=yfinance:bookValue;cash=yfinance:totalCash;debt=yfinance:totalDebt;ebitda=yfinance:ebitda;equity=jquants:Eq;equity_to_assets=jquants:EqAR;shares=jquants:ShOutFY;total_assets=jquants:TA,2026-05-15
6632,JVCKENWOOD Corporation,161564801.0,1017.71,149698000000.0,347605000000.0,66716000256.0,65716000000.0,36892000256.0,,20540000000.0,0.414,33758000000.0,FYFinancialStatements_Consolidated_IFRS,2027-03-31,2028-03-31,yfinance,bps=jquants:BPS;cash=jquants:CashEq;cfo=jquants:CFO;debt=yfinance:totalDebt;ebitda=yfinance:ebitda;equity=jquants:Eq;equity_to_assets=jquants:EqAR;shares=jquants:ShOutFY;total_assets=jquants:TA,2026-05-01
6645,OMRON Corporation,206244872.0,4251.07,1000562000000.0,1516263000000.0,272918003712.0,166541000000.0,106453999616.0,,59935000000.0,0.551,60919000000.0,FYFinancialStatements_Consolidated_US,2027-03-31,2028-03-31,yfinance,bps=jquants:BPS;cash=jquants:CashEq;cfo=jquants:CFO;debt=yfinance:totalDebt;ebitda=yfinance:ebitda;equity=jquants:Eq;equity_to_assets=jquants:EqAR;shares=jquants:ShOutFY;total_assets=jquants:TA,2026-05-13
6651,NITTO KOGYO CORPORATION,40458000.0,3261.05,125238000000.0,185299000000.0,23542999040.0,34417000000.0,23235999744.0,,15446000000.0,0.668,18347000000.0,FYFinancialStatements_Consolidated_JP,2027-03-31,2028-03-31,yfinance,bps=jquants:BPS;cash=jquants:CashEq;cfo=jquants:CFO;debt=yfinance:totalDebt;ebitda=yfinance:ebitda;equity=jquants:Eq;equity_to_assets=jquants:EqAR;shares=jquants:ShOutFY;total_assets=jquants:TA,2026-05-15
6652,IDEC CORPORATION,31374485.0,2345.8,69920000000.0,113572000000.0,24316999680.0,18142000000.0,13292250112.0,,6118000000.0,0.61,7442000000.0,FYFinancialStatements_Consolidated_JP,2027-03-31,2028-03-31,yfinance,bps=jquants:BPS;cash=jquants:CashEq;cfo=jquants:CFO;debt=yfinance:totalDebt;ebitda=yfinance:ebitda;equity=jquants:Eq;equity_to_assets=jquants:EqAR;shares=jquants:ShOutFY;total_assets=jquants:TA,2026-05-14
6674,GS Yuasa Corporation,100446442.0,3934.07,444098000000.0,740985000000.0,135934001152.0,31975000000.0,91062501376.0,,60172000000.0,0.533,49543000000.0,FYFinancialStatements_Consolidated_JP,2027-03-31,2028-03-31,yfinance,bps=jquants:BPS;cash=jquants:CashEq;cfo=jquants:CFO;debt=yfinance:totalDebt;ebitda=yfinance:ebitda;equity=jquants:Eq;equity_to_assets=jquants:EqAR;shares=jquants:ShOutFY;total_assets=jquants:TA,2026-05-13
6701,NEC Corporation,1364249315.0,1656.11,2281887000000.0,4466784000000.0,591366979584.0,659034000000.0,539758002176.0,,359913000000.0,0.492,438463000000.0,FYFinancialStatements_Consolidated_IFRS,2027-03-31,2028-03-31,yfinance,bps=jquants:BPS;cash=jquants:CashEq;cfo=jquants:CFO;debt=yfinance:totalDebt;ebitda=yfinance:ebitda;equity=jquants:Eq;equity_to_assets=jquants:EqAR;shares=jquants:ShOutFY;total_assets=jquants:TA,2026-04-28
6702,Fujitsu Limited,1739778265.0,1167.25,2044587000000.0,3399745000000.0,133699002368.0,450366000000.0,511930007552.0,,348329000000.0,0.596,338130000000.0,FYFinancialStatements_Consolidated_IFRS,2027-03-31,2028-03-31,yfinance,bps=jquants:BPS;cash=jquants:CashEq;cfo=jquants:CFO;debt=yfinance:totalDebt;ebitda=yfinance:ebitda;equity=jquants:Eq;equity_to_assets=jquants:EqAR;shares=jquants:ShOutFY;total_assets=jquants:TA,2026-04-28
6703,"Oki Electric Industry Company,Limited",87217602.0,2078.68,180415000000.0,445211000000.0,87784996864.0,35786000000.0,34083999744.0,,18844000000.0,0.405,20649000000.0,FYFinancialStatements_Consolidated_JP,2027-03-31,2028-03-31,yfinance,bps=jquants:BPS;cash=jquants:CashEq;cfo=jquants:CFO;debt=yfinance:totalDebt;ebitda=yfinance:ebitda;equity=jquants:Eq;equity_to_assets=jquants:EqAR;shares=jquants:ShOutFY;total_assets=jquants:TA,2026-05-13
6707,"Sanken Electric Co.,Ltd.",20925360.0,6001.0,119965000000.0,239456000000.0,81095000064.0,34840000000.0,-2430000128.0,,-4728000000.0,0.501,-8898000000.0,FYFinancialStatements_Consolidated_JP,2027-03-31,2028-03-31,yfinance,bps=jquants:BPS;cash=jquants:CashEq;cfo=jquants:CFO;debt=yfinance:totalDebt;ebitda=yfinance:ebitda;equity=jquants:Eq;equity_to_assets=jquants:EqAR;shares=jquants:ShOutFY;total_assets=jquants:TA,2026-05-13
6723,Renesas Electronics Corporation,1870614885.0,1559.323,2546414000000.0,4227359000000.0,1159487946752.0,267629000000.0,447298994176.0,,90564000000.0,0.601,84764000000.0,1QFinancialStatements_Consolidated_IFRS,2026-12-31,,yfinance,bps=yfinance:bookValue;cash=jquants:CashEq;cfo=jquants:CFO;debt=yfinance:totalDebt;ebitda=yfinance:ebitda;equity=jquants:Eq;equity_to_assets=jquants:EqAR;shares=jquants:ShOutFY;total_assets=jquants:TA,2026-04-24
6724,SEIKO EPSON CORPORATION,373573152.0,2663.64,853648000000.0,1534870000000.0,270043004928.0,288582000000.0,145884004352.0,,49558000000.0,0.556,112372000000.0,FYFinancialStatements_Consolidated_IFRS,2027-03-31,2028-03-31,yfinance,bps=jquants:BPS;cash=jquants:CashEq;cfo=jquants:CFO;debt=yfinance:totalDebt;ebitda=yfinance:ebitda;equity=jquants:Eq;equity_to_assets=jquants:EqAR;shares=jquants:ShOutFY;total_assets=jquants:TA,2026-05-01
6727,"Wacom Co.,Ltd.",135000000.0,278.1,37419000000.0,64957000000.0,4668000256.0,16499000000.0,15272999936.0,,13382000000.0,0.576,10343000000.0,FYFinancialStatements_Consolidated_JP,2027-03-31,2028-03-31,yfinance,bps=jquants:BPS;cash=jquants:CashEq;cfo=jquants:CFO;debt=yfinance:totalDebt;ebitda=yfinance:ebitda;equity=jquants:Eq;equity_to_assets=jquants:EqAR;shares=jquants:ShOutFY;total_assets=jquants:TA,2026-05-12
6728,"ULVAC, Inc.",49355938.0,4900.333,237007000000.0,390851000000.0,48659001344.0,85460000000.0,30406000640.0,,14719000000.0,0.588,12577000000.0,3QFinancialStatements_Consolidated_JP,2026-06-30,,yfinance,bps=yfinance:bookValue;cash=jquants:CashEq;cfo=jquants:CFO;debt=yfinance:totalDebt;ebitda=yfinance:ebitda;equity=jquants:Eq;equity_to_assets=jquants:EqAR;shares=jquants:ShOutFY;total_assets=jquants:TA,2026-05-12
6737,EIZO Corporation,42330820.0,3463.64,136930000000.0,177482000000.0,6161999872.0,20352000000.0,6680249856.0,,2365000000.0,0.772,5566000000.0,FYFinancialStatements_Consolidated_JP,2027-03-31,2028-03-31,yfinance,bps=jquants:BPS;cash=jquants:CashEq;cfo=jquants:CFO;debt=yfinance:totalDebt;ebitda=yfinance:ebitda;equity=jquants:Eq;equity_to_assets=jquants:EqAR;shares=jquants:ShOutFY;total_assets=jquants:TA,2026-05-12
6744,NOHMI BOSAI LTD.,60832771.0,2353.84,138986000000.0,181811000000.0,18000000.0,34589000000.0,22187499520.0,,18349000000.0,0.762,14552000000.0,FYFinancialStatements_Consolidated_JP,2027-03-31,2028-03-31,yfinance,bps=jquants:BPS;cash=jquants:CashEq;cfo=jquants:CFO;debt=yfinance:totalDebt;ebitda=yfinance:ebitda;equity=jquants:Eq;equity_to_assets=jquants:EqAR;shares=jquants:ShOutFY;total_assets=jquants:TA,2026-05-11
6750,"ELECOM CO.,LTD.",92221420.0,1341.68,108183000000.0,145205000000.0,500000000.0,58497000000.0,20014000128.0,,15524000000.0,0.744,9877000000.0,FYFinancialStatements_Consolidated_JP,2027-03-31,2028-03-31,yfinance,bps=jquants:BPS;cash=jquants:CashEq;cfo=jquants:CFO;debt=yfinance:totalDebt;ebitda=yfinance:ebitda;equity=jquants:Eq;equity_to_assets=jquants:EqAR;shares=jquants:ShOutFY;total_assets=jquants:TA,2026-05-15
6752,Panasonic Holdings Corporation,2454530697.0,2232.09,5381955000000.0,10172412000000.0,1553993039872.0,770179000000.0,838152028160.0,,236407000000.0,0.512,624289000000.0,FYFinancialStatements_Consolidated_IFRS,2027-03-31,2028-03-31,yfinance,bps=jquants:BPS;cash=jquants:CashEq;cfo=jquants:CFO;debt=yfinance:totalDebt;ebitda=yfinance:ebitda;equity=jquants:Eq;equity_to_assets=jquants:EqAR;shares=jquants:ShOutFY;total_assets=jquants:TA,2026-05-12
6753,Sharp Corporation,650414638.0,431.14,295284000000.0,1428253000000.0,468541014016.0,230500000000.0,77776003072.0,,48565000000.0,0.196,-191000000.0,FYFinancialStatements_Consolidated_JP,2027-03-31,2028-03-31,yfinance,bps=jquants:BPS;cash=jquants:CashEq;cfo=jquants:CFO;debt=yfinance:totalDebt;ebitda=yfinance:ebitda;equity=jquants:Eq;equity_to_assets=jquants:EqAR;shares=jquants:ShOutFY;total_assets=jquants:TA,2026-05-12
6754,ANRITSU CORPORATION,135870594.0,1036.92,132717000000.0,173258000000.0,3564999936.0,49314000000.0,24002000896.0,,14828000000.0,0.766,17881000000.0,FYFinancialStatements_Consolidated_IFRS,2027-03-31,2028-03-31,yfinance,bps=jquants:BPS;cash=jquants:CashEq;cfo=jquants:CFO;debt=yfinance:totalDebt;ebitda=yfinance:ebitda;equity=jquants:Eq;equity_to_assets=jquants:EqAR;shares=jquants:ShOutFY;total_assets=jquants:TA,2026-04-27
6758,SONY GROUP CORPORATION,6149810645.0,1374.32,8513589000000.0,15683490000000.0,1870597980160.0,2208879000000.0,2079234064384.0,,1447507000000.0,0.518,1945617000000.0,FYFinancialStatements_Consolidated_IFRS,2027-03-31,2028-03-31,yfinance,bps=jquants:BPS;cash=jquants:CashEq;cfo=jquants:CFO;debt=yfinance:totalDebt;ebitda=yfinance:ebitda;equity=jquants:Eq;equity_to_assets=jquants:EqAR;shares=jquants:ShOutFY;total_assets=jquants:TA,2026-05-08
6762,TDK Corporation,1943859885.0,1152.3,2203545000000.0,4415175000000.0,764402008064.0,842775000000.0,515808002048.0,,272415000000.0,0.495,507672000000.0,FYFinancialStatements_Consolidated_IFRS,2027-03-31,2028-03-31,yfinance,bps=jquants:BPS;cash=jquants:CashEq;cfo=jquants:CFO;debt=yfinance:totalDebt;ebitda=yfinance:ebitda;equity=jquants:Eq;equity_to_assets=jquants:EqAR;shares=jquants:ShOutFY;total_assets=jquants:TA,2026-04-28
6768,TAMURA CORPORATION,82771473.0,788.56,62897000000.0,132381000000.0,37198000128.0,18096000000.0,9666499584.0,,5287000000.0,0.474,2851000000.0,FYFinancialStatements_Consolidated_JP,2027-03-31,2028-03-31,yfinance,bps=jquants:BPS;cash=jquants:CashEq;cfo=jquants:CFO;debt=yfinance:totalDebt;ebitda=yfinance:ebitda;equity=jquants:Eq;equity_to_assets=jquants:EqAR;shares=jquants:ShOutFY;total_assets=jquants:TA,2026-06-03
6770,"ALPS ALPINE CO.,LTD.",208103750.0,2293.69,449401000000.0,783152000000.0,99840000000.0,153390000000.0,70094503936.0,,42043000000.0,0.571,95926000000.0,FYFinancialStatements_Consolidated_JP,2027-03-31,2028-03-31,yfinance,bps=jquants:BPS;cash=jquants:CashEq;cfo=jquants:CFO;debt=yfinance:totalDebt;ebitda=yfinance:ebitda;equity=jquants:Eq;equity_to_assets=jquants:EqAR;shares=jquants:ShOutFY;total_assets=jquants:TA,2026-04-30
6787,"Meiko Electronics Co.,Ltd.",26803320.0,5030.31,143807000000.0,335291000000.0,160484999168.0,26467000000.0,39776251904.0,,24572000000.0,0.406,27534000000.0,FYFinancialStatements_Consolidated_JP,2027-03-31,2028-03-31,yfinance,bps=jquants:BPS;cash=jquants:CashEq;cfo=jquants:CFO;debt=yfinance:totalDebt;ebitda=yfinance:ebitda;equity=jquants:Eq;equity_to_assets=jquants:EqAR;shares=jquants:ShOutFY;total_assets=jquants:TA,2026-05-13
6804,Hosiden Corporation,58502584.0,3051.7,150243000000.0,215281000000.0,10154000384.0,66050000000.0,26015000576.0,,19236000000.0,0.698,34538000000.0,FYFinancialStatements_Consolidated_JP,2027-03-31,2028-03-31,yfinance,bps=jquants:BPS;cash=jquants:CashEq;cfo=jquants:CFO;debt=yfinance:totalDebt;ebitda=yfinance:ebitda;equity=jquants:Eq;equity_to_assets=jquants:EqAR;shares=jquants:ShOutFY;total_assets=jquants:TA,2026-05-08
6806,"HIROSE ELECTRIC CO.,LTD.",35693969.0,11554.44,378075000000.0,431177000000.0,6738999808.0,87335000000.0,66267000832.0,,42995000000.0,0.877,45877000000.0,FYFinancialStatements_Consolidated_IFRS,2027-03-31,2028-03-31,yfinance,bps=jquants:BPS;cash=jquants:CashEq;cfo=jquants:CFO;debt=yfinance:totalDebt;ebitda=yfinance:ebitda;equity=jquants:Eq;equity_to_assets=jquants:EqAR;shares=jquants:ShOutFY;total_assets=jquants:TA,2026-05-11
6807,"Japan Aviation Electronics Industry,Limited",70302608.0,2138.67,144362000000.0,232142000000.0,40000000000.0,48499000000.0,27230500864.0,,8937000000.0,0.621,16988000000.0,FYFinancialStatements_Consolidated_JP,2027-03-31,2028-03-31,yfinance,bps=jquants:BPS;cash=jquants:CashEq;cfo=jquants:CFO;debt=yfinance:totalDebt;ebitda=yfinance:ebitda;equity=jquants:Eq;equity_to_assets=jquants:EqAR;shares=jquants:ShOutFY;total_assets=jquants:TA,2026-04-24
6810,"Maxell,Ltd.",46956200.0,2361.8,90183000000.0,180467000000.0,39277998080.0,31557000000.0,14066750464.0,,7891000000.0,0.482,8372000000.0,FYFinancialStatements_Consolidated_JP,2027-03-31,2028-03-31,yfinance,bps=jquants:BPS;cash=jquants:CashEq;cfo=jquants:CFO;debt=yfinance:totalDebt;ebitda=yfinance:ebitda;equity=jquants:Eq;equity_to_assets=jquants:EqAR;shares=jquants:ShOutFY;total_assets=jquants:TA,2026-06-02
6814,"FURUNO ELECTRIC CO.,LTD.",31894554.0,2826.61,89772000000.0,141364000000.0,14090999808.0,23544000000.0,22770499584.0,,16246000000.0,0.632,21373000000.0,FYFinancialStatements_Consolidated_JP,2027-02-28,2028-02-28,yfinance,bps=jquants:BPS;cash=jquants:CashEq;cfo=jquants:CFO;debt=yfinance:totalDebt;ebitda=yfinance:ebitda;equity=jquants:Eq;equity_to_assets=jquants:EqAR;shares=jquants:ShOutFY;total_assets=jquants:TA,2026-04-09
6841,YOKOGAWA ELECTRIC CORPORATION,257201210.0,2042.26,529894000000.0,795618000000.0,24194000896.0,208540000000.0,108438749184.0,,82555000000.0,0.654,85951000000.0,FYFinancialStatements_Consolidated_JP,2027-03-31,2028-03-31,yfinance,bps=jquants:BPS;cash=jquants:CashEq;cfo=jquants:CFO;debt=yfinance:totalDebt;ebitda=yfinance:ebitda;equity=jquants:Eq;equity_to_assets=jquants:EqAR;shares=jquants:ShOutFY;total_assets=jquants:TA,2026-05-07
6845,Azbil Corporation,541372736.0,497.71,255999000000.0,332240000000.0,20749000704.0,97931000000.0,54129750016.0,,47304000000.0,0.761,38032000000.0,FYFinancialStatements_Consolidated_JP,2027-03-31,2028-03-31,yfinance,bps=jquants:BPS;cash=jquants:CashEq;cfo=jquants:CFO;debt=yfinance:totalDebt;ebitda=yfinance:ebitda;equity=jquants:Eq;equity_to_assets=jquants:EqAR;shares=jquants:ShOutFY;total_assets=jquants:TA,2026-05-13
6849,NIHON KOHDEN CORPORATION,170961960.0,1123.47,179824000000.0,256538000000.0,24355000320.0,45637000000.0,21609000960.0,,18745000000.0,0.701,21055000000.0,FYFinancialStatements_Consolidated_JP,2027-03-31,2028-03-31,yfinance,bps=jquants:BPS;cash=jquants:CashEq;cfo=jquants:CFO;debt=yfinance:totalDebt;ebitda=yfinance:ebitda;equity=jquants:Eq;equity_to_assets=jquants:EqAR;shares=jquants:ShOutFY;total_assets=jquants:TA,2026-05-14
6856,"HORIBA,Ltd.",42233252.0,8691.278,344670000000.0,511991000000.0,62884999168.0,170939006976.0,76588998656.0,,12480000000.0,0.672,,1QFinancialStatements_Consolidated_JP,2026-12-31,,yfinance,bps=yfinance:bookValue;cash=yfinance:totalCash;debt=yfinance:totalDebt;ebitda=yfinance:ebitda;equity=jquants:Eq;equity_to_assets=jquants:EqAR;shares=jquants:ShOutFY;total_assets=jquants:TA,2026-05-14
6857,ADVANTEST CORPORATION,732000000.0,1097.5,795726000000.0,1171816000000.0,108165996544.0,339966000000.0,582845988864.0,,499120000000.0,0.679,335182000000.0,FYFinancialStatements_Consolidated_IFRS,2027-03-31,2028-03-31,yfinance,bps=jquants:BPS;cash=jquants:CashEq;cfo=jquants:CFO;debt=yfinance:totalDebt;ebitda=yfinance:ebitda;equity=jquants:Eq;equity_to_assets=jquants:EqAR;shares=jquants:ShOutFY;total_assets=jquants:TA,2026-04-27
6859,ESPEC CORP.,23781394.0,2873.4,61401000000.0,82922000000.0,461000000.0,14695000000.0,9410750464.0,,7084000000.0,0.74,5052000000.0,FYFinancialStatements_Consolidated_JP,2027-03-31,2028-03-31,yfinance,bps=jquants:BPS;cash=jquants:CashEq;cfo=jquants:CFO;debt=yfinance:totalDebt;ebitda=yfinance:ebitda;equity=jquants:Eq;equity_to_assets=jquants:EqAR;shares=jquants:ShOutFY;total_assets=jquants:TA,2026-05-14
6861,KEYENCE CORPORATION,243207684.0,14313.86,3471472000000.0,3670655000000.0,0.0,451269000000.0,,,595759000000.0,0.946,430680000000.0,FYFinancialStatements_Consolidated_JP,2027-03-20,2028-03-20,,bps=jquants:BPS;cash=jquants:CashEq;cfo=jquants:CFO;debt=yfinance:totalDebt;equity=jquants:Eq;equity_to_assets=jquants:EqAR;shares=jquants:ShOutFY;total_assets=jquants:TA,2026-04-24
6866,HIOKI E.E.CORPORATION,14024365.0,3233.33,43383000000.0,48343000000.0,0.0,18129999872.0,10696999936.0,,2306000000.0,0.897,,EarnForecastRevision,2027-12-31,2028-12-31,yfinance,bps=jquants:BPS;cash=yfinance:totalCash;debt=yfinance:totalDebt;ebitda=yfinance:ebitda;equity=jquants:Eq;equity_to_assets=jquants:EqAR;shares=jquants:ShOutFY;total_assets=jquants:TA,2026-06-05
6869,SYSMEX CORPORATION,629480076.0,812.57,505676000000.0,707532000000.0,123524997120.0,84117000000.0,115403997184.0,,51831000000.0,0.714,73848000000.0,FYFinancialStatements_Consolidated_IFRS,2027-03-31,2028-03-31,yfinance,bps=jquants:BPS;cash=jquants:CashEq;cfo=jquants:CFO;debt=yfinance:totalDebt;ebitda=yfinance:ebitda;equity=jquants:Eq;equity_to_assets=jquants:EqAR;shares=jquants:ShOutFY;total_assets=jquants:TA,2026-05-14
6871,"MICRONICS JAPAN CO.,LTD.",40025316.0,2355.421,73986000000.0,113457000000.0,1300999936.0,13397000192.0,31352999936.0,,5647000000.0,0.652,,1QFinancialStatements_Consolidated_JP,2026-12-31,,yfinance,bps=yfinance:bookValue;cash=yfinance:totalCash;debt=yfinance:totalDebt;ebitda=yfinance:ebitda;equity=jquants:Eq;equity_to_assets=jquants:EqAR;shares=jquants:ShOutFY;total_assets=jquants:TA,2026-05-13
6875,MegaChips Corporation,13800901.0,23874.053,184767296000.0,255158843000.0,0.0,44689854464.0,1205330048.0,,,,,EarnForecastRevision,2028-03-31,2029-03-31,yfinance,bps=yfinance:bookValue;cash=yfinance:totalCash;debt=yfinance:totalDebt;ebitda=yfinance:ebitda;equity=yfinance:bs:Stockholders Equity;shares=yfinance:sharesOutstanding;total_assets=yfinance:bs:Total Assets,2026-05-20
6902,DENSO CORPORATION,2910979691.0,2040.42,5715847000000.0,8730854000000.0,1353200959488.0,1189126000000.0,911328018432.0,,552538000000.0,0.629,511025000000.0,FYFinancialStatements_Consolidated_IFRS,2027-03-31,2028-03-31,yfinance,bps=jquants:BPS;cash=jquants:CashEq;cfo=jquants:CFO;debt=yfinance:totalDebt;ebitda=yfinance:ebitda;equity=jquants:Eq;equity_to_assets=jquants:EqAR;shares=jquants:ShOutFY;total_assets=jquants:TA,2026-04-28
6908,"IRISO ELECTRONICS CO.,LTD.",24460879.0,3545.685,75704000000.0,95881000000.0,8339999744.0,22482000000.0,13590500352.0,,4467000000.0,0.79,5209000000.0,3QFinancialStatements_Consolidated_JP,2026-03-31,,yfinance,bps=yfinance:bookValue;cash=jquants:CashEq;cfo=jquants:CFO;debt=yfinance:totalDebt;ebitda=yfinance:ebitda;equity=jquants:Eq;equity_to_assets=jquants:EqAR;shares=jquants:ShOutFY;total_assets=jquants:TA,2026-02-03
6914,"OPTEX GROUP Company,Limited",37735784.0,1680.6,57502000000.0,77672000000.0,4510000128.0,24455000064.0,12206000128.0,,2983000000.0,0.735,,1QFinancialStatements_Consolidated_JP,2026-12-31,,yfinance,bps=yfinance:bookValue;cash=yfinance:totalCash;debt=yfinance:totalDebt;ebitda=yfinance:ebitda;equity=jquants:Eq;equity_to_assets=jquants:EqAR;shares=jquants:ShOutFY;total_assets=jquants:TA,2026-05-13
6920,Lasertec Corporation,94286400.0,2515.53,225489000000.0,310812000000.0,0.0,80027000000.0,109934002176.0,,78191000000.0,0.725,36823000000.0,3QFinancialStatements_Consolidated_JP,2026-06-30,,yfinance,bps=jquants:BPS;cash=jquants:CashEq;cfo=jquants:CFO;debt=yfinance:totalDebt;ebitda=yfinance:ebitda;equity=jquants:Eq;equity_to_assets=jquants:EqAR;shares=jquants:ShOutFY;total_assets=jquants:TA,2026-04-30
6923,"Stanley Electric Co.,Ltd.",126000000.0,3695.49,571938000000.0,809264000000.0,206693007360.0,135925000000.0,84177002496.0,,42674000000.0,0.561,78344000000.0,FYFinancialStatements_Consolidated_JP,2027-03-31,2028-03-31,yfinance,bps=jquants:BPS;cash=jquants:CashEq;cfo=jquants:CFO;debt=yfinance:totalDebt;ebitda=yfinance:ebitda;equity=jquants:Eq;equity_to_assets=jquants:EqAR;shares=jquants:ShOutFY;total_assets=jquants:TA,2026-05-12
6925,USHIO INC.,83500000.0,2484.73,198338000000.0,331078000000.0,74715996160.0,71868000000.0,24853000192.0,,11959000000.0,0.599,18144000000.0,FYFinancialStatements_Consolidated_JP,2027-03-31,2028-03-31,yfinance,bps=jquants:BPS;cash=jquants:CashEq;cfo=jquants:CFO;debt=yfinance:totalDebt;ebitda=yfinance:ebitda;equity=jquants:Eq;equity_to_assets=jquants:EqAR;shares=jquants:ShOutFY;total_assets=jquants:TA,2026-05-14
6929,"NIPPON CERAMIC CO.,LTD.",27231257.0,2219.253,46492000000.0,51532000000.0,66000000.0,14675000000.0,7534000128.0,,1597000000.0,0.854,1198000000.0,1QFinancialStatements_Consolidated_JP,2026-12-31,,yfinance,bps=yfinance:bookValue;cash=jquants:CashEq;cfo=jquants:CFO;debt=yfinance:totalDebt;ebitda=yfinance:ebitda;equity=jquants:Eq;equity_to_assets=jquants:EqAR;shares=jquants:ShOutFY;total_assets=jquants:TA,2026-05-08
6941,"YAMAICHI ELECTRONICS CO.,LTD.",21829775.0,2521.98,46706000000.0,63253000000.0,5617165824.0,17237000000.0,16973820928.0,,11556000000.0,0.736,10053000000.0,FYFinancialStatements_Consolidated_JP,2027-03-31,2028-03-31,yfinance,bps=jquants:BPS;cash=jquants:CashEq;cfo=jquants:CFO;debt=yfinance:totalDebt;ebitda=yfinance:ebitda;equity=jquants:Eq;equity_to_assets=jquants:EqAR;shares=jquants:ShOutFY;total_assets=jquants:TA,2026-05-13
6947,ZUKEN INC.,22249804.0,1958.54,41277000000.0,67625000000.0,0.0,28287000000.0,7519925760.0,,5865000000.0,0.61,6131000000.0,FYFinancialStatements_Consolidated_JP,2027-03-31,2028-03-31,yfinance,bps=jquants:BPS;cash=jquants:CashEq;cfo=jquants:CFO;debt=yfinance:totalDebt;ebitda=yfinance:ebitda;equity=jquants:Eq;equity_to_assets=jquants:EqAR;shares=jquants:ShOutFY;total_assets=jquants:TA,2026-05-14
6951,JEOL Ltd.,51532800.0,2975.26,144898000000.0,242026000000.0,14279999488.0,37326000000.0,23857999872.0,,26017000000.0,0.599,16000000000.0,FYFinancialStatements_Consolidated_JP,2027-03-31,2028-03-31,yfinance,bps=jquants:BPS;cash=jquants:CashEq;cfo=jquants:CFO;debt=yfinance:totalDebt;ebitda=yfinance:ebitda;equity=jquants:Eq;equity_to_assets=jquants:EqAR;shares=jquants:ShOutFY;total_assets=jquants:TA,2026-05-15
6952,"CASIO COMPUTER CO.,LTD.",237720914.0,1045.9,235191000000.0,351475000000.0,42356998144.0,150658000000.0,42244501504.0,,23071000000.0,0.669,30153000000.0,FYFinancialStatements_Consolidated_JP,2027-03-31,2028-03-31,yfinance,bps=jquants:BPS;cash=jquants:CashEq;cfo=jquants:CFO;debt=yfinance:totalDebt;ebitda=yfinance:ebitda;equity=jquants:Eq;equity_to_assets=jquants:EqAR;shares=jquants:ShOutFY;total_assets=jquants:TA,2026-05-14
6954,FANUC CORPORATION,982383493.0,1998.45,1882947000000.0,2090700000000.0,0.0,615075000000.0,242942492672.0,,183763000000.0,0.892,250896000000.0,FYFinancialStatements_Consolidated_JP,2027-03-31,2028-03-31,yfinance,bps=jquants:BPS;cash=jquants:CashEq;cfo=jquants:CFO;debt=yfinance:totalDebt;ebitda=yfinance:ebitda;equity=jquants:Eq;equity_to_assets=jquants:EqAR;shares=jquants:ShOutFY;total_assets=jquants:TA,2026-04-24
6960,"FUKUDA DENSHI CO.,LTD.",37747300.0,6988.36,188796000000.0,225373000000.0,1750000000.0,60698000000.0,39257251840.0,,26608000000.0,,,,2027-03-31,2028-03-31,yfinance,bps=jquants:BPS;cash=jquants:CashEq;debt=yfinance:totalDebt;ebitda=yfinance:ebitda;equity=jquants:Eq;shares=jquants:ShOutFY;total_assets=jquants:TA,2026-05-15
6963,ROHM COMPANY LIMITED,403760000.0,1963.41,758616000000.0,1283559000000.0,399999991808.0,428714000000.0,78450499584.0,,10864000000.0,0.591,89448000000.0,FYFinancialStatements_Consolidated_JP,2027-03-31,2028-03-31,yfinance,bps=jquants:BPS;cash=jquants:CashEq;cfo=jquants:CFO;debt=yfinance:totalDebt;ebitda=yfinance:ebitda;equity=jquants:Eq;equity_to_assets=jquants:EqAR;shares=jquants:ShOutFY;total_assets=jquants:TA,2026-05-12
6965,HAMAMATSU PHOTONICS K.K.,319257365.0,1097.068,322917000000.0,486218000000.0,95489998848.0,99958000000.0,46041751552.0,,10023000000.0,0.661,25193000000.0,2QFinancialStatements_Consolidated_JP,2026-09-30,,yfinance,bps=yfinance:bookValue;cash=jquants:CashEq;cfo=jquants:CFO;debt=yfinance:totalDebt;ebitda=yfinance:ebitda;equity=jquants:Eq;equity_to_assets=jquants:EqAR;shares=jquants:ShOutFY;total_assets=jquants:TA,2026-05-14
6966,"Mitsui High-tec,Inc.",197334325.0,643.466,117950000000.0,247837000000.0,89381003264.0,51103997952.0,26711500800.0,,4433000000.0,0.474,,1QFinancialStatements_Consolidated_JP,2027-01-31,,yfinance,bps=yfinance:bookValue;cash=yfinance:totalCash;debt=yfinance:totalDebt;ebitda=yfinance:ebitda;equity=jquants:Eq;equity_to_assets=jquants:EqAR;shares=jquants:ShOutFY;total_assets=jquants:TA,2026-06-12
6971,KYOCERA CORPORATION,1510474320.0,2534.85,3367372000000.0,4646314000000.0,340916011008.0,455887000000.0,262766002176.0,,118138000000.0,0.719,226235000000.0,FYFinancialStatements_Consolidated_IFRS,2027-03-31,2028-03-31,yfinance,bps=jquants:BPS;cash=jquants:CashEq;cfo=jquants:CFO;debt=yfinance:totalDebt;ebitda=yfinance:ebitda;equity=jquants:Eq;equity_to_assets=jquants:EqAR;shares=jquants:ShOutFY;total_assets=jquants:TA,2026-04-30
6976,"TAIYO YUDEN CO.,LTD.",130218481.0,2754.19,344412000000.0,615536000000.0,148298006528.0,98073000000.0,71000498176.0,,19996000000.0,0.56,58117000000.0,FYFinancialStatements_Consolidated_JP,2027-03-31,2028-03-31,yfinance,bps=jquants:BPS;cash=jquants:CashEq;cfo=jquants:CFO;debt=yfinance:totalDebt;ebitda=yfinance:ebitda;equity=jquants:Eq;equity_to_assets=jquants:EqAR;shares=jquants:ShOutFY;total_assets=jquants:TA,2026-05-08
6981,"Murata Manufacturing Co.,Ltd.",1963001843.0,1493.58,2717810000000.0,3199099000000.0,55394000896.0,653701000000.0,550928973824.0,,281835000000.0,0.85,425222000000.0,FYFinancialStatements_Consolidated_IFRS,2027-03-31,2028-03-31,yfinance,bps=jquants:BPS;cash=jquants:CashEq;cfo=jquants:CFO;debt=yfinance:totalDebt;ebitda=yfinance:ebitda;equity=jquants:Eq;equity_to_assets=jquants:EqAR;shares=jquants:ShOutFY;total_assets=jquants:TA,2026-04-30
6988,NITTO DENKO CORPORATION,678659700.0,1704.17,1149103000000.0,1441757000000.0,0.0,359805000000.0,256204996608.0,,183615000000.0,0.796,192183000000.0,FYFinancialStatements_Consolidated_IFRS,2027-03-31,2028-03-31,yfinance,bps=jquants:BPS;cash=jquants:CashEq;cfo=jquants:CFO;debt=yfinance:totalDebt;ebitda=yfinance:ebitda;equity=jquants:Eq;equity_to_assets=jquants:EqAR;shares=jquants:ShOutFY;total_assets=jquants:TA,2026-04-27
6995,"TOKAI RIKA CO.,LTD.",89234171.0,4086.29,371521000000.0,548334000000.0,10000000000.0,93757000000.0,59434000384.0,,35623000000.0,0.634,43754000000.0,FYFinancialStatements_Consolidated_JP,2027-03-31,2028-03-31,yfinance,bps=jquants:BPS;cash=jquants:CashEq;cfo=jquants:CFO;debt=yfinance:totalDebt;ebitda=yfinance:ebitda;equity=jquants:Eq;equity_to_assets=jquants:EqAR;shares=jquants:ShOutFY;total_assets=jquants:TA,2026-05-15
6996,NICHICON CORPORATION,70000000.0,1780.91,123517000000.0,195570000000.0,23524999168.0,24441000000.0,16400000000.0,,6456000000.0,0.612,8163000000.0,FYFinancialStatements_Consolidated_JP,2027-03-31,2028-03-31,yfinance,bps=jquants:BPS;cash=jquants:CashEq;cfo=jquants:CFO;debt=yfinance:totalDebt;ebitda=yfinance:ebitda;equity=jquants:Eq;equity_to_assets=jquants:EqAR;shares=jquants:ShOutFY;total_assets=jquants:TA,2026-05-08
6999,KOA CORPORATION,37479724.0,2385.12,88577000000.0,151550000000.0,43208998912.0,27410000000.0,11219000320.0,,3646000000.0,0.584,9069000000.0,FYFinancialStatements_Consolidated_JP,2027-03-31,2028-03-31,yfinance,bps=jquants:BPS;cash=jquants:CashEq;cfo=jquants:CFO;debt=yfinance:totalDebt;ebitda=yfinance:ebitda;equity=jquants:Eq;equity_to_assets=jquants:EqAR;shares=jquants:ShOutFY;total_assets=jquants:TA,2026-06-05
7003,"MITSUI E&S Co.,Ltd.",103098717.0,2270.25,233819000000.0,494554000000.0,80532996096.0,54589000000.0,47359000576.0,,37641000000.0,0.463,28419000000.0,FYFinancialStatements_Consolidated_JP,2027-03-31,2028-03-31,yfinance,bps=jquants:BPS;cash=jquants:CashEq;cfo=jquants:CFO;debt=yfinance:totalDebt;ebitda=yfinance:ebitda;equity=jquants:Eq;equity_to_assets=jquants:EqAR;shares=jquants:ShOutFY;total_assets=jquants:TA,2026-05-14
7004,Kanadevia Corporation,170214843.0,1169.89,203400000000.0,718640000000.0,137554001920.0,77304000000.0,,,12192000000.0,0.274,11647000000.0,FYFinancialStatements_Consolidated_JP,2027-03-31,2028-03-31,,bps=jquants:BPS;cash=jquants:CashEq;cfo=jquants:CFO;debt=yfinance:totalDebt;equity=jquants:Eq;equity_to_assets=jquants:EqAR;shares=jquants:ShOutFY;total_assets=jquants:TA,2026-05-12
7011,"Mitsubishi Heavy Industries,Ltd.",3373647810.0,919.16,3228400000000.0,8269711000000.0,853822013440.0,1334874000000.0,693468987392.0,,,0.373,942619000000.0,FYFinancialStatements_Consolidated_IFRS,2027-03-31,2028-03-31,yfinance,bps=jquants:BPS;cash=jquants:CashEq;cfo=jquants:CFO;debt=yfinance:totalDebt;ebitda=yfinance:ebitda;equity=jquants:Eq;equity_to_assets=jquants:EqAR;shares=jquants:ShOutFY;total_assets=jquants:TA,2026-05-12
7012,"Kawasaki Heavy Industries,Ltd.",839609000.0,1050.57,948494000000.0,3324623000000.0,889089032192.0,115414000000.0,215598006272.0,,,0.264,140071000000.0,FYFinancialStatements_Consolidated_IFRS,2027-03-31,2028-03-31,yfinance,bps=jquants:BPS;cash=jquants:CashEq;cfo=jquants:CFO;debt=yfinance:totalDebt;ebitda=yfinance:ebitda;equity=jquants:Eq;equity_to_assets=jquants:EqAR;shares=jquants:ShOutFY;total_assets=jquants:TA,2026-05-12
7013,IHI Corporation,1082759678.0,615.23,681531000000.0,2428559000000.0,487165984768.0,155084000000.0,235634999296.0,,165534000000.0,0.269,121360000000.0,FYFinancialStatements_Consolidated_IFRS,2027-03-31,2028-03-31,yfinance,bps=jquants:BPS;cash=jquants:CashEq;cfo=jquants:CFO;debt=yfinance:totalDebt;ebitda=yfinance:ebitda;equity=jquants:Eq;equity_to_assets=jquants:EqAR;shares=jquants:ShOutFY;total_assets=jquants:TA,2026-05-25
7014,"Namura Shipbuilding Co.,Ltd.",69475551.0,1967.01,137441000000.0,266148000000.0,20582000640.0,118724000000.0,36053999616.0,,28085000000.0,0.513,38847000000.0,FYFinancialStatements_Consolidated_JP,2027-03-31,2028-03-31,yfinance,bps=jquants:BPS;cash=jquants:CashEq;cfo=jquants:CFO;debt=yfinance:totalDebt;ebitda=yfinance:ebitda;equity=jquants:Eq;equity_to_assets=jquants:EqAR;shares=jquants:ShOutFY;total_assets=jquants:TA,2026-05-14
7085,"CURVES HOLDINGS Co.,Ltd.",93857493.0,259.956,22920000000.0,40647000000.0,3844999936.0,9172000000.0,9697940480.0,,3835000000.0,0.564,2932000000.0,2QFinancialStatements_Consolidated_JP,2026-08-31,,yfinance,bps=yfinance:bookValue;cash=jquants:CashEq;cfo=jquants:CFO;debt=yfinance:totalDebt;ebitda=yfinance:ebitda;equity=jquants:Eq;equity_to_assets=jquants:EqAR;shares=jquants:ShOutFY;total_assets=jquants:TA,2026-04-13
7128,UNISOL Holdings Corporation,24298313.0,2993.73,73517000000.0,121002000000.0,2311000064.0,26979000320.0,5000000000.0,,874000000.0,0.595,,1QFinancialStatements_Consolidated_JP,2026-12-31,,yfinance,bps=jquants:BPS;cash=yfinance:totalCash;debt=yfinance:totalDebt;ebitda=yfinance:ebitda;equity=jquants:Eq;equity_to_assets=jquants:EqAR;shares=jquants:ShOutFY;total_assets=jquants:TA,2026-05-11
7130,"YAMAE GROUP HOLDINGS CO.,LTD.",27766452.0,3882.44,118200000000.0,454068000000.0,126273003520.0,49991000000.0,,,18080000000.0,0.237,24150000000.0,FYFinancialStatements_Consolidated_JP,2027-03-31,2028-03-31,,bps=jquants:BPS;cash=jquants:CashEq;cfo=jquants:CFO;debt=yfinance:totalDebt;equity=jquants:Eq;equity_to_assets=jquants:EqAR;shares=jquants:ShOutFY;total_assets=jquants:TA,2026-05-08
7148,"Financial Partners Group Co.,Ltd.",83803600.0,716.404,60051000000.0,139983000000.0,49574998016.0,15495000000.0,24169000960.0,,12149000000.0,0.427,-668000000.0,2QFinancialStatements_Consolidated_JP,2026-09-30,,yfinance,bps=yfinance:bookValue;cash=jquants:CashEq;cfo=jquants:CFO;debt=yfinance:totalDebt;ebitda=yfinance:ebitda;equity=jquants:Eq;equity_to_assets=jquants:EqAR;shares=jquants:ShOutFY;total_assets=jquants:TA,2026-04-28
7157,LIFENET INSURANCE COMPANY,80340768.0,1189.95,95610000000.0,121834000000.0,0.0,13598000000.0,11733250048.0,,,0.785,8820000000.0,FYFinancialStatements_Consolidated_IFRS,2027-03-31,2028-03-31,yfinance,bps=jquants:BPS;cash=jquants:CashEq;cfo=jquants:CFO;debt=yfinance:totalDebt;ebitda=yfinance:ebitda;equity=jquants:Eq;equity_to_assets=jquants:EqAR;shares=jquants:ShOutFY;total_assets=jquants:TA,2026-05-13
7164,"ZENKOKU HOSHO Co.,Ltd.",137743580.0,1845.14,245148000000.0,500831000000.0,30000001024.0,55524000000.0,41359499264.0,,41382000000.0,0.489,32833000000.0,FYFinancialStatements_Consolidated_JP,2027-03-31,2028-03-31,yfinance,bps=jquants:BPS;cash=jquants:CashEq;cfo=jquants:CFO;debt=yfinance:totalDebt;ebitda=yfinance:ebitda;equity=jquants:Eq;equity_to_assets=jquants:EqAR;shares=jquants:ShOutFY;total_assets=jquants:TA,2026-05-08
7167,"Mebuki Financial Group,Inc.",947055218.0,1147.64,1077192000000.0,21173586000000.0,2046954962944.0,2431438000000.0,,,,0.05,-1119492000000.0,FYFinancialStatements_Consolidated_JP,2027-03-31,2028-03-31,,bps=jquants:BPS;cash=jquants:CashEq;cfo=jquants:CFO;debt=yfinance:totalDebt;equity=jquants:Eq;equity_to_assets=jquants:EqAR;shares=jquants:ShOutFY;total_assets=jquants:TA,2026-05-13
7172,"Japan Investment Adviser Co.,Ltd.",61022353.0,1325.983,84073000000.0,250410000000.0,156379004928.0,59149000704.0,20575000576.0,,9270000000.0,0.308,,1QFinancialStatements_Consolidated_JP,2026-12-31,,yfinance,bps=yfinance:bookValue;cash=yfinance:totalCash;debt=yfinance:totalDebt;ebitda=yfinance:ebitda;equity=jquants:Eq;equity_to_assets=jquants:EqAR;shares=jquants:ShOutFY;total_assets=jquants:TA,2026-04-30
7173,"Tokyo Kiraboshi Financial Group,Inc.",30650115.0,12153.85,423440000000.0,7317357000000.0,364097994752.0,823593000000.0,,,,0.057,-137813000000.0,FYFinancialStatements_Consolidated_JP,2027-03-31,2028-03-31,,bps=jquants:BPS;cash=jquants:CashEq;cfo=jquants:CFO;debt=yfinance:totalDebt;equity=jquants:Eq;equity_to_assets=jquants:EqAR;shares=jquants:ShOutFY;total_assets=jquants:TA,2026-05-08
7180,"Kyushu Financial Group,Inc.",463375978.0,1796.6,761255000000.0,13525584000000.0,1690578059264.0,1550741000000.0,,,,0.056,-58726000000.0,FYFinancialStatements_Consolidated_JP,2027-03-31,2028-03-31,,bps=jquants:BPS;cash=jquants:CashEq;cfo=jquants:CFO;debt=yfinance:totalDebt;equity=jquants:Eq;equity_to_assets=jquants:EqAR;shares=jquants:ShOutFY;total_assets=jquants:TA,2026-05-14
7181,"JAPAN POST INSURANCE Co.,Ltd.",1115468100.0,3833.13,4153628000000.0,58442160000000.0,4800694976512.0,1752984000000.0,707999236096.0,,,0.071,-1884930000000.0,FYFinancialStatements_Consolidated_JP,2027-03-31,2028-03-31,yfinance,bps=jquants:BPS;cash=jquants:CashEq;cfo=jquants:CFO;debt=yfinance:totalDebt;ebitda=yfinance:ebitda;equity=jquants:Eq;equity_to_assets=jquants:EqAR;shares=jquants:ShOutFY;total_assets=jquants:TA,2026-05-15
7182,"JAPAN POST BANK Co.,Ltd.",3575878720.0,2586.63,9260090000000.0,226571574000000.0,22522386972672.0,54339817000000.0,,,,0.04,-9437450000000.0,FYFinancialStatements_Consolidated_JP,2027-03-31,2028-03-31,,bps=jquants:BPS;cash=jquants:CashEq;cfo=jquants:CFO;debt=yfinance:totalDebt;equity=jquants:Eq;equity_to_assets=jquants:EqAR;shares=jquants:ShOutFY;total_assets=jquants:TA,2026-05-15
7184,"THE FIRST BANK OF TOYAMA,LTD.",64309700.0,3159.4,198570000000.0,1701560000000.0,3775000064.0,80220000000.0,,,,0.117,17740000000.0,FYFinancialStatements_Consolidated_JP,2027-03-31,2028-03-31,,bps=jquants:BPS;cash=jquants:CashEq;cfo=jquants:CFO;debt=yfinance:totalDebt;equity=jquants:Eq;equity_to_assets=jquants:EqAR;shares=jquants:ShOutFY;total_assets=jquants:TA,2026-05-12
7186,"Yokohama Financial Group,Inc.",1144616065.0,1263.05,1418344000000.0,25670496000000.0,2514769936384.0,4050191000000.0,,,,0.054,-121704000000.0,FYFinancialStatements_Consolidated_JP,2027-03-31,2028-03-31,,bps=jquants:BPS;cash=jquants:CashEq;cfo=jquants:CFO;debt=yfinance:totalDebt;equity=jquants:Eq;equity_to_assets=jquants:EqAR;shares=jquants:ShOutFY;total_assets=jquants:TA,2026-05-12
7189,"Nishi-Nippon Financial Holdings,Inc.",146391055.0,4429.25,627438000000.0,13852267000000.0,2045076045824.0,1384673000000.0,,,,0.045,-65691000000.0,FYFinancialStatements_Consolidated_JP,2027-03-31,2028-03-31,,bps=jquants:BPS;cash=jquants:CashEq;cfo=jquants:CFO;debt=yfinance:totalDebt;equity=jquants:Eq;equity_to_assets=jquants:EqAR;shares=jquants:ShOutFY;total_assets=jquants:TA,2026-05-12
7199,"Premium Group Co.,Ltd.",40710663.0,649.87,25295000000.0,198965000000.0,82909003776.0,26099000000.0,11457000448.0,,8398000000.0,0.127,-21283000000.0,FYFinancialStatements_Consolidated_IFRS,2027-03-31,2028-03-31,yfinance,bps=jquants:BPS;cash=jquants:CashEq;cfo=jquants:CFO;debt=yfinance:totalDebt;ebitda=yfinance:ebitda;equity=jquants:Eq;equity_to_assets=jquants:EqAR;shares=jquants:ShOutFY;total_assets=jquants:TA,2026-05-11
7201,"NISSAN MOTOR CO.,LTD.",3713998612.0,1372.56,5241668000000.0,19812442000000.0,9187360768000.0,2264801000000.0,484616994816.0,,58005000000.0,0.242,794674000000.0,FYFinancialStatements_Consolidated_JP,2027-03-31,2028-03-31,yfinance,bps=jquants:BPS;cash=jquants:CashEq;cfo=jquants:CFO;debt=yfinance:totalDebt;ebitda=yfinance:ebitda;equity=jquants:Eq;equity_to_assets=jquants:EqAR;shares=jquants:ShOutFY;total_assets=jquants:TA,2026-05-13
7202,ISUZU MOTORS LIMITED,688751769.0,2152.84,1663986000000.0,3663138000000.0,1010993987584.0,385431000000.0,375402987520.0,,203703000000.0,0.404,247419000000.0,FYFinancialStatements_Consolidated_IFRS,2027-03-31,2028-03-31,yfinance,bps=jquants:BPS;cash=jquants:CashEq;cfo=jquants:CFO;debt=yfinance:totalDebt;ebitda=yfinance:ebitda;equity=jquants:Eq;equity_to_assets=jquants:EqAR;shares=jquants:ShOutFY;total_assets=jquants:TA,2026-05-13
7203,TOYOTA MOTOR CORPORATION,15794987460.0,3062.82,41020068000000.0,105522331000000.0,43953168580608.0,12659622000000.0,5600540884992.0,,3766216000000.0,0.378,5472920000000.0,FYFinancialStatements_Consolidated_IFRS,2027-03-31,2028-03-31,yfinance,bps=jquants:BPS;cash=jquants:CashEq;cfo=jquants:CFO;debt=yfinance:totalDebt;ebitda=yfinance:ebitda;equity=jquants:Eq;equity_to_assets=jquants:EqAR;shares=jquants:ShOutFY;total_assets=jquants:TA,2026-05-08
7211,MITSUBISHI MOTORS CORPORATION,1460476846.0,687.01,963318000000.0,2418145000000.0,413614014464.0,438860000000.0,164757749760.0,,75517000000.0,0.38,35755000000.0,FYFinancialStatements_Consolidated_JP,2027-03-31,2028-03-31,yfinance,bps=jquants:BPS;cash=jquants:CashEq;cfo=jquants:CFO;debt=yfinance:totalDebt;ebitda=yfinance:ebitda;equity=jquants:Eq;equity_to_assets=jquants:EqAR;shares=jquants:ShOutFY;total_assets=jquants:TA,2026-05-08
7220,"MUSASHI SEIMITSU INDUSTRY CO.,LTD.",65581861.0,1861.88,131252000000.0,301614000000.0,105681002496.0,33894000000.0,39572750336.0,,20538000000.0,0.405,33007000000.0,FYFinancialStatements_Consolidated_JP,2027-03-31,2028-03-31,yfinance,bps=jquants:BPS;cash=jquants:CashEq;cfo=jquants:CFO;debt=yfinance:totalDebt;ebitda=yfinance:ebitda;equity=jquants:Eq;equity_to_assets=jquants:EqAR;shares=jquants:ShOutFY;total_assets=jquants:TA,2026-05-12
7224,"ShinMaywa Industries,LTD.",70000000.0,1888.04,125687000000.0,296056000000.0,48568000512.0,35898000000.0,23172999168.0,,16329000000.0,0.422,24364000000.0,FYFinancialStatements_Consolidated_JP,2027-03-31,2028-03-31,yfinance,bps=jquants:BPS;cash=jquants:CashEq;cfo=jquants:CFO;debt=yfinance:totalDebt;ebitda=yfinance:ebitda;equity=jquants:Eq;equity_to_assets=jquants:EqAR;shares=jquants:ShOutFY;total_assets=jquants:TA,2026-05-08
7226,"KYOKUTO KAIHATSU KOGYO CO.,LTD.",40150000.0,2943.08,114903000000.0,203297000000.0,40881999872.0,22460000000.0,15355750400.0,,8877000000.0,0.557,3374000000.0,FYFinancialStatements_Consolidated_JP,2027-03-31,2028-03-31,yfinance,bps=jquants:BPS;cash=jquants:CashEq;cfo=jquants:CFO;debt=yfinance:totalDebt;ebitda=yfinance:ebitda;equity=jquants:Eq;equity_to_assets=jquants:EqAR;shares=jquants:ShOutFY;total_assets=jquants:TA,2026-05-13
7239,"TACHI-S CO.,LTD.",35242846.0,3055.91,105904000000.0,170372000000.0,4054000128.0,44577000000.0,17484249088.0,,11604000000.0,0.616,13583000000.0,FYFinancialStatements_Consolidated_JP,2027-03-31,2028-03-31,yfinance,bps=jquants:BPS;cash=jquants:CashEq;cfo=jquants:CFO;debt=yfinance:totalDebt;ebitda=yfinance:ebitda;equity=jquants:Eq;equity_to_assets=jquants:EqAR;shares=jquants:ShOutFY;total_assets=jquants:TA,2026-05-15
7240,NOK CORPORATION,160903090.0,3933.75,670270000000.0,951650000000.0,66161999872.0,156706000000.0,82248753152.0,,32990000000.0,0.657,68156000000.0,FYFinancialStatements_Consolidated_JP,2027-03-31,2028-03-31,yfinance,bps=jquants:BPS;cash=jquants:CashEq;cfo=jquants:CFO;debt=yfinance:totalDebt;ebitda=yfinance:ebitda;equity=jquants:Eq;equity_to_assets=jquants:EqAR;shares=jquants:ShOutFY;total_assets=jquants:TA,2026-05-13
7241,"FUTABA INDUSTRIAL CO.,LTD.",89580827.0,1555.21,145851000000.0,334332000000.0,51163000832.0,20226000000.0,41173000192.0,,18715000000.0,0.415,38644000000.0,FYFinancialStatements_Consolidated_JP,2027-03-31,2028-03-31,yfinance,bps=jquants:BPS;cash=jquants:CashEq;cfo=jquants:CFO;debt=yfinance:totalDebt;ebitda=yfinance:ebitda;equity=jquants:Eq;equity_to_assets=jquants:EqAR;shares=jquants:ShOutFY;total_assets=jquants:TA,2026-04-27
7242,KYB Corporation,50468662.0,5491.63,259904000000.0,493726000000.0,138808000512.0,50176000000.0,46593998848.0,,34932000000.0,0.506,19506000000.0,FYFinancialStatements_Consolidated_IFRS,2027-03-31,2028-03-31,yfinance,bps=jquants:BPS;cash=jquants:CashEq;cfo=jquants:CFO;debt=yfinance:totalDebt;ebitda=yfinance:ebitda;equity=jquants:Eq;equity_to_assets=jquants:EqAR;shares=jquants:ShOutFY;total_assets=jquants:TA,2026-05-13
7246,"PRESS KOGYO CO.,LTD.",98066400.0,1232.11,134651000000.0,207185000000.0,6252000256.0,22184000000.0,26872750080.0,,13509000000.0,0.58,22340000000.0,FYFinancialStatements_Consolidated_JP,2027-03-31,2028-03-31,yfinance,bps=jquants:BPS;cash=jquants:CashEq;cfo=jquants:CFO;debt=yfinance:totalDebt;ebitda=yfinance:ebitda;equity=jquants:Eq;equity_to_assets=jquants:EqAR;shares=jquants:ShOutFY;total_assets=jquants:TA,2026-05-15
7259,AISIN CORPORATION,759023902.0,3037.06,2496098000000.0,4512274000000.0,698592002048.0,592398000000.0,483300016128.0,,228796000000.0,0.488,376084000000.0,FYFinancialStatements_Consolidated_IFRS,2027-03-31,2028-03-31,yfinance,bps=jquants:BPS;cash=jquants:CashEq;cfo=jquants:CFO;debt=yfinance:totalDebt;ebitda=yfinance:ebitda;equity=jquants:Eq;equity_to_assets=jquants:EqAR;shares=jquants:ShOutFY;total_assets=jquants:TA,2026-04-28
7261,Mazda Motor Corporation,631803979.0,3020.96,1924950000000.0,4479493000000.0,861826973696.0,1293162000000.0,253365993472.0,,51579000000.0,0.425,223000000.0,FYFinancialStatements_Consolidated_JP,2027-03-31,2028-03-31,yfinance,bps=jquants:BPS;cash=jquants:CashEq;cfo=jquants:CFO;debt=yfinance:totalDebt;ebitda=yfinance:ebitda;equity=jquants:Eq;equity_to_assets=jquants:EqAR;shares=jquants:ShOutFY;total_assets=jquants:TA,2026-05-12
7267,"HONDA MOTOR CO.,LTD.",4533000000.0,3035.91,12148072000000.0,33509285000000.0,14376177238016.0,5118477000000.0,1282138046464.0,,-414346000000.0,0.353,1135261000000.0,FYFinancialStatements_Consolidated_IFRS,2027-03-31,2028-03-31,yfinance,bps=jquants:BPS;cash=jquants:CashEq;cfo=jquants:CFO;debt=yfinance:totalDebt;ebitda=yfinance:ebitda;equity=jquants:Eq;equity_to_assets=jquants:EqAR;shares=jquants:ShOutFY;total_assets=jquants:TA,2026-05-14
7269,SUZUKI MOTOR CORPORATION,1964586400.0,1753.03,4153109000000.0,6636815000000.0,752409968640.0,973291000000.0,908326010880.0,,622909000000.0,0.51,717535000000.0,FYFinancialStatements_Consolidated_IFRS,2027-03-31,2028-03-31,yfinance,bps=jquants:BPS;cash=jquants:CashEq;cfo=jquants:CFO;debt=yfinance:totalDebt;ebitda=yfinance:ebitda;equity=jquants:Eq;equity_to_assets=jquants:EqAR;shares=jquants:ShOutFY;total_assets=jquants:TA,2026-05-14
7270,SUBARU CORPORATION,717335273.0,3886.35,2781661000000.0,5492301000000.0,364499992576.0,1005334000000.0,293683003392.0,,40120000000.0,0.506,358227000000.0,FYFinancialStatements_Consolidated_IFRS,2027-03-31,2028-03-31,yfinance,bps=jquants:BPS;cash=jquants:CashEq;cfo=jquants:CFO;debt=yfinance:totalDebt;ebitda=yfinance:ebitda;equity=jquants:Eq;equity_to_assets=jquants:EqAR;shares=jquants:ShOutFY;total_assets=jquants:TA,2026-05-15
7272,"Yamaha Motor Co.,Ltd.",1018125101.0,1289.183,1203469000000.0,3086692000000.0,1029668012032.0,436674000000.0,273720000512.0,,62635000000.0,0.377,5581000000.0,1QFinancialStatements_Consolidated_IFRS,2026-12-31,,yfinance,bps=yfinance:bookValue;cash=jquants:CashEq;cfo=jquants:CFO;debt=yfinance:totalDebt;ebitda=yfinance:ebitda;equity=jquants:Eq;equity_to_assets=jquants:EqAR;shares=jquants:ShOutFY;total_assets=jquants:TA,2026-05-15
7276,"KOITO MANUFACTURING CO.,LTD.",307833172.0,2343.05,676086000000.0,906201000000.0,1620000000.0,125271000000.0,102404997120.0,,51438000000.0,0.681,99905000000.0,FYFinancialStatements_Consolidated_JP,2027-03-31,2028-03-31,yfinance,bps=jquants:BPS;cash=jquants:CashEq;cfo=jquants:CFO;debt=yfinance:totalDebt;ebitda=yfinance:ebitda;equity=jquants:Eq;equity_to_assets=jquants:EqAR;shares=jquants:ShOutFY;total_assets=jquants:TA,2026-05-13
7278,EXEDY Corporation,48593736.0,5274.06,208272000000.0,320103000000.0,54213001216.0,74473000000.0,35996000256.0,,22230000000.0,0.602,40567000000.0,FYFinancialStatements_Consolidated_IFRS,2027-03-31,2028-03-31,yfinance,bps=jquants:BPS;cash=jquants:CashEq;cfo=jquants:CFO;debt=yfinance:totalDebt;ebitda=yfinance:ebitda;equity=jquants:Eq;equity_to_assets=jquants:EqAR;shares=jquants:ShOutFY;total_assets=jquants:TA,2026-04-27
7280,MITSUBA Corporation,46154016.0,2371.47,133467000000.0,348669000000.0,138312007680.0,100627000000.0,36047998976.0,,23908000000.0,0.344,28610000000.0,FYFinancialStatements_Consolidated_JP,2027-03-31,2028-03-31,yfinance,bps=jquants:BPS;cash=jquants:CashEq;cfo=jquants:CFO;debt=yfinance:totalDebt;ebitda=yfinance:ebitda;equity=jquants:Eq;equity_to_assets=jquants:EqAR;shares=jquants:ShOutFY;total_assets=jquants:TA,2026-05-15
7282,"TOYODA GOSEI CO.,LTD.",117614147.0,4854.11,615161000000.0,992907000000.0,135899996160.0,131814000000.0,139378999296.0,,79551000000.0,0.573,131691000000.0,EarnForecastRevision,2027-03-31,2028-03-31,yfinance,bps=jquants:BPS;cash=jquants:CashEq;cfo=jquants:CFO;debt=yfinance:totalDebt;ebitda=yfinance:ebitda;equity=jquants:Eq;equity_to_assets=jquants:EqAR;shares=jquants:ShOutFY;total_assets=jquants:TA,2026-05-15
7283,"AISAN INDUSTRY CO.,LTD.",63406879.0,2487.44,146329000000.0,311476000000.0,76379996160.0,87620000000.0,33930999808.0,,18287000000.0,0.455,7204000000.0,FYFinancialStatements_Consolidated_JP,2027-03-31,2028-03-31,yfinance,bps=jquants:BPS;cash=jquants:CashEq;cfo=jquants:CFO;debt=yfinance:totalDebt;ebitda=yfinance:ebitda;equity=jquants:Eq;equity_to_assets=jquants:EqAR;shares=jquants:ShOutFY;total_assets=jquants:TA,2026-04-27
7296,"F.C.C.CO.,LTD.",52056530.0,4232.83,206299000000.0,264353000000.0,4867999744.0,71360000000.0,32532000768.0,,18927000000.0,0.776,22779000000.0,FYFinancialStatements_Consolidated_IFRS,2027-03-31,2028-03-31,yfinance,bps=jquants:BPS;cash=jquants:CashEq;cfo=jquants:CFO;debt=yfinance:totalDebt;ebitda=yfinance:ebitda;equity=jquants:Eq;equity_to_assets=jquants:EqAR;shares=jquants:ShOutFY;total_assets=jquants:TA,2026-05-13
7309,SHIMANO INC.,86530000.0,10284.784,867990000000.0,937382000000.0,0.0,463717007360.0,78848000000.0,,10400000000.0,0.924,,1QFinancialStatements_Consolidated_JP,2026-12-31,,yfinance,bps=yfinance:bookValue;cash=yfinance:totalCash;debt=yfinance:totalDebt;ebitda=yfinance:ebitda;equity=jquants:Eq;equity_to_assets=jquants:EqAR;shares=jquants:ShOutFY;total_assets=jquants:TA,2026-04-23
7313,"TS TECH CO.,LTD.",124000000.0,2655.61,327598000000.0,422709000000.0,0.0,92602000000.0,25276999680.0,,10325000000.0,0.733,22607000000.0,FYFinancialStatements_Consolidated_IFRS,2027-03-31,2028-03-31,yfinance,bps=jquants:BPS;cash=jquants:CashEq;cfo=jquants:CFO;debt=yfinance:totalDebt;ebitda=yfinance:ebitda;equity=jquants:Eq;equity_to_assets=jquants:EqAR;shares=jquants:ShOutFY;total_assets=jquants:TA,2026-05-13
7327,"Daishi Hokuetsu Financial Group,Inc.",275657868.0,2169.74,569451000000.0,10840284000000.0,1005646970880.0,2024290000000.0,,,,0.052,-496678000000.0,FYFinancialStatements_Consolidated_JP,2027-03-31,2028-03-31,,bps=jquants:BPS;cash=jquants:CashEq;cfo=jquants:CFO;debt=yfinance:totalDebt;equity=jquants:Eq;equity_to_assets=jquants:EqAR;shares=jquants:ShOutFY;total_assets=jquants:TA,2026-05-15
7337,"Hirogin Holdings,Inc.",305327921.0,1904.72,568824000000.0,12210589000000.0,1551840968704.0,1116522000000.0,,,,0.047,-345169000000.0,FYFinancialStatements_Consolidated_JP,2027-03-31,2028-03-31,,bps=jquants:BPS;cash=jquants:CashEq;cfo=jquants:CFO;debt=yfinance:totalDebt;equity=jquants:Eq;equity_to_assets=jquants:EqAR;shares=jquants:ShOutFY;total_assets=jquants:TA,2026-05-13
7350,"Okinawa Financial Group,Inc.",23016564.0,7601.48,162391000000.0,2937228000000.0,87973003264.0,196673000000.0,,,,0.055,-101695000000.0,FYFinancialStatements_Consolidated_JP,2027-03-31,2028-03-31,,bps=jquants:BPS;cash=jquants:CashEq;cfo=jquants:CFO;debt=yfinance:totalDebt;equity=jquants:Eq;equity_to_assets=jquants:EqAR;shares=jquants:ShOutFY;total_assets=jquants:TA,2026-05-15
7380,"Juroku Financial Group,Inc.",189620670.0,2645.11,473276000000.0,7526018000000.0,520918990848.0,1094537000000.0,,,,0.062,-190319000000.0,FYFinancialStatements_Consolidated_JP,2027-03-31,2028-03-31,,bps=jquants:BPS;cash=jquants:CashEq;cfo=jquants:CFO;debt=yfinance:totalDebt;equity=jquants:Eq;equity_to_assets=jquants:EqAR;shares=jquants:ShOutFY;total_assets=jquants:TA,2026-05-14
7381,"CCI Group,Inc.",229085820.0,1095.51,253773000000.0,6536786000000.0,1327585034240.0,1367956000000.0,,,,0.037,-255798000000.0,FYFinancialStatements_Consolidated_JP,2027-03-31,2028-03-31,,bps=jquants:BPS;cash=jquants:CashEq;cfo=jquants:CFO;debt=yfinance:totalDebt;equity=jquants:Eq;equity_to_assets=jquants:EqAR;shares=jquants:ShOutFY;total_assets=jquants:TA,2026-04-28
7383,"Net Protections Holdings,Inc.",99480999.0,211.06,21077000000.0,85063000000.0,11656999936.0,20216000000.0,4704999936.0,,2848000000.0,0.247,8971000000.0,FYFinancialStatements_Consolidated_IFRS,2027-03-31,2028-03-31,yfinance,bps=jquants:BPS;cash=jquants:CashEq;cfo=jquants:CFO;debt=yfinance:totalDebt;ebitda=yfinance:ebitda;equity=jquants:Eq;equity_to_assets=jquants:EqAR;shares=jquants:ShOutFY;total_assets=jquants:TA,2026-05-15
7389,"Aichi Financial Group,Inc.",245623355.0,1767.23,431001000000.0,7168337000000.0,394794991616.0,787851000000.0,,,,0.06,182208000000.0,FYFinancialStatements_Consolidated_JP,2027-03-31,2028-03-31,,bps=jquants:BPS;cash=jquants:CashEq;cfo=jquants:CFO;debt=yfinance:totalDebt;equity=jquants:Eq;equity_to_assets=jquants:EqAR;shares=jquants:ShOutFY;total_assets=jquants:TA,2026-05-15
7419,"Nojima Co.,Ltd.",307737696.0,837.92,249043000000.0,594478000000.0,82498002944.0,96300000000.0,81914003456.0,,58071000000.0,0.408,57577000000.0,FYFinancialStatements_Consolidated_JP,2027-03-31,2028-03-31,yfinance,bps=jquants:BPS;cash=jquants:CashEq;cfo=jquants:CFO;debt=yfinance:totalDebt;ebitda=yfinance:ebitda;equity=jquants:Eq;equity_to_assets=jquants:EqAR;shares=jquants:ShOutFY;total_assets=jquants:TA,2026-05-07
7421,"KAPPA・CREATE CO.,LTD.",49414578.0,206.88,10244000000.0,28987000000.0,6597000192.0,6034000000.0,1702249984.0,,532000000.0,0.352,2527000000.0,FYFinancialStatements_Consolidated_JP,2027-03-31,2028-03-31,yfinance,bps=jquants:BPS;cash=jquants:CashEq;cfo=jquants:CFO;debt=yfinance:totalDebt;ebitda=yfinance:ebitda;equity=jquants:Eq;equity_to_assets=jquants:EqAR;shares=jquants:ShOutFY;total_assets=jquants:TA,2026-05-08
7433,"Hakuto Co.,Ltd.",21137213.0,3632.5,69833000000.0,164484000000.0,57719001088.0,18749000000.0,9516999680.0,,6080000000.0,0.416,10273000000.0,FYFinancialStatements_Consolidated_JP,2027-03-31,2028-03-31,yfinance,bps=jquants:BPS;cash=jquants:CashEq;cfo=jquants:CFO;debt=yfinance:totalDebt;ebitda=yfinance:ebitda;equity=jquants:Eq;equity_to_assets=jquants:EqAR;shares=jquants:ShOutFY;total_assets=jquants:TA,2026-05-25
7453,"RYOHIN KEIKAKU CO.,LTD.",561560000.0,710.12,384304000000.0,632115000000.0,109609000960.0,152968000000.0,37640998912.0,,45045000000.0,0.596,43984000000.0,2QFinancialStatements_Consolidated_JP,2026-08-31,,yfinance,bps=jquants:BPS;cash=jquants:CashEq;cfo=jquants:CFO;debt=yfinance:totalDebt;ebitda=yfinance:ebitda;equity=jquants:Eq;equity_to_assets=jquants:EqAR;shares=jquants:ShOutFY;total_assets=jquants:TA,2026-04-10
7456,"MATSUDA SANGYO Co.,Ltd.",26908581.0,4584.09,119049000000.0,227771000000.0,45667999744.0,14501000000.0,32907999232.0,,22437000000.0,0.52,-8961000000.0,FYFinancialStatements_Consolidated_JP,2027-03-31,2028-03-31,yfinance,bps=jquants:BPS;cash=jquants:CashEq;cfo=jquants:CFO;debt=yfinance:totalDebt;ebitda=yfinance:ebitda;equity=jquants:Eq;equity_to_assets=jquants:EqAR;shares=jquants:ShOutFY;total_assets=jquants:TA,2026-05-13
7458,"DAIICHIKOSHO CO.,LTD.",103968400.0,1196.01,125349000000.0,220445000000.0,54727999488.0,48475000000.0,36843749376.0,,17917000000.0,0.561,25096000000.0,FYFinancialStatements_Consolidated_JP,2027-03-31,2028-03-31,yfinance,bps=jquants:BPS;cash=jquants:CashEq;cfo=jquants:CFO;debt=yfinance:totalDebt;ebitda=yfinance:ebitda;equity=jquants:Eq;equity_to_assets=jquants:EqAR;shares=jquants:ShOutFY;total_assets=jquants:TA,2026-05-13
7459,MEDIPAL HOLDINGS CORPORATION,215975042.0,3186.01,795399000000.0,1922002000000.0,0.0,286539000000.0,83149996032.0,,53182000000.0,0.339,46552000000.0,FYFinancialStatements_Consolidated_JP,2027-03-31,2028-03-31,yfinance,bps=jquants:BPS;cash=jquants:CashEq;cfo=jquants:CFO;debt=yfinance:totalDebt;ebitda=yfinance:ebitda;equity=jquants:Eq;equity_to_assets=jquants:EqAR;shares=jquants:ShOutFY;total_assets=jquants:TA,2026-05-14
7476,AS ONE CORPORATION,75012540.0,998.75,71178000000.0,102421000000.0,9143000064.0,14990000000.0,15360249856.0,,12838000000.0,0.694,6469000000.0,FYFinancialStatements_Consolidated_JP,2027-03-31,2028-03-31,yfinance,bps=jquants:BPS;cash=jquants:CashEq;cfo=jquants:CFO;debt=yfinance:totalDebt;ebitda=yfinance:ebitda;equity=jquants:Eq;equity_to_assets=jquants:EqAR;shares=jquants:ShOutFY;total_assets=jquants:TA,2026-05-13
7512,Aeon Hokkaido Corporation,139420284.0,534.09,74357000000.0,193483000000.0,38165000192.0,5558000000.0,7663000064.0,,8332000000.0,0.384,22687000000.0,FYFinancialStatements_NonConsolidated_JP,2027-02-28,2028-02-28,yfinance,bps=jquants:BPS;cash=jquants:CashEq;cfo=jquants:CFO;debt=yfinance:totalDebt;ebitda=yfinance:ebitda;equity=jquants:Eq;equity_to_assets=jquants:EqAR;shares=jquants:ShOutFY;total_assets=jquants:TA,2026-04-09
7513,"Kojima Co.,Ltd.",77912716.0,953.488,71539000000.0,120077000000.0,8506999808.0,23009000000.0,,,4074000000.0,0.595,698000000.0,EarnForecastRevision,2027-08-31,2028-08-31,,bps=yfinance:bookValue;cash=jquants:CashEq;cfo=jquants:CFO;debt=yfinance:totalDebt;equity=jquants:Eq;equity_to_assets=jquants:EqAR;shares=jquants:ShOutFY;total_assets=jquants:TA,2026-04-09
7516,"KOHNAN SHOJI CO.,LTD.",34682113.0,6156.32,173849000000.0,504793000000.0,218311999488.0,13300000000.0,43461001216.0,,22397000000.0,0.344,22990000000.0,FYFinancialStatements_Consolidated_JP,2027-02-28,2028-02-28,yfinance,bps=jquants:BPS;cash=jquants:CashEq;cfo=jquants:CFO;debt=yfinance:totalDebt;ebitda=yfinance:ebitda;equity=jquants:Eq;equity_to_assets=jquants:EqAR;shares=jquants:ShOutFY;total_assets=jquants:TA,2026-04-13
7532,Pan Pacific International Holdings Corporation,3177296700.0,236.403,715174000000.0,1558471000000.0,357219991552.0,183600000000.0,228440997888.0,,137521000000.0,0.439,110439000000.0,3QFinancialStatements_Consolidated_JP,2026-06-30,,yfinance,bps=yfinance:bookValue;cash=jquants:CashEq;cfo=jquants:CFO;debt=yfinance:totalDebt;ebitda=yfinance:ebitda;equity=jquants:Eq;equity_to_assets=jquants:EqAR;shares=jquants:ShOutFY;total_assets=jquants:TA,2026-05-13
7545,"NISHIMATSUYA CHAIN Co.,Ltd.",69588856.0,1639.57,98669000000.0,160251000000.0,0.0,72932000000.0,11656999936.0,,9941000000.0,0.613,10566000000.0,FYFinancialStatements_Consolidated_JP,2027-02-20,2028-02-20,yfinance,bps=jquants:BPS;cash=jquants:CashEq;cfo=jquants:CFO;debt=yfinance:totalDebt;ebitda=yfinance:ebitda;equity=jquants:Eq;equity_to_assets=jquants:EqAR;shares=jquants:ShOutFY;total_assets=jquants:TA,2026-05-12
7550,"ZENSHO HOLDINGS CO.,LTD.",160733225.0,1665.94,341449000000.0,960362000000.0,324036984832.0,128054000000.0,146631245824.0,,81440000000.0,0.355,101177000000.0,FYFinancialStatements_Consolidated_JP,2027-03-31,2028-03-31,yfinance,bps=jquants:BPS;cash=jquants:CashEq;cfo=jquants:CFO;debt=yfinance:totalDebt;ebitda=yfinance:ebitda;equity=jquants:Eq;equity_to_assets=jquants:EqAR;shares=jquants:ShOutFY;total_assets=jquants:TA,2026-05-12
7552,HAPPINET CORPORATION,48100000.0,1382.59,60285000000.0,144003000000.0,0.0,50825000000.0,,,15590000000.0,0.416,15831000000.0,FYFinancialStatements_Consolidated_JP,2027-03-31,2028-03-31,,bps=jquants:BPS;cash=jquants:CashEq;cfo=jquants:CFO;debt=yfinance:totalDebt;equity=jquants:Eq;equity_to_assets=jquants:EqAR;shares=jquants:ShOutFY;total_assets=jquants:TA,2026-05-14
7564,"WORKMAN CO.,LTD.",81846816.0,1880.29,153456000000.0,185257000000.0,1350000000.0,36743000000.0,,,29676000000.0,,,,2027-03-31,2028-03-31,,bps=jquants:BPS;cash=jquants:CashEq;debt=yfinance:totalDebt;equity=jquants:Eq;shares=jquants:ShOutFY;total_assets=jquants:TA,2026-05-11
7575,"Japan Lifeline Co.,Ltd.",71300000.0,938.65,65897000000.0,80211000000.0,2896000000.0,12494000000.0,14423499776.0,,12606000000.0,0.821,8172000000.0,FYFinancialStatements_Consolidated_JP,2027-03-31,2028-03-31,yfinance,bps=jquants:BPS;cash=jquants:CashEq;cfo=jquants:CFO;debt=yfinance:totalDebt;ebitda=yfinance:ebitda;equity=jquants:Eq;equity_to_assets=jquants:EqAR;shares=jquants:ShOutFY;total_assets=jquants:TA,2026-05-07
7581,"SAIZERIYA CO.,LTD.",52272342.0,2562.65,126508000000.0,193475000000.0,29329999872.0,68092000000.0,36181250048.0,,8654000000.0,0.651,14054000000.0,EarnForecastRevision,2026-08-31,,yfinance,bps=jquants:BPS;cash=jquants:CashEq;cfo=jquants:CFO;debt=yfinance:totalDebt;ebitda=yfinance:ebitda;equity=jquants:Eq;equity_to_assets=jquants:EqAR;shares=jquants:ShOutFY;total_assets=jquants:TA,2026-04-08
7593,"VT HOLDINGS CO.,LTD.",122581034.0,608.0,77941000000.0,303067000000.0,90473996288.0,13565000000.0,28955000832.0,,11003000000.0,0.233,18791000000.0,FYFinancialStatements_Consolidated_IFRS,2027-03-31,2028-03-31,yfinance,bps=jquants:BPS;cash=jquants:CashEq;cfo=jquants:CFO;debt=yfinance:totalDebt;ebitda=yfinance:ebitda;equity=jquants:Eq;equity_to_assets=jquants:EqAR;shares=jquants:ShOutFY;total_assets=jquants:TA,2026-05-15
7595,ARGO GRAPHICS Inc.,80000000.0,710.03,51378000000.0,80966000000.0,0.0,32213000000.0,10762934272.0,,10745000000.0,0.603,4663000000.0,FYFinancialStatements_Consolidated_JP,2027-03-31,2028-03-31,yfinance,bps=jquants:BPS;cash=jquants:CashEq;cfo=jquants:CFO;debt=yfinance:totalDebt;ebitda=yfinance:ebitda;equity=jquants:Eq;equity_to_assets=jquants:EqAR;shares=jquants:ShOutFY;total_assets=jquants:TA,2026-05-15
7599,IDOM Inc.,106888000.0,875.72,89668000000.0,263569000000.0,113546002432.0,27462000000.0,25251500032.0,,20209000000.0,0.334,11059000000.0,FYFinancialStatements_Consolidated_JP,2027-02-28,2028-02-28,yfinance,bps=jquants:BPS;cash=jquants:CashEq;cfo=jquants:CFO;debt=yfinance:totalDebt;ebitda=yfinance:ebitda;equity=jquants:Eq;equity_to_assets=jquants:EqAR;shares=jquants:ShOutFY;total_assets=jquants:TA,2026-04-13
7606,UNITED ARROWS LTD.,30213676.0,1525.54,42135000000.0,71507000000.0,5100000256.0,3445000000.0,13747999744.0,,9126000000.0,0.589,5551000000.0,FYFinancialStatements_Consolidated_JP,2027-03-31,2028-03-31,yfinance,bps=jquants:BPS;cash=jquants:CashEq;cfo=jquants:CFO;debt=yfinance:totalDebt;ebitda=yfinance:ebitda;equity=jquants:Eq;equity_to_assets=jquants:EqAR;shares=jquants:ShOutFY;total_assets=jquants:TA,2026-05-11
7611,HIDAY HIDAKA Corp.,38147116.0,690.85,24872000000.0,34189000000.0,0.0,11242000000.0,8361302016.0,,6584000000.0,0.728,6047000000.0,FYFinancialStatements_NonConsolidated_JP,2027-02-28,2028-02-28,yfinance,bps=jquants:BPS;cash=jquants:CashEq;cfo=jquants:CFO;debt=yfinance:totalDebt;ebitda=yfinance:ebitda;equity=jquants:Eq;equity_to_assets=jquants:EqAR;shares=jquants:ShOutFY;total_assets=jquants:TA,2026-04-10
7613,SIIX CORPORATION,50400000.0,2334.155,106480000000.0,209385000000.0,32835000320.0,30588000256.0,18709999616.0,,2687000000.0,0.506,,1QFinancialStatements_Consolidated_JP,2026-12-31,,yfinance,bps=yfinance:bookValue;cash=yfinance:totalCash;debt=yfinance:totalDebt;ebitda=yfinance:ebitda;equity=jquants:Eq;equity_to_assets=jquants:EqAR;shares=jquants:ShOutFY;total_assets=jquants:TA,2026-05-13
7616,"COLOWIDE CO.,LTD.",106453541.0,645.98,93596000000.0,350931000000.0,217092997120.0,63191000000.0,42531999744.0,,9407000000.0,0.24,28714000000.0,FYFinancialStatements_Consolidated_IFRS,2027-03-31,2028-03-31,yfinance,bps=jquants:BPS;cash=jquants:CashEq;cfo=jquants:CFO;debt=yfinance:totalDebt;ebitda=yfinance:ebitda;equity=jquants:Eq;equity_to_assets=jquants:EqAR;shares=jquants:ShOutFY;total_assets=jquants:TA,2026-05-18
7630,"ICHIBANYA CO.,LTD.",159630000.0,202.33,32885000000.0,48171000000.0,1287000064.0,13048000000.0,7093749760.0,,4715000000.0,0.67,5594000000.0,FYFinancialStatements_Consolidated_JP,2027-02-28,2028-02-28,yfinance,bps=jquants:BPS;cash=jquants:CashEq;cfo=jquants:CFO;debt=yfinance:totalDebt;ebitda=yfinance:ebitda;equity=jquants:Eq;equity_to_assets=jquants:EqAR;shares=jquants:ShOutFY;total_assets=jquants:TA,2026-04-06
7649,"SUGI HOLDINGS Co.,LTD.",189992514.0,1604.99,290474000000.0,614493000000.0,92875997184.0,111150000000.0,70955753472.0,,48568000000.0,0.473,86779000000.0,FYFinancialStatements_Consolidated_JP,2027-02-28,2028-02-28,yfinance,bps=jquants:BPS;cash=jquants:CashEq;cfo=jquants:CFO;debt=yfinance:totalDebt;ebitda=yfinance:ebitda;equity=jquants:Eq;equity_to_assets=jquants:EqAR;shares=jquants:ShOutFY;total_assets=jquants:TA,2026-04-09
7701,Shimadzu Corporation,296070227.0,1955.96,565166000000.0,737978000000.0,10419999744.0,160839000000.0,96286752768.0,,73702000000.0,0.766,54679000000.0,FYFinancialStatements_Consolidated_JP,2027-03-31,2028-03-31,yfinance,bps=jquants:BPS;cash=jquants:CashEq;cfo=jquants:CFO;debt=yfinance:totalDebt;ebitda=yfinance:ebitda;equity=jquants:Eq;equity_to_assets=jquants:EqAR;shares=jquants:ShOutFY;total_assets=jquants:TA,2026-05-12
7721,TOKYO KEIKI INC.,17076439.0,2770.05,46155000000.0,84781000000.0,20870000640.0,3954000000.0,7290500096.0,,5362000000.0,0.537,-160000000.0,FYFinancialStatements_Consolidated_JP,2027-03-31,2028-03-31,yfinance,bps=jquants:BPS;cash=jquants:CashEq;cfo=jquants:CFO;debt=yfinance:totalDebt;ebitda=yfinance:ebitda;equity=jquants:Eq;equity_to_assets=jquants:EqAR;shares=jquants:ShOutFY;total_assets=jquants:TA,2026-05-11
7729,"TOKYO SEIMITSU CO.,LTD.",42282881.0,4706.73,192916000000.0,250533000000.0,12800000000.0,53052000000.0,40822251520.0,,33738000000.0,0.763,25012000000.0,FYFinancialStatements_Consolidated_JP,2027-03-31,2028-03-31,yfinance,bps=jquants:BPS;cash=jquants:CashEq;cfo=jquants:CFO;debt=yfinance:totalDebt;ebitda=yfinance:ebitda;equity=jquants:Eq;equity_to_assets=jquants:EqAR;shares=jquants:ShOutFY;total_assets=jquants:TA,2026-05-18
7730,"MANI,INC.",107003277.0,581.122,56661000000.0,61487000000.0,56000000.0,21912000000.0,12166750208.0,,5097000000.0,0.922,6324000000.0,2QFinancialStatements_Consolidated_JP,2026-08-31,,yfinance,bps=yfinance:bookValue;cash=jquants:CashEq;cfo=jquants:CFO;debt=yfinance:totalDebt;ebitda=yfinance:ebitda;equity=jquants:Eq;equity_to_assets=jquants:EqAR;shares=jquants:ShOutFY;total_assets=jquants:TA,2026-04-14
7731,NIKON CORPORATION,333585686.0,1781.32,588196000000.0,1075007000000.0,219420999680.0,158036000000.0,29030000640.0,,-112448000000.0,0.546,-4439000000.0,FYFinancialStatements_Consolidated_IFRS,2027-03-31,2028-03-31,yfinance,bps=jquants:BPS;cash=jquants:CashEq;cfo=jquants:CFO;debt=yfinance:totalDebt;ebitda=yfinance:ebitda;equity=jquants:Eq;equity_to_assets=jquants:EqAR;shares=jquants:ShOutFY;total_assets=jquants:TA,2026-05-08
7733,OLYMPUS CORPORATION,1114485700.0,737.48,812040000000.0,1537162000000.0,318892015616.0,188038000000.0,218706001920.0,,97120000000.0,0.528,100585000000.0,FYFinancialStatements_Consolidated_IFRS,2027-03-31,2028-03-31,yfinance,bps=jquants:BPS;cash=jquants:CashEq;cfo=jquants:CFO;debt=yfinance:totalDebt;ebitda=yfinance:ebitda;equity=jquants:Eq;equity_to_assets=jquants:EqAR;shares=jquants:ShOutFY;total_assets=jquants:TA,2026-05-12
7734,"RIKEN KEIKI CO.,LTD.",47322000.0,1878.29,85383000000.0,101050000000.0,1979469952.0,24407000000.0,14569838592.0,,12425000000.0,0.845,11126000000.0,FYFinancialStatements_Consolidated_JP,2027-03-31,2028-03-31,yfinance,bps=jquants:BPS;cash=jquants:CashEq;cfo=jquants:CFO;debt=yfinance:totalDebt;ebitda=yfinance:ebitda;equity=jquants:Eq;equity_to_assets=jquants:EqAR;shares=jquants:ShOutFY;total_assets=jquants:TA,2026-05-13
7735,"SCREEN Holdings Co.,Ltd.",190759972.0,2573.25,486684000000.0,722421000000.0,6044000256.0,225734000000.0,127667003392.0,,122522000000.0,0.674,92707000000.0,FYFinancialStatements_Consolidated_JP,2027-03-31,2028-03-31,yfinance,bps=jquants:BPS;cash=jquants:CashEq;cfo=jquants:CFO;debt=yfinance:totalDebt;ebitda=yfinance:ebitda;equity=jquants:Eq;equity_to_assets=jquants:EqAR;shares=jquants:ShOutFY;total_assets=jquants:TA,2026-05-13
7740,"Tamron Co.,Ltd.",170800000.0,553.616,84861000000.0,102868000000.0,1150000000.0,34632998912.0,18933999616.0,,3441000000.0,0.825,,1QFinancialStatements_Consolidated_JP,2026-12-31,,yfinance,bps=yfinance:bookValue;cash=yfinance:totalCash;debt=yfinance:totalDebt;ebitda=yfinance:ebitda;equity=jquants:Eq;equity_to_assets=jquants:EqAR;shares=jquants:ShOutFY;total_assets=jquants:TA,2026-05-01
7741,HOYA CORPORATION,338414320.0,3041.71,1035004000000.0,1300897000000.0,45390999552.0,574092000000.0,385632010240.0,,,0.784,278446000000.0,FYFinancialStatements_Consolidated_IFRS,2027-03-31,2028-03-31,yfinance,bps=jquants:BPS;cash=jquants:CashEq;cfo=jquants:CFO;debt=yfinance:totalDebt;ebitda=yfinance:ebitda;equity=jquants:Eq;equity_to_assets=jquants:EqAR;shares=jquants:ShOutFY;total_assets=jquants:TA,2026-04-30
7744,"Noritsu Koki Co.,Ltd.",108818916.0,2960.066,228651000000.0,363688000000.0,90122002432.0,64597000000.0,14279000064.0,,8413000000.0,0.628,3604000000.0,1QFinancialStatements_Consolidated_IFRS,2026-12-31,,yfinance,bps=yfinance:bookValue;cash=jquants:CashEq;cfo=jquants:CFO;debt=yfinance:totalDebt;ebitda=yfinance:ebitda;equity=jquants:Eq;equity_to_assets=jquants:EqAR;shares=jquants:ShOutFY;total_assets=jquants:TA,2026-05-15
7745,"A&D HOLON Holdings Company,Limited",27845208.0,1806.7,49577000000.0,75277000000.0,11767000064.0,13618000000.0,10447250432.0,,9209000000.0,0.657,6469000000.0,FYFinancialStatements_Consolidated_JP,2027-03-31,2028-03-31,yfinance,bps=jquants:BPS;cash=jquants:CashEq;cfo=jquants:CFO;debt=yfinance:totalDebt;ebitda=yfinance:ebitda;equity=jquants:Eq;equity_to_assets=jquants:EqAR;shares=jquants:ShOutFY;total_assets=jquants:TA,2026-05-13
7747,"ASAHI INTECC CO.,LTD.",265332300.0,653.559,167159000000.0,203730000000.0,8663000064.0,53500000000.0,53985001472.0,,37414000000.0,0.816,17783000000.0,3QFinancialStatements_Consolidated_JP,2026-06-30,,yfinance,bps=yfinance:bookValue;cash=jquants:CashEq;cfo=jquants:CFO;debt=yfinance:totalDebt;ebitda=yfinance:ebitda;equity=jquants:Eq;equity_to_assets=jquants:EqAR;shares=jquants:ShOutFY;total_assets=jquants:TA,2026-05-15
7751,CANON INC.,1333763464.0,4101.833,3660204000000.0,6237861000000.0,1270057009152.0,744169996288.0,726250029056.0,,71370000000.0,0.55,,1QFinancialStatements_Consolidated_US,2026-12-31,,yfinance,bps=yfinance:bookValue;cash=yfinance:totalCash;debt=yfinance:totalDebt;ebitda=yfinance:ebitda;equity=jquants:Eq;equity_to_assets=jquants:EqAR;shares=jquants:ShOutFY;total_assets=jquants:TA,2026-04-30
7752,"RICOH COMPANY,LTD.",569733178.0,2031.06,1187463000000.0,2540181000000.0,525346996224.0,193468000000.0,180734001152.0,,90713000000.0,0.455,158120000000.0,FYFinancialStatements_Consolidated_IFRS,2027-03-31,2028-03-31,yfinance,bps=jquants:BPS;cash=jquants:CashEq;cfo=jquants:CFO;debt=yfinance:totalDebt;ebitda=yfinance:ebitda;equity=jquants:Eq;equity_to_assets=jquants:EqAR;shares=jquants:ShOutFY;total_assets=jquants:TA,2026-05-12
7762,"Citizen Watch Co.,Ltd.",246000000.0,1201.61,302132000000.0,468303000000.0,65977999360.0,103986000000.0,50059001856.0,,30250000000.0,0.626,38822000000.0,FYFinancialStatements_Consolidated_JP,2027-03-31,2028-03-31,yfinance,bps=jquants:BPS;cash=jquants:CashEq;cfo=jquants:CFO;debt=yfinance:totalDebt;ebitda=yfinance:ebitda;equity=jquants:Eq;equity_to_assets=jquants:EqAR;shares=jquants:ShOutFY;total_assets=jquants:TA,2026-05-13
7780,"Menicon Co.,Ltd.",76761888.0,1271.61,95106000000.0,194640000000.0,81550000128.0,32410000000.0,23112749056.0,,10236000000.0,0.485,11839000000.0,FYFinancialStatements_Consolidated_JP,2027-03-31,2028-03-31,yfinance,bps=jquants:BPS;cash=jquants:CashEq;cfo=jquants:CFO;debt=yfinance:totalDebt;ebitda=yfinance:ebitda;equity=jquants:Eq;equity_to_assets=jquants:EqAR;shares=jquants:ShOutFY;total_assets=jquants:TA,2026-05-13
7821,"MAEDA KOSEN CO.,LTD.",68080612.0,1142.323,75050000000.0,91675000000.0,3512000000.0,22501000000.0,15742000128.0,,9718000000.0,0.818,3388000000.0,3QFinancialStatements_Consolidated_JP,2026-06-30,,yfinance,bps=yfinance:bookValue;cash=jquants:CashEq;cfo=jquants:CFO;debt=yfinance:totalDebt;ebitda=yfinance:ebitda;equity=jquants:Eq;equity_to_assets=jquants:EqAR;shares=jquants:ShOutFY;total_assets=jquants:TA,2026-05-14
7826,"FURUYA METAL CO.,LTD.",25389636.0,3188.139,74030000000.0,125397000000.0,14263000064.0,6509000000.0,1740749952.0,,17336000000.0,0.589,5582000000.0,3QFinancialStatements_Consolidated_JP,2026-06-30,,yfinance,bps=yfinance:bookValue;cash=jquants:CashEq;cfo=jquants:CFO;debt=yfinance:totalDebt;ebitda=yfinance:ebitda;equity=jquants:Eq;equity_to_assets=jquants:EqAR;shares=jquants:ShOutFY;total_assets=jquants:TA,2026-05-13
7832,Bandai Namco Holdings Inc.,650000000.0,1342.11,861424000000.0,1190494000000.0,0.0,412416000000.0,258041249792.0,,189517000000.0,0.723,164719000000.0,FYFinancialStatements_Consolidated_JP,2027-03-31,2028-03-31,yfinance,bps=jquants:BPS;cash=jquants:CashEq;cfo=jquants:CFO;debt=yfinance:totalDebt;ebitda=yfinance:ebitda;equity=jquants:Eq;equity_to_assets=jquants:EqAR;shares=jquants:ShOutFY;total_assets=jquants:TA,2026-05-13
7839,"SHOEI CO.,LTD.",53713716.0,571.54,30435000000.0,36974000000.0,481560992.0,17841061888.0,10782914560.0,,4430000000.0,0.823,,2QFinancialStatements_Consolidated_JP,2026-09-30,,yfinance,bps=jquants:BPS;cash=yfinance:totalCash;debt=yfinance:totalDebt;ebitda=yfinance:ebitda;equity=jquants:Eq;equity_to_assets=jquants:EqAR;shares=jquants:ShOutFY;total_assets=jquants:TA,2026-04-24
7846,PILOT CORPORATION,37405200.0,1382.54,137675000000.0,172945000000.0,6328000000.0,34418999296.0,25404000256.0,,4154000000.0,0.792,,1QFinancialStatements_Consolidated_JP,2026-12-31,,yfinance,bps=yfinance:bookValue;cash=yfinance:totalCash;debt=yfinance:totalDebt;ebitda=yfinance:ebitda;equity=jquants:Eq;equity_to_assets=jquants:EqAR;shares=jquants:ShOutFY;total_assets=jquants:TA,2026-05-11
7860,Avex Inc.,45919300.0,1213.23,52889000000.0,110793000000.0,665000000.0,34305000000.0,5305750016.0,,4085000000.0,0.465,2076000000.0,FYFinancialStatements_Consolidated_JP,2027-03-31,2028-03-31,yfinance,bps=jquants:BPS;cash=jquants:CashEq;cfo=jquants:CFO;debt=yfinance:totalDebt;ebitda=yfinance:ebitda;equity=jquants:Eq;equity_to_assets=jquants:EqAR;shares=jquants:ShOutFY;total_assets=jquants:TA,2026-05-14
7864,"FUJI SEAL INTERNATIONAL,INC.",60161956.0,3023.11,161264000000.0,226082000000.0,11596000256.0,35344000000.0,29237000192.0,,20463000000.0,0.713,21553000000.0,FYFinancialStatements_Consolidated_JP,2027-03-31,2028-03-31,yfinance,bps=jquants:BPS;cash=jquants:CashEq;cfo=jquants:CFO;debt=yfinance:totalDebt;ebitda=yfinance:ebitda;equity=jquants:Eq;equity_to_assets=jquants:EqAR;shares=jquants:ShOutFY;total_assets=jquants:TA,2026-05-13
7867,"TOMY COMPANY,LTD.",93616650.0,1266.19,111167000000.0,163360000000.0,5798000128.0,50990000000.0,34798751744.0,,24246000000.0,0.68,20053000000.0,FYFinancialStatements_Consolidated_JP,2027-03-31,2028-03-31,yfinance,bps=jquants:BPS;cash=jquants:CashEq;cfo=jquants:CFO;debt=yfinance:totalDebt;ebitda=yfinance:ebitda;equity=jquants:Eq;equity_to_assets=jquants:EqAR;shares=jquants:ShOutFY;total_assets=jquants:TA,2026-05-12
7906,"YONEX CO.,LTD.",92870800.0,940.87,80740000000.0,128620000000.0,16487999488.0,33738000000.0,20864000000.0,,16546000000.0,,,,2027-03-31,2028-03-31,yfinance,bps=jquants:BPS;cash=jquants:CashEq;debt=yfinance:totalDebt;ebitda=yfinance:ebitda;equity=jquants:Eq;shares=jquants:ShOutFY;total_assets=jquants:TA,2026-05-12
7911,TOPPAN Holdings Inc.,294706240.0,4742.83,1410067000000.0,2558184000000.0,544209010688.0,411178000000.0,,,67108000000.0,0.523,86122000000.0,FYFinancialStatements_Consolidated_JP,2027-03-31,2028-03-31,,bps=jquants:BPS;cash=jquants:CashEq;cfo=jquants:CFO;debt=yfinance:totalDebt;equity=jquants:Eq;equity_to_assets=jquants:EqAR;shares=jquants:ShOutFY;total_assets=jquants:TA,2026-05-14
7912,"Dai Nippon Printing Co.,Ltd.",439480692.0,2759.42,1267106000000.0,2034110000000.0,247458004992.0,243564000000.0,160814497792.0,,101039000000.0,0.585,40367000000.0,FYFinancialStatements_Consolidated_JP,2027-03-31,2028-03-31,yfinance,bps=jquants:BPS;cash=jquants:CashEq;cfo=jquants:CFO;debt=yfinance:totalDebt;ebitda=yfinance:ebitda;equity=jquants:Eq;equity_to_assets=jquants:EqAR;shares=jquants:ShOutFY;total_assets=jquants:TA,2026-05-13
7915,"Nissha Co.,Ltd.",48016100.0,1881.22,118538000000.0,251947000000.0,30413000704.0,38724000000.0,15098999808.0,,750000000.0,0.465,3969000000.0,1QFinancialStatements_Consolidated_IFRS,2026-12-31,,yfinance,bps=yfinance:bookValue;cash=jquants:CashEq;cfo=jquants:CFO;debt=yfinance:totalDebt;ebitda=yfinance:ebitda;equity=jquants:Eq;equity_to_assets=jquants:EqAR;shares=jquants:ShOutFY;total_assets=jquants:TA,2026-05-12
7936,ASICS Corporation,734482236.0,506.248,317882000000.0,640103000000.0,101031002112.0,119354000000.0,212450000896.0,,60762000000.0,0.494,-11130000000.0,1QFinancialStatements_Consolidated_JP,2026-12-31,,yfinance,bps=yfinance:bookValue;cash=jquants:CashEq;cfo=jquants:CFO;debt=yfinance:totalDebt;ebitda=yfinance:ebitda;equity=jquants:Eq;equity_to_assets=jquants:EqAR;shares=jquants:ShOutFY;total_assets=jquants:TA,2026-05-13
7943,NICHIHA CORPORATION,34487164.0,3658.89,121121000000.0,168261000000.0,15923999744.0,24696000000.0,15309750272.0,,9355000000.0,0.722,8212000000.0,FYFinancialStatements_Consolidated_JP,2027-03-31,2028-03-31,yfinance,bps=jquants:BPS;cash=jquants:CashEq;cfo=jquants:CFO;debt=yfinance:totalDebt;ebitda=yfinance:ebitda;equity=jquants:Eq;equity_to_assets=jquants:EqAR;shares=jquants:ShOutFY;total_assets=jquants:TA,2026-05-13
7944,Roland Corporation,26580659.0,1645.695,41386000000.0,80809000000.0,19775000576.0,16261000000.0,12999000064.0,,1947000000.0,0.508,4926000000.0,1QFinancialStatements_Consolidated_JP,2026-12-31,,yfinance,bps=yfinance:bookValue;cash=jquants:CashEq;cfo=jquants:CFO;debt=yfinance:totalDebt;ebitda=yfinance:ebitda;equity=jquants:Eq;equity_to_assets=jquants:EqAR;shares=jquants:ShOutFY;total_assets=jquants:TA,2026-05-14
7947,FP CORPORATION,84568424.0,2033.28,165171000000.0,304062000000.0,84957003776.0,25478000000.0,36479000576.0,,21614000000.0,0.541,29981000000.0,FYFinancialStatements_Consolidated_JP,2027-03-31,2028-03-31,yfinance,bps=jquants:BPS;cash=jquants:CashEq;cfo=jquants:CFO;debt=yfinance:totalDebt;ebitda=yfinance:ebitda;equity=jquants:Eq;equity_to_assets=jquants:EqAR;shares=jquants:ShOutFY;total_assets=jquants:TA,2026-04-30
7951,YAMAHA CORPORATION,463000000.0,1087.41,479730000000.0,617568000000.0,23453999104.0,108952000000.0,52794998784.0,,29274000000.0,0.775,45777000000.0,FYFinancialStatements_Consolidated_IFRS,2027-03-31,2028-03-31,yfinance,bps=jquants:BPS;cash=jquants:CashEq;cfo=jquants:CFO;debt=yfinance:totalDebt;ebitda=yfinance:ebitda;equity=jquants:Eq;equity_to_assets=jquants:EqAR;shares=jquants:ShOutFY;total_assets=jquants:TA,2026-05-11
7956,PIGEON CORPORATION,121653486.0,715.264,84444000000.0,109764000000.0,0.0,36271001600.0,19049000960.0,,3645000000.0,0.743,,1QFinancialStatements_Consolidated_JP,2026-12-31,,yfinance,bps=yfinance:bookValue;cash=yfinance:totalCash;debt=yfinance:totalDebt;ebitda=yfinance:ebitda;equity=jquants:Eq;equity_to_assets=jquants:EqAR;shares=jquants:ShOutFY;total_assets=jquants:TA,2026-05-14
7965,Zojirushi Corporation,72600000.0,1434.334,91452000000.0,123293000000.0,1579000064.0,34467000320.0,10170999808.0,,4333000000.0,0.734,,1QFinancialStatements_Consolidated_JP,2026-11-20,,yfinance,bps=yfinance:bookValue;cash=yfinance:totalCash;debt=yfinance:totalDebt;ebitda=yfinance:ebitda;equity=jquants:Eq;equity_to_assets=jquants:EqAR;shares=jquants:ShOutFY;total_assets=jquants:TA,2026-03-30
7966,LINTEC Corporation,72488740.0,3931.48,258240000000.0,342725000000.0,6778999808.0,55252000000.0,43756998656.0,,25156000000.0,0.751,33450000000.0,FYFinancialStatements_Consolidated_JP,2027-03-31,2028-03-31,yfinance,bps=jquants:BPS;cash=jquants:CashEq;cfo=jquants:CFO;debt=yfinance:totalDebt;ebitda=yfinance:ebitda;equity=jquants:Eq;equity_to_assets=jquants:EqAR;shares=jquants:ShOutFY;total_assets=jquants:TA,2026-05-08
7970,"Shin-Etsu Polymer Co.,Ltd.",82623376.0,1606.37,129553000000.0,153003000000.0,0.0,47013000000.0,20842749952.0,,14040000000.0,0.844,14450000000.0,FYFinancialStatements_Consolidated_JP,2027-03-31,2028-03-31,yfinance,bps=jquants:BPS;cash=jquants:CashEq;cfo=jquants:CFO;debt=yfinance:totalDebt;ebitda=yfinance:ebitda;equity=jquants:Eq;equity_to_assets=jquants:EqAR;shares=jquants:ShOutFY;total_assets=jquants:TA,2026-04-27
7972,ITOKI CORPORATION,53382850.0,1195.35,59161000000.0,137216000000.0,36885999616.0,22733000704.0,19459000320.0,,8089000000.0,0.43,,1QFinancialStatements_Consolidated_JP,2026-12-31,,yfinance,bps=jquants:BPS;cash=yfinance:totalCash;debt=yfinance:totalDebt;ebitda=yfinance:ebitda;equity=jquants:Eq;equity_to_assets=jquants:EqAR;shares=jquants:ShOutFY;total_assets=jquants:TA,2026-05-07
7974,"Nintendo Co.,Ltd.",1287260000.0,2562.41,2955180000000.0,3805312000000.0,0.0,1316680000000.0,461762265088.0,,360117000000.0,0.776,289789000000.0,FYFinancialStatements_Consolidated_JP,2027-03-31,2028-03-31,yfinance,bps=jquants:BPS;cash=jquants:CashEq;cfo=jquants:CFO;debt=yfinance:totalDebt;ebitda=yfinance:ebitda;equity=jquants:Eq;equity_to_assets=jquants:EqAR;shares=jquants:ShOutFY;total_assets=jquants:TA,2026-05-08
7976,"MITSUBISHI PENCIL COMPANY,LIMITED",60042592.0,2596.82,142242000000.0,191449000000.0,29059000320.0,48178999296.0,16542000128.0,,3566000000.0,0.734,,1QFinancialStatements_Consolidated_JP,2026-12-31,,yfinance,bps=jquants:BPS;cash=yfinance:totalCash;debt=yfinance:totalDebt;ebitda=yfinance:ebitda;equity=jquants:Eq;equity_to_assets=jquants:EqAR;shares=jquants:ShOutFY;total_assets=jquants:TA,2026-04-30
7981,"TAKARA STANDARD CO.,LTD.",63361494.0,3104.89,196325000000.0,285152000000.0,4339999744.0,61409000000.0,26183999488.0,,19083000000.0,0.688,25406000000.0,FYFinancialStatements_Consolidated_JP,2027-03-31,2028-03-31,yfinance,bps=jquants:BPS;cash=jquants:CashEq;cfo=jquants:CFO;debt=yfinance:totalDebt;ebitda=yfinance:ebitda;equity=jquants:Eq;equity_to_assets=jquants:EqAR;shares=jquants:ShOutFY;total_assets=jquants:TA,2026-04-30
7984,"KOKUYO CO.,LTD.",440969852.0,598.18,261053000000.0,352123000000.0,3649999872.0,90983000000.0,36915998720.0,,13848000000.0,0.731,-9955000000.0,1QFinancialStatements_Consolidated_JP,2026-12-31,,yfinance,bps=jquants:BPS;cash=jquants:CashEq;cfo=jquants:CFO;debt=yfinance:totalDebt;ebitda=yfinance:ebitda;equity=jquants:Eq;equity_to_assets=jquants:EqAR;shares=jquants:ShOutFY;total_assets=jquants:TA,2026-04-28
7988,NIFCO INC.,100232614.0,3183.4,299571000000.0,393590000000.0,25209999360.0,141659000000.0,60323000320.0,,48078000000.0,0.753,47163000000.0,FYFinancialStatements_Consolidated_JP,2027-03-31,2028-03-31,yfinance,bps=jquants:BPS;cash=jquants:CashEq;cfo=jquants:CFO;debt=yfinance:totalDebt;ebitda=yfinance:ebitda;equity=jquants:Eq;equity_to_assets=jquants:EqAR;shares=jquants:ShOutFY;total_assets=jquants:TA,2026-05-15
7990,"GLOBERIDE,Inc.",22800000.0,2966.82,64929000000.0,119631000000.0,31175000064.0,11850000000.0,9811000320.0,,6501000000.0,0.541,8033000000.0,FYFinancialStatements_Consolidated_JP,2027-03-31,2028-03-31,yfinance,bps=jquants:BPS;cash=jquants:CashEq;cfo=jquants:CFO;debt=yfinance:totalDebt;ebitda=yfinance:ebitda;equity=jquants:Eq;equity_to_assets=jquants:EqAR;shares=jquants:ShOutFY;total_assets=jquants:TA,2026-05-13
7994,OKAMURA CORPORATION,100621021.0,2156.14,206089000000.0,301877000000.0,30365999104.0,31861000000.0,34098999296.0,,24144000000.0,0.676,27218000000.0,FYFinancialStatements_Consolidated_JP,2027-03-31,2028-03-31,yfinance,bps=jquants:BPS;cash=jquants:CashEq;cfo=jquants:CFO;debt=yfinance:totalDebt;ebitda=yfinance:ebitda;equity=jquants:Eq;equity_to_assets=jquants:EqAR;shares=jquants:ShOutFY;total_assets=jquants:TA,2026-05-11
7995,"VALQUA,LTD.",18688733.0,3035.13,53518000000.0,83405000000.0,14154999808.0,7915000000.0,11141499904.0,,7100000000.0,0.641,5028000000.0,FYFinancialStatements_Consolidated_JP,2027-03-31,2028-03-31,yfinance,bps=jquants:BPS;cash=jquants:CashEq;cfo=jquants:CFO;debt=yfinance:totalDebt;ebitda=yfinance:ebitda;equity=jquants:Eq;equity_to_assets=jquants:EqAR;shares=jquants:ShOutFY;total_assets=jquants:TA,2026-05-15
8001,ITOCHU Corporation,7924447520.0,942.78,7188259000000.0,16732815000000.0,5244012986368.0,593766000000.0,929405009920.0,,701888000000.0,0.394,1131837000000.0,FYFinancialStatements_Consolidated_IFRS,2027-03-31,2028-03-31,yfinance,bps=jquants:BPS;cash=jquants:CashEq;cfo=jquants:CFO;debt=yfinance:totalDebt;ebitda=yfinance:ebitda;equity=jquants:Eq;equity_to_assets=jquants:EqAR;shares=jquants:ShOutFY;total_assets=jquants:TA,2026-05-01
8002,Marubeni Corporation,1660758361.0,2663.18,4513798000000.0,10531764000000.0,2658516074496.0,551064000000.0,518366003200.0,,256670000000.0,0.414,535398000000.0,FYFinancialStatements_Consolidated_IFRS,2027-03-31,2028-03-31,yfinance,bps=jquants:BPS;cash=jquants:CashEq;cfo=jquants:CFO;debt=yfinance:totalDebt;ebitda=yfinance:ebitda;equity=jquants:Eq;equity_to_assets=jquants:EqAR;shares=jquants:ShOutFY;total_assets=jquants:TA,2026-05-01
8008,YONDOSHI HOLDINGS INC.,24331356.0,1911.8,41067000000.0,68836000000.0,16600000512.0,1326000000.0,5628000256.0,,2802000000.0,0.596,1102000000.0,FYFinancialStatements_Consolidated_JP,2027-02-28,2028-02-28,yfinance,bps=jquants:BPS;cash=jquants:CashEq;cfo=jquants:CFO;debt=yfinance:totalDebt;ebitda=yfinance:ebitda;equity=jquants:Eq;equity_to_assets=jquants:EqAR;shares=jquants:ShOutFY;total_assets=jquants:TA,2026-04-10
8012,"NAGASE & CO.,LTD.",439633140.0,1043.19,434025000000.0,871526000000.0,213723004928.0,45390000000.0,72374001664.0,,44727000000.0,0.488,47805000000.0,FYFinancialStatements_Consolidated_JP,2027-03-31,2028-03-31,yfinance,bps=jquants:BPS;cash=jquants:CashEq;cfo=jquants:CFO;debt=yfinance:totalDebt;ebitda=yfinance:ebitda;equity=jquants:Eq;equity_to_assets=jquants:EqAR;shares=jquants:ShOutFY;total_assets=jquants:TA,2026-05-07
8015,TOYOTA TSUSHO CORPORATION,1062169548.0,2990.71,3301147000000.0,8523667000000.0,2545102094336.0,1403763000000.0,795996979200.0,,545235000000.0,0.37,461168000000.0,FYFinancialStatements_Consolidated_IFRS,2027-03-31,2028-03-31,yfinance,bps=jquants:BPS;cash=jquants:CashEq;cfo=jquants:CFO;debt=yfinance:totalDebt;ebitda=yfinance:ebitda;equity=jquants:Eq;equity_to_assets=jquants:EqAR;shares=jquants:ShOutFY;total_assets=jquants:TA,2026-04-30
8016,"ONWARD HOLDINGS CO.,LTD.",141921669.0,687.91,93588000000.0,189223000000.0,47283998720.0,19715000000.0,17560750080.0,,11604000000.0,0.494,8249000000.0,FYFinancialStatements_Consolidated_JP,2027-02-28,2028-02-28,yfinance,bps=jquants:BPS;cash=jquants:CashEq;cfo=jquants:CFO;debt=yfinance:totalDebt;ebitda=yfinance:ebitda;equity=jquants:Eq;equity_to_assets=jquants:EqAR;shares=jquants:ShOutFY;total_assets=jquants:TA,2026-04-09
8020,KANEMATSU CORPORATION,169000404.0,1252.27,223474000000.0,733009000000.0,191154995200.0,58418000000.0,72759001088.0,,48663000000.0,0.284,57663000000.0,DividendForecastRevision,2027-03-31,2028-03-31,yfinance,bps=jquants:BPS;cash=jquants:CashEq;cfo=jquants:CFO;debt=yfinance:totalDebt;ebitda=yfinance:ebitda;equity=jquants:Eq;equity_to_assets=jquants:EqAR;shares=jquants:ShOutFY;total_assets=jquants:TA,2026-05-08
8022,Mizuno Corporation,79734729.0,2279.8,174279000000.0,251471000000.0,22751000576.0,46018000000.0,28700999680.0,,22603000000.0,0.689,17311000000.0,FYFinancialStatements_Consolidated_JP,2027-03-31,2028-03-31,yfinance,bps=jquants:BPS;cash=jquants:CashEq;cfo=jquants:CFO;debt=yfinance:totalDebt;ebitda=yfinance:ebitda;equity=jquants:Eq;equity_to_assets=jquants:EqAR;shares=jquants:ShOutFY;total_assets=jquants:TA,2026-05-12
8031,"MITSUI & CO.,LTD.",2864666576.0,3093.56,9017921000000.0,20821528000000.0,5880954748928.0,982722000000.0,775447969792.0,,,0.421,952912000000.0,FYFinancialStatements_Consolidated_IFRS,2027-03-31,2028-03-31,yfinance,bps=jquants:BPS;cash=jquants:CashEq;cfo=jquants:CFO;debt=yfinance:totalDebt;ebitda=yfinance:ebitda;equity=jquants:Eq;equity_to_assets=jquants:EqAR;shares=jquants:ShOutFY;total_assets=jquants:TA,2026-05-01
8035,Tokyo Electron Limited,471632733.0,4498.85,2069996000000.0,2860997000000.0,0.0,505414000000.0,778336010240.0,,624936000000.0,0.715,539732000000.0,FYFinancialStatements_Consolidated_JP,2027-03-31,2028-03-31,yfinance,bps=jquants:BPS;cash=jquants:CashEq;cfo=jquants:CFO;debt=yfinance:totalDebt;ebitda=yfinance:ebitda;equity=jquants:Eq;equity_to_assets=jquants:EqAR;shares=jquants:ShOutFY;total_assets=jquants:TA,2026-04-30
8050,SEIKO GROUP CORPORATION,82808522.0,2150.47,177502000000.0,383881000000.0,105154002944.0,43487000000.0,52165500928.0,,30873000000.0,0.458,36769000000.0,FYFinancialStatements_Consolidated_JP,2027-03-31,2028-03-31,yfinance,bps=jquants:BPS;cash=jquants:CashEq;cfo=jquants:CFO;debt=yfinance:totalDebt;ebitda=yfinance:ebitda;equity=jquants:Eq;equity_to_assets=jquants:EqAR;shares=jquants:ShOutFY;total_assets=jquants:TA,2026-05-13
8051,YAMAZEN CORPORATION,95305435.0,1612.56,140153000000.0,351990000000.0,50814001152.0,109981000000.0,18476750848.0,,12041000000.0,0.393,5123000000.0,FYFinancialStatements_Consolidated_JP,2027-03-31,2028-03-31,yfinance,bps=jquants:BPS;cash=jquants:CashEq;cfo=jquants:CFO;debt=yfinance:totalDebt;ebitda=yfinance:ebitda;equity=jquants:Eq;equity_to_assets=jquants:EqAR;shares=jquants:ShOutFY;total_assets=jquants:TA,2026-05-13
8053,"SUMITOMO CORPORATION (SUMITOMO SHOJI KAISHA,LTD.)",1211426667.0,3880.87,4735154000000.0,13638338000000.0,4944137027584.0,1005442000000.0,549151997952.0,,,0.339,813456000000.0,FYFinancialStatements_Consolidated_IFRS,2027-03-31,2028-03-31,yfinance,bps=jquants:BPS;cash=jquants:CashEq;cfo=jquants:CFO;debt=yfinance:totalDebt;ebitda=yfinance:ebitda;equity=jquants:Eq;equity_to_assets=jquants:EqAR;shares=jquants:ShOutFY;total_assets=jquants:TA,2026-05-01
8056,BIPROGY Inc.,98959624.0,1853.33,181059000000.0,380669000000.0,72951996416.0,47043000000.0,60429000704.0,,42604000000.0,0.47,57566000000.0,FYFinancialStatements_Consolidated_IFRS,2027-03-31,2028-03-31,yfinance,bps=jquants:BPS;cash=jquants:CashEq;cfo=jquants:CFO;debt=yfinance:totalDebt;ebitda=yfinance:ebitda;equity=jquants:Eq;equity_to_assets=jquants:EqAR;shares=jquants:ShOutFY;total_assets=jquants:TA,2026-04-30
8057,"UCHIDA YOKO CO.,LTD.",52096855.0,1737.634,82087000000.0,214931000000.0,1910000000.0,34660000000.0,17863000064.0,,15924000000.0,0.381,13188000000.0,EarnForecastRevision,2027-07-20,2028-07-20,yfinance,bps=yfinance:bookValue;cash=jquants:CashEq;cfo=jquants:CFO;debt=yfinance:totalDebt;ebitda=yfinance:ebitda;equity=jquants:Eq;equity_to_assets=jquants:EqAR;shares=jquants:ShOutFY;total_assets=jquants:TA,2026-06-03
8058,Mitsubishi Corporation,4028926353.0,2578.33,10250574000000.0,24151695000000.0,6490588971008.0,1841464000000.0,776017018880.0,,,0.391,1490041000000.0,FYFinancialStatements_Consolidated_IFRS,2027-03-31,2028-03-31,yfinance,bps=jquants:BPS;cash=jquants:CashEq;cfo=jquants:CFO;debt=yfinance:totalDebt;ebitda=yfinance:ebitda;equity=jquants:Eq;equity_to_assets=jquants:EqAR;shares=jquants:ShOutFY;total_assets=jquants:TA,2026-05-01
8060,Canon Marketing Japan Inc.,222159944.0,1885.06,396924000000.0,546250000000.0,3065999872.0,131339000000.0,79282003968.0,,18526000000.0,0.725,20709000000.0,1QFinancialStatements_Consolidated_JP,2026-12-31,,yfinance,bps=jquants:BPS;cash=jquants:CashEq;cfo=jquants:CFO;debt=yfinance:totalDebt;ebitda=yfinance:ebitda;equity=jquants:Eq;equity_to_assets=jquants:EqAR;shares=jquants:ShOutFY;total_assets=jquants:TA,2026-04-28
8061,SEIKA CORPORATION,36961950.0,1504.24,54784000000.0,197520000000.0,18189000704.0,18968000000.0,9831999488.0,,8031000000.0,0.274,5426000000.0,FYFinancialStatements_Consolidated_JP,2027-03-31,2028-03-31,yfinance,bps=jquants:BPS;cash=jquants:CashEq;cfo=jquants:CFO;debt=yfinance:totalDebt;ebitda=yfinance:ebitda;equity=jquants:Eq;equity_to_assets=jquants:EqAR;shares=jquants:ShOutFY;total_assets=jquants:TA,2026-05-13
8074,"YUASA CO.,LTD.",22100000.0,5696.13,121446000000.0,303507000000.0,4132999936.0,48485000000.0,19557500928.0,,16740000000.0,0.395,19569000000.0,FYFinancialStatements_Consolidated_JP,2027-03-31,2028-03-31,yfinance,bps=jquants:BPS;cash=jquants:CashEq;cfo=jquants:CFO;debt=yfinance:totalDebt;ebitda=yfinance:ebitda;equity=jquants:Eq;equity_to_assets=jquants:EqAR;shares=jquants:ShOutFY;total_assets=jquants:TA,2026-05-08
8078,"HANWA CO.,LTD.",211663200.0,2197.63,432951000000.0,1212662000000.0,365811990528.0,85505000000.0,74073997312.0,,58444000000.0,0.353,74331000000.0,FYFinancialStatements_Consolidated_JP,2027-03-31,2028-03-31,yfinance,bps=jquants:BPS;cash=jquants:CashEq;cfo=jquants:CFO;debt=yfinance:totalDebt;ebitda=yfinance:ebitda;equity=jquants:Eq;equity_to_assets=jquants:EqAR;shares=jquants:ShOutFY;total_assets=jquants:TA,2026-05-12
8079,SHOEI FOODS CORPORATION,17100000.0,3548.719,60002000000.0,103252000000.0,22101000192.0,11172861000.0,8657999872.0,,3730000000.0,0.569,1492367000.0,EarnForecastRevision,2027-10-31,2028-10-31,yfinance,bps=yfinance:bookValue;cash=jquants:CashEq;cfo=jquants:CFO;debt=yfinance:totalDebt;ebitda=yfinance:ebitda;equity=jquants:Eq;equity_to_assets=jquants:EqAR;shares=jquants:ShOutFY;total_assets=jquants:TA,2026-06-12
8086,NIPRO CORPORATION,171459479.0,1680.71,334772000000.0,1213290000000.0,665418006528.0,88366000000.0,100554252288.0,,37624000000.0,0.226,54657000000.0,FYFinancialStatements_Consolidated_JP,2027-03-31,2028-03-31,yfinance,bps=jquants:BPS;cash=jquants:CashEq;cfo=jquants:CFO;debt=yfinance:totalDebt;ebitda=yfinance:ebitda;equity=jquants:Eq;equity_to_assets=jquants:EqAR;shares=jquants:ShOutFY;total_assets=jquants:TA,2026-05-12
8088,IWATANI  CORPORATION,234246596.0,1898.97,448995000000.0,899772000000.0,215562993664.0,27660000000.0,79870001152.0,,38318000000.0,0.486,59132000000.0,FYFinancialStatements_Consolidated_JP,2027-03-31,2028-03-31,yfinance,bps=jquants:BPS;cash=jquants:CashEq;cfo=jquants:CFO;debt=yfinance:totalDebt;ebitda=yfinance:ebitda;equity=jquants:Eq;equity_to_assets=jquants:EqAR;shares=jquants:ShOutFY;total_assets=jquants:TA,2026-05-14
8097,"SAN-AI OBBLI CO.,LTD.",63000000.0,1873.49,122709000000.0,212048000000.0,2604000000.0,49399000000.0,20651999232.0,,12356000000.0,0.547,23114000000.0,FYFinancialStatements_Consolidated_JP,2027-03-31,2028-03-31,yfinance,bps=jquants:BPS;cash=jquants:CashEq;cfo=jquants:CFO;debt=yfinance:totalDebt;ebitda=yfinance:ebitda;equity=jquants:Eq;equity_to_assets=jquants:EqAR;shares=jquants:ShOutFY;total_assets=jquants:TA,2026-05-14
8098,"Inabata & Co.,Ltd.",53714127.0,4416.83,245938000000.0,498138000000.0,100181000192.0,72698000000.0,33666500608.0,,26164000000.0,0.473,21075000000.0,FYFinancialStatements_Consolidated_JP,2027-03-31,2028-03-31,yfinance,bps=jquants:BPS;cash=jquants:CashEq;cfo=jquants:CFO;debt=yfinance:totalDebt;ebitda=yfinance:ebitda;equity=jquants:Eq;equity_to_assets=jquants:EqAR;shares=jquants:ShOutFY;total_assets=jquants:TA,2026-05-11
8111,Goldwin Inc.,142344516.0,946.17,130499000000.0,168227000000.0,974000000.0,50956000000.0,26758500352.0,,25859000000.0,0.769,26257000000.0,FYFinancialStatements_Consolidated_JP,2027-03-31,2028-03-31,yfinance,bps=jquants:BPS;cash=jquants:CashEq;cfo=jquants:CFO;debt=yfinance:totalDebt;ebitda=yfinance:ebitda;equity=jquants:Eq;equity_to_assets=jquants:EqAR;shares=jquants:ShOutFY;total_assets=jquants:TA,2026-05-13
8113,UNICHARM CORPORATION,1862502957.0,471.638,883281000000.0,1188908000000.0,13322000384.0,233353000000.0,158522998784.0,,,0.659,29806000000.0,1QFinancialStatements_Consolidated_IFRS,2026-12-31,,yfinance,bps=yfinance:bookValue;cash=jquants:CashEq;cfo=jquants:CFO;debt=yfinance:totalDebt;ebitda=yfinance:ebitda;equity=jquants:Eq;equity_to_assets=jquants:EqAR;shares=jquants:ShOutFY;total_assets=jquants:TA,2026-05-08
8125,"Wakita & Co.,LTD.",52021297.0,2041.62,103175000000.0,146867000000.0,1466000000.0,17270000000.0,13889999872.0,,5282000000.0,0.691,12482000000.0,FYFinancialStatements_Consolidated_JP,2027-02-28,2028-02-28,yfinance,bps=jquants:BPS;cash=jquants:CashEq;cfo=jquants:CFO;debt=yfinance:totalDebt;ebitda=yfinance:ebitda;equity=jquants:Eq;equity_to_assets=jquants:EqAR;shares=jquants:ShOutFY;total_assets=jquants:TA,2026-04-09
8129,"TOHO HOLDINGS CO.,LTD.",73025942.0,4193.25,271560000000.0,740781000000.0,5898999808.0,83286000000.0,21234249728.0,,16601000000.0,0.366,19243000000.0,FYFinancialStatements_Consolidated_JP,2027-03-31,2028-03-31,yfinance,bps=jquants:BPS;cash=jquants:CashEq;cfo=jquants:CFO;debt=yfinance:totalDebt;ebitda=yfinance:ebitda;equity=jquants:Eq;equity_to_assets=jquants:EqAR;shares=jquants:ShOutFY;total_assets=jquants:TA,2026-05-13
8130,Sangetsu Corporation,59200000.0,2067.46,122259000000.0,188907000000.0,14316999680.0,35010000000.0,25744250880.0,,19408000000.0,0.643,14320000000.0,FYFinancialStatements_Consolidated_JP,2027-03-31,2028-03-31,yfinance,bps=jquants:BPS;cash=jquants:CashEq;cfo=jquants:CFO;debt=yfinance:totalDebt;ebitda=yfinance:ebitda;equity=jquants:Eq;equity_to_assets=jquants:EqAR;shares=jquants:ShOutFY;total_assets=jquants:TA,2026-05-13
8133,"ITOCHU ENEX CO.,LTD.",116881106.0,1609.83,210535000000.0,452690000000.0,54103998464.0,21924000000.0,48799997952.0,,24146000000.0,0.402,45071000000.0,FYFinancialStatements_Consolidated_IFRS,2027-03-31,2028-03-31,yfinance,bps=jquants:BPS;cash=jquants:CashEq;cfo=jquants:CFO;debt=yfinance:totalDebt;ebitda=yfinance:ebitda;equity=jquants:Eq;equity_to_assets=jquants:EqAR;shares=jquants:ShOutFY;total_assets=jquants:TA,2026-04-30
8136,"Sanrio Company,Ltd.",255408303.0,134.581,137866000000.0,210108000000.0,12563000320.0,136065998848.0,,,62398000000.0,0.655,,3QFinancialStatements_Consolidated_JP,2026-03-31,,,bps=yfinance:bookValue;cash=yfinance:totalCash;debt=yfinance:totalDebt;equity=jquants:Eq;equity_to_assets=jquants:EqAR;shares=jquants:ShOutFY;total_assets=jquants:TA,2026-02-12
8153,"MOS FOOD SERVICES,INC.",32009910.0,1914.26,59620000000.0,87342000000.0,5902000128.0,27678000000.0,9655249920.0,,6561000000.0,0.676,9221000000.0,FYFinancialStatements_Consolidated_JP,2027-03-31,2028-03-31,yfinance,bps=jquants:BPS;cash=jquants:CashEq;cfo=jquants:CFO;debt=yfinance:totalDebt;ebitda=yfinance:ebitda;equity=jquants:Eq;equity_to_assets=jquants:EqAR;shares=jquants:ShOutFY;total_assets=jquants:TA,2026-05-15
8154,"KAGA ELECTRONICS CO.,LTD.",52486836.0,3850.35,183516000000.0,403694000000.0,56144998400.0,88292000000.0,35314749440.0,,27824000000.0,0.455,-2471000000.0,FYFinancialStatements_Consolidated_JP,2027-03-31,2028-03-31,yfinance,bps=jquants:BPS;cash=jquants:CashEq;cfo=jquants:CFO;debt=yfinance:totalDebt;ebitda=yfinance:ebitda;equity=jquants:Eq;equity_to_assets=jquants:EqAR;shares=jquants:ShOutFY;total_assets=jquants:TA,2026-05-14
8160,"KISOJI CO.,LTD.",28543889.0,1121.7,31586000000.0,48498000000.0,15489000448.0,15268000000.0,4365250048.0,,2913000000.0,0.651,5431000000.0,FYFinancialStatements_Consolidated_JP,2027-03-31,2028-03-31,yfinance,bps=jquants:BPS;cash=jquants:CashEq;cfo=jquants:CFO;debt=yfinance:totalDebt;ebitda=yfinance:ebitda;equity=jquants:Eq;equity_to_assets=jquants:EqAR;shares=jquants:ShOutFY;total_assets=jquants:TA,2026-05-13
8173,Joshin Corporation,28000000.0,4071.33,105364000000.0,228813000000.0,33578000384.0,4529000000.0,13795999744.0,,5422000000.0,0.46,13085000000.0,FYFinancialStatements_Consolidated_JP,2027-03-31,2028-03-31,yfinance,bps=jquants:BPS;cash=jquants:CashEq;cfo=jquants:CFO;debt=yfinance:totalDebt;ebitda=yfinance:ebitda;equity=jquants:Eq;equity_to_assets=jquants:EqAR;shares=jquants:ShOutFY;total_assets=jquants:TA,2026-05-08
8174,"NIPPON GAS CO.,LTD.",112827198.0,628.85,67474000000.0,163590000000.0,49614999552.0,23786000000.0,31765000192.0,,21278000000.0,0.409,28188000000.0,FYFinancialStatements_Consolidated_JP,2027-03-31,2028-03-31,yfinance,bps=jquants:BPS;cash=jquants:CashEq;cfo=jquants:CFO;debt=yfinance:totalDebt;ebitda=yfinance:ebitda;equity=jquants:Eq;equity_to_assets=jquants:EqAR;shares=jquants:ShOutFY;total_assets=jquants:TA,2026-04-30
8179,"ROYAL HOLDINGS Co., Ltd.",99723724.0,570.151,54793000000.0,132792000000.0,47013998592.0,14487000000.0,16640000000.0,,1566000000.0,0.409,2048000000.0,1QFinancialStatements_Consolidated_JP,2026-12-31,,yfinance,bps=yfinance:bookValue;cash=jquants:CashEq;cfo=jquants:CFO;debt=yfinance:totalDebt;ebitda=yfinance:ebitda;equity=jquants:Eq;equity_to_assets=jquants:EqAR;shares=jquants:ShOutFY;total_assets=jquants:TA,2026-05-14
8194,LIFE CORPORATION,90501600.0,1797.72,155534000000.0,335246000000.0,27868000256.0,26592000000.0,42376249344.0,,26006000000.0,0.464,74477000000.0,FYFinancialStatements_Consolidated_JP,2027-02-28,2028-02-28,yfinance,bps=jquants:BPS;cash=jquants:CashEq;cfo=jquants:CFO;debt=yfinance:totalDebt;ebitda=yfinance:ebitda;equity=jquants:Eq;equity_to_assets=jquants:EqAR;shares=jquants:ShOutFY;total_assets=jquants:TA,2026-04-09
8200,"RINGER HUT CO.,LTD.",26067972.0,587.75,15231000000.0,31124000000.0,9216000000.0,2296000000.0,3729999872.0,,1418000000.0,0.489,2945000000.0,FYFinancialStatements_Consolidated_JP,2027-02-28,2028-02-28,yfinance,bps=jquants:BPS;cash=jquants:CashEq;cfo=jquants:CFO;debt=yfinance:totalDebt;ebitda=yfinance:ebitda;equity=jquants:Eq;equity_to_assets=jquants:EqAR;shares=jquants:ShOutFY;total_assets=jquants:TA,2026-04-10
8214,AOKI Holdings Inc.,86649504.0,1721.79,145208000000.0,225455000000.0,25396000768.0,27008000000.0,26020499456.0,,16947000000.0,0.643,17635000000.0,FYFinancialStatements_Consolidated_JP,2027-03-31,2028-03-31,yfinance,bps=jquants:BPS;cash=jquants:CashEq;cfo=jquants:CFO;debt=yfinance:totalDebt;ebitda=yfinance:ebitda;equity=jquants:Eq;equity_to_assets=jquants:EqAR;shares=jquants:ShOutFY;total_assets=jquants:TA,2026-05-12
8218,"KOMERI CO.,LTD.",53809168.0,5472.59,256979000000.0,394194000000.0,33721999360.0,12002000000.0,37166501888.0,,23055000000.0,0.652,23825000000.0,FYFinancialStatements_Consolidated_JP,2027-03-31,2028-03-31,yfinance,bps=jquants:BPS;cash=jquants:CashEq;cfo=jquants:CFO;debt=yfinance:totalDebt;ebitda=yfinance:ebitda;equity=jquants:Eq;equity_to_assets=jquants:EqAR;shares=jquants:ShOutFY;total_assets=jquants:TA,2026-04-28
8219,"AOYAMA TRADING Co.,Ltd.",151182048.0,1247.6,180853000000.0,306096000000.0,73112002560.0,48534000000.0,18200000512.0,,10588000000.0,0.579,9995000000.0,FYFinancialStatements_Consolidated_JP,2027-03-31,2028-03-31,yfinance,bps=jquants:BPS;cash=jquants:CashEq;cfo=jquants:CFO;debt=yfinance:totalDebt;ebitda=yfinance:ebitda;equity=jquants:Eq;equity_to_assets=jquants:EqAR;shares=jquants:ShOutFY;total_assets=jquants:TA,2026-05-12
8227,"SHIMAMURA Co.,Ltd.",221479794.0,2353.09,488545000000.0,554667000000.0,0.0,127185000000.0,71356997632.0,,61483000000.0,0.881,48052000000.0,FYFinancialStatements_Consolidated_JP,2027-02-20,2028-02-20,yfinance,bps=jquants:BPS;cash=jquants:CashEq;cfo=jquants:CFO;debt=yfinance:totalDebt;ebitda=yfinance:ebitda;equity=jquants:Eq;equity_to_assets=jquants:EqAR;shares=jquants:ShOutFY;total_assets=jquants:TA,2026-03-30
8233,"Takashimaya Company,Limited",305208916.0,1535.03,477749000000.0,1346229000000.0,416661012480.0,77441000000.0,91627003904.0,,53516000000.0,0.334,53837000000.0,FYFinancialStatements_Consolidated_JP,2027-02-28,2028-02-28,yfinance,bps=jquants:BPS;cash=jquants:CashEq;cfo=jquants:CFO;debt=yfinance:totalDebt;ebitda=yfinance:ebitda;equity=jquants:Eq;equity_to_assets=jquants:EqAR;shares=jquants:ShOutFY;total_assets=jquants:TA,2026-04-14
8237,"MATSUYA CO.,LTD.",53289640.0,524.98,27478000000.0,76138000000.0,25046999040.0,4694000000.0,13886749696.0,,2636000000.0,0.35,4722000000.0,FYFinancialStatements_Consolidated_JP,2027-02-28,2028-02-28,yfinance,bps=jquants:BPS;cash=jquants:CashEq;cfo=jquants:CFO;debt=yfinance:totalDebt;ebitda=yfinance:ebitda;equity=jquants:Eq;equity_to_assets=jquants:EqAR;shares=jquants:ShOutFY;total_assets=jquants:TA,2026-04-14
8242,H2O RETAILING CORPORATION,125201396.0,2695.07,325440000000.0,714709000000.0,142670004224.0,57812000000.0,60503748608.0,,32386000000.0,0.434,48333000000.0,FYFinancialStatements_Consolidated_JP,2027-03-31,2028-03-31,yfinance,bps=jquants:BPS;cash=jquants:CashEq;cfo=jquants:CFO;debt=yfinance:totalDebt;ebitda=yfinance:ebitda;equity=jquants:Eq;equity_to_assets=jquants:EqAR;shares=jquants:ShOutFY;total_assets=jquants:TA,2026-05-12
8252,"MARUI GROUP CO.,LTD.",183660417.0,1359.01,244821000000.0,1141276000000.0,806240976896.0,53548000000.0,69148000256.0,,50211000000.0,0.214,-48397000000.0,FYFinancialStatements_Consolidated_JP,2027-03-31,2028-03-31,yfinance,bps=jquants:BPS;cash=jquants:CashEq;cfo=jquants:CFO;debt=yfinance:totalDebt;ebitda=yfinance:ebitda;equity=jquants:Eq;equity_to_assets=jquants:EqAR;shares=jquants:ShOutFY;total_assets=jquants:TA,2026-05-15
8253,"Credit Saison Co.,Ltd.",185444772.0,5296.01,775541000000.0,4952181000000.0,3668977909760.0,112317000000.0,178798493696.0,,,0.154,-135671000000.0,FYFinancialStatements_Consolidated_IFRS,2027-03-31,2028-03-31,yfinance,bps=jquants:BPS;cash=jquants:CashEq;cfo=jquants:CFO;debt=yfinance:totalDebt;ebitda=yfinance:ebitda;equity=jquants:Eq;equity_to_assets=jquants:EqAR;shares=jquants:ShOutFY;total_assets=jquants:TA,2026-06-05
8267,"AEON CO.,LTD.",2783529021.0,440.4,2204267000000.0,15369658000000.0,4057383043072.0,1263123000000.0,677732024320.0,,270459000000.0,0.079,1126589000000.0,FYFinancialStatements_Consolidated_JP,2027-02-28,2028-02-28,yfinance,bps=jquants:BPS;cash=jquants:CashEq;cfo=jquants:CFO;debt=yfinance:totalDebt;ebitda=yfinance:ebitda;equity=jquants:Eq;equity_to_assets=jquants:EqAR;shares=jquants:ShOutFY;total_assets=jquants:TA,2026-04-09
8273,"IZUMI CO.,LTD.",214995600.0,1399.38,307939000000.0,595383000000.0,116163002368.0,28088000000.0,51278000128.0,,27236000000.0,0.494,64515000000.0,FYFinancialStatements_Consolidated_JP,2027-02-28,2028-02-28,yfinance,bps=jquants:BPS;cash=jquants:CashEq;cfo=jquants:CFO;debt=yfinance:totalDebt;ebitda=yfinance:ebitda;equity=jquants:Eq;equity_to_assets=jquants:EqAR;shares=jquants:ShOutFY;total_assets=jquants:TA,2026-04-14
8276,"HEIWADO CO.,LTD.",51546470.0,3959.03,197962000000.0,313095000000.0,20920999936.0,19165000000.0,26974500864.0,,13313000000.0,0.625,17784000000.0,FYFinancialStatements_Consolidated_JP,2027-02-20,2028-02-20,yfinance,bps=jquants:BPS;cash=jquants:CashEq;cfo=jquants:CFO;debt=yfinance:totalDebt;ebitda=yfinance:ebitda;equity=jquants:Eq;equity_to_assets=jquants:EqAR;shares=jquants:ShOutFY;total_assets=jquants:TA,2026-04-02
8278,"FUJI CO.,LTD.",86856954.0,2619.3,227227000000.0,415212000000.0,38272999424.0,38943000000.0,27513499648.0,,11217000000.0,0.547,37740000000.0,FYFinancialStatements_Consolidated_JP,2027-02-28,2028-02-28,yfinance,bps=jquants:BPS;cash=jquants:CashEq;cfo=jquants:CFO;debt=yfinance:totalDebt;ebitda=yfinance:ebitda;equity=jquants:Eq;equity_to_assets=jquants:EqAR;shares=jquants:ShOutFY;total_assets=jquants:TA,2026-04-07
8281,"XEBIO holdings CO.,LTD.",47911023.0,2845.71,118313000000.0,205996000000.0,12149000192.0,15808000000.0,10791000064.0,,2370000000.0,0.572,9681000000.0,FYFinancialStatements_Consolidated_JP,2027-03-31,2028-03-31,yfinance,bps=jquants:BPS;cash=jquants:CashEq;cfo=jquants:CFO;debt=yfinance:totalDebt;ebitda=yfinance:ebitda;equity=jquants:Eq;equity_to_assets=jquants:EqAR;shares=jquants:ShOutFY;total_assets=jquants:TA,2026-05-15
8282,K'S HOLDINGS CORPORATION,168000000.0,1609.62,248875000000.0,422482000000.0,59300999168.0,10858000000.0,47175999488.0,,26799000000.0,0.589,37521000000.0,FYFinancialStatements_Consolidated_JP,2027-03-31,2028-03-31,yfinance,bps=jquants:BPS;cash=jquants:CashEq;cfo=jquants:CFO;debt=yfinance:totalDebt;ebitda=yfinance:ebitda;equity=jquants:Eq;equity_to_assets=jquants:EqAR;shares=jquants:ShOutFY;total_assets=jquants:TA,2026-05-08
8283,PALTAC CORPORATION,62000000.0,4963.27,301738000000.0,532171000000.0,0.0,83282000000.0,28878999552.0,,26430000000.0,0.567,24929000000.0,FYFinancialStatements_NonConsolidated_JP,2027-03-31,2028-03-31,yfinance,bps=jquants:BPS;cash=jquants:CashEq;cfo=jquants:CFO;debt=yfinance:totalDebt;ebitda=yfinance:ebitda;equity=jquants:Eq;equity_to_assets=jquants:EqAR;shares=jquants:ShOutFY;total_assets=jquants:TA,2026-05-11
8303,"SBI Shinsei Bank,Limited",895500000.0,1381.19,1233041000000.0,24741359000000.0,4843629969408.0,4623613000000.0,,,,0.05,1895839000000.0,FYFinancialStatements_Consolidated_JP,2027-03-31,2028-03-31,,bps=jquants:BPS;cash=jquants:CashEq;cfo=jquants:CFO;debt=yfinance:totalDebt;equity=jquants:Eq;equity_to_assets=jquants:EqAR;shares=jquants:ShOutFY;total_assets=jquants:TA,2026-05-01
8304,"Aozora Bank,Ltd.",139789418.0,3463.73,491611000000.0,8601673000000.0,1312993968128.0,1449989000000.0,,,,0.056,132619000000.0,FYFinancialStatements_Consolidated_JP,2027-03-31,2028-03-31,,bps=jquants:BPS;cash=jquants:CashEq;cfo=jquants:CFO;debt=yfinance:totalDebt;equity=jquants:Eq;equity_to_assets=jquants:EqAR;shares=jquants:ShOutFY;total_assets=jquants:TA,2026-05-14
8306,"Mitsubishi UFJ Financial Group,Inc.",11867710920.0,1973.31,23744152000000.0,431731548000000.0,108380647587840.0,90045500000000.0,,,,0.052,-23064420000000.0,FYFinancialStatements_Consolidated_JP,2027-03-31,2028-03-31,,bps=jquants:BPS;cash=jquants:CashEq;cfo=jquants:CFO;debt=yfinance:totalDebt;equity=jquants:Eq;equity_to_assets=jquants:EqAR;shares=jquants:ShOutFY;total_assets=jquants:TA,2026-05-15
8308,"Resona Holdings, Inc.",2307136666.0,1289.54,2928363000000.0,76297892000000.0,7634417090560.0,13466181000000.0,,,,0.038,-4737585000000.0,FYFinancialStatements_Consolidated_JP,2027-03-31,2028-03-31,,bps=jquants:BPS;cash=jquants:CashEq;cfo=jquants:CFO;debt=yfinance:totalDebt;equity=jquants:Eq;equity_to_assets=jquants:EqAR;shares=jquants:ShOutFY;total_assets=jquants:TA,2026-05-12
8309,"Sumitomo Mitsui Trust Group,Inc.",698812980.0,5104.06,3590969000000.0,82174280000000.0,20052113883136.0,22551309000000.0,,,,0.043,1220375000000.0,FYFinancialStatements_Consolidated_JP,2027-03-31,2028-03-31,,bps=jquants:BPS;cash=jquants:CashEq;cfo=jquants:CFO;debt=yfinance:totalDebt;equity=jquants:Eq;equity_to_assets=jquants:EqAR;shares=jquants:ShOutFY;total_assets=jquants:TA,2026-05-14
8316,"Sumitomo Mitsui Financial Group,Inc.",3827498140.0,4135.71,15933144000000.0,328511145000000.0,59157176647680.0,59431773000000.0,,,,0.048,-10283139000000.0,FYFinancialStatements_Consolidated_JP,2027-03-31,2028-03-31,,bps=jquants:BPS;cash=jquants:CashEq;cfo=jquants:CFO;debt=yfinance:totalDebt;equity=jquants:Eq;equity_to_assets=jquants:EqAR;shares=jquants:ShOutFY;total_assets=jquants:TA,2026-05-13
8331,"The Chiba Bank,Ltd.",775521087.0,1801.69,1257300000000.0,21211781000000.0,2496382107648.0,2654890000000.0,,,,0.059,-1318746000000.0,FYFinancialStatements_Consolidated_JP,2027-03-31,2028-03-31,,bps=jquants:BPS;cash=jquants:CashEq;cfo=jquants:CFO;debt=yfinance:totalDebt;equity=jquants:Eq;equity_to_assets=jquants:EqAR;shares=jquants:ShOutFY;total_assets=jquants:TA,2026-05-15
8334,"The Gunma Bank,Ltd.",395888177.0,1636.25,619321000000.0,10855923000000.0,1250312060928.0,1335234000000.0,,,,0.057,-167915000000.0,FYFinancialStatements_Consolidated_JP,2027-03-31,2028-03-31,,bps=jquants:BPS;cash=jquants:CashEq;cfo=jquants:CFO;debt=yfinance:totalDebt;equity=jquants:Eq;equity_to_assets=jquants:EqAR;shares=jquants:ShOutFY;total_assets=jquants:TA,2026-05-11
8336,"The Musashino Bank,Ltd.",100216368.0,2835.44,280497000000.0,5648679000000.0,83441999872.0,216598000000.0,,,,0.049,-13901000000.0,FYFinancialStatements_Consolidated_JP,2027-03-31,2028-03-31,,bps=jquants:BPS;cash=jquants:CashEq;cfo=jquants:CFO;debt=yfinance:totalDebt;equity=jquants:Eq;equity_to_assets=jquants:EqAR;shares=jquants:ShOutFY;total_assets=jquants:TA,2026-05-11
8337,"The Chiba Kogyo Bank,Ltd.",62222045.0,2672.75,192812000000.0,3396610000000.0,41064001536.0,225215000000.0,,,,0.056,36363000000.0,FYFinancialStatements_Consolidated_JP,2027-03-31,2028-03-31,,bps=jquants:BPS;cash=jquants:CashEq;cfo=jquants:CFO;debt=yfinance:totalDebt;equity=jquants:Eq;equity_to_assets=jquants:EqAR;shares=jquants:ShOutFY;total_assets=jquants:TA,2026-05-14
8341,"The 77 Bank,Ltd.",229967238.0,3101.34,691904000000.0,10432807000000.0,489549987840.0,601175000000.0,,,,0.066,-454616000000.0,FYFinancialStatements_Consolidated_JP,2027-03-31,2028-03-31,,bps=jquants:BPS;cash=jquants:CashEq;cfo=jquants:CFO;debt=yfinance:totalDebt;equity=jquants:Eq;equity_to_assets=jquants:EqAR;shares=jquants:ShOutFY;total_assets=jquants:TA,2026-05-13
8346,"The Toho Bank,Ltd.",252500000.0,871.38,217747000000.0,6742383000000.0,243385008128.0,946209000000.0,,,,0.032,-90295000000.0,FYFinancialStatements_Consolidated_JP,2027-03-31,2028-03-31,,bps=jquants:BPS;cash=jquants:CashEq;cfo=jquants:CFO;debt=yfinance:totalDebt;equity=jquants:Eq;equity_to_assets=jquants:EqAR;shares=jquants:ShOutFY;total_assets=jquants:TA,2026-05-15
8354,"Fukuoka Financial Group,Inc.",191138265.0,5695.77,1076716000000.0,33559486000000.0,9027656351744.0,7092991000000.0,,,,0.032,-235421000000.0,FYFinancialStatements_Consolidated_JP,2027-03-31,2028-03-31,,bps=jquants:BPS;cash=jquants:CashEq;cfo=jquants:CFO;debt=yfinance:totalDebt;equity=jquants:Eq;equity_to_assets=jquants:EqAR;shares=jquants:ShOutFY;total_assets=jquants:TA,2026-05-13
8358,Suruga Bank Ltd.,197139248.0,1896.79,323441000000.0,3543585000000.0,10012000256.0,430500000000.0,,,,0.091,-148142000000.0,FYFinancialStatements_Consolidated_JP,2027-03-31,2028-03-31,,bps=jquants:BPS;cash=jquants:CashEq;cfo=jquants:CFO;debt=yfinance:totalDebt;equity=jquants:Eq;equity_to_assets=jquants:EqAR;shares=jquants:ShOutFY;total_assets=jquants:TA,2026-05-14
8359,"Hachijuni Nagano Bank,Ltd.",493767424.0,2534.41,1156165000000.0,13554489000000.0,2119414054912.0,2803142000000.0,,,,0.084,-440464000000.0,FYFinancialStatements_Consolidated_JP,2027-03-31,2028-03-31,,bps=jquants:BPS;cash=jquants:CashEq;cfo=jquants:CFO;debt=yfinance:totalDebt;equity=jquants:Eq;equity_to_assets=jquants:EqAR;shares=jquants:ShOutFY;total_assets=jquants:TA,2026-05-15
8360,"The Yamanashi Chuo Bank,Ltd.",32783000.0,7596.93,233694000000.0,4581480000000.0,354777006080.0,282247000000.0,,,,0.05,-221027000000.0,FYFinancialStatements_Consolidated_JP,2027-03-31,2028-03-31,,bps=jquants:BPS;cash=jquants:CashEq;cfo=jquants:CFO;debt=yfinance:totalDebt;equity=jquants:Eq;equity_to_assets=jquants:EqAR;shares=jquants:ShOutFY;total_assets=jquants:TA,2026-05-14
8361,"The Ogaki Kyoritsu Bank,Ltd.",41281897.0,8868.04,364482000000.0,6737053000000.0,366389985280.0,833319000000.0,,,,0.054,10732000000.0,FYFinancialStatements_Consolidated_JP,2027-03-31,2028-03-31,,bps=jquants:BPS;cash=jquants:CashEq;cfo=jquants:CFO;debt=yfinance:totalDebt;equity=jquants:Eq;equity_to_assets=jquants:EqAR;shares=jquants:ShOutFY;total_assets=jquants:TA,2026-05-15
8366,"THE SHIGA BANK,LTD.",240450405.0,2214.32,509025000000.0,7669084000000.0,952841011200.0,1010649000000.0,,,,0.066,2357000000.0,FYFinancialStatements_Consolidated_JP,2027-03-31,2028-03-31,,bps=jquants:BPS;cash=jquants:CashEq;cfo=jquants:CFO;debt=yfinance:totalDebt;equity=jquants:Eq;equity_to_assets=jquants:EqAR;shares=jquants:ShOutFY;total_assets=jquants:TA,2026-05-13
8367,"The Nanto Bank,Ltd.",165128280.0,1910.83,300119000000.0,6677236000000.0,387771990016.0,433817000000.0,,,,0.044,-436211000000.0,FYFinancialStatements_Consolidated_JP,2027-03-31,2028-03-31,,bps=jquants:BPS;cash=jquants:CashEq;cfo=jquants:CFO;debt=yfinance:totalDebt;equity=jquants:Eq;equity_to_assets=jquants:EqAR;shares=jquants:ShOutFY;total_assets=jquants:TA,2026-05-08
8368,"The Hyakugo Bank,Ltd.",254119000.0,2128.68,516650000000.0,7630605000000.0,724937015296.0,655535000000.0,,,,0.068,28963000000.0,FYFinancialStatements_Consolidated_JP,2027-03-31,2028-03-31,,bps=jquants:BPS;cash=jquants:CashEq;cfo=jquants:CFO;debt=yfinance:totalDebt;equity=jquants:Eq;equity_to_assets=jquants:EqAR;shares=jquants:ShOutFY;total_assets=jquants:TA,2026-05-12
8370,"The Kiyo Bank,Ltd.",67300000.0,3841.98,248566000000.0,6118931000000.0,746920017920.0,837737000000.0,,,,0.04,-8259000000.0,FYFinancialStatements_Consolidated_JP,2027-03-31,2028-03-31,,bps=jquants:BPS;cash=jquants:CashEq;cfo=jquants:CFO;debt=yfinance:totalDebt;equity=jquants:Eq;equity_to_assets=jquants:EqAR;shares=jquants:ShOutFY;total_assets=jquants:TA,2026-05-14
8377,"Hokuhoku Financial Group, Inc.",122208714.0,6041.63,732525000000.0,16963785000000.0,1328039985152.0,3537727000000.0,,,,0.043,85480000000.0,FYFinancialStatements_Consolidated_JP,2027-03-31,2028-03-31,,bps=jquants:BPS;cash=jquants:CashEq;cfo=jquants:CFO;debt=yfinance:totalDebt;equity=jquants:Eq;equity_to_assets=jquants:EqAR;shares=jquants:ShOutFY;total_assets=jquants:TA,2026-05-11
8381,"The San-in Godo Bank,Ltd.",156977472.0,2136.37,321263000000.0,9040715000000.0,1571688939520.0,1630209000000.0,,,,0.035,136276000000.0,FYFinancialStatements_Consolidated_JP,2027-03-31,2028-03-31,,bps=jquants:BPS;cash=jquants:CashEq;cfo=jquants:CFO;debt=yfinance:totalDebt;equity=jquants:Eq;equity_to_assets=jquants:EqAR;shares=jquants:ShOutFY;total_assets=jquants:TA,2026-05-15
8386,"The Hyakujushi Bank,Ltd.",114520000.0,3399.29,384426000000.0,5845803000000.0,409339002880.0,862119000000.0,,,,0.066,-140067000000.0,FYFinancialStatements_Consolidated_JP,2027-03-31,2028-03-31,,bps=jquants:BPS;cash=jquants:CashEq;cfo=jquants:CFO;debt=yfinance:totalDebt;equity=jquants:Eq;equity_to_assets=jquants:EqAR;shares=jquants:ShOutFY;total_assets=jquants:TA,2026-05-12
8388,"The Awa Bank,Ltd.",40000000.0,10279.14,399617000000.0,4171990000000.0,191121997824.0,345180000000.0,,,,0.095,13580000000.0,FYFinancialStatements_Consolidated_JP,2027-03-31,2028-03-31,,bps=jquants:BPS;cash=jquants:CashEq;cfo=jquants:CFO;debt=yfinance:totalDebt;equity=jquants:Eq;equity_to_assets=jquants:EqAR;shares=jquants:ShOutFY;total_assets=jquants:TA,2026-05-15
8399,"Bank of The Ryukyus,Limited",43108470.0,3548.01,145524000000.0,3108258000000.0,14417999872.0,160634000000.0,,,,0.047,21722000000.0,FYFinancialStatements_Consolidated_JP,2027-03-31,2028-03-31,,bps=jquants:BPS;cash=jquants:CashEq;cfo=jquants:CFO;debt=yfinance:totalDebt;equity=jquants:Eq;equity_to_assets=jquants:EqAR;shares=jquants:ShOutFY;total_assets=jquants:TA,2026-05-12
8410,"Seven Bank,Ltd.",1179308000.0,240.14,286265000000.0,1545743000000.0,110632001536.0,892764000000.0,,,,0.181,83930000000.0,FYFinancialStatements_Consolidated_JP,2027-03-31,2028-03-31,,bps=jquants:BPS;cash=jquants:CashEq;cfo=jquants:CFO;debt=yfinance:totalDebt;equity=jquants:Eq;equity_to_assets=jquants:EqAR;shares=jquants:ShOutFY;total_assets=jquants:TA,2026-05-08
8411,"Mizuho Financial Group,Inc.",2489848594.0,4640.23,11403890000000.0,302240042000000.0,75297177206784.0,59677580000000.0,,,,0.037,-4838533000000.0,FYFinancialStatements_Consolidated_JP,2027-03-31,2028-03-31,,bps=jquants:BPS;cash=jquants:CashEq;cfo=jquants:CFO;debt=yfinance:totalDebt;equity=jquants:Eq;equity_to_assets=jquants:EqAR;shares=jquants:ShOutFY;total_assets=jquants:TA,2026-05-15
8418,"Yamaguchi Financial Group,Inc.",234767616.0,3242.96,670231000000.0,13180464000000.0,1230523990016.0,1647908000000.0,,,,0.051,-245099000000.0,FYFinancialStatements_Consolidated_JP,2027-03-31,2028-03-31,,bps=jquants:BPS;cash=jquants:CashEq;cfo=jquants:CFO;debt=yfinance:totalDebt;equity=jquants:Eq;equity_to_assets=jquants:EqAR;shares=jquants:ShOutFY;total_assets=jquants:TA,2026-05-08
8424,"Fuyo General Lease Co.,Ltd.",90863430.0,5575.11,568309000000.0,3843725000000.0,2977665908736.0,79911000000.0,56722251776.0,,40542000000.0,0.131,-164915000000.0,FYFinancialStatements_Consolidated_JP,2027-03-31,2028-03-31,yfinance,bps=jquants:BPS;cash=jquants:CashEq;cfo=jquants:CFO;debt=yfinance:totalDebt;ebitda=yfinance:ebitda;equity=jquants:Eq;equity_to_assets=jquants:EqAR;shares=jquants:ShOutFY;total_assets=jquants:TA,2026-05-12
8425,"Mizuho Leasing Company,Limited",282666300.0,1527.83,454469000000.0,4175256000000.0,3597904117760.0,88801000000.0,72188002304.0,,44674000000.0,0.103,-18413000000.0,FYFinancialStatements_Consolidated_JP,2027-03-31,2028-03-31,yfinance,bps=jquants:BPS;cash=jquants:CashEq;cfo=jquants:CFO;debt=yfinance:totalDebt;ebitda=yfinance:ebitda;equity=jquants:Eq;equity_to_assets=jquants:EqAR;shares=jquants:ShOutFY;total_assets=jquants:TA,2026-06-04
8439,Tokyo Century Corporation,492113280.0,2292.54,1252593000000.0,7214810000000.0,5346352955392.0,219668000000.0,447947243520.0,,148306000000.0,0.155,-76934000000.0,FYFinancialStatements_Consolidated_JP,2027-03-31,2028-03-31,yfinance,bps=jquants:BPS;cash=jquants:CashEq;cfo=jquants:CFO;debt=yfinance:totalDebt;ebitda=yfinance:ebitda;equity=jquants:Eq;equity_to_assets=jquants:EqAR;shares=jquants:ShOutFY;total_assets=jquants:TA,2026-05-11
8473,"SBI Holdings,Inc.",661122614.0,2776.99,2413363000000.0,38290797000000.0,7493142970368.0,6400580000000.0,1002704011264.0,,,0.047,1694751000000.0,FYFinancialStatements_Consolidated_IFRS,2027-03-31,2028-03-31,yfinance,bps=jquants:BPS;cash=jquants:CashEq;cfo=jquants:CFO;debt=yfinance:totalDebt;ebitda=yfinance:ebitda;equity=jquants:Eq;equity_to_assets=jquants:EqAR;shares=jquants:ShOutFY;total_assets=jquants:TA,2026-05-01
8511,"Japan Securities Finance Co.,Ltd.",83000000.0,1698.06,137494000000.0,15518633000000.0,14045070491648.0,1559712000000.0,19417249792.0,,14016000000.0,0.009,135034000000.0,FYFinancialStatements_Consolidated_JP,2027-03-31,2028-03-31,yfinance,bps=jquants:BPS;cash=jquants:CashEq;cfo=jquants:CFO;debt=yfinance:totalDebt;ebitda=yfinance:ebitda;equity=jquants:Eq;equity_to_assets=jquants:EqAR;shares=jquants:ShOutFY;total_assets=jquants:TA,2026-05-14
8522,"The Bank of Nagoya,Ltd.",49366461.0,6380.28,313890000000.0,6272701000000.0,379129987072.0,764836000000.0,,,,0.05,140190000000.0,FYFinancialStatements_Consolidated_JP,2027-03-31,2028-03-31,,bps=jquants:BPS;cash=jquants:CashEq;cfo=jquants:CFO;debt=yfinance:totalDebt;equity=jquants:Eq;equity_to_assets=jquants:EqAR;shares=jquants:ShOutFY;total_assets=jquants:TA,2026-05-12
8524,"North Pacific Bank,Ltd.",378060179.0,1035.74,391626000000.0,13271307000000.0,1334115958784.0,2263763000000.0,,,,0.029,-375126000000.0,FYFinancialStatements_Consolidated_JP,2027-03-31,2028-03-31,,bps=jquants:BPS;cash=jquants:CashEq;cfo=jquants:CFO;debt=yfinance:totalDebt;equity=jquants:Eq;equity_to_assets=jquants:EqAR;shares=jquants:ShOutFY;total_assets=jquants:TA,2026-05-13
8544,"The Keiyo Bank,Ltd.",126427858.0,2695.12,330501000000.0,6653408000000.0,590798979072.0,868875000000.0,,,,0.048,-112068000000.0,FYFinancialStatements_Consolidated_JP,2027-03-31,2028-03-31,,bps=jquants:BPS;cash=jquants:CashEq;cfo=jquants:CFO;debt=yfinance:totalDebt;equity=jquants:Eq;equity_to_assets=jquants:EqAR;shares=jquants:ShOutFY;total_assets=jquants:TA,2026-05-12
8566,"RICOH LEASING COMPANY,LTD.",31243223.0,7840.55,241680000000.0,1465563000000.0,1114799996928.0,7208000000.0,46432251904.0,,20621000000.0,0.165,-51725000000.0,FYFinancialStatements_Consolidated_JP,2027-03-31,2028-03-31,yfinance,bps=jquants:BPS;cash=jquants:CashEq;cfo=jquants:CFO;debt=yfinance:totalDebt;ebitda=yfinance:ebitda;equity=jquants:Eq;equity_to_assets=jquants:EqAR;shares=jquants:ShOutFY;total_assets=jquants:TA,2026-05-08
8570,"AEON Financial Service Co.,Ltd.",216010128.0,2208.77,625209000000.0,8313956000000.0,1405102981120.0,662791000000.0,,,60655000000.0,0.057,307244000000.0,FYFinancialStatements_Consolidated_JP,2027-02-28,2028-02-28,,bps=jquants:BPS;cash=jquants:CashEq;cfo=jquants:CFO;debt=yfinance:totalDebt;equity=jquants:Eq;equity_to_assets=jquants:EqAR;shares=jquants:ShOutFY;total_assets=jquants:TA,2026-04-08
8572,"ACOM CO.,LTD.",1566614098.0,458.96,782455000000.0,1616379000000.0,743171031040.0,80397000000.0,110834753536.0,,100394000000.0,0.445,12096000000.0,FYFinancialStatements_Consolidated_JP,2027-03-31,2028-03-31,yfinance,bps=jquants:BPS;cash=jquants:CashEq;cfo=jquants:CFO;debt=yfinance:totalDebt;ebitda=yfinance:ebitda;equity=jquants:Eq;equity_to_assets=jquants:EqAR;shares=jquants:ShOutFY;total_assets=jquants:TA,2026-05-12
8584,"JACCS CO.,LTD.",45059992.0,6625.0,302376000000.0,3752420000000.0,2911049875456.0,144634000000.0,24355000320.0,,20414000000.0,0.079,23136000000.0,FYFinancialStatements_Consolidated_JP,2027-03-31,2028-03-31,yfinance,bps=jquants:BPS;cash=jquants:CashEq;cfo=jquants:CFO;debt=yfinance:totalDebt;ebitda=yfinance:ebitda;equity=jquants:Eq;equity_to_assets=jquants:EqAR;shares=jquants:ShOutFY;total_assets=jquants:TA,2026-05-15
8585,Orient Corporation,171888020.0,1463.12,257188000000.0,2844481000000.0,2171444002816.0,154579000000.0,33599000576.0,,14444000000.0,0.088,22123000000.0,FYFinancialStatements_Consolidated_JP,2027-03-31,2028-03-31,yfinance,bps=jquants:BPS;cash=jquants:CashEq;cfo=jquants:CFO;debt=yfinance:totalDebt;ebitda=yfinance:ebitda;equity=jquants:Eq;equity_to_assets=jquants:EqAR;shares=jquants:ShOutFY;total_assets=jquants:TA,2026-05-15
8591,ORIX CORPORATION,1124106624.0,4080.24,4573068000000.0,18002776000000.0,6308802068480.0,1451099000000.0,1152645988352.0,,456248000000.0,0.249,1369567000000.0,FYFinancialStatements_Consolidated_US,2027-03-31,2028-03-31,yfinance,bps=jquants:BPS;cash=jquants:CashEq;cfo=jquants:CFO;debt=yfinance:totalDebt;ebitda=yfinance:ebitda;equity=jquants:Eq;equity_to_assets=jquants:EqAR;shares=jquants:ShOutFY;total_assets=jquants:TA,2026-05-11
8593,Mitsubishi HC Capital Inc.,1466912244.0,1385.22,2008779000000.0,13089557000000.0,10104867913728.0,346045000000.0,266651254784.0,,240428000000.0,0.152,-367537000000.0,FYFinancialStatements_Consolidated_JP,2027-03-31,2028-03-31,yfinance,bps=jquants:BPS;cash=jquants:CashEq;cfo=jquants:CFO;debt=yfinance:totalDebt;ebitda=yfinance:ebitda;equity=jquants:Eq;equity_to_assets=jquants:EqAR;shares=jquants:ShOutFY;total_assets=jquants:TA,2026-05-15
8595,"JAFCO Group Co.,Ltd.",54250000.0,2548.7,134113000000.0,157856000000.0,15148999680.0,61183000000.0,5481249792.0,,5607000000.0,0.85,5587000000.0,FYFinancialStatements_NonConsolidated_JP,2027-03-31,2028-03-31,yfinance,bps=jquants:BPS;cash=jquants:CashEq;cfo=jquants:CFO;debt=yfinance:totalDebt;ebitda=yfinance:ebitda;equity=jquants:Eq;equity_to_assets=jquants:EqAR;shares=jquants:ShOutFY;total_assets=jquants:TA,2026-04-24
8600,"TOMONY Holdings,Inc.",193533011.0,1530.36,297373000000.0,5204096000000.0,140652003328.0,480962000000.0,,,,0.056,17481000000.0,FYFinancialStatements_Consolidated_JP,2027-03-31,2028-03-31,,bps=jquants:BPS;cash=jquants:CashEq;cfo=jquants:CFO;debt=yfinance:totalDebt;equity=jquants:Eq;equity_to_assets=jquants:EqAR;shares=jquants:ShOutFY;total_assets=jquants:TA,2026-05-14
8601,Daiwa Securities Group Inc.,1569378772.0,1272.72,2045809000000.0,38077646000000.0,25366362062848.0,3772624000000.0,,,207333000000.0,0.046,438963000000.0,FYFinancialStatements_Consolidated_JP,2027-03-31,2028-03-31,,bps=jquants:BPS;cash=jquants:CashEq;cfo=jquants:CFO;debt=yfinance:totalDebt;equity=jquants:Eq;equity_to_assets=jquants:EqAR;shares=jquants:ShOutFY;total_assets=jquants:TA,2026-04-27
8604,"Nomura Holdings, Inc.",3088562601.0,1277.99,3854915000000.0,62645925000000.0,37764913430528.0,4318722000000.0,,,,0.059,-842960000000.0,FYFinancialStatements_Consolidated_US,2027-03-31,2028-03-31,,bps=jquants:BPS;cash=jquants:CashEq;cfo=jquants:CFO;debt=yfinance:totalDebt;equity=jquants:Eq;equity_to_assets=jquants:EqAR;shares=jquants:ShOutFY;total_assets=jquants:TA,2026-04-24
8609,OKASAN SECURITIES GROUP INC.,231217073.0,1153.57,230972000000.0,1401090000000.0,538678001664.0,78257000000.0,,,18730000000.0,0.165,62847000000.0,FYFinancialStatements_Consolidated_JP,2027-03-31,2028-03-31,,bps=jquants:BPS;cash=jquants:CashEq;cfo=jquants:CFO;debt=yfinance:totalDebt;equity=jquants:Eq;equity_to_assets=jquants:EqAR;shares=jquants:ShOutFY;total_assets=jquants:TA,2026-04-28
8613,"Marusan Securities Co.,Ltd.",67398262.0,773.66,51444000000.0,88476000000.0,900000000.0,35588000000.0,,,5375000000.0,0.58,9293000000.0,FYFinancialStatements_NonConsolidated_JP,2027-03-31,2028-03-31,,bps=jquants:BPS;cash=jquants:CashEq;cfo=jquants:CFO;debt=yfinance:totalDebt;equity=jquants:Eq;equity_to_assets=jquants:EqAR;shares=jquants:ShOutFY;total_assets=jquants:TA,2026-04-28
8616,"Tokai Tokyo Financial Holdings,Inc.",260582115.0,770.74,209529000000.0,1526284000000.0,657681022976.0,92623000000.0,,,14815000000.0,0.128,4737000000.0,FYFinancialStatements_Consolidated_JP,2027-03-31,2028-03-31,,bps=jquants:BPS;cash=jquants:CashEq;cfo=jquants:CFO;debt=yfinance:totalDebt;equity=jquants:Eq;equity_to_assets=jquants:EqAR;shares=jquants:ShOutFY;total_assets=jquants:TA,2026-05-20
8628,"MATSUI SECURITIES CO.,LTD.",259264702.0,318.39,82347000000.0,1354059000000.0,509403004928.0,81748000000.0,,,23462000000.0,0.061,3468000000.0,FYFinancialStatements_NonConsolidated_JP,2027-03-31,2028-03-31,,bps=jquants:BPS;cash=jquants:CashEq;cfo=jquants:CFO;debt=yfinance:totalDebt;equity=jquants:Eq;equity_to_assets=jquants:EqAR;shares=jquants:ShOutFY;total_assets=jquants:TA,2026-04-27
8630,"Sompo Holdings,Inc.",934228767.0,5791.94,5291009000000.0,18603704000000.0,956501000192.0,1134996000000.0,1036608471040.0,,,0.278,706419000000.0,FYFinancialStatements_Consolidated_IFRS,2027-03-31,2028-03-31,yfinance,bps=jquants:BPS;cash=jquants:CashEq;cfo=jquants:CFO;debt=yfinance:totalDebt;ebitda=yfinance:ebitda;equity=jquants:Eq;equity_to_assets=jquants:EqAR;shares=jquants:ShOutFY;total_assets=jquants:TA,2026-05-20
8697,"Japan Exchange Group,Inc.",1031785336.0,335.64,357609000000.0,71599566000000.0,52494999552.0,110471000000.0,150845751296.0,,116289000000.0,0.005,107749000000.0,FYFinancialStatements_Consolidated_IFRS,2027-03-31,2028-03-31,yfinance,bps=jquants:BPS;cash=jquants:CashEq;cfo=jquants:CFO;debt=yfinance:totalDebt;ebitda=yfinance:ebitda;equity=jquants:Eq;equity_to_assets=jquants:EqAR;shares=jquants:ShOutFY;total_assets=jquants:TA,2026-04-28
8698,"Monex Group,Inc.",251647100.0,502.84,129970000000.0,746768000000.0,129698996224.0,52786000000.0,,,,0.169,17806000000.0,FYFinancialStatements_Consolidated_IFRS,2027-03-31,2028-03-31,,bps=jquants:BPS;cash=jquants:CashEq;cfo=jquants:CFO;debt=yfinance:totalDebt;equity=jquants:Eq;equity_to_assets=jquants:EqAR;shares=jquants:ShOutFY;total_assets=jquants:TA,2026-05-12
8706,"KYOKUTO SECURITIES CO.,LTD.",32779000.0,1667.06,52509000000.0,80600000000.0,11601999872.0,11531000000.0,,,3039000000.0,0.651,-2362000000.0,FYFinancialStatements_Consolidated_JP,2027-03-31,2028-03-31,,bps=jquants:BPS;cash=jquants:CashEq;cfo=jquants:CFO;debt=yfinance:totalDebt;equity=jquants:Eq;equity_to_assets=jquants:EqAR;shares=jquants:ShOutFY;total_assets=jquants:TA,2026-04-24
8707,"IwaiCosmo Holdings,Inc.",25012800.0,3163.05,74295000000.0,213027000000.0,10216999936.0,5560000000.0,,,13007000000.0,0.349,2305000000.0,FYFinancialStatements_Consolidated_JP,2027-03-31,2028-03-31,,bps=jquants:BPS;cash=jquants:CashEq;cfo=jquants:CFO;debt=yfinance:totalDebt;equity=jquants:Eq;equity_to_assets=jquants:EqAR;shares=jquants:ShOutFY;total_assets=jquants:TA,2026-04-24
8714,"Senshu Ikeda Holdings,Inc.",281008632.0,900.0,253924000000.0,6595981000000.0,388752998400.0,700300000000.0,,,,0.037,27505000000.0,FYFinancialStatements_Consolidated_JP,2027-03-31,2028-03-31,,bps=jquants:BPS;cash=jquants:CashEq;cfo=jquants:CFO;debt=yfinance:totalDebt;equity=jquants:Eq;equity_to_assets=jquants:EqAR;shares=jquants:ShOutFY;total_assets=jquants:TA,2026-05-15
8715,"Anicom Holdings,Inc.",74939160.0,395.06,28942000000.0,76693000000.0,10103000064.0,9092000000.0,8170749952.0,,,0.379,4820000000.0,FYFinancialStatements_Consolidated_JP,2027-03-31,2028-03-31,yfinance,bps=jquants:BPS;cash=jquants:CashEq;cfo=jquants:CFO;debt=yfinance:totalDebt;ebitda=yfinance:ebitda;equity=jquants:Eq;equity_to_assets=jquants:EqAR;shares=jquants:ShOutFY;total_assets=jquants:TA,2026-05-13
8725,"MS&AD Insurance Group Holdings,Inc.",1492551732.0,3286.85,4825140000000.0,28640815000000.0,1697015005184.0,2222892000000.0,1350446743552.0,,,0.167,762608000000.0,FYFinancialStatements_Consolidated_JP,2027-03-31,2028-03-31,yfinance,bps=jquants:BPS;cash=jquants:CashEq;cfo=jquants:CFO;debt=yfinance:totalDebt;ebitda=yfinance:ebitda;equity=jquants:Eq;equity_to_assets=jquants:EqAR;shares=jquants:ShOutFY;total_assets=jquants:TA,2026-05-20
8729,Sony Financial Group Inc.,6770358214.0,93.74,629284000000.0,23807190000000.0,1740232982528.0,483159000000.0,957211279360.0,,,0.026,445493000000.0,FYFinancialStatements_Consolidated_JP,2027-03-31,2028-03-31,yfinance,bps=jquants:BPS;cash=jquants:CashEq;cfo=jquants:CFO;debt=yfinance:totalDebt;ebitda=yfinance:ebitda;equity=jquants:Eq;equity_to_assets=jquants:EqAR;shares=jquants:ShOutFY;total_assets=jquants:TA,2026-05-14
8750,"Daiichi Life Group,Inc.",3621895219.0,1181.36,4254212000000.0,74159096000000.0,1378645966848.0,2087588000000.0,1452187189248.0,,,0.057,792158000000.0,FYFinancialStatements_Consolidated_JP,2027-03-31,2028-03-31,yfinance,bps=jquants:BPS;cash=jquants:CashEq;cfo=jquants:CFO;debt=yfinance:totalDebt;ebitda=yfinance:ebitda;equity=jquants:Eq;equity_to_assets=jquants:EqAR;shares=jquants:ShOutFY;total_assets=jquants:TA,2026-05-15
8766,"Tokio Marine Holdings,Inc.",1934000000.0,2885.44,5457571000000.0,31961940000000.0,772566024192.0,2085069000000.0,974387740672.0,,,0.17,584259000000.0,FYFinancialStatements_Consolidated_JP,2027-03-31,2028-03-31,yfinance,bps=jquants:BPS;cash=jquants:CashEq;cfo=jquants:CFO;debt=yfinance:totalDebt;ebitda=yfinance:ebitda;equity=jquants:Eq;equity_to_assets=jquants:EqAR;shares=jquants:ShOutFY;total_assets=jquants:TA,2026-05-20
8771,"eGuarantee,Inc.",45335467.0,455.3,22424000000.0,29398000000.0,0.0,8713000000.0,5359259136.0,,5201000000.0,0.688,4013000000.0,FYFinancialStatements_Consolidated_JP,2027-03-31,2028-03-31,yfinance,bps=jquants:BPS;cash=jquants:CashEq;cfo=jquants:CFO;debt=yfinance:totalDebt;ebitda=yfinance:ebitda;equity=jquants:Eq;equity_to_assets=jquants:EqAR;shares=jquants:ShOutFY;total_assets=jquants:TA,2026-05-15
8795,"T&D Holdings, Inc.",488000000.0,3359.12,1617637000000.0,17318329000000.0,231981006848.0,696151000000.0,537001984000.0,,,0.093,150221000000.0,FYFinancialStatements_Consolidated_JP,2027-03-31,2028-03-31,yfinance,bps=jquants:BPS;cash=jquants:CashEq;cfo=jquants:CFO;debt=yfinance:totalDebt;ebitda=yfinance:ebitda;equity=jquants:Eq;equity_to_assets=jquants:EqAR;shares=jquants:ShOutFY;total_assets=jquants:TA,2026-05-15
8801,"Mitsui Fudosan Co.,Ltd.",2755914511.0,1206.06,3384844000000.0,10103474000000.0,5091881910272.0,82317000000.0,494775992320.0,,397788000000.0,0.324,145270000000.0,FYFinancialStatements_Consolidated_JP,2027-03-31,2028-03-31,yfinance,bps=jquants:BPS;cash=jquants:CashEq;cfo=jquants:CFO;debt=yfinance:totalDebt;ebitda=yfinance:ebitda;equity=jquants:Eq;equity_to_assets=jquants:EqAR;shares=jquants:ShOutFY;total_assets=jquants:TA,2026-05-13
8802,"Mitsubishi Estate Company,Limited",1217233706.0,2229.21,2877585000000.0,8566247000000.0,3779558899712.0,280133000000.0,502003236864.0,,329730000000.0,0.314,508917000000.0,FYFinancialStatements_Consolidated_JP,2027-03-31,2028-03-31,yfinance,bps=jquants:BPS;cash=jquants:CashEq;cfo=jquants:CFO;debt=yfinance:totalDebt;ebitda=yfinance:ebitda;equity=jquants:Eq;equity_to_assets=jquants:EqAR;shares=jquants:ShOutFY;total_assets=jquants:TA,2026-05-13
8803,"HEIWA REAL ESTATE CO.,LTD.",71019992.0,1918.61,126763000000.0,451838000000.0,262538002432.0,24425000000.0,20595249152.0,,15109000000.0,0.281,14852000000.0,FYFinancialStatements_Consolidated_JP,2027-03-31,2028-03-31,yfinance,bps=jquants:BPS;cash=jquants:CashEq;cfo=jquants:CFO;debt=yfinance:totalDebt;ebitda=yfinance:ebitda;equity=jquants:Eq;equity_to_assets=jquants:EqAR;shares=jquants:ShOutFY;total_assets=jquants:TA,2026-04-30
8804,"Tokyo Tatemono Co.,Ltd.",207978574.0,2847.7,603634000000.0,2388580000000.0,1535081971712.0,94283997184.0,127041003520.0,,12645000000.0,0.248,,1QFinancialStatements_Consolidated_JP,2026-12-31,,yfinance,bps=jquants:BPS;cash=yfinance:totalCash;debt=yfinance:totalDebt;ebitda=yfinance:ebitda;equity=jquants:Eq;equity_to_assets=jquants:EqAR;shares=jquants:ShOutFY;total_assets=jquants:TA,2026-05-13
8830,"Sumitomo Realty & Development Co.,Ltd.",936000000.0,2675.04,2470712000000.0,7185691000000.0,3993224871936.0,58286000000.0,376916246528.0,,299155000000.0,0.344,127287000000.0,EarnForecastRevision,2027-03-31,2028-03-31,yfinance,bps=jquants:BPS;cash=jquants:CashEq;cfo=jquants:CFO;debt=yfinance:totalDebt;ebitda=yfinance:ebitda;equity=jquants:Eq;equity_to_assets=jquants:EqAR;shares=jquants:ShOutFY;total_assets=jquants:TA,2026-05-13
8848,LEOPALACE21 CORPORATION,334415678.0,127.98,46393000000.0,176574000000.0,32447000576.0,55924000000.0,38939750400.0,,35966000000.0,0.23,38467000000.0,FYFinancialStatements_Consolidated_JP,2027-03-31,2028-03-31,yfinance,bps=jquants:BPS;cash=jquants:CashEq;cfo=jquants:CFO;debt=yfinance:totalDebt;ebitda=yfinance:ebitda;equity=jquants:Eq;equity_to_assets=jquants:EqAR;shares=jquants:ShOutFY;total_assets=jquants:TA,2026-05-15
8850,STARTS CORPORATION INC.,53998205.0,3986.78,192571000000.0,352746000000.0,72340996096.0,74904000000.0,43163000832.0,,36272000000.0,0.535,17221000000.0,EarnForecastRevision,2027-03-31,2028-03-31,yfinance,bps=jquants:BPS;cash=jquants:CashEq;cfo=jquants:CFO;debt=yfinance:totalDebt;ebitda=yfinance:ebitda;equity=jquants:Eq;equity_to_assets=jquants:EqAR;shares=jquants:ShOutFY;total_assets=jquants:TA,2026-05-11
8871,"GOLDCREST Co.,Ltd.",35784000.0,4091.52,135982000000.0,323030000000.0,168500002816.0,58418000000.0,14929000448.0,,8909000000.0,0.421,-5024000000.0,FYFinancialStatements_Consolidated_JP,2027-03-31,2028-03-31,yfinance,bps=jquants:BPS;cash=jquants:CashEq;cfo=jquants:CFO;debt=yfinance:totalDebt;ebitda=yfinance:ebitda;equity=jquants:Eq;equity_to_assets=jquants:EqAR;shares=jquants:ShOutFY;total_assets=jquants:TA,2026-05-14
8876,"Relo Group,Inc.",153016200.0,558.36,86579000000.0,324288000000.0,80879001600.0,63398000000.0,50726998016.0,,30815000000.0,0.261,22541000000.0,FYFinancialStatements_Consolidated_IFRS,2027-03-31,2028-03-31,yfinance,bps=jquants:BPS;cash=jquants:CashEq;cfo=jquants:CFO;debt=yfinance:totalDebt;ebitda=yfinance:ebitda;equity=jquants:Eq;equity_to_assets=jquants:EqAR;shares=jquants:ShOutFY;total_assets=jquants:TA,2026-05-14
8892,ES-CON JAPAN Ltd.,98580887.0,904.53,86122000000.0,509773000000.0,383777996800.0,62053000000.0,27527749632.0,,26101000000.0,0.17,10362000000.0,FYFinancialStatements_Consolidated_JP,2027-03-31,2028-03-31,yfinance,bps=jquants:BPS;cash=jquants:CashEq;cfo=jquants:CFO;debt=yfinance:totalDebt;ebitda=yfinance:ebitda;equity=jquants:Eq;equity_to_assets=jquants:EqAR;shares=jquants:ShOutFY;total_assets=jquants:TA,2026-04-24
8897,"MIRARTH HOLDINGS,Inc.",140300000.0,615.91,90118000000.0,419512000000.0,285732012032.0,57881000000.0,28465500160.0,,17649000000.0,0.2,5597000000.0,FYFinancialStatements_Consolidated_JP,2027-03-31,2028-03-31,yfinance,bps=jquants:BPS;cash=jquants:CashEq;cfo=jquants:CFO;debt=yfinance:totalDebt;ebitda=yfinance:ebitda;equity=jquants:Eq;equity_to_assets=jquants:EqAR;shares=jquants:ShOutFY;total_assets=jquants:TA,2026-05-15
8919,"KATITAS CO.,LTD",78650640.0,678.15,53059000000.0,93245000000.0,35499999232.0,8228000000.0,19630249984.0,,18279000000.0,0.569,-5197000000.0,EarnForecastRevision,2027-03-31,2028-03-31,yfinance,bps=jquants:BPS;cash=jquants:CashEq;cfo=jquants:CFO;debt=yfinance:totalDebt;ebitda=yfinance:ebitda;equity=jquants:Eq;equity_to_assets=jquants:EqAR;shares=jquants:ShOutFY;total_assets=jquants:TA,2026-05-08
8923,TOSEI CORPORATION,97367600.0,1146.242,108312000000.0,300371000000.0,176536305664.0,46224366000.0,27515746304.0,,15499000000.0,0.36,19920642000.0,1QFinancialStatements_Consolidated_IFRS,2026-11-30,,yfinance,bps=yfinance:bookValue;cash=jquants:CashEq;cfo=jquants:CFO;debt=yfinance:totalDebt;ebitda=yfinance:ebitda;equity=jquants:Eq;equity_to_assets=jquants:EqAR;shares=jquants:ShOutFY;total_assets=jquants:TA,2026-04-06
8934,"Sun Frontier Fudousan Co.,Ltd.",51907314.0,2316.75,120384000000.0,264463000000.0,130664996864.0,38502000000.0,29937250304.0,,25356000000.0,0.453,-18736000000.0,FYFinancialStatements_Consolidated_JP,2027-03-31,2028-03-31,yfinance,bps=jquants:BPS;cash=jquants:CashEq;cfo=jquants:CFO;debt=yfinance:totalDebt;ebitda=yfinance:ebitda;equity=jquants:Eq;equity_to_assets=jquants:EqAR;shares=jquants:ShOutFY;total_assets=jquants:TA,2026-05-11
9001,"TOBU RAILWAY CO.,LTD.",197266821.0,3148.37,622227000000.0,1863562000000.0,803894984704.0,44207000000.0,129504501760.0,,71861000000.0,0.33,106640000000.0,FYFinancialStatements_Consolidated_JP,2027-03-31,2028-03-31,yfinance,bps=jquants:BPS;cash=jquants:CashEq;cfo=jquants:CFO;debt=yfinance:totalDebt;ebitda=yfinance:ebitda;equity=jquants:Eq;equity_to_assets=jquants:EqAR;shares=jquants:ShOutFY;total_assets=jquants:TA,2026-04-30
9003,"Sotetsu Holdings,Inc.",98145499.0,2117.75,203314000000.0,813457000000.0,456790999040.0,18019000000.0,64745000960.0,,38833000000.0,0.25,22792000000.0,FYFinancialStatements_Consolidated_JP,2027-03-31,2028-03-31,yfinance,bps=jquants:BPS;cash=jquants:CashEq;cfo=jquants:CFO;debt=yfinance:totalDebt;ebitda=yfinance:ebitda;equity=jquants:Eq;equity_to_assets=jquants:EqAR;shares=jquants:ShOutFY;total_assets=jquants:TA,2026-04-28
9005,TOKYU CORPORATION,624869876.0,1601.67,959506000000.0,2922828000000.0,1456688988160.0,79626000000.0,191363252224.0,,103193000000.0,0.312,127747000000.0,FYFinancialStatements_Consolidated_JP,2027-03-31,2028-03-31,yfinance,bps=jquants:BPS;cash=jquants:CashEq;cfo=jquants:CFO;debt=yfinance:totalDebt;ebitda=yfinance:ebitda;equity=jquants:Eq;equity_to_assets=jquants:EqAR;shares=jquants:ShOutFY;total_assets=jquants:TA,2026-05-27
9006,Keikyu Corporation,275760547.0,1447.23,390430000000.0,1128720000000.0,534945005568.0,67033000000.0,62238248960.0,,33553000000.0,0.344,47917000000.0,FYFinancialStatements_Consolidated_JP,2027-03-31,2028-03-31,yfinance,bps=jquants:BPS;cash=jquants:CashEq;cfo=jquants:CFO;debt=yfinance:totalDebt;ebitda=yfinance:ebitda;equity=jquants:Eq;equity_to_assets=jquants:EqAR;shares=jquants:ShOutFY;total_assets=jquants:TA,2026-05-11
9007,"Odakyu Electric Railway Co.,Ltd.",368497717.0,1470.36,508783000000.0,1393521000000.0,682223992832.0,39863000000.0,98465996800.0,,52659000000.0,0.364,61004000000.0,FYFinancialStatements_Consolidated_JP,2027-03-31,2028-03-31,yfinance,bps=jquants:BPS;cash=jquants:CashEq;cfo=jquants:CFO;debt=yfinance:totalDebt;ebitda=yfinance:ebitda;equity=jquants:Eq;equity_to_assets=jquants:EqAR;shares=jquants:ShOutFY;total_assets=jquants:TA,2026-05-13
9008,Keio Corporation,598508650.0,766.72,444207000000.0,1199857000000.0,481330003968.0,47711000000.0,86872752128.0,,52322000000.0,0.37,37078000000.0,FYFinancialStatements_Consolidated_JP,2027-03-31,2028-03-31,yfinance,bps=jquants:BPS;cash=jquants:CashEq;cfo=jquants:CFO;debt=yfinance:totalDebt;ebitda=yfinance:ebitda;equity=jquants:Eq;equity_to_assets=jquants:EqAR;shares=jquants:ShOutFY;total_assets=jquants:TA,2026-05-13
9009,"Keisei Electric Railway Co.,Ltd.",517233555.0,1156.75,575605000000.0,1181801000000.0,413402005504.0,34227000000.0,70474252288.0,,33974000000.0,0.472,41454000000.0,FYFinancialStatements_Consolidated_JP,2027-03-31,2028-03-31,yfinance,bps=jquants:BPS;cash=jquants:CashEq;cfo=jquants:CFO;debt=yfinance:totalDebt;ebitda=yfinance:ebitda;equity=jquants:Eq;equity_to_assets=jquants:EqAR;shares=jquants:ShOutFY;total_assets=jquants:TA,2026-05-08
9010,"FUJI KYUKO CO.,LTD.",54884738.0,787.27,42995000000.0,102787000000.0,43904999424.0,12269000000.0,14352839680.0,,8761000000.0,0.407,11731000000.0,FYFinancialStatements_Consolidated_JP,2027-03-31,2028-03-31,yfinance,bps=jquants:BPS;cash=jquants:CashEq;cfo=jquants:CFO;debt=yfinance:totalDebt;ebitda=yfinance:ebitda;equity=jquants:Eq;equity_to_assets=jquants:EqAR;shares=jquants:ShOutFY;total_assets=jquants:TA,2026-05-13
9020,East Japan Railway Company,1134412200.0,2698.78,3060091000000.0,10820726000000.0,5000107917312.0,262057000000.0,859379007488.0,,414258000000.0,0.282,765072000000.0,FYFinancialStatements_Consolidated_JP,2027-03-31,2028-03-31,yfinance,bps=jquants:BPS;cash=jquants:CashEq;cfo=jquants:CFO;debt=yfinance:totalDebt;ebitda=yfinance:ebitda;equity=jquants:Eq;equity_to_assets=jquants:EqAR;shares=jquants:ShOutFY;total_assets=jquants:TA,2026-04-30
9021,West Japan Railway Company,455561300.0,2653.81,1337206000000.0,3986721000000.0,1560752029696.0,234860000000.0,370654740480.0,,198081000000.0,0.303,361634000000.0,FYFinancialStatements_Consolidated_JP,2027-03-31,2028-03-31,yfinance,bps=jquants:BPS;cash=jquants:CashEq;cfo=jquants:CFO;debt=yfinance:totalDebt;ebitda=yfinance:ebitda;equity=jquants:Eq;equity_to_assets=jquants:EqAR;shares=jquants:ShOutFY;total_assets=jquants:TA,2026-04-30
9022,Central Japan Railway Company,1001177100.0,5306.02,5136631000000.0,10876154000000.0,4807255916544.0,370554000000.0,1033516220416.0,,830167000000.0,0.466,748185000000.0,FYFinancialStatements_Consolidated_JP,2027-03-31,2028-03-31,yfinance,bps=jquants:BPS;cash=jquants:CashEq;cfo=jquants:CFO;debt=yfinance:totalDebt;ebitda=yfinance:ebitda;equity=jquants:Eq;equity_to_assets=jquants:EqAR;shares=jquants:ShOutFY;total_assets=jquants:TA,2026-04-28
9023,"Tokyo Metro Co.,Ltd.",581000000.0,1265.51,734751000000.0,2047168000000.0,1101498941440.0,68280000000.0,162848505856.0,,89588000000.0,0.359,133764000000.0,FYFinancialStatements_Consolidated_JP,2027-03-31,2028-03-31,yfinance,bps=jquants:BPS;cash=jquants:CashEq;cfo=jquants:CFO;debt=yfinance:totalDebt;ebitda=yfinance:ebitda;equity=jquants:Eq;equity_to_assets=jquants:EqAR;shares=jquants:ShOutFY;total_assets=jquants:TA,2026-04-28
9024,SEIBU HOLDINGS INC.,305775520.0,2237.65,574537000000.0,1730654000000.0,694438002688.0,56107000000.0,111249752064.0,,45522000000.0,0.329,1528000000.0,FYFinancialStatements_Consolidated_JP,2027-03-31,2028-03-31,yfinance,bps=jquants:BPS;cash=jquants:CashEq;cfo=jquants:CFO;debt=yfinance:totalDebt;ebitda=yfinance:ebitda;equity=jquants:Eq;equity_to_assets=jquants:EqAR;shares=jquants:ShOutFY;total_assets=jquants:TA,2026-05-14
9025,"Konoike Transport Co.,Ltd.",56952442.0,2995.81,163251000000.0,299726000000.0,58248998912.0,60937000000.0,33086750720.0,,22785000000.0,0.531,24862000000.0,FYFinancialStatements_Consolidated_JP,2027-03-31,2028-03-31,yfinance,bps=jquants:BPS;cash=jquants:CashEq;cfo=jquants:CFO;debt=yfinance:totalDebt;ebitda=yfinance:ebitda;equity=jquants:Eq;equity_to_assets=jquants:EqAR;shares=jquants:ShOutFY;total_assets=jquants:TA,2026-05-13
9031,"Nishi-Nippon Railroad Co.,Ltd.",79360186.0,3759.4,293044000000.0,820851000000.0,364136005632.0,45770000000.0,56456749056.0,,30210000000.0,0.346,38609000000.0,FYFinancialStatements_Consolidated_JP,2027-03-31,2028-03-31,yfinance,bps=jquants:BPS;cash=jquants:CashEq;cfo=jquants:CFO;debt=yfinance:totalDebt;ebitda=yfinance:ebitda;equity=jquants:Eq;equity_to_assets=jquants:EqAR;shares=jquants:ShOutFY;total_assets=jquants:TA,2026-05-14
9037,"HAMAKYOREX CO.,LTD.",76048000.0,1323.14,111111000000.0,172360000000.0,25880000512.0,24788000000.0,22517499904.0,,14761000000.0,0.568,19968000000.0,FYFinancialStatements_Consolidated_JP,2027-03-31,2028-03-31,yfinance,bps=jquants:BPS;cash=jquants:CashEq;cfo=jquants:CFO;debt=yfinance:totalDebt;ebitda=yfinance:ebitda;equity=jquants:Eq;equity_to_assets=jquants:EqAR;shares=jquants:ShOutFY;total_assets=jquants:TA,2026-05-12
9039,"Sakai Moving Service Co.,Ltd.",42324000.0,2464.68,99349000000.0,129191000000.0,3145999872.0,25705000000.0,14709999616.0,,12572000000.0,0.768,9298000000.0,FYFinancialStatements_Consolidated_JP,2027-03-31,2028-03-31,yfinance,bps=jquants:BPS;cash=jquants:CashEq;cfo=jquants:CFO;debt=yfinance:totalDebt;ebitda=yfinance:ebitda;equity=jquants:Eq;equity_to_assets=jquants:EqAR;shares=jquants:ShOutFY;total_assets=jquants:TA,2026-05-12
9041,"Kintetsu Group Holdings Co.,Ltd.",190662061.0,3217.0,691964000000.0,2593502000000.0,1291790974976.0,200124000000.0,176036249600.0,,89436000000.0,0.236,118087000000.0,FYFinancialStatements_Consolidated_JP,2027-03-31,2028-03-31,yfinance,bps=jquants:BPS;cash=jquants:CashEq;cfo=jquants:CFO;debt=yfinance:totalDebt;ebitda=yfinance:ebitda;equity=jquants:Eq;equity_to_assets=jquants:EqAR;shares=jquants:ShOutFY;total_assets=jquants:TA,2026-05-15
9042,"Hankyu Hanshin Holdings,Inc.",251498234.0,4653.53,1201345000000.0,3543589000000.0,1506417049600.0,69573000000.0,197910003712.0,,127136000000.0,0.312,51679000000.0,FYFinancialStatements_Consolidated_JP,2027-03-31,2028-03-31,yfinance,bps=jquants:BPS;cash=jquants:CashEq;cfo=jquants:CFO;debt=yfinance:totalDebt;ebitda=yfinance:ebitda;equity=jquants:Eq;equity_to_assets=jquants:EqAR;shares=jquants:ShOutFY;total_assets=jquants:TA,2026-05-15
9044,"NANKAI Co.,Ltd.",108465746.0,3082.42,354085000000.0,1065100000000.0,478391992320.0,38827000000.0,68717748224.0,,39945000000.0,0.313,47535000000.0,FYFinancialStatements_Consolidated_JP,2027-03-31,2028-03-31,yfinance,bps=jquants:BPS;cash=jquants:CashEq;cfo=jquants:CFO;debt=yfinance:totalDebt;ebitda=yfinance:ebitda;equity=jquants:Eq;equity_to_assets=jquants:EqAR;shares=jquants:ShOutFY;total_assets=jquants:TA,2026-04-30
9045,"Keihan Holdings Co.,Ltd.",106816403.0,3380.83,349563000000.0,909545000000.0,429952991232.0,14700000000.0,74047995904.0,,49152000000.0,0.375,40340000000.0,FYFinancialStatements_Consolidated_JP,2027-03-31,2028-03-31,yfinance,bps=jquants:BPS;cash=jquants:CashEq;cfo=jquants:CFO;debt=yfinance:totalDebt;ebitda=yfinance:ebitda;equity=jquants:Eq;equity_to_assets=jquants:EqAR;shares=jquants:ShOutFY;total_assets=jquants:TA,2026-05-12
9048,"Nagoya Railroad Co., Ltd.",196700692.0,2473.18,517225000000.0,1584842000000.0,707440017408.0,56780000000.0,83747749888.0,,36185000000.0,0.306,61433000000.0,FYFinancialStatements_Consolidated_JP,2027-03-31,2028-03-31,yfinance,bps=jquants:BPS;cash=jquants:CashEq;cfo=jquants:CFO;debt=yfinance:totalDebt;ebitda=yfinance:ebitda;equity=jquants:Eq;equity_to_assets=jquants:EqAR;shares=jquants:ShOutFY;total_assets=jquants:TA,2026-05-15
9064,"YAMATO HOLDINGS CO.,LTD.",316676561.0,1772.42,561284000000.0,1290906000000.0,206383005696.0,231960002560.0,84764999680.0,,,,,EarnForecastRevision,2028-03-31,2029-03-31,yfinance,bps=yfinance:bookValue;cash=yfinance:totalCash;debt=yfinance:totalDebt;ebitda=yfinance:ebitda;equity=yfinance:bs:Stockholders Equity;shares=yfinance:sharesOutstanding;total_assets=yfinance:bs:Total Assets,2026-05-14
9065,SANKYU INC.,52901749.0,6047.98,306988000000.0,559746000000.0,106249003008.0,42529000000.0,64765501440.0,,43240000000.0,0.542,51993000000.0,FYFinancialStatements_Consolidated_JP,2027-03-31,2028-03-31,yfinance,bps=jquants:BPS;cash=jquants:CashEq;cfo=jquants:CFO;debt=yfinance:totalDebt;ebitda=yfinance:ebitda;equity=jquants:Eq;equity_to_assets=jquants:EqAR;shares=jquants:ShOutFY;total_assets=jquants:TA,2026-05-26
9068,"Maruzen Showa Unyu Co.,Ltd.",20618244.0,7367.82,144377000000.0,204585000000.0,25603999744.0,40402000000.0,20432250880.0,,15462000000.0,0.694,17166000000.0,FYFinancialStatements_Consolidated_JP,2027-03-31,2028-03-31,yfinance,bps=jquants:BPS;cash=jquants:CashEq;cfo=jquants:CFO;debt=yfinance:totalDebt;ebitda=yfinance:ebitda;equity=jquants:Eq;equity_to_assets=jquants:EqAR;shares=jquants:ShOutFY;total_assets=jquants:TA,2026-05-11
9069,"SENKO Group Holdings Co.,Ltd.",175692457.0,1357.32,264179000000.0,822020000000.0,382373986304.0,89359000000.0,75022499840.0,,36996000000.0,0.276,61118000000.0,FYFinancialStatements_Consolidated_JP,2027-03-31,2028-03-31,yfinance,bps=jquants:BPS;cash=jquants:CashEq;cfo=jquants:CFO;debt=yfinance:totalDebt;ebitda=yfinance:ebitda;equity=jquants:Eq;equity_to_assets=jquants:EqAR;shares=jquants:ShOutFY;total_assets=jquants:TA,2026-05-13
9072,"NIKKON Holdings Co.,Ltd.",126479784.0,2037.86,242805000000.0,436395000000.0,130616999936.0,36705000000.0,41860501504.0,,23818000000.0,0.545,38157000000.0,FYFinancialStatements_Consolidated_JP,2027-03-31,2028-03-31,yfinance,bps=jquants:BPS;cash=jquants:CashEq;cfo=jquants:CFO;debt=yfinance:totalDebt;ebitda=yfinance:ebitda;equity=jquants:Eq;equity_to_assets=jquants:EqAR;shares=jquants:ShOutFY;total_assets=jquants:TA,2026-05-08
9075,"FUKUYAMA TRANSPORTING CO.,LTD.",40194163.0,8008.96,285142000000.0,497320000000.0,111742001152.0,30391000000.0,33489000448.0,,9347000000.0,0.569,27619000000.0,FYFinancialStatements_Consolidated_JP,2027-03-31,2028-03-31,yfinance,bps=jquants:BPS;cash=jquants:CashEq;cfo=jquants:CFO;debt=yfinance:totalDebt;ebitda=yfinance:ebitda;equity=jquants:Eq;equity_to_assets=jquants:EqAR;shares=jquants:ShOutFY;total_assets=jquants:TA,2026-05-14
9076,"SEINO HOLDINGS CO.,LTD.",187679783.0,2732.16,471267000000.0,790066000000.0,93838000128.0,84064000000.0,69891997696.0,,37605000000.0,0.561,56590000000.0,FYFinancialStatements_Consolidated_JP,2027-03-31,2028-03-31,yfinance,bps=jquants:BPS;cash=jquants:CashEq;cfo=jquants:CFO;debt=yfinance:totalDebt;ebitda=yfinance:ebitda;equity=jquants:Eq;equity_to_assets=jquants:EqAR;shares=jquants:ShOutFY;total_assets=jquants:TA,2026-05-14
9090,AZ-COM MARUWA Holdings Inc.,137984520.0,463.25,65364000000.0,155661000000.0,60450000896.0,19979000000.0,16053749760.0,,11864000000.0,0.401,13362000000.0,FYFinancialStatements_Consolidated_JP,2027-03-31,2028-03-31,yfinance,bps=jquants:BPS;cash=jquants:CashEq;cfo=jquants:CFO;debt=yfinance:totalDebt;ebitda=yfinance:ebitda;equity=jquants:Eq;equity_to_assets=jquants:EqAR;shares=jquants:ShOutFY;total_assets=jquants:TA,2026-05-11
9101,Nippon Yusen Kabushiki Kaisha,408780000.0,7575.98,3143437000000.0,5201670000000.0,1361653006336.0,210815000000.0,342653501440.0,,138601000000.0,0.591,473358000000.0,FYFinancialStatements_Consolidated_JP,2027-03-31,2028-03-31,yfinance,bps=jquants:BPS;cash=jquants:CashEq;cfo=jquants:CFO;debt=yfinance:totalDebt;ebitda=yfinance:ebitda;equity=jquants:Eq;equity_to_assets=jquants:EqAR;shares=jquants:ShOutFY;total_assets=jquants:TA,2026-05-11
9104,"Mitsui O.S.K.Lines,Ltd.",363001827.0,8365.13,2929073000000.0,5962245000000.0,2597799067648.0,201494000000.0,303335505920.0,,127002000000.0,0.482,450963000000.0,FYFinancialStatements_Consolidated_JP,2027-03-31,2028-03-31,yfinance,bps=jquants:BPS;cash=jquants:CashEq;cfo=jquants:CFO;debt=yfinance:totalDebt;ebitda=yfinance:ebitda;equity=jquants:Eq;equity_to_assets=jquants:EqAR;shares=jquants:ShOutFY;total_assets=jquants:TA,2026-04-30
9107,"Kawasaki Kisen Kaisha,Ltd.",639172067.0,2851.95,1841988000000.0,2343989000000.0,230570999808.0,319716000000.0,137094496256.0,,84164000000.0,0.769,264772000000.0,FYFinancialStatements_Consolidated_JP,2027-03-31,2028-03-31,yfinance,bps=jquants:BPS;cash=jquants:CashEq;cfo=jquants:CFO;debt=yfinance:totalDebt;ebitda=yfinance:ebitda;equity=jquants:Eq;equity_to_assets=jquants:EqAR;shares=jquants:ShOutFY;total_assets=jquants:TA,2026-05-08
9110,"NS United Kaiun Kaisha,Ltd.",23970679.0,7943.82,187200000000.0,296361000000.0,64392998912.0,65625000000.0,39875248128.0,,20529000000.0,0.632,35422000000.0,FYFinancialStatements_Consolidated_JP,2027-03-31,2028-03-31,yfinance,bps=jquants:BPS;cash=jquants:CashEq;cfo=jquants:CFO;debt=yfinance:totalDebt;ebitda=yfinance:ebitda;equity=jquants:Eq;equity_to_assets=jquants:EqAR;shares=jquants:ShOutFY;total_assets=jquants:TA,2026-04-30
9119,"IINO KAIUN KAISHA,LTD.",108900000.0,1495.46,158290000000.0,346684000000.0,143518007296.0,14050000000.0,28220499968.0,,13439000000.0,0.456,29858000000.0,FYFinancialStatements_Consolidated_JP,2027-03-31,2028-03-31,yfinance,bps=jquants:BPS;cash=jquants:CashEq;cfo=jquants:CFO;debt=yfinance:totalDebt;ebitda=yfinance:ebitda;equity=jquants:Eq;equity_to_assets=jquants:EqAR;shares=jquants:ShOutFY;total_assets=jquants:TA,2026-05-08
9142,Kyushu Railway Company,154649000.0,3210.79,494870000000.0,1222430000000.0,506157006848.0,44257000000.0,115615498240.0,,74040000000.0,0.404,72853000000.0,FYFinancialStatements_Consolidated_JP,2027-03-31,2028-03-31,yfinance,bps=jquants:BPS;cash=jquants:CashEq;cfo=jquants:CFO;debt=yfinance:totalDebt;ebitda=yfinance:ebitda;equity=jquants:Eq;equity_to_assets=jquants:EqAR;shares=jquants:ShOutFY;total_assets=jquants:TA,2026-05-11
9143,"SG HOLDINGS CO.,LTD.",640394400.0,915.31,548672000000.0,1229017000000.0,392924987392.0,92896000000.0,151631003648.0,,90247000000.0,0.444,124824000000.0,FYFinancialStatements_Consolidated_JP,2027-03-31,2028-03-31,yfinance,bps=jquants:BPS;cash=jquants:CashEq;cfo=jquants:CFO;debt=yfinance:totalDebt;ebitda=yfinance:ebitda;equity=jquants:Eq;equity_to_assets=jquants:EqAR;shares=jquants:ShOutFY;total_assets=jquants:TA,2026-05-08
9147,"NIPPON EXPRESS HOLDINGS,INC.",243000000.0,3490.432,845813000000.0,2332246000000.0,870106005504.0,241087000000.0,269797998592.0,,14967000000.0,0.354,28635000000.0,1QFinancialStatements_Consolidated_IFRS,2026-12-31,,yfinance,bps=yfinance:bookValue;cash=jquants:CashEq;cfo=jquants:CFO;debt=yfinance:totalDebt;ebitda=yfinance:ebitda;equity=jquants:Eq;equity_to_assets=jquants:EqAR;shares=jquants:ShOutFY;total_assets=jquants:TA,2026-05-13
9201,"Japan Airlines Co.,Ltd.",437143500.0,2586.99,1334765000000.0,3198757000000.0,827914977280.0,1010185000000.0,343082991616.0,,207349000000.0,0.403,394879000000.0,FYFinancialStatements_Consolidated_IFRS,2027-03-31,2028-03-31,yfinance,bps=jquants:BPS;cash=jquants:CashEq;cfo=jquants:CFO;debt=yfinance:totalDebt;ebitda=yfinance:ebitda;equity=jquants:Eq;equity_to_assets=jquants:EqAR;shares=jquants:ShOutFY;total_assets=jquants:TA,2026-04-30
9202,ANA HOLDINGS INC.,484293561.0,2853.6,1502633000000.0,3955128000000.0,1193167028224.0,736385000000.0,378259996672.0,,217437000000.0,0.377,443459000000.0,FYFinancialStatements_Consolidated_JP,2027-03-31,2028-03-31,yfinance,bps=jquants:BPS;cash=jquants:CashEq;cfo=jquants:CFO;debt=yfinance:totalDebt;ebitda=yfinance:ebitda;equity=jquants:Eq;equity_to_assets=jquants:EqAR;shares=jquants:ShOutFY;total_assets=jquants:TA,2026-04-30
9247,TRE HOLDINGS CORPORATION,52610712.0,1762.76,85267000000.0,171261000000.0,62163001344.0,33220000000.0,25792249856.0,,22336000000.0,0.484,28540000000.0,FYFinancialStatements_Consolidated_JP,2027-03-31,2028-03-31,yfinance,bps=jquants:BPS;cash=jquants:CashEq;cfo=jquants:CFO;debt=yfinance:totalDebt;ebitda=yfinance:ebitda;equity=jquants:Eq;equity_to_assets=jquants:EqAR;shares=jquants:ShOutFY;total_assets=jquants:TA,2026-05-15
9267,"Genky DrugStores Co.,Ltd.",31031568.0,2011.774,59090000000.0,142340000000.0,39639998464.0,4697000000.0,17755000832.0,,8022000000.0,0.414,7461000000.0,3QFinancialStatements_Consolidated_JP,2026-06-20,,yfinance,bps=yfinance:bookValue;cash=jquants:CashEq;cfo=jquants:CFO;debt=yfinance:totalDebt;ebitda=yfinance:ebitda;equity=jquants:Eq;equity_to_assets=jquants:EqAR;shares=jquants:ShOutFY;total_assets=jquants:TA,2026-04-28
9274,"KPP GROUP HOLDINGS CO.,LTD.",67244284.0,1435.09,89454000000.0,374708000000.0,118388998144.0,12630000000.0,24873250816.0,,10075000000.0,0.239,19814000000.0,FYFinancialStatements_Consolidated_JP,2027-03-31,2028-03-31,yfinance,bps=jquants:BPS;cash=jquants:CashEq;cfo=jquants:CFO;debt=yfinance:totalDebt;ebitda=yfinance:ebitda;equity=jquants:Eq;equity_to_assets=jquants:EqAR;shares=jquants:ShOutFY;total_assets=jquants:TA,2026-05-14
9301,Mitsubishi Logistics Corporation,362135395.0,1103.18,384517000000.0,639786000000.0,141244006400.0,60548000000.0,33457999872.0,,15928000000.0,0.593,6531000000.0,EarnForecastRevision,2027-03-31,2028-03-31,yfinance,bps=jquants:BPS;cash=jquants:CashEq;cfo=jquants:CFO;debt=yfinance:totalDebt;ebitda=yfinance:ebitda;equity=jquants:Eq;equity_to_assets=jquants:EqAR;shares=jquants:ShOutFY;total_assets=jquants:TA,2026-04-30
9302,"MITSUI-SOKO HOLDINGS Co.,Ltd.",77991106.0,1849.68,157093000000.0,310706000000.0,83232997376.0,47698000000.0,33277999104.0,,22111000000.0,0.457,23697000000.0,FYFinancialStatements_Consolidated_JP,2027-03-31,2028-03-31,yfinance,bps=jquants:BPS;cash=jquants:CashEq;cfo=jquants:CFO;debt=yfinance:totalDebt;ebitda=yfinance:ebitda;equity=jquants:Eq;equity_to_assets=jquants:EqAR;shares=jquants:ShOutFY;total_assets=jquants:TA,2026-05-13
9303,"The Sumitomo Warehouse Co.,Ltd.",76614215.0,4117.89,325072000000.0,513098000000.0,74160996352.0,39070000000.0,23342999552.0,,11413000000.0,0.612,28162000000.0,FYFinancialStatements_Consolidated_JP,2027-03-31,2028-03-31,yfinance,bps=jquants:BPS;cash=jquants:CashEq;cfo=jquants:CFO;debt=yfinance:totalDebt;ebitda=yfinance:ebitda;equity=jquants:Eq;equity_to_assets=jquants:EqAR;shares=jquants:ShOutFY;total_assets=jquants:TA,2026-05-12
9336,"Daiei Kankyo Co.,Ltd.",99892900.0,1100.0,114064000000.0,260191000000.0,108537004032.0,54440000000.0,33947750400.0,,22189000000.0,0.422,25460000000.0,FYFinancialStatements_Consolidated_JP,2027-03-31,2028-03-31,yfinance,bps=jquants:BPS;cash=jquants:CashEq;cfo=jquants:CFO;debt=yfinance:totalDebt;ebitda=yfinance:ebitda;equity=jquants:Eq;equity_to_assets=jquants:EqAR;shares=jquants:ShOutFY;total_assets=jquants:TA,2026-05-14
9364,"Kamigumi Co.,Ltd.",106576837.0,4006.48,397859000000.0,538407000000.0,60555001856.0,69189000000.0,50158252032.0,,36544000000.0,0.735,35717000000.0,FYFinancialStatements_Consolidated_JP,2027-03-31,2028-03-31,yfinance,bps=jquants:BPS;cash=jquants:CashEq;cfo=jquants:CFO;debt=yfinance:totalDebt;ebitda=yfinance:ebitda;equity=jquants:Eq;equity_to_assets=jquants:EqAR;shares=jquants:ShOutFY;total_assets=jquants:TA,2026-05-14
9401,"TBS HOLDINGS,INC.",165591065.0,7192.17,1135390000000.0,1628220000000.0,79559000064.0,123897000000.0,39708499968.0,,24750000000.0,0.693,10125000000.0,FYFinancialStatements_Consolidated_JP,2027-03-31,2028-03-31,yfinance,bps=jquants:BPS;cash=jquants:CashEq;cfo=jquants:CFO;debt=yfinance:totalDebt;ebitda=yfinance:ebitda;equity=jquants:Eq;equity_to_assets=jquants:EqAR;shares=jquants:ShOutFY;total_assets=jquants:TA,2026-05-14
9404,"Nippon Television Holdings,Inc.",261220180.0,4021.88,1031083000000.0,1282562000000.0,28373999616.0,129551000000.0,74981998592.0,,69332000000.0,0.776,60781000000.0,FYFinancialStatements_Consolidated_JP,2027-03-31,2028-03-31,yfinance,bps=jquants:BPS;cash=jquants:CashEq;cfo=jquants:CFO;debt=yfinance:totalDebt;ebitda=yfinance:ebitda;equity=jquants:Eq;equity_to_assets=jquants:EqAR;shares=jquants:ShOutFY;total_assets=jquants:TA,2026-05-14
9409,TV Asahi Holdings Corporation,108529000.0,4627.78,467686000000.0,581109000000.0,0.0,44230000000.0,31826999296.0,,26181000000.0,0.801,24946000000.0,FYFinancialStatements_Consolidated_JP,2027-03-31,2028-03-31,yfinance,bps=jquants:BPS;cash=jquants:CashEq;cfo=jquants:CFO;debt=yfinance:totalDebt;ebitda=yfinance:ebitda;equity=jquants:Eq;equity_to_assets=jquants:EqAR;shares=jquants:ShOutFY;total_assets=jquants:TA,2026-05-14
9412,SKY Perfect JSAT Corporation,297681264.0,1070.96,307035000000.0,407759000000.0,26278000640.0,57647000000.0,53591998464.0,,35273000000.0,0.744,53667000000.0,FYFinancialStatements_Consolidated_JP,2027-03-31,2028-03-31,yfinance,bps=jquants:BPS;cash=jquants:CashEq;cfo=jquants:CFO;debt=yfinance:totalDebt;ebitda=yfinance:ebitda;equity=jquants:Eq;equity_to_assets=jquants:EqAR;shares=jquants:ShOutFY;total_assets=jquants:TA,2026-04-28
9413,TV TOKYO Holdings Corporation,27579500.0,4034.12,107554000000.0,155783000000.0,5523999744.0,45156000000.0,14618000384.0,,11402000000.0,0.689,16130000000.0,FYFinancialStatements_Consolidated_JP,2027-03-31,2028-03-31,yfinance,bps=jquants:BPS;cash=jquants:CashEq;cfo=jquants:CFO;debt=yfinance:totalDebt;ebitda=yfinance:ebitda;equity=jquants:Eq;equity_to_assets=jquants:EqAR;shares=jquants:ShOutFY;total_assets=jquants:TA,2026-05-08
9416,VISION INC.,50938600.0,425.706,20872000000.0,28842000000.0,1679000064.0,10954999808.0,7640000000.0,,1496000000.0,0.709,,1QFinancialStatements_Consolidated_JP,2026-12-31,,yfinance,bps=yfinance:bookValue;cash=yfinance:totalCash;debt=yfinance:totalDebt;ebitda=yfinance:ebitda;equity=jquants:Eq;equity_to_assets=jquants:EqAR;shares=jquants:ShOutFY;total_assets=jquants:TA,2026-05-14
9418,"U-NEXT HOLDINGS Co.,Ltd.",180375333.0,592.854,117176000000.0,296543000000.0,98830999552.0,82386000000.0,46106501120.0,,18116000000.0,0.356,19213000000.0,2QFinancialStatements_Consolidated_JP,2026-08-31,,yfinance,bps=yfinance:bookValue;cash=jquants:CashEq;cfo=jquants:CFO;debt=yfinance:totalDebt;ebitda=yfinance:ebitda;equity=jquants:Eq;equity_to_assets=jquants:EqAR;shares=jquants:ShOutFY;total_assets=jquants:TA,2026-04-13
9432,"NTT,Inc.",90550316400.0,119.47,10217533000000.0,46721259000000.0,17425652252672.0,1921882000000.0,3735236902912.0,,1706221000000.0,0.208,1485190000000.0,FYFinancialStatements_Consolidated_IFRS,2027-03-31,2028-03-31,yfinance,bps=jquants:BPS;cash=jquants:CashEq;cfo=jquants:CFO;debt=yfinance:totalDebt;ebitda=yfinance:ebitda;equity=jquants:Eq;equity_to_assets=jquants:EqAR;shares=jquants:ShOutFY;total_assets=jquants:TA,2026-05-08
9433,KDDI CORPORATION,4187847474.0,1333.5,5592690000000.0,19063364000000.0,5296146087936.0,1078807000000.0,1802664935424.0,,1099125000000.0,0.266,1788853000000.0,FYFinancialStatements_Consolidated_IFRS,2027-03-31,2028-03-31,yfinance,bps=jquants:BPS;cash=jquants:CashEq;cfo=jquants:CFO;debt=yfinance:totalDebt;ebitda=yfinance:ebitda;equity=jquants:Eq;equity_to_assets=jquants:EqAR;shares=jquants:ShOutFY;total_assets=jquants:TA,2026-05-12
9434,SoftBank Corp.,47971989700.0,55.13,4668455000000.0,18502175000000.0,7421353787392.0,1438799000000.0,1813463040000.0,,1042576000000.0,0.16,1393760000000.0,FYFinancialStatements_Consolidated_IFRS,2027-03-31,2028-03-31,yfinance,bps=jquants:BPS;cash=jquants:CashEq;cfo=jquants:CFO;debt=yfinance:totalDebt;ebitda=yfinance:ebitda;equity=jquants:Eq;equity_to_assets=jquants:EqAR;shares=jquants:ShOutFY;total_assets=jquants:TA,2026-05-11
9435,"HIKARI TSUSHIN,INC.",43989642.0,27056.17,1217650000000.0,2853866000000.0,1107672039424.0,539854000000.0,134979002368.0,,116664000000.0,0.415,57073000000.0,FYFinancialStatements_Consolidated_IFRS,2027-03-31,2028-03-31,yfinance,bps=jquants:BPS;cash=jquants:CashEq;cfo=jquants:CFO;debt=yfinance:totalDebt;ebitda=yfinance:ebitda;equity=jquants:Eq;equity_to_assets=jquants:EqAR;shares=jquants:ShOutFY;total_assets=jquants:TA,2026-05-13
9449,"GMO internet group,Inc.",107349121.0,1599.118,246644000000.0,2059682000000.0,596621000704.0,553044000000.0,86201999360.0,,18684000000.0,0.055,,1QFinancialStatements_Consolidated_IFRS,2026-12-31,,yfinance,bps=yfinance:bookValue;cash=jquants:CashEq;debt=yfinance:totalDebt;ebitda=yfinance:ebitda;equity=jquants:Eq;equity_to_assets=jquants:EqAR;shares=jquants:ShOutFY;total_assets=jquants:TA,2026-05-15
9468,KADOKAWA CORPORATION,148990296.0,1667.01,276747000000.0,394864000000.0,1046000000.0,90774000000.0,16704000000.0,,8102000000.0,0.62,3424000000.0,FYFinancialStatements_Consolidated_JP,2027-03-31,2028-03-31,yfinance,bps=jquants:BPS;cash=jquants:CashEq;cfo=jquants:CFO;debt=yfinance:totalDebt;ebitda=yfinance:ebitda;equity=jquants:Eq;equity_to_assets=jquants:EqAR;shares=jquants:ShOutFY;total_assets=jquants:TA,2026-05-14
9501,"Tokyo Electric Power Company Holdings,Incorporated",1607017531.0,1491.01,3418351000000.0,15575602000000.0,6713951911936.0,936676000000.0,633137987584.0,,337689000000.0,0.218,560333000000.0,FYFinancialStatements_Consolidated_JP,2027-03-31,2028-03-31,yfinance,bps=jquants:BPS;cash=jquants:CashEq;cfo=jquants:CFO;debt=yfinance:totalDebt;ebitda=yfinance:ebitda;equity=jquants:Eq;equity_to_assets=jquants:EqAR;shares=jquants:ShOutFY;total_assets=jquants:TA,2026-04-30
9502,"Chubu Electric Power Company,Incorporated",758000000.0,4154.47,3212806000000.0,7652700000000.0,2953919070208.0,364747000000.0,309707735040.0,,230042000000.0,0.41,334428000000.0,FYFinancialStatements_Consolidated_JP,2027-03-31,2028-03-31,yfinance,bps=jquants:BPS;cash=jquants:CashEq;cfo=jquants:CFO;debt=yfinance:totalDebt;ebitda=yfinance:ebitda;equity=jquants:Eq;equity_to_assets=jquants:EqAR;shares=jquants:ShOutFY;total_assets=jquants:TA,2026-04-28
9503,"The Kansai Electric Power Company,Incorporated",1114927528.0,3101.43,3502744000000.0,9854646000000.0,4378847084544.0,741286000000.0,714662739968.0,,437556000000.0,0.351,652381000000.0,FYFinancialStatements_Consolidated_JP,2027-03-31,2028-03-31,yfinance,bps=jquants:BPS;cash=jquants:CashEq;cfo=jquants:CFO;debt=yfinance:totalDebt;ebitda=yfinance:ebitda;equity=jquants:Eq;equity_to_assets=jquants:EqAR;shares=jquants:ShOutFY;total_assets=jquants:TA,2026-04-30
9504,"The Chugoku Electric Power Company,Incorporated",387154692.0,2161.55,775292000000.0,4620500000000.0,3331416129536.0,423303000000.0,195136995328.0,,90216000000.0,0.168,237289000000.0,FYFinancialStatements_Consolidated_JP,2027-03-31,2028-03-31,yfinance,bps=jquants:BPS;cash=jquants:CashEq;cfo=jquants:CFO;debt=yfinance:totalDebt;ebitda=yfinance:ebitda;equity=jquants:Eq;equity_to_assets=jquants:EqAR;shares=jquants:ShOutFY;total_assets=jquants:TA,2026-04-28
9505,Hokuriku Electric Power Company,210333694.0,2149.9,451303000000.0,1842067000000.0,1152370999296.0,92984000000.0,142130495488.0,,87459000000.0,0.244,117459000000.0,FYFinancialStatements_Consolidated_JP,2027-03-31,2028-03-31,yfinance,bps=jquants:BPS;cash=jquants:CashEq;cfo=jquants:CFO;debt=yfinance:totalDebt;ebitda=yfinance:ebitda;equity=jquants:Eq;equity_to_assets=jquants:EqAR;shares=jquants:ShOutFY;total_assets=jquants:TA,2026-04-28
9506,"Tohoku Electric Power Company,Incorporated",502882585.0,2221.3,1135730000000.0,5731856000000.0,3579309981696.0,660589000000.0,393739239424.0,,160380000000.0,0.194,370156000000.0,FYFinancialStatements_Consolidated_JP,2027-03-31,2028-03-31,yfinance,bps=jquants:BPS;cash=jquants:CashEq;cfo=jquants:CFO;debt=yfinance:totalDebt;ebitda=yfinance:ebitda;equity=jquants:Eq;equity_to_assets=jquants:EqAR;shares=jquants:ShOutFY;total_assets=jquants:TA,2026-04-30
9507,"Shikoku Electric Power Company,Incorporated",207528202.0,2321.97,477531000000.0,1734358000000.0,791400022016.0,78554000000.0,137502244864.0,,67848000000.0,0.274,82290000000.0,FYFinancialStatements_Consolidated_JP,2027-03-31,2028-03-31,yfinance,bps=jquants:BPS;cash=jquants:CashEq;cfo=jquants:CFO;debt=yfinance:totalDebt;ebitda=yfinance:ebitda;equity=jquants:Eq;equity_to_assets=jquants:EqAR;shares=jquants:ShOutFY;total_assets=jquants:TA,2026-04-30
9508,"Kyushu Electric Power Company,Incorporated",474183951.0,2093.78,1225877000000.0,5983340000000.0,3273016999936.0,351182000000.0,496562012160.0,,224853000000.0,0.199,438745000000.0,FYFinancialStatements_Consolidated_JP,2027-03-31,2028-03-31,yfinance,bps=jquants:BPS;cash=jquants:CashEq;cfo=jquants:CFO;debt=yfinance:totalDebt;ebitda=yfinance:ebitda;equity=jquants:Eq;equity_to_assets=jquants:EqAR;shares=jquants:ShOutFY;total_assets=jquants:TA,2026-04-30
9509,"Hokkaido Electric Power Company,Incorporated",215291912.0,1992.91,473636000000.0,2471051000000.0,1646296039424.0,184607000000.0,126698749952.0,,73238000000.0,0.185,114545000000.0,FYFinancialStatements_Consolidated_JP,2027-03-31,2028-03-31,yfinance,bps=jquants:BPS;cash=jquants:CashEq;cfo=jquants:CFO;debt=yfinance:totalDebt;ebitda=yfinance:ebitda;equity=jquants:Eq;equity_to_assets=jquants:EqAR;shares=jquants:ShOutFY;total_assets=jquants:TA,2026-04-28
9511,"The Okinawa Electric Power Company,Incorporated",56927965.0,2400.82,132865000000.0,522482000000.0,340549992448.0,19220000000.0,27151998976.0,,9290000000.0,0.25,27303000000.0,FYFinancialStatements_Consolidated_JP,2027-03-31,2028-03-31,yfinance,bps=jquants:BPS;cash=jquants:CashEq;cfo=jquants:CFO;debt=yfinance:totalDebt;ebitda=yfinance:ebitda;equity=jquants:Eq;equity_to_assets=jquants:EqAR;shares=jquants:ShOutFY;total_assets=jquants:TA,2026-04-30
9513,"Electric Power Development Co.,Ltd.",183051100.0,7985.24,1534476000000.0,3739701000000.0,1962065002496.0,348865000000.0,220791242752.0,,100992000000.0,0.376,224265000000.0,FYFinancialStatements_Consolidated_JP,2027-03-31,2028-03-31,yfinance,bps=jquants:BPS;cash=jquants:CashEq;cfo=jquants:CFO;debt=yfinance:totalDebt;ebitda=yfinance:ebitda;equity=jquants:Eq;equity_to_assets=jquants:EqAR;shares=jquants:ShOutFY;total_assets=jquants:TA,2026-05-12
9519,"RENOVA,Inc.",91252300.0,1359.04,185879000000.0,611464000000.0,337637998592.0,23081000000.0,23057999872.0,,8283000000.0,0.201,28273000000.0,FYFinancialStatements_Consolidated_IFRS,2027-03-31,2028-03-31,yfinance,bps=jquants:BPS;cash=jquants:CashEq;cfo=jquants:CFO;debt=yfinance:totalDebt;ebitda=yfinance:ebitda;equity=jquants:Eq;equity_to_assets=jquants:EqAR;shares=jquants:ShOutFY;total_assets=jquants:TA,2026-05-13
9531,"TOKYO GAS CO.,LTD.",371090859.0,5151.08,1796567000000.0,3892268000000.0,1247241043968.0,187043000000.0,450903244800.0,,197677000000.0,0.441,451837000000.0,FYFinancialStatements_Consolidated_JP,2027-03-31,2028-03-31,yfinance,bps=jquants:BPS;cash=jquants:CashEq;cfo=jquants:CFO;debt=yfinance:totalDebt;ebitda=yfinance:ebitda;equity=jquants:Eq;equity_to_assets=jquants:EqAR;shares=jquants:ShOutFY;total_assets=jquants:TA,2026-04-28
9532,"OSAKA GAS CO.,LTD.",397881800.0,4705.0,1854028000000.0,3321405000000.0,795484028928.0,58492000000.0,295476264960.0,,174809000000.0,0.544,340740000000.0,FYFinancialStatements_Consolidated_JP,2027-03-31,2028-03-31,yfinance,bps=jquants:BPS;cash=jquants:CashEq;cfo=jquants:CFO;debt=yfinance:totalDebt;ebitda=yfinance:ebitda;equity=jquants:Eq;equity_to_assets=jquants:EqAR;shares=jquants:ShOutFY;total_assets=jquants:TA,2026-05-08
9533,"TOHO GAS CO.,LTD.",366267140.0,1311.98,477519000000.0,809459000000.0,166993002496.0,42988000000.0,57962000384.0,,31784000000.0,0.59,65607000000.0,FYFinancialStatements_Consolidated_JP,2027-03-31,2028-03-31,yfinance,bps=jquants:BPS;cash=jquants:CashEq;cfo=jquants:CFO;debt=yfinance:totalDebt;ebitda=yfinance:ebitda;equity=jquants:Eq;equity_to_assets=jquants:EqAR;shares=jquants:ShOutFY;total_assets=jquants:TA,2026-04-30
9543,"SHIZUOKA GAS CO.,LTD.",76192950.0,1825.22,143590000000.0,191202000000.0,20632000512.0,27648999424.0,22891999232.0,,5281000000.0,0.719,,1QFinancialStatements_Consolidated_JP,2026-12-31,,yfinance,bps=jquants:BPS;cash=yfinance:totalCash;debt=yfinance:totalDebt;ebitda=yfinance:ebitda;equity=jquants:Eq;equity_to_assets=jquants:EqAR;shares=jquants:ShOutFY;total_assets=jquants:TA,2026-05-11
9551,"METAWATER Co.,Ltd.",44258500.0,2050.35,94150000000.0,220292000000.0,39272001536.0,26736000000.0,16593500160.0,,12879000000.0,0.406,15132000000.0,FYFinancialStatements_Consolidated_JP,2027-03-31,2028-03-31,yfinance,bps=jquants:BPS;cash=jquants:CashEq;cfo=jquants:CFO;debt=yfinance:totalDebt;ebitda=yfinance:ebitda;equity=jquants:Eq;equity_to_assets=jquants:EqAR;shares=jquants:ShOutFY;total_assets=jquants:TA,2026-04-24
9552,"Quants Research Institute Holdings,Inc.",54101335.0,74.024,6764000000.0,16552000000.0,5600970240.0,7712697000.0,6606086144.0,,3023000000.0,0.409,3399888000.0,2QFinancialStatements_Consolidated_IFRS,2026-09-30,,yfinance,bps=yfinance:bookValue;cash=jquants:CashEq;cfo=jquants:CFO;debt=yfinance:totalDebt;ebitda=yfinance:ebitda;equity=jquants:Eq;equity_to_assets=jquants:EqAR;shares=jquants:ShOutFY;total_assets=jquants:TA,2026-05-15
9601,"Shochiku Co.,Ltd.",13937857.0,7873.26,108314000000.0,229381000000.0,63246000128.0,18694000000.0,11696000000.0,,6173000000.0,0.472,13358000000.0,FYFinancialStatements_Consolidated_JP,2027-02-28,2028-02-28,yfinance,bps=jquants:BPS;cash=jquants:CashEq;cfo=jquants:CFO;debt=yfinance:totalDebt;ebitda=yfinance:ebitda;equity=jquants:Eq;equity_to_assets=jquants:EqAR;shares=jquants:ShOutFY;total_assets=jquants:TA,2026-04-14
9602,"TOHO CO.,LTD",880000000.0,614.01,532990000000.0,702934000000.0,1536999936.0,86683000000.0,77712998400.0,,67889000000.0,0.733,65334000000.0,FYFinancialStatements_Consolidated_JP,2027-02-28,2028-02-28,yfinance,bps=jquants:BPS;cash=jquants:CashEq;cfo=jquants:CFO;debt=yfinance:totalDebt;ebitda=yfinance:ebitda;equity=jquants:Eq;equity_to_assets=jquants:EqAR;shares=jquants:ShOutFY;total_assets=jquants:TA,2026-04-14
9603,"H.I.S.Co.,Ltd.",79860936.0,801.32,72368000000.0,403879000000.0,185223004160.0,101709000000.0,23256999936.0,,6448000000.0,0.148,-3428000000.0,2QFinancialStatements_Consolidated_JP,2026-10-31,,yfinance,bps=jquants:BPS;cash=jquants:CashEq;cfo=jquants:CFO;debt=yfinance:totalDebt;ebitda=yfinance:ebitda;equity=jquants:Eq;equity_to_assets=jquants:EqAR;shares=jquants:ShOutFY;total_assets=jquants:TA,2026-06-12
9605,"TOEI COMPANY,LTD.",73844545.0,4657.03,385717000000.0,499129000000.0,22265999360.0,109995000000.0,41340502016.0,,36096000000.0,0.583,26716000000.0,FYFinancialStatements_Consolidated_JP,2027-03-31,2028-03-31,yfinance,bps=jquants:BPS;cash=jquants:CashEq;cfo=jquants:CFO;debt=yfinance:totalDebt;ebitda=yfinance:ebitda;equity=jquants:Eq;equity_to_assets=jquants:EqAR;shares=jquants:ShOutFY;total_assets=jquants:TA,2026-05-15
9616,"KYORITSU MAINTENANCE CO.,LTD.",91243720.0,1600.64,145528000000.0,316655000000.0,130553004032.0,29634000000.0,35949748224.0,,24845000000.0,0.46,50921000000.0,FYFinancialStatements_Consolidated_JP,2027-03-31,2028-03-31,yfinance,bps=jquants:BPS;cash=jquants:CashEq;cfo=jquants:CFO;debt=yfinance:totalDebt;ebitda=yfinance:ebitda;equity=jquants:Eq;equity_to_assets=jquants:EqAR;shares=jquants:ShOutFY;total_assets=jquants:TA,2026-05-15
9621,"CTI Engineering Co.,Ltd.",28318172.0,2489.9,68307000000.0,107274000000.0,1248999936.0,32672000000.0,12295000064.0,,6571000000.0,0.634,,1QFinancialStatements_Consolidated_JP,2026-12-31,,yfinance,bps=yfinance:bookValue;cash=yfinance:totalCash;debt=yfinance:totalDebt;ebitda=yfinance:ebitda;equity=jquants:Eq;equity_to_assets=jquants:EqAR;shares=jquants:ShOutFY;total_assets=jquants:TA,2026-05-13
9627,AIN HOLDINGS INC.,35428212.0,4523.45,159171000000.0,509647000000.0,171883003904.0,50650000000.0,52011999232.0,,29832000000.0,0.312,30872000000.0,FYFinancialStatements_Consolidated_JP,2027-04-30,2028-04-30,yfinance,bps=jquants:BPS;cash=jquants:CashEq;cfo=jquants:CFO;debt=yfinance:totalDebt;ebitda=yfinance:ebitda;equity=jquants:Eq;equity_to_assets=jquants:EqAR;shares=jquants:ShOutFY;total_assets=jquants:TA,2026-06-11
9672,"TOKYOTOKEIBA CO.,LTD.",28084854.0,3769.26,95210000000.0,121738000000.0,16666000384.0,22354999296.0,22197000192.0,,3239000000.0,0.781,,1QFinancialStatements_Consolidated_JP,2026-12-31,,yfinance,bps=yfinance:bookValue;cash=yfinance:totalCash;debt=yfinance:totalDebt;ebitda=yfinance:ebitda;equity=jquants:Eq;equity_to_assets=jquants:EqAR;shares=jquants:ShOutFY;total_assets=jquants:TA,2026-05-15
9678,"KANAMOTO CO.,LTD.",38742241.0,4458.842,163775000000.0,324450000000.0,63751999488.0,67262000000.0,53544001536.0,,10430000000.0,0.472,22336000000.0,2QFinancialStatements_Consolidated_JP,2026-10-31,,yfinance,bps=yfinance:bookValue;cash=jquants:CashEq;cfo=jquants:CFO;debt=yfinance:totalDebt;ebitda=yfinance:ebitda;equity=jquants:Eq;equity_to_assets=jquants:EqAR;shares=jquants:ShOutFY;total_assets=jquants:TA,2026-06-05
9682,DTS CORPORATION,163954928.0,398.6,64691000000.0,85248000000.0,0.0,29381000000.0,17301999616.0,,16434000000.0,0.745,8929000000.0,FYFinancialStatements_Consolidated_JP,2027-03-31,2028-03-31,yfinance,bps=jquants:BPS;cash=jquants:CashEq;cfo=jquants:CFO;debt=yfinance:totalDebt;ebitda=yfinance:ebitda;equity=jquants:Eq;equity_to_assets=jquants:EqAR;shares=jquants:ShOutFY;total_assets=jquants:TA,2026-05-01
9684,"SQUARE ENIX HOLDINGS CO.,LTD.",367594788.0,966.63,349224000000.0,438018000000.0,0.0,275796000000.0,71473750016.0,,54736000000.0,0.796,51584000000.0,FYFinancialStatements_Consolidated_JP,2027-03-31,2028-03-31,yfinance,bps=jquants:BPS;cash=jquants:CashEq;cfo=jquants:CFO;debt=yfinance:totalDebt;ebitda=yfinance:ebitda;equity=jquants:Eq;equity_to_assets=jquants:EqAR;shares=jquants:ShOutFY;total_assets=jquants:TA,2026-05-14
9692,COMPUTER ENGINEERING & CONSULTING LTD.,35168200.0,1366.144,42642000000.0,62031000000.0,350000000.0,28807000064.0,8678250496.0,,2315000000.0,0.687,,1QFinancialStatements_Consolidated_JP,2027-01-31,,yfinance,bps=yfinance:bookValue;cash=yfinance:totalCash;debt=yfinance:totalDebt;ebitda=yfinance:ebitda;equity=jquants:Eq;equity_to_assets=jquants:EqAR;shares=jquants:ShOutFY;total_assets=jquants:TA,2026-06-11
9697,"CAPCOM CO.,LTD.",533011246.0,639.03,267716000000.0,339307000000.0,0.0,102833000000.0,96989003776.0,,75295000000.0,0.788,31380000000.0,FYFinancialStatements_Consolidated_JP,2027-03-31,2028-03-31,yfinance,bps=jquants:BPS;cash=jquants:CashEq;cfo=jquants:CFO;debt=yfinance:totalDebt;ebitda=yfinance:ebitda;equity=jquants:Eq;equity_to_assets=jquants:EqAR;shares=jquants:ShOutFY;total_assets=jquants:TA,2026-05-13
9699,"NISHIO HOLDINGS CO.,LTD.",28391464.0,5217.848,145360000000.0,317415000000.0,107279998976.0,67148000000.0,52423000064.0,,10565000000.0,0.452,13110000000.0,2QFinancialStatements_Consolidated_JP,2026-09-30,,yfinance,bps=yfinance:bookValue;cash=jquants:CashEq;cfo=jquants:CFO;debt=yfinance:totalDebt;ebitda=yfinance:ebitda;equity=jquants:Eq;equity_to_assets=jquants:EqAR;shares=jquants:ShOutFY;total_assets=jquants:TA,2026-05-11
9706,"Japan Airport Terminal Co.,ltd.",93145400.0,2265.71,229885000000.0,491972000000.0,222941003776.0,96837000000.0,79394496512.0,,45043000000.0,0.427,71569000000.0,FYFinancialStatements_Consolidated_JP,2027-03-31,2028-03-31,yfinance,bps=jquants:BPS;cash=jquants:CashEq;cfo=jquants:CFO;debt=yfinance:totalDebt;ebitda=yfinance:ebitda;equity=jquants:Eq;equity_to_assets=jquants:EqAR;shares=jquants:ShOutFY;total_assets=jquants:TA,2026-05-08
9715,transcosmos inc.,43863116.0,3423.25,139293000000.0,223865000000.0,12435000320.0,78901000000.0,21642250240.0,,16558000000.0,0.573,20760000000.0,FYFinancialStatements_Consolidated_JP,2027-03-31,2028-03-31,yfinance,bps=jquants:BPS;cash=jquants:CashEq;cfo=jquants:CFO;debt=yfinance:totalDebt;ebitda=yfinance:ebitda;equity=jquants:Eq;equity_to_assets=jquants:EqAR;shares=jquants:ShOutFY;total_assets=jquants:TA,2026-04-30
9716,"NOMURA Co.,Ltd.",119896588.0,555.91,62035000000.0,95333000000.0,0.0,37552000000.0,11812249600.0,,12818000000.0,0.651,10865000000.0,FYFinancialStatements_Consolidated_JP,2027-02-28,2028-02-28,yfinance,bps=jquants:BPS;cash=jquants:CashEq;cfo=jquants:CFO;debt=yfinance:totalDebt;ebitda=yfinance:ebitda;equity=jquants:Eq;equity_to_assets=jquants:EqAR;shares=jquants:ShOutFY;total_assets=jquants:TA,2026-04-14
9722,FUJITA KANKO INC.,61037120.0,718.172,39567000000.0,97829000000.0,23037999104.0,16990999552.0,17675999232.0,,2586000000.0,0.404,,1QFinancialStatements_Consolidated_JP,2026-12-31,,yfinance,bps=yfinance:bookValue;cash=yfinance:totalCash;debt=yfinance:totalDebt;ebitda=yfinance:ebitda;equity=jquants:Eq;equity_to_assets=jquants:EqAR;shares=jquants:ShOutFY;total_assets=jquants:TA,2026-05-14
9735,"SECOM CO.,LTD.",466599796.0,3250.15,1499682000000.0,2230127000000.0,71349002240.0,406675000000.0,242912755712.0,,160333000000.0,0.589,203566000000.0,FYFinancialStatements_Consolidated_JP,2027-03-31,2028-03-31,yfinance,bps=jquants:BPS;cash=jquants:CashEq;cfo=jquants:CFO;debt=yfinance:totalDebt;ebitda=yfinance:ebitda;equity=jquants:Eq;equity_to_assets=jquants:EqAR;shares=jquants:ShOutFY;total_assets=jquants:TA,2026-05-12
9743,"TANSEISHA CO.,LTD.",48424071.0,795.751,37668000000.0,54166000000.0,415000000.0,14741999616.0,6335499776.0,,2334000000.0,0.695,,1QFinancialStatements_Consolidated_JP,2027-01-31,,yfinance,bps=yfinance:bookValue;cash=yfinance:totalCash;debt=yfinance:totalDebt;ebitda=yfinance:ebitda;equity=jquants:Eq;equity_to_assets=jquants:EqAR;shares=jquants:ShOutFY;total_assets=jquants:TA,2026-06-12
9744,MEITEC Group Holdings Inc.,78000000.0,631.62,48764000000.0,89814000000.0,0.0,52839000000.0,20612999168.0,,19903000000.0,0.543,15253000000.0,FYFinancialStatements_Consolidated_JP,2027-03-31,2028-03-31,yfinance,bps=jquants:BPS;cash=jquants:CashEq;cfo=jquants:CFO;debt=yfinance:totalDebt;ebitda=yfinance:ebitda;equity=jquants:Eq;equity_to_assets=jquants:EqAR;shares=jquants:ShOutFY;total_assets=jquants:TA,2026-05-12
9746,TKC Corporation,50241466.0,2231.605,108074000000.0,131574000000.0,0.0,33444000000.0,24120500224.0,,11126000000.0,0.821,12574000000.0,2QFinancialStatements_Consolidated_JP,2026-09-30,,yfinance,bps=yfinance:bookValue;cash=jquants:CashEq;cfo=jquants:CFO;debt=yfinance:totalDebt;ebitda=yfinance:ebitda;equity=jquants:Eq;equity_to_assets=jquants:EqAR;shares=jquants:ShOutFY;total_assets=jquants:TA,2026-05-13
9757,Funai Soken Holdings Incorporated,100000000.0,298.65,25352000000.0,31350000000.0,279000000.0,13971999744.0,9699000320.0,,2100000000.0,0.782,,1QFinancialStatements_Consolidated_JP,2026-12-31,,yfinance,bps=yfinance:bookValue;cash=yfinance:totalCash;debt=yfinance:totalDebt;ebitda=yfinance:ebitda;equity=jquants:Eq;equity_to_assets=jquants:EqAR;shares=jquants:ShOutFY;total_assets=jquants:TA,2026-05-13
9759,"NSD CO.,LTD.",86000000.0,971.43,74799000000.0,97442000000.0,0.0,32491000000.0,22188249088.0,,19073000000.0,0.757,16156000000.0,FYFinancialStatements_Consolidated_JP,2027-03-31,2028-03-31,yfinance,bps=jquants:BPS;cash=jquants:CashEq;cfo=jquants:CFO;debt=yfinance:totalDebt;ebitda=yfinance:ebitda;equity=jquants:Eq;equity_to_assets=jquants:EqAR;shares=jquants:ShOutFY;total_assets=jquants:TA,2026-05-08
9766,KONAMI GROUP CORPORATION,143500000.0,4164.58,564553000000.0,748765000000.0,55017000960.0,327564000000.0,197537005568.0,,135891000000.0,0.754,135664000000.0,FYFinancialStatements_Consolidated_IFRS,2027-03-31,2028-03-31,yfinance,bps=jquants:BPS;cash=jquants:CashEq;cfo=jquants:CFO;debt=yfinance:totalDebt;ebitda=yfinance:ebitda;equity=jquants:Eq;equity_to_assets=jquants:EqAR;shares=jquants:ShOutFY;total_assets=jquants:TA,2026-05-08
9793,"Daiseki Co.,Ltd.",48000000.0,1728.78,83403000000.0,105176000000.0,7857999872.0,18301000000.0,18610749440.0,,14588000000.0,0.777,10984000000.0,FYFinancialStatements_Consolidated_JP,2027-02-28,2028-02-28,yfinance,bps=jquants:BPS;cash=jquants:CashEq;cfo=jquants:CFO;debt=yfinance:totalDebt;ebitda=yfinance:ebitda;equity=jquants:Eq;equity_to_assets=jquants:EqAR;shares=jquants:ShOutFY;total_assets=jquants:TA,2026-04-21
9824,"SENSHU ELECTRIC CO.,LTD.",18000000.0,3614.284,62312000000.0,124475000000.0,666000000.0,42221998080.0,10478999552.0,,5594000000.0,0.496,,2QFinancialStatements_Consolidated_JP,2026-10-31,,yfinance,bps=yfinance:bookValue;cash=yfinance:totalCash;debt=yfinance:totalDebt;ebitda=yfinance:ebitda;equity=jquants:Eq;equity_to_assets=jquants:EqAR;shares=jquants:ShOutFY;total_assets=jquants:TA,2026-06-04
9828,Genki Global Dining Concepts Corporation,17765816.0,1099.74,19420000000.0,59484000000.0,37170999296.0,28492000000.0,6874999808.0,,4797000000.0,0.326,4551000000.0,FYFinancialStatements_Consolidated_JP,2027-03-31,2028-03-31,yfinance,bps=jquants:BPS;cash=jquants:CashEq;cfo=jquants:CFO;debt=yfinance:totalDebt;ebitda=yfinance:ebitda;equity=jquants:Eq;equity_to_assets=jquants:EqAR;shares=jquants:ShOutFY;total_assets=jquants:TA,2026-05-11
9830,TRUSCO NAKAYAMA CORPORATION,66008744.0,2931.762,188576000000.0,335453000000.0,105000001536.0,67121999872.0,18748000256.0,,6000000000.0,0.562,,1QFinancialStatements_Consolidated_JP,2026-12-31,,yfinance,bps=yfinance:bookValue;cash=yfinance:totalCash;debt=yfinance:totalDebt;ebitda=yfinance:ebitda;equity=jquants:Eq;equity_to_assets=jquants:EqAR;shares=jquants:ShOutFY;total_assets=jquants:TA,2026-04-30
9831,"YAMADA HOLDINGS CO.,LTD.",966863199.0,953.69,642558000000.0,1303905000000.0,286063001600.0,37293000000.0,48904499200.0,,16166000000.0,0.486,49791000000.0,FYFinancialStatements_Consolidated_JP,2027-03-31,2028-03-31,yfinance,bps=jquants:BPS;cash=jquants:CashEq;cfo=jquants:CFO;debt=yfinance:totalDebt;ebitda=yfinance:ebitda;equity=jquants:Eq;equity_to_assets=jquants:EqAR;shares=jquants:ShOutFY;total_assets=jquants:TA,2026-05-08
9832,"AUTOBACS SEVEN CO.,LTD.",82050105.0,1735.02,136621000000.0,239901000000.0,39692001280.0,19929000000.0,21135749120.0,,13795000000.0,0.568,14585000000.0,FYFinancialStatements_Consolidated_JP,2027-03-31,2028-03-31,yfinance,bps=jquants:BPS;cash=jquants:CashEq;cfo=jquants:CFO;debt=yfinance:totalDebt;ebitda=yfinance:ebitda;equity=jquants:Eq;equity_to_assets=jquants:EqAR;shares=jquants:ShOutFY;total_assets=jquants:TA,2026-05-11
9842,ARCLANDS CORPORATION,64733372.0,2032.66,128357000000.0,346213000000.0,116846002176.0,20384000000.0,28351000576.0,,14196000000.0,0.369,23229000000.0,FYFinancialStatements_Consolidated_JP,2027-02-28,2028-02-28,yfinance,bps=jquants:BPS;cash=jquants:CashEq;cfo=jquants:CFO;debt=yfinance:totalDebt;ebitda=yfinance:ebitda;equity=jquants:Eq;equity_to_assets=jquants:EqAR;shares=jquants:ShOutFY;total_assets=jquants:TA,2026-04-14
9843,"Nitori Holdings Co.,Ltd.",572217480.0,1749.49,988570000000.0,1571284000000.0,149999992832.0,145010000000.0,192827506688.0,,125526000000.0,0.629,148911000000.0,FYFinancialStatements_Consolidated_IFRS,2027-03-31,2028-03-31,yfinance,bps=jquants:BPS;cash=jquants:CashEq;cfo=jquants:CFO;debt=yfinance:totalDebt;ebitda=yfinance:ebitda;equity=jquants:Eq;equity_to_assets=jquants:EqAR;shares=jquants:ShOutFY;total_assets=jquants:TA,2026-05-14
9861,"YOSHINOYA HOLDINGS CO.,LTD.",65129558.0,1050.45,68712000000.0,124824000000.0,31612000256.0,20931000000.0,17664499712.0,,8089000000.0,0.545,14700000000.0,FYFinancialStatements_Consolidated_JP,2027-02-28,2028-02-28,yfinance,bps=jquants:BPS;cash=jquants:CashEq;cfo=jquants:CFO;debt=yfinance:totalDebt;ebitda=yfinance:ebitda;equity=jquants:Eq;equity_to_assets=jquants:EqAR;shares=jquants:ShOutFY;total_assets=jquants:TA,2026-04-09
9869,"KATO SANGYO CO.,LTD.",35000000.0,5724.185,184421000000.0,477605000000.0,14385000448.0,66807000000.0,25426999296.0,,10451000000.0,0.368,5428000000.0,2QFinancialStatements_Consolidated_JP,2026-09-30,,yfinance,bps=yfinance:bookValue;cash=jquants:CashEq;cfo=jquants:CFO;debt=yfinance:totalDebt;ebitda=yfinance:ebitda;equity=jquants:Eq;equity_to_assets=jquants:EqAR;shares=jquants:ShOutFY;total_assets=jquants:TA,2026-05-11
9882,YELLOW HAT LTD.,86021392.0,1446.59,123897000000.0,206818000000.0,53017001984.0,39714000000.0,18427000832.0,,15087000000.0,0.598,10469000000.0,FYFinancialStatements_Consolidated_JP,2027-03-31,2028-03-31,yfinance,bps=jquants:BPS;cash=jquants:CashEq;cfo=jquants:CFO;debt=yfinance:totalDebt;ebitda=yfinance:ebitda;equity=jquants:Eq;equity_to_assets=jquants:EqAR;shares=jquants:ShOutFY;total_assets=jquants:TA,2026-05-08
9887,"MATSUYA FOODS HOLDINGS CO.,LTD.",20595468.0,2800.13,57667000000.0,140787000000.0,52643000320.0,28234000000.0,14548031488.0,,7594000000.0,0.41,15347000000.0,FYFinancialStatements_Consolidated_JP,2027-03-31,2028-03-31,yfinance,bps=jquants:BPS;cash=jquants:CashEq;cfo=jquants:CFO;debt=yfinance:totalDebt;ebitda=yfinance:ebitda;equity=jquants:Eq;equity_to_assets=jquants:EqAR;shares=jquants:ShOutFY;total_assets=jquants:TA,2026-05-15
9889,JBCC Holdings Inc.,71094972.0,410.12,24883000000.0,47394000000.0,1903000064.0,18619000000.0,8339250176.0,,7308000000.0,0.525,6034000000.0,FYFinancialStatements_Consolidated_JP,2027-03-31,2028-03-31,yfinance,bps=jquants:BPS;cash=jquants:CashEq;cfo=jquants:CFO;debt=yfinance:totalDebt;ebitda=yfinance:ebitda;equity=jquants:Eq;equity_to_assets=jquants:EqAR;shares=jquants:ShOutFY;total_assets=jquants:TA,2026-05-13
9900,Sagami Holdings Corporation,30301784.0,652.59,19659000000.0,27123000000.0,447183008.0,5076000000.0,3864385024.0,,2977000000.0,0.724,3720000000.0,FYFinancialStatements_Consolidated_JP,2027-03-31,2028-03-31,yfinance,bps=jquants:BPS;cash=jquants:CashEq;cfo=jquants:CFO;debt=yfinance:totalDebt;ebitda=yfinance:ebitda;equity=jquants:Eq;equity_to_assets=jquants:EqAR;shares=jquants:ShOutFY;total_assets=jquants:TA,2026-05-14
9934,"INABA DENKISANGYO CO.,LTD.",113659600.0,1754.68,197384000000.0,313325000000.0,243000000.0,76202000000.0,36950499328.0,,29711000000.0,0.629,26909000000.0,FYFinancialStatements_Consolidated_JP,2027-03-31,2028-03-31,yfinance,bps=jquants:BPS;cash=jquants:CashEq;cfo=jquants:CFO;debt=yfinance:totalDebt;ebitda=yfinance:ebitda;equity=jquants:Eq;equity_to_assets=jquants:EqAR;shares=jquants:ShOutFY;total_assets=jquants:TA,2026-05-15
9936,OHSHO FOOD SERVICE CORP.,64858690.0,1238.68,65069000000.0,85087000000.0,2500000000.0,24527000000.0,12188000256.0,,10410000000.0,0.765,10709000000.0,FYFinancialStatements_Consolidated_JP,2027-03-31,2028-03-31,yfinance,bps=jquants:BPS;cash=jquants:CashEq;cfo=jquants:CFO;debt=yfinance:totalDebt;ebitda=yfinance:ebitda;equity=jquants:Eq;equity_to_assets=jquants:EqAR;shares=jquants:ShOutFY;total_assets=jquants:TA,2026-05-15
9948,"ARCS COMPANY,LIMITED",57649868.0,3681.33,196142000000.0,300714000000.0,26812999680.0,91130000000.0,28284000256.0,,17632000000.0,0.652,26302000000.0,FYFinancialStatements_Consolidated_JP,2027-02-28,2028-02-28,yfinance,bps=jquants:BPS;cash=jquants:CashEq;cfo=jquants:CFO;debt=yfinance:totalDebt;ebitda=yfinance:ebitda;equity=jquants:Eq;equity_to_assets=jquants:EqAR;shares=jquants:ShOutFY;total_assets=jquants:TA,2026-04-13
9956,"VALOR HOLDINGS CO.,LTD.",53987499.0,3516.53,203311000000.0,514858000000.0,138180001792.0,31739000000.0,56067751936.0,,27580000000.0,0.36,52178000000.0,FYFinancialStatements_Consolidated_JP,2027-03-31,2028-03-31,yfinance,bps=jquants:BPS;cash=jquants:CashEq;cfo=jquants:CFO;debt=yfinance:totalDebt;ebitda=yfinance:ebitda;equity=jquants:Eq;equity_to_assets=jquants:EqAR;shares=jquants:ShOutFY;total_assets=jquants:TA,2026-05-13
9960,TOTECH CORPORATION,41964000.0,1796.55,73670000000.0,115120000000.0,8208000000.0,9211000000.0,19208249344.0,,17125000000.0,0.64,9594000000.0,FYFinancialStatements_Consolidated_JP,2027-03-31,2028-03-31,yfinance,bps=jquants:BPS;cash=jquants:CashEq;cfo=jquants:CFO;debt=yfinance:totalDebt;ebitda=yfinance:ebitda;equity=jquants:Eq;equity_to_assets=jquants:EqAR;shares=jquants:ShOutFY;total_assets=jquants:TA,2026-05-14
9962,MISUMI Group Inc.,285221897.0,1433.69,382509000000.0,464969000000.0,0.0,104202000000.0,77413998592.0,,47613000000.0,0.817,52190000000.0,FYFinancialStatements_Consolidated_JP,2027-03-31,2028-03-31,yfinance,bps=jquants:BPS;cash=jquants:CashEq;cfo=jquants:CFO;debt=yfinance:totalDebt;ebitda=yfinance:ebitda;equity=jquants:Eq;equity_to_assets=jquants:EqAR;shares=jquants:ShOutFY;total_assets=jquants:TA,2026-04-30
9974,"Belc CO.,LTD.",20867800.0,5789.13,120592000000.0,221376000000.0,47089999872.0,19847000000.0,26107000832.0,,17900000000.0,0.545,20935000000.0,FYFinancialStatements_Consolidated_JP,2027-02-28,2028-02-28,yfinance,bps=jquants:BPS;cash=jquants:CashEq;cfo=jquants:CFO;debt=yfinance:totalDebt;ebitda=yfinance:ebitda;equity=jquants:Eq;equity_to_assets=jquants:EqAR;shares=jquants:ShOutFY;total_assets=jquants:TA,2026-04-10
9983,"FAST RETAILING CO.,LTD.",318220968.0,8579.27,2708483000000.0,4299044000000.0,798425022464.0,1040505000000.0,774857031680.0,,400666000000.0,0.612,499013000000.0,2QFinancialStatements_Consolidated_IFRS,2026-08-31,,yfinance,bps=jquants:BPS;cash=jquants:CashEq;cfo=jquants:CFO;debt=yfinance:totalDebt;ebitda=yfinance:ebitda;equity=jquants:Eq;equity_to_assets=jquants:EqAR;shares=jquants:ShOutFY;total_assets=jquants:TA,2026-04-09
9984,SoftBank Group Corp.,5711848120.0,3057.72,20468432000000.0,60749547000000.0,27790728495104.0,5362150000000.0,528074997760.0,,,0.29,-428832000000.0,FYFinancialStatements_Consolidated_IFRS,2027-03-31,2028-03-31,yfinance,bps=jquants:BPS;cash=jquants:CashEq;cfo=jquants:CFO;debt=yfinance:totalDebt;ebitda=yfinance:ebitda;equity=jquants:Eq;equity_to_assets=jquants:EqAR;shares=jquants:ShOutFY;total_assets=jquants:TA,2026-05-15
9987,"SUZUKEN CO.,LTD.",72167204.0,6148.58,416012000000.0,1155766000000.0,0.0,131604000000.0,47404998656.0,,36374000000.0,0.36,33566000000.0,FYFinancialStatements_Consolidated_JP,2027-03-31,2028-03-31,yfinance,bps=jquants:BPS;cash=jquants:CashEq;cfo=jquants:CFO;debt=yfinance:totalDebt;ebitda=yfinance:ebitda;equity=jquants:Eq;equity_to_assets=jquants:EqAR;shares=jquants:ShOutFY;total_assets=jquants:TA,2026-05-14
9989,"SUNDRUG CO.,LTD.",119331184.0,2444.81,286001000000.0,475505000000.0,47964999680.0,70523000000.0,65780498432.0,,46831000000.0,0.601,43297000000.0,FYFinancialStatements_Consolidated_JP,2027-03-31,2028-03-31,yfinance,bps=jquants:BPS;cash=jquants:CashEq;cfo=jquants:CFO;debt=yfinance:totalDebt;ebitda=yfinance:ebitda;equity=jquants:Eq;equity_to_assets=jquants:EqAR;shares=jquants:ShOutFY;total_assets=jquants:TA,2026-05-15
9997,"BELLUNA CO.,LTD.",97244472.0,1572.51,151454000000.0,340137000000.0,154148995072.0,36558000000.0,24171999232.0,,16478000000.0,0.445,18465000000.0,FYFinancialStatements_Consolidated_JP,2027-03-31,2028-03-31,yfinance,bps=jquants:BPS;cash=jquants:CashEq;cfo=jquants:CFO;debt=yfinance:totalDebt;ebitda=yfinance:ebitda;equity=jquants:Eq;equity_to_assets=jquants:EqAR;shares=jquants:ShOutFY;total_assets=jquants:TA,2026-05-13
