code,close,mcap_b,adv_jpy_20,adv_jpy_60,adv_shares_20,obs_20,obs_60,span_days_20,participation,days_to_exit_100m,tier,first_obs,last_obs,as_of
1301,4580.0,54.4,161646000,161646000,34800,19,19,24,0.2,3.1,very thin,2025-12-15,2026-10-01,2026-10-01
1305,4391.0,10536.7,353482545,353482545,81655,2,2,23,0.2,1.4,thin,2025-12-15,2026-10-01,2026-10-01
1306,434.4,,5714393605,5714393605,13404630,19,19,24,0.2,0.09,deep,2026-04-15,2026-10-01,2026-10-01
1308,4287.0,,1025219632,1025219632,245974,19,19,24,0.2,0.49,adequate,2026-04-15,2026-10-01,2026-10-01
1309,55100.0,,,,,0,0,0,0.2,,unknown,2026-05-01,2026-09-04,2026-10-01
130A,460.0,,,,,0,0,0,0.2,,unknown,2025-12-15,2026-04-09,2026-10-01
1311,2151.0,,21084102,21084102,9802,1,1,0,0.2,23.7,very thin,2026-01-26,2026-09-07,2026-10-01
1319,746.4,,746400,746400,1000,1,1,0,0.2,669.9,very thin,2026-01-26,2026-10-01,2026-10-01
1320,67450.0,,,,,0,0,0,0.2,,unknown,2026-04-23,2026-08-19,2026-10-01
1321,68210.0,,15341383940,15341383940,224914,1,1,0,0.2,0.03,deep,2026-04-14,2026-09-28,2026-10-01
1322,11600.0,,1494710,1494710,131,2,2,7,0.2,334.5,very thin,2026-05-04,2026-09-22,2026-10-01
1324,0.72,,,,,0,0,0,0.2,,unknown,2026-04-16,2026-06-24,2026-10-01
1325,299.0,,,,,0,0,0,0.2,,unknown,2026-05-04,2026-09-03,2026-10-01
1326,62170.0,18789.1,369787160,369787160,5948,1,1,0,0.2,1.4,thin,2025-12-15,2026-09-10,2026-10-01
1328,16300.0,,255225400,255225400,15658,1,1,0,0.2,2.0,thin,2026-05-08,2026-09-18,2026-10-01
1329,6989.0,,,,,0,0,0,0.2,,unknown,2026-05-13,2026-08-18,2026-10-01
1330,67690.0,,3185288330,3185288330,47057,1,1,0,0.2,0.16,adequate,2026-01-26,2026-09-08,2026-10-01
1332,1118.5,339.2,2108254800,2108254800,1775500,19,19,24,0.2,0.24,adequate,2025-12-15,2026-10-01,2026-10-01
1333,1232.0,186.3,483742400,483742400,370400,19,19,24,0.2,1.0,thin,2025-12-15,2026-10-01,2026-10-01
1343,1856.0,,2023473245,2023473245,1082005,2,2,14,0.2,0.25,adequate,2026-01-26,2026-09-30,2026-10-01
1345,1777.0,,136924958,136924958,77054,1,1,0,0.2,3.7,very thin,2026-04-27,2026-09-08,2026-10-01
1346,66160.0,,1491386920,1491386920,22358,2,2,8,0.2,0.34,adequate,2026-04-24,2026-09-16,2026-10-01
1348,4321.0,,241495584,241495584,57376,3,3,23,0.2,2.1,thin,2026-04-15,2026-10-01,2026-10-01
1349,17150.0,584.5,660275,660275,38,1,1,0,0.2,757.3,very thin,2025-12-15,2026-09-09,2026-10-01
1356,103.1,,183625221,183625221,1781040,1,1,0,0.2,2.7,very thin,2026-04-17,2026-09-25,2026-10-01
1357,2760.0,,21294941325,21294941325,7575575,3,3,19,0.2,0.02,deep,2026-04-29,2026-09-29,2026-10-01
1358,130400.0,,829996000,829996000,6365,3,3,18,0.2,0.6,thin,2026-04-21,2026-09-28,2026-10-01
135A,2635.0,,,,,0,0,0,0.2,,unknown,2025-12-15,2026-04-09,2026-10-01
1360,69.1,,10768259070,10768259070,155835880,1,1,0,0.2,0.05,deep,2026-04-20,2026-09-10,2026-10-01
1364,3754.0,,,,,0,0,0,0.2,,unknown,2026-04-15,2026-07-31,2026-10-01
1365,4232.0,,1131748368,1131748368,270236,3,3,14,0.2,0.44,adequate,2026-04-20,2026-09-28,2026-10-01
1366,71.0,,103004198,103004198,1412816,2,2,2,0.2,4.9,very thin,2026-04-17,2026-09-18,2026-10-01
1367,3036.0,,,,,0,0,0,0.2,,unknown,2026-04-17,2026-08-20,2026-10-01
1368,146.0,,5677472,5677472,38123,2,2,7,0.2,88.1,very thin,2026-01-26,2026-10-01,2026-10-01
1369,67490.0,,276734220,276734220,4326,3,3,22,0.2,1.8,thin,2026-01-26,2026-09-30,2026-10-01
1375,1144.0,45.6,,,,0,0,0,0.2,,unknown,2025-12-15,2026-08-18,2026-10-01
1376,1634.0,17.9,,,,0,0,0,0.2,,unknown,2025-12-15,2026-08-18,2026-10-01
1377,4305.0,181.9,404315500,404315500,93700,19,19,24,0.2,1.2,thin,2025-12-15,2026-10-01,2026-10-01
1379,2125.0,66.5,159162500,159162500,74900,1,1,0,0.2,3.1,very thin,2025-12-15,2026-09-28,2026-10-01
137A,720.0,,,,,0,0,0,0.2,,unknown,2025-12-15,2026-04-09,2026-10-01
1380,998.0,4.2,,,,0,0,0,0.2,,unknown,2025-12-15,2026-08-25,2026-10-01
1381,3545.0,19.9,14929250,14929250,4200,2,2,8,0.2,33.5,very thin,2025-12-15,2026-09-16,2026-10-01
1382,798.0,0.6,2808300,2808300,3450,2,2,15,0.2,178.0,very thin,2025-12-15,2026-10-01,2026-10-01
1383,3065.0,4.9,3651000,3651000,1200,2,2,4,0.2,136.9,very thin,2025-12-15,2026-09-21,2026-10-01
1384,2106.0,17.8,16941600,16941600,7800,3,3,23,0.2,29.5,very thin,2025-12-15,2026-10-01,2026-10-01
138A,2990.0,,,,,0,0,0,0.2,,unknown,2025-12-15,2026-04-09,2026-10-01
1397,68120.0,,434401240,434401240,6377,1,1,0,0.2,1.2,thin,2026-04-28,2026-09-30,2026-10-01
1398,1859.5,,,,,0,0,0,0.2,,unknown,2026-04-27,2026-08-31,2026-10-01
1399,3231.0,,,,,0,0,0,0.2,,unknown,2026-04-14,2026-09-04,2026-10-01
1401,1449.0,10.0,15794100,15794100,10900,1,1,0,0.2,31.7,very thin,2025-12-15,2026-09-28,2026-10-01
1407,2220.0,88.0,803418000,803418000,361900,3,3,13,0.2,0.62,thin,2025-12-15,2026-10-01,2026-10-01
1414,1259.0,254.4,1119081650,1119081650,884300,19,19,24,0.2,0.45,adequate,2025-12-15,2026-10-01,2026-10-01
1417,3453.0,306.1,681301800,681301800,191700,19,19,24,0.2,0.73,thin,2025-12-15,2026-10-01,2026-10-01
1418,585.0,9.0,14215500,14215500,24300,1,1,0,0.2,35.2,very thin,2025-12-15,2026-09-24,2026-10-01
1419,2909.0,84.3,214835500,214835500,73700,19,19,24,0.2,2.3,thin,2025-12-15,2026-10-01,2026-10-01
141A,4425.0,,,,,0,0,0,0.2,,unknown,2025-12-15,2026-04-09,2026-10-01
1420,631.0,7.5,6188700,6188700,9800,2,2,16,0.2,80.8,very thin,2025-12-15,2026-09-24,2026-10-01
1429,805.0,25.9,44871100,44871100,56300,3,3,10,0.2,11.1,very thin,2025-12-15,2026-10-01,2026-10-01
142A,683.0,,,,,0,0,0,0.2,,unknown,2025-12-15,2026-04-09,2026-10-01
1430,1021.0,12.2,16948600,16948600,16600,1,1,0,0.2,29.5,very thin,2025-12-15,2026-09-08,2026-10-01
1431,642.0,14.9,36594000,36594000,57000,1,1,0,0.2,13.7,very thin,2025-12-15,2026-10-01,2026-10-01
1432,174.0,,,,,0,0,0,0.2,,unknown,2026-04-27,2026-07-13,2026-10-01
1433,1162.0,10.3,,,,0,0,0,0.2,,unknown,2025-12-15,2026-08-14,2026-10-01
1434,1664.0,11.5,,,,0,0,0,0.2,,unknown,2025-12-15,2026-08-21,2026-10-01
1435,177.0,15.9,44250000,44250000,250000,1,1,0,0.2,11.3,very thin,2025-12-15,2026-09-16,2026-10-01
1436,1767.0,7.3,300390000,300390000,170000,1,1,0,0.2,1.7,thin,2025-12-15,2026-09-14,2026-10-01
1438,2201.0,7.1,1760800,1760800,800,1,1,0,0.2,284.0,very thin,2025-12-15,2026-10-01,2026-10-01
143A,757.0,,,,,0,0,0,0.2,,unknown,2025-12-15,2026-04-09,2026-10-01
1443,275.0,4.5,9322500,9322500,33900,1,1,0,0.2,53.6,very thin,2025-12-15,2026-09-14,2026-10-01
1444,2796.0,3.0,5574000,5574000,2000,3,3,20,0.2,89.7,very thin,2025-12-15,2026-09-28,2026-10-01
1445,2900.0,1.2,,,,0,0,0,0.2,,unknown,2025-12-15,2026-07-24,2026-10-01
1446,533.0,4.9,6129500,6129500,11500,1,1,0,0.2,81.6,very thin,2025-12-15,2026-09-29,2026-10-01
1447,354.0,8.6,,,,0,0,0,0.2,,unknown,2025-12-15,2026-08-10,2026-10-01
1450,1457.0,12.7,,,,0,0,0,0.2,,unknown,2025-12-15,2026-08-21,2026-10-01
1452,18530.0,0.9,,,,0,0,0,0.2,,unknown,2025-12-15,2026-06-22,2026-10-01
1456,1278.0,,51776892,51776892,40514,1,1,0,0.2,9.7,very thin,2026-04-30,2026-09-22,2026-10-01
1457,1782.0,,21455280,21455280,12040,1,1,0,0.2,23.3,very thin,2026-04-21,2026-09-08,2026-10-01
1458,79820.0,,8327239160,8327239160,106231,2,2,6,0.2,0.06,deep,2026-05-14,2026-09-22,2026-10-01
1459,111.0,,541606391,541606391,4723649,2,2,14,0.2,0.92,thin,2026-04-17,2026-09-28,2026-10-01
145A,840.0,,,,,0,0,0,0.2,,unknown,2025-12-15,2026-04-09,2026-10-01
1466,199.0,,159352,159352,798,2,2,9,0.2,3137.7,very thin,2026-04-17,2026-09-17,2026-10-01
1469,180.9,,,,,0,0,0,0.2,,unknown,2026-04-24,2026-08-12,2026-10-01
146A,4010.0,,,,,0,0,0,0.2,,unknown,2025-12-15,2026-04-09,2026-10-01
1472,77.0,,,,,0,0,0,0.2,,unknown,2026-01-26,2026-08-25,2026-10-01
1473,4165.0,,23045360,23045360,5570,2,2,1,0.2,21.7,very thin,2026-04-20,2026-09-16,2026-10-01
1474,37270.0,,5134710,5134710,138,2,2,20,0.2,97.4,very thin,2026-04-30,2026-09-28,2026-10-01
1475,423.6,,1086423880,1086423880,2564740,1,1,0,0.2,0.46,adequate,2026-04-15,2026-09-07,2026-10-01
1476,1814.0,,160542272,160542272,87824,3,3,8,0.2,3.1,very thin,2026-05-01,2026-09-15,2026-10-01
1477,3404.0,,,,,0,0,0,0.2,,unknown,2026-04-17,2026-08-31,2026-10-01
1478,5354.0,,,,,0,0,0,0.2,,unknown,2026-05-01,2026-08-27,2026-10-01
1479,52400.0,,157200,157200,3,1,1,0,0.2,3180.7,very thin,2026-04-22,2026-09-25,2026-10-01
1480,40850.0,,1264735,1264735,32,2,2,10,0.2,395.3,very thin,2026-04-21,2026-09-28,2026-10-01
1481,3920.0,,124704,124704,32,3,3,13,0.2,4009.5,very thin,2026-01-26,2026-09-28,2026-10-01
1482,1509.0,,50673966,50673966,33534,2,2,5,0.2,9.9,very thin,2026-05-01,2026-09-16,2026-10-01
1483,3822.0,,14332,14332,4,2,2,21,0.2,34885.7,very thin,2026-04-21,2026-09-29,2026-10-01
1484,3823.0,,305840,305840,80,3,3,21,0.2,1634.8,very thin,2026-02-10,2026-09-29,2026-10-01
1485,54550.0,,,,,0,0,0,0.2,,unknown,2025-11-07,2026-08-28,2026-10-01
1486,22690.0,,16109900,16109900,710,1,1,0,0.2,31.0,very thin,2026-04-23,2026-09-28,2026-10-01
1487,11340.0,,2497000,2497000,220,2,2,1,0.2,200.2,very thin,2026-05-18,2026-09-29,2026-10-01
1488,1800.0,,85998600,85998600,47777,1,1,0,0.2,5.8,very thin,2026-04-15,2026-09-18,2026-10-01
1489,3555.0,,1567729755,1567729755,439215,2,2,5,0.2,0.32,adequate,2026-04-30,2026-09-28,2026-10-01
148A,1800.0,,,,,0,0,0,0.2,,unknown,2025-12-15,2026-04-09,2026-10-01
1490,7970.0,,,,,0,0,0,0.2,,unknown,2026-04-16,2026-09-16,2026-10-01
1491,739.0,10.6,21061500,21061500,28500,1,1,0,0.2,23.7,very thin,2025-12-15,2026-09-28,2026-10-01
1493,26040.0,,1740940,1740940,67,2,2,9,0.2,287.2,very thin,2026-04-22,2026-10-01,2026-10-01
1494,43530.0,,58112550,58112550,1335,1,1,0,0.2,8.6,very thin,2026-04-23,2026-09-29,2026-10-01
1495,10945.0,,3136910,3136910,287,4,4,15,0.2,159.4,very thin,2026-05-01,2026-10-01,2026-10-01
1496,1573.0,,20979848,20979848,13292,2,2,3,0.2,23.8,very thin,2026-04-15,2026-10-01,2026-10-01
1497,1720.0,,12000762,12000762,6968,2,2,7,0.2,41.7,very thin,2026-04-16,2026-09-18,2026-10-01
1498,32300.0,,9399300,9399300,291,1,1,0,0.2,53.2,very thin,2026-04-17,2026-09-08,2026-10-01
1499,9277.0,,445296,445296,48,1,1,0,0.2,1122.8,very thin,2026-04-17,2026-10-01,2026-10-01
149A,905.0,,,,,0,0,0,0.2,,unknown,2025-12-15,2026-04-09,2026-10-01
150A,372.0,,,,,0,0,0,0.2,,unknown,2025-12-15,2026-04-09,2026-10-01
1514,641.0,38.3,185683900,185683900,283950,2,2,16,0.2,2.7,very thin,2025-12-15,2026-09-24,2026-10-01
1515,3225.0,253.8,1588463000,1588463000,455800,19,19,24,0.2,0.31,adequate,2025-12-15,2026-10-01,2026-10-01
1518,2244.0,86.2,619231200,619231200,269700,19,19,24,0.2,0.81,thin,2025-12-15,2026-10-01,2026-10-01
151A,641.0,,,,,0,0,0,0.2,,unknown,2025-12-15,2026-04-09,2026-10-01
153A,1309.0,,,,,0,0,0,0.2,,unknown,2025-12-15,2026-04-09,2026-10-01
1540,20090.0,,3642277728,3642277728,180390,2,2,9,0.2,0.14,adequate,2026-04-27,2026-09-17,2026-10-01
1541,7861.0,,171959091,171959091,20841,3,3,22,0.2,2.9,very thin,2026-04-21,2026-09-30,2026-10-01
1542,28365.0,,1025474552,1025474552,35868,2,2,15,0.2,0.49,adequate,2026-04-27,2026-10-01,2026-10-01
1543,55790.0,,12221815,12221815,212,2,2,6,0.2,40.9,very thin,2026-04-15,2026-09-28,2026-10-01
1545,227.2,,375357115,375357115,1652100,1,1,0,0.2,1.3,thin,2026-04-30,2026-09-16,2026-10-01
1546,82760.0,,,,,0,0,0,0.2,,unknown,2026-04-24,2026-08-27,2026-10-01
1547,13270.0,,159134400,159134400,12336,3,3,23,0.2,3.1,very thin,2026-04-24,2026-10-01,2026-10-01
1550,7910.0,,38221120,38221120,4832,1,1,0,0.2,13.1,very thin,2026-04-27,2026-09-08,2026-10-01
1551,7200.0,,2187260,2187260,305,4,4,13,0.2,228.6,very thin,2026-01-26,2026-09-29,2026-10-01
1554,6800.0,,,,,0,0,0,0.2,,unknown,2026-04-22,2026-07-28,2026-10-01
1555,2306.0,,7137070,7137070,3095,1,1,0,0.2,70.1,very thin,2026-05-27,2026-09-08,2026-10-01
1557,121600.0,107307.7,99238000,99238000,841,3,3,13,0.2,5.0,very thin,2025-12-15,2026-09-28,2026-10-01
1559,4819.0,,,,,0,0,0,0.2,,unknown,2026-04-21,2026-08-20,2026-10-01
155A,847.0,,,,,0,0,0,0.2,,unknown,2025-12-15,2026-04-09,2026-10-01
1560,6516.0,,,,,0,0,0,0.2,,unknown,2026-04-24,2026-08-25,2026-10-01
1563,2489.0,,29639012,29639012,11908,1,1,0,0.2,16.9,very thin,2026-04-15,2026-09-23,2026-10-01
1566,51880.0,,57073590,57073590,1071,3,3,24,0.2,8.8,very thin,2026-04-15,2026-10-01,2026-10-01
1568,1002.0,,1867758046,1867758046,1888710,2,2,20,0.2,0.27,adequate,2026-05-11,2026-09-28,2026-10-01
1569,726.7,,26608500,26608500,36500,3,3,14,0.2,18.8,very thin,2026-04-15,2026-09-30,2026-10-01
156A,880.0,,,,,0,0,0,0.2,,unknown,2025-12-15,2026-04-09,2026-10-01
1570,64490.0,,155728575440,155728575440,2361708,2,2,8,0.2,0.0,deep,2026-05-08,2026-09-16,2026-10-01
1571,282.0,,271164726,271164726,922329,3,3,6,0.2,1.8,thin,2026-01-26,2026-10-01,2026-10-01
1572,6523.0,,20873600,20873600,3200,1,1,0,0.2,24.0,very thin,2026-04-23,2026-09-10,2026-10-01
1573,8530.0,,1982880,1982880,240,5,5,20,0.2,252.2,very thin,2026-04-24,2026-09-28,2026-10-01
1575,6.97,,,,,0,0,0,0.2,,unknown,2026-01-26,2026-09-14,2026-10-01
1577,60250.0,,568585400,568585400,9395,3,3,24,0.2,0.88,thin,2026-04-21,2026-10-01,2026-10-01
1578,5400.0,,,,,0,0,0,0.2,,unknown,2026-04-28,2026-08-12,2026-10-01
1579,751.0,,8370878810,8370878810,11318920,3,3,16,0.2,0.06,deep,2026-04-30,2026-09-25,2026-10-01
157A,1061.0,,,,,0,0,0,0.2,,unknown,2025-12-15,2026-04-09,2026-10-01
1580,810.5,,268907690,268907690,331780,1,1,0,0.2,1.9,thin,2026-04-20,2026-09-16,2026-10-01
1585,2700.0,,243000,243000,90,5,5,23,0.2,2057.6,very thin,2026-04-22,2026-10-01,2026-10-01
1586,3020.0,,208380,208380,69,1,1,0,0.2,2399.5,very thin,2026-01-26,2026-09-11,2026-10-01
1591,36590.0,,70160835,70160835,1916,2,2,2,0.2,7.1,very thin,2026-06-10,2026-09-16,2026-10-01
1592,3383.0,,,,,0,0,0,0.2,,unknown,2026-04-27,2026-09-04,2026-10-01
1593,37870.0,,196587520,196587520,5296,3,3,17,0.2,2.5,very thin,2026-04-16,2026-09-28,2026-10-01
1595,1760.0,,52224752,52224752,28726,4,4,24,0.2,9.6,very thin,2026-04-15,2026-10-01,2026-10-01
1596,3110.0,,9330,9330,3,1,1,0,0.2,53590.6,very thin,2026-04-23,2026-09-29,2026-10-01
1597,1784.0,,208372271,208372271,116030,2,2,16,0.2,2.4,thin,2026-04-27,2026-09-24,2026-10-01
1599,37590.0,,370100,370100,10,3,3,18,0.2,1351.0,very thin,2026-04-14,2026-09-28,2026-10-01
1605,3611.0,4196.6,20497706400,20497706400,5385800,19,19,24,0.2,0.02,deep,2025-12-15,2026-10-01,2026-10-01
160A,2193.0,,,,,0,0,0,0.2,,unknown,2025-12-15,2026-04-09,2026-10-01
1615,729.5,,,,,0,0,0,0.2,,unknown,2026-04-17,2026-08-20,2026-10-01
1617,48780.0,,,,,0,0,0,0.2,,unknown,2026-05-15,2026-09-03,2026-10-01
1618,36760.0,,63374240,63374240,1724,1,1,0,0.2,7.9,very thin,2026-04-22,2026-09-24,2026-10-01
1619,44690.0,,10144630,10144630,227,1,1,0,0.2,49.3,very thin,2026-04-14,2026-09-22,2026-10-01
1620,36600.0,,6295200,6295200,172,1,1,0,0.2,79.4,very thin,2026-01-26,2026-09-28,2026-10-01
1621,30220.0,,,,,0,0,0,0.2,,unknown,2026-05-05,2026-08-18,2026-10-01
1622,34100.0,,16538565,16538565,483,2,2,11,0.2,30.2,very thin,2026-04-27,2026-09-28,2026-10-01
1623,61790.0,,70816435,70816435,1134,2,2,8,0.2,7.1,very thin,2026-04-16,2026-09-16,2026-10-01
1624,80930.0,,15867810,15867810,197,2,2,1,0.2,31.5,very thin,2026-04-15,2026-09-16,2026-10-01
1625,65860.0,,42743140,42743140,649,1,1,0,0.2,11.7,very thin,2026-05-08,2026-09-30,2026-10-01
1626,49820.0,,10561840,10561840,212,1,1,0,0.2,47.3,very thin,2026-04-22,2026-09-21,2026-10-01
1627,13100.0,,50300500,50300500,3888,2,2,2,0.2,9.9,very thin,2026-04-28,2026-09-17,2026-10-01
1628,22300.0,,5175688,5175688,233,2,2,7,0.2,96.6,very thin,2026-05-14,2026-09-23,2026-10-01
1629,281.2,,,,,0,0,0,0.2,,unknown,2026-04-15,2026-09-03,2026-10-01
1630,36260.0,,12799780,12799780,353,1,1,0,0.2,39.1,very thin,2026-05-08,2026-09-17,2026-10-01
1631,42720.0,,,,,0,0,0,0.2,,unknown,2026-04-17,2026-09-03,2026-10-01
1632,43700.0,,91901100,91901100,2103,1,1,0,0.2,5.4,very thin,2026-04-16,2026-09-28,2026-10-01
1633,48290.0,,8037450,8037450,165,2,2,14,0.2,62.2,very thin,2026-01-26,2026-10-01,2026-10-01
1651,3243.0,,,,,0,0,0,0.2,,unknown,2026-05-08,2026-08-18,2026-10-01
1652,5054.0,,,,,0,0,0,0.2,,unknown,2026-04-20,2026-09-04,2026-10-01
1653,5207.0,,26352032,26352032,5112,2,2,20,0.2,19.0,very thin,2025-10-16,2026-09-28,2026-10-01
1654,3340.0,,,,,0,0,0,0.2,,unknown,2026-04-22,2026-09-24,2026-10-01
1655,847.0,,1457966068,1457966068,1717920,2,2,2,0.2,0.34,adequate,2026-05-19,2026-09-10,2026-10-01
1656,296.7,,61903461,61903461,208285,4,4,23,0.2,8.1,very thin,2026-04-14,2026-10-01,2026-10-01
1657,7096.0,,6535416,6535416,921,1,1,0,0.2,76.5,very thin,2026-04-27,2026-09-08,2026-10-01
1658,4400.0,,,,,0,0,0,0.2,,unknown,2026-04-17,2026-08-28,2026-10-01
1659,3669.0,,15736341,15736341,4289,1,1,0,0.2,31.8,very thin,2026-04-15,2026-09-16,2026-10-01
1660,10140.0,,24885780,24885780,2403,4,4,23,0.2,20.1,very thin,2026-01-26,2026-10-01,2026-10-01
1662,1742.0,445.9,2614721000,2614721000,1379800,19,19,24,0.2,0.19,adequate,2025-12-15,2026-10-01,2026-10-01
1663,1894.0,50.6,358934400,358934400,185400,19,19,24,0.2,1.4,thin,2025-12-15,2026-10-01,2026-10-01
166A,823.0,,,,,0,0,0,0.2,,unknown,2025-12-15,2026-04-09,2026-10-01
1671,6075.0,,1420778475,1420778475,233873,1,1,0,0.2,0.35,adequate,2026-01-26,2026-09-24,2026-10-01
1672,65110.0,,,,,0,0,0,0.2,,unknown,2026-04-27,2026-08-18,2026-10-01
1673,8702.0,,26863200,26863200,2870,3,3,23,0.2,18.6,very thin,2026-01-26,2026-09-30,2026-10-01
1674,27185.0,,,,,0,0,0,0.2,,unknown,2026-04-28,2026-08-25,2026-10-01
1675,19310.0,,3147530,3147530,163,1,1,0,0.2,158.9,very thin,2026-04-30,2026-09-08,2026-10-01
1676,41920.0,,678178,678178,16,2,2,2,0.2,737.3,very thin,2026-04-15,2026-09-18,2026-10-01
1677,58810.0,,,,,0,0,0,0.2,,unknown,2026-05-05,2026-09-04,2026-10-01
1678,290.8,,157110509,157110509,540270,3,3,18,0.2,3.2,very thin,2026-04-16,2026-09-28,2026-10-01
1679,64800.0,,6489450,6489450,100,2,2,8,0.2,77.0,very thin,2026-04-27,2026-09-16,2026-10-01
167A,3300.0,136.1,430320000,430320000,130400,19,19,24,0.2,1.2,thin,2025-12-15,2026-10-01,2026-10-01
1680,8305.0,,,,,0,0,0,0.2,,unknown,2026-01-26,2026-09-04,2026-10-01
1681,3402.0,,13003934,13003934,3823,4,4,14,0.2,38.4,very thin,2026-04-22,2026-09-28,2026-10-01
1684,2727.0,,591800,591800,220,5,5,23,0.2,844.9,very thin,2026-01-26,2026-10-01,2026-10-01
1685,957.1,,854664,854664,885,2,2,4,0.2,585.0,very thin,2026-04-14,2026-09-28,2026-10-01
1686,3025.0,,181500,181500,60,1,1,0,0.2,2754.8,very thin,2026-04-17,2026-09-15,2026-10-01
1687,1085.5,,3523000,3523000,3250,3,3,20,0.2,141.9,very thin,2026-04-23,2026-09-28,2026-10-01
1688,629.7,,5943208,5943208,9805,2,2,9,0.2,84.1,very thin,2026-04-20,2026-09-17,2026-10-01
1689,719.0,,22405118,22405118,31162,1,1,0,0.2,22.3,very thin,2026-04-17,2026-09-18,2026-10-01
1690,2380.5,,,,,0,0,0,0.2,,unknown,2026-05-21,2026-08-27,2026-10-01
1691,16800.0,,413312,413312,26,2,2,23,0.2,1209.7,very thin,2026-04-17,2026-10-01,2026-10-01
1692,681.0,,722400,722400,1050,3,3,22,0.2,692.1,very thin,2026-04-22,2026-09-29,2026-10-01
1693,8951.0,,70623390,70623390,7890,1,1,0,0.2,7.1,very thin,2026-05-13,2026-09-28,2026-10-01
1694,2220.0,,200070,200070,90,5,5,24,0.2,2499.1,very thin,2026-05-01,2026-10-01,2026-10-01
1695,3437.0,,17746950,17746950,5164,1,1,0,0.2,28.2,very thin,2026-04-20,2026-09-30,2026-10-01
1696,3053.0,,14770414,14770414,4838,1,1,0,0.2,33.9,very thin,2026-05-20,2026-10-01,2026-10-01
1697,4850.0,,603425,603425,125,4,4,22,0.2,828.6,very thin,2026-01-26,2026-10-01,2026-10-01
1698,4345.0,,171631176,171631176,39360,2,2,3,0.2,2.9,very thin,2026-04-22,2026-10-01,2026-10-01
1699,716.2,,529330132,529330132,747370,2,2,8,0.2,0.94,thin,2026-04-23,2026-09-16,2026-10-01
1711,247.0,2.5,4791800,4791800,19400,1,1,0,0.2,104.3,very thin,2025-12-15,2026-09-18,2026-10-01
1716,1423.0,16.0,,,,0,0,0,0.2,,unknown,2025-12-15,2026-08-17,2026-10-01
1717,937.0,11.0,6746400,6746400,7200,1,1,0,0.2,74.1,very thin,2025-12-15,2026-09-08,2026-10-01
1718,7130.0,7.7,4634500,4634500,650,1,1,0,0.2,107.9,very thin,2025-12-15,2026-09-21,2026-10-01
1719,1805.5,283.0,1306179450,1306179450,681900,19,19,24,0.2,0.38,adequate,2025-12-15,2026-10-01,2026-10-01
1720,1201.0,127.2,375417000,375417000,303000,19,19,24,0.2,1.3,thin,2025-12-15,2026-10-01,2026-10-01
1721,5431.0,630.3,1996880400,1996880400,346800,19,19,24,0.2,0.25,adequate,2025-12-15,2026-10-01,2026-10-01
1723,2639.0,168.2,436901600,436901600,170400,2,2,8,0.2,1.1,thin,2025-12-15,2026-09-22,2026-10-01
1724,733.0,3.3,1872000,1872000,2600,3,3,15,0.2,267.1,very thin,2025-12-15,2026-09-30,2026-10-01
1726,526.0,23.8,,,,0,0,0,0.2,,unknown,2025-12-15,2026-06-05,2026-10-01
1736,2504.0,38.8,10250000,10250000,4100,3,3,15,0.2,48.8,very thin,2025-12-15,2026-10-01,2026-10-01
173A,1465.0,,,,,0,0,0,0.2,,unknown,2025-12-15,2026-04-09,2026-10-01
1758,2499.0,5.0,,,,0,0,0,0.2,,unknown,2025-12-15,2026-09-03,2026-10-01
175A,665.0,,,,,0,0,0,0.2,,unknown,2025-12-15,2026-04-09,2026-10-01
1762,4015.0,139.8,,,,0,0,0,0.2,,unknown,2025-12-15,2026-08-24,2026-10-01
1764,2681.0,3.3,1338000,1338000,500,3,3,14,0.2,373.7,very thin,2025-12-15,2026-09-22,2026-10-01
1766,13070.0,145.1,301822000,301822000,22900,19,19,24,0.2,1.7,thin,2025-12-15,2026-10-01,2026-10-01
1768,1037.0,7.6,2842750,2842750,2750,2,2,20,0.2,175.9,very thin,2025-12-15,2026-09-28,2026-10-01
1770,2158.0,19.8,12480300,12480300,5800,2,2,23,0.2,40.1,very thin,2025-12-15,2026-09-30,2026-10-01
1773,88.0,1099.3,528000,528000,6000,1,1,0,0.2,947.0,very thin,2025-12-15,2026-09-25,2026-10-01
1776,1996.0,18.4,,,,0,0,0,0.2,,unknown,2025-12-15,2026-05-29,2026-10-01
177A,1239.0,,,,,0,0,0,0.2,,unknown,2025-12-15,2026-04-09,2026-10-01
1780,1490.0,28.2,37995000,37995000,25500,1,1,0,0.2,13.2,very thin,2025-12-15,2026-09-07,2026-10-01
1783,48.0,8.2,,,,0,0,0,0.2,,unknown,2025-12-15,2026-08-27,2026-10-01
1786,353.0,45.4,,,,0,0,0,0.2,,unknown,2025-12-15,2026-08-14,2026-10-01
1787,5620.0,13.8,1553500,1553500,275,2,2,8,0.2,321.9,very thin,2025-12-15,2026-09-15,2026-10-01
1788,4070.0,2.6,1219000,1219000,300,2,2,11,0.2,410.2,very thin,2025-12-15,2026-09-22,2026-10-01
1793,2100.0,53.4,3814200,3814200,1800,3,3,9,0.2,131.1,very thin,2025-12-15,2026-10-01,2026-10-01
1795,5710.0,5.1,856500,856500,150,1,1,0,0.2,583.8,very thin,2025-12-15,2026-09-08,2026-10-01
1798,1069.0,11.7,,,,0,0,0,0.2,,unknown,2025-12-15,2026-08-26,2026-10-01
1799,3305.0,58.5,55130250,55130250,16650,2,2,8,0.2,9.1,very thin,2025-12-15,2026-09-16,2026-10-01
1801,12200.0,1988.7,9052326000,9052326000,717300,19,19,24,0.2,0.06,deep,2025-12-15,2026-10-01,2026-10-01
1802,2982.0,2108.3,7370325000,7370325000,2416500,19,19,24,0.2,0.07,deep,2025-12-15,2026-10-01,2026-10-01
1803,2125.5,1438.0,8479371150,8479371150,3383500,19,19,24,0.2,0.06,deep,2025-12-15,2026-10-01,2026-10-01
1807,1947.0,12.2,778800,778800,400,1,1,0,0.2,642.0,very thin,2025-12-15,2026-09-08,2026-10-01
1808,2649.0,723.5,2049849450,2049849450,757000,19,19,24,0.2,0.24,adequate,2025-12-15,2026-10-01,2026-10-01
1810,1419.0,40.5,44434050,44434050,30550,4,4,23,0.2,11.3,very thin,2025-12-15,2026-10-01,2026-10-01
1811,7660.0,54.9,10626000,10626000,1400,3,3,22,0.2,47.1,very thin,2025-12-15,2026-09-29,2026-10-01
1812,4937.0,2268.5,9154044200,9154044200,1873300,19,19,24,0.2,0.05,deep,2025-12-15,2026-10-01,2026-10-01
1813,2848.0,43.1,149235200,149235200,52400,1,1,0,0.2,3.4,very thin,2025-12-15,2026-09-08,2026-10-01
1814,3530.0,36.7,205695750,205695750,58650,2,2,4,0.2,2.4,thin,2025-12-15,2026-09-15,2026-10-01
1815,2297.0,32.0,335732450,335732450,111850,2,2,3,0.2,1.5,thin,2025-12-15,2026-10-01,2026-10-01
1820,5339.0,210.8,637857000,637857000,112200,19,19,24,0.2,0.78,thin,2025-12-15,2026-10-01,2026-10-01
1822,851.0,75.1,237931250,237931250,281450,2,2,12,0.2,2.1,thin,2025-12-15,2026-09-28,2026-10-01
1826,1079.0,13.0,14782300,14782300,13700,1,1,0,0.2,33.8,very thin,2025-12-15,2026-09-28,2026-10-01
1827,1476.0,50.7,23286800,23286800,16050,2,2,17,0.2,21.5,very thin,2025-12-15,2026-10-01,2026-10-01
1828,2445.0,25.7,13692000,13692000,5600,1,1,0,0.2,36.5,very thin,2025-12-15,2026-09-18,2026-10-01
1833,5430.0,194.8,805135000,805135000,141500,19,19,24,0.2,0.62,thin,2025-12-15,2026-10-01,2026-10-01
1835,3835.0,132.1,233835000,233835000,59500,19,19,24,0.2,2.1,thin,2025-12-15,2026-10-01,2026-10-01
1840,257.0,6.6,5242300,5242300,20300,2,2,20,0.2,95.4,very thin,2025-12-15,2026-09-30,2026-10-01
1841,1585.0,,,,,0,0,0,0.2,,unknown,2026-01-26,2026-01-26,2026-10-01
1844,435.0,8.1,34626000,34626000,79600,3,3,23,0.2,14.4,very thin,2025-12-15,2026-10-01,2026-10-01
1847,3465.0,50.3,103586000,103586000,30200,3,3,16,0.2,4.8,very thin,2025-10-16,2026-09-24,2026-10-01
1848,703.0,12.4,,,,0,0,0,0.2,,unknown,2025-12-15,2026-08-21,2026-10-01
1850,435.0,12.5,5277150,5277150,12050,2,2,3,0.2,94.7,very thin,2025-12-15,2026-10-01,2026-10-01
1852,882.0,71.2,270445500,270445500,310500,19,19,24,0.2,1.8,thin,2025-12-15,2026-10-01,2026-10-01
1853,332.0,10.8,,,,0,0,0,0.2,,unknown,2025-12-15,2026-08-27,2026-10-01
1860,1429.0,428.2,985083250,985083250,682900,19,19,24,0.2,0.51,thin,2025-12-15,2026-10-01,2026-10-01
1861,1257.0,216.1,1042650000,1042650000,794300,19,19,24,0.2,0.48,adequate,2025-12-15,2026-10-01,2026-10-01
1866,1186.0,29.0,,,,0,0,0,0.2,,unknown,2025-12-15,2026-08-18,2026-10-01
1867,2675.0,17.6,4547500,4547500,1700,1,1,0,0.2,110.0,very thin,2025-12-15,2026-09-11,2026-10-01
1870,2123.0,91.7,257458200,257458200,117400,19,19,24,0.2,1.9,thin,2025-12-15,2026-10-01,2026-10-01
1871,2181.0,102.1,189478300,189478300,85800,2,2,12,0.2,2.6,very thin,2025-12-15,2026-09-21,2026-10-01
1873,310.0,12.4,21979000,21979000,70900,3,3,22,0.2,22.7,very thin,2025-12-15,2026-09-29,2026-10-01
1878,3147.0,1042.8,4104406600,4104406600,1250200,19,19,24,0.2,0.12,adequate,2025-12-15,2026-10-01,2026-10-01
1879,2314.0,135.3,,,,0,0,0,0.2,,unknown,2025-12-15,2026-08-25,2026-10-01
1882,1588.0,73.4,552901600,552901600,347300,19,19,24,0.2,0.9,thin,2025-12-15,2026-10-01,2026-10-01
1885,2123.0,166.9,802268500,802268500,366500,19,19,24,0.2,0.62,thin,2025-12-15,2026-10-01,2026-10-01
1887,535.0,42.7,116527800,116527800,214600,3,3,20,0.2,4.3,very thin,2025-12-15,2026-10-01,2026-10-01
1888,3765.0,47.9,54969000,54969000,14600,1,1,0,0.2,9.1,very thin,2025-12-15,2026-09-28,2026-10-01
1893,1472.5,402.1,3808549850,3808549850,2508100,19,19,24,0.2,0.13,adequate,2025-12-15,2026-10-01,2026-10-01
1897,3310.0,7.0,331000,331000,100,1,1,0,0.2,1510.6,very thin,2025-12-15,2026-09-08,2026-10-01
1898,1455.0,53.3,197031800,197031800,133400,19,19,24,0.2,2.5,very thin,2025-10-16,2026-10-01,2026-10-01
1899,4720.0,39.1,237416000,237416000,50300,1,1,0,0.2,2.1,thin,2025-10-16,2026-09-29,2026-10-01
189A,945.0,,,,,0,0,0,0.2,,unknown,2025-12-15,2026-04-09,2026-10-01
1904,5210.0,31.5,59915000,59915000,11500,1,1,0,0.2,8.3,very thin,2025-10-16,2026-09-17,2026-10-01
1905,1461.0,9.7,,,,0,0,0,0.2,,unknown,2025-12-15,2026-09-04,2026-10-01
1909,3700.0,99.2,144300000,144300000,39000,1,1,0,0.2,3.5,very thin,2025-12-15,2026-09-08,2026-10-01
190A,129.0,,,,,0,0,0,0.2,,unknown,2025-12-15,2026-04-09,2026-10-01
1911,1201.0,734.3,5936310600,5936310600,4726300,19,19,24,0.2,0.08,deep,2025-12-15,2026-10-01,2026-10-01
1914,798.0,12.1,18274200,18274200,22900,1,1,0,0.2,27.4,very thin,2025-11-07,2026-09-16,2026-10-01
1921,1917.0,64.3,15911100,15911100,8300,1,1,0,0.2,31.4,very thin,2025-12-15,2026-09-14,2026-10-01
1925,2175.5,1347.4,7305325700,7305325700,1570700,19,19,24,0.2,0.07,deep,2025-12-15,2026-10-01,2026-10-01
1926,987.0,42.2,484538000,484538000,124400,19,19,24,0.2,1.0,thin,2025-12-15,2026-10-01,2026-10-01
1928,3370.0,2184.6,7769924700,7769924700,2306300,19,19,24,0.2,0.06,deep,2025-12-15,2026-10-01,2026-10-01
1929,1215.0,50.8,123879650,123879650,102000,2,2,6,0.2,4.0,very thin,2025-12-15,2026-09-14,2026-10-01
192A,1716.0,,,,,0,0,0,0.2,,unknown,2025-12-15,2026-04-09,2026-10-01
1930,1593.0,43.8,82836000,82836000,52000,1,1,0,0.2,6.0,very thin,2025-12-15,2026-09-09,2026-10-01
1934,2553.0,175.4,321660300,321660300,123100,19,19,24,0.2,1.6,thin,2025-12-15,2026-10-01,2026-10-01
1938,2615.0,58.8,134411000,134411000,51400,4,4,15,0.2,3.7,very thin,2025-12-15,2026-09-22,2026-10-01
1939,2332.0,110.4,354930400,354930400,152200,1,1,0,0.2,1.4,thin,2025-12-15,2026-09-07,2026-10-01
1941,5100.0,270.0,370098000,370098000,70900,19,19,24,0.2,1.4,thin,2025-12-15,2026-10-01,2026-10-01
1942,5502.0,1095.0,3576543900,3576543900,658300,19,19,24,0.2,0.14,adequate,2025-12-15,2026-10-01,2026-10-01
1944,6833.0,1352.9,3591300500,3591300500,529300,19,19,24,0.2,0.14,adequate,2025-12-15,2026-10-01,2026-10-01
1945,2145.0,71.1,253324500,253324500,118100,1,1,0,0.2,2.0,thin,2025-12-15,2026-09-28,2026-10-01
1946,2063.0,191.5,,,,0,0,0,0.2,,unknown,2025-12-15,2026-08-07,2026-10-01
1948,11410.0,99.7,,,,0,0,0,0.2,,unknown,2025-12-15,2026-08-20,2026-10-01
1949,10173046784.0,,,,,0,0,0,0.2,,unknown,2026-01-26,2026-01-26,2026-10-01
194A,1896.0,,,,,0,0,0,0.2,,unknown,2025-12-15,2026-04-09,2026-10-01
1950,3980.0,232.3,320280000,320280000,78500,19,19,24,0.2,1.6,thin,2025-12-15,2026-10-01,2026-10-01
1951,2538.0,526.7,1099077100,1099077100,424600,19,19,24,0.2,0.45,adequate,2025-12-15,2026-10-01,2026-10-01
1952,3120.0,141.7,355368000,355368000,113900,19,19,24,0.2,1.4,thin,2025-12-15,2026-10-01,2026-10-01
1959,8034.0,573.9,1199101400,1199101400,148800,19,19,24,0.2,0.42,adequate,2025-12-15,2026-10-01,2026-10-01
195A,923.0,,,,,0,0,0,0.2,,unknown,2025-12-15,2026-04-09,2026-10-01
1960,1705.0,26.2,21984350,21984350,12950,2,2,16,0.2,22.7,very thin,2025-12-15,2026-09-24,2026-10-01
1961,2654.0,135.1,1196970800,1196970800,474800,19,19,24,0.2,0.42,adequate,2025-12-15,2026-10-01,2026-10-01
1963,2255.5,560.3,3353479050,3353479050,1448900,19,19,24,0.2,0.15,adequate,2025-12-15,2026-10-01,2026-10-01
1964,3895.0,28.2,68941500,68941500,17700,1,1,0,0.2,7.3,very thin,2025-12-15,2026-09-09,2026-10-01
1965,7280.0,149.3,524160000,524160000,72000,1,1,0,0.2,0.95,thin,2025-12-15,2026-09-28,2026-10-01
1966,1728.0,12.6,3115600,3115600,1800,2,2,8,0.2,160.5,very thin,2025-12-15,2026-09-16,2026-10-01
1967,2144.0,48.0,50384000,50384000,23500,2,2,3,0.2,9.9,very thin,2025-12-15,2026-09-28,2026-10-01
1968,2461.0,155.3,240885000,240885000,95400,19,19,24,0.2,2.1,thin,2025-12-15,2026-10-01,2026-10-01
1969,4688.0,613.5,2411721400,2411721400,537900,19,19,24,0.2,0.21,adequate,2025-12-15,2026-10-01,2026-10-01
196A,262.0,,,,,0,0,0,0.2,,unknown,2025-12-15,2026-04-09,2026-10-01
1972,1318.0,25.4,41121600,41121600,31200,1,1,0,0.2,12.2,very thin,2025-12-15,2026-09-28,2026-10-01
1975,3850.0,99.2,236100000,236100000,60000,19,19,24,0.2,2.1,thin,2025-12-15,2026-10-01,2026-10-01
1976,1700.0,78.0,,,,0,0,0,0.2,,unknown,2025-12-15,2026-09-04,2026-10-01
1979,3790.0,238.8,604881000,604881000,157600,19,19,24,0.2,0.83,thin,2025-11-29,2026-10-01,2026-10-01
197A,508.0,,,,,0,0,0,0.2,,unknown,2025-12-15,2026-04-09,2026-10-01
1980,2965.0,383.6,1415072500,1415072500,480500,19,19,24,0.2,0.35,adequate,2025-12-15,2026-10-01,2026-10-01
1981,1343.0,12.8,3894700,3894700,2900,1,1,0,0.2,128.4,very thin,2025-12-15,2026-09-08,2026-10-01
1982,3145.0,135.5,428358250,428358250,135850,2,2,1,0.2,1.2,thin,2025-12-15,2026-09-08,2026-10-01
198A,206.0,,,,,0,0,0,0.2,,unknown,2025-12-15,2026-04-09,2026-10-01
1992,2965.0,6.8,296500,296500,100,1,1,0,0.2,1686.3,very thin,2025-12-15,2026-09-28,2026-10-01
1994,611.0,4.4,,,,0,0,0,0.2,,unknown,2025-12-15,2026-08-26,2026-10-01
1997,4015.0,8.1,4378000,4378000,1100,3,3,7,0.2,114.2,very thin,2025-12-15,2026-09-15,2026-10-01
2001,2815.0,233.6,492428700,492428700,165300,19,19,24,0.2,1.0,thin,2025-12-15,2026-10-01,2026-10-01
2002,1977.5,558.6,1798562500,1798562500,875000,19,19,24,0.2,0.28,adequate,2025-12-15,2026-10-01,2026-10-01
2003,1916.0,69.8,34679600,34679600,18100,1,1,0,0.2,14.4,very thin,2025-12-15,2026-09-18,2026-10-01
2004,3905.0,128.8,183183000,183183000,46800,2,2,13,0.2,2.7,very thin,2025-11-07,2026-09-24,2026-10-01
2009,1120.0,25.9,17789800,17789800,15800,4,4,22,0.2,28.1,very thin,2025-12-15,2026-10-01,2026-10-01
2011,869.5,,20892678,20892678,24690,3,3,22,0.2,23.9,very thin,2026-04-27,2026-09-30,2026-10-01
2012,240.6,,,,,0,0,0,0.2,,unknown,2026-04-27,2026-08-10,2026-10-01
2013,296.9,,81712252,81712252,270660,3,3,23,0.2,6.1,very thin,2026-01-26,2026-10-01,2026-10-01
2014,309.7,,21697583,21697583,70060,1,1,0,0.2,23.0,very thin,2026-04-17,2026-09-28,2026-10-01
2015,2041.0,,2362947,2362947,1158,2,2,18,0.2,211.6,very thin,2026-04-17,2026-09-28,2026-10-01
2016,1681.0,,4159580,4159580,2450,2,2,23,0.2,120.2,very thin,2026-04-29,2026-10-01,2026-10-01
2017,1505.0,,,,,0,0,0,0.2,,unknown,2026-01-26,2026-08-20,2026-10-01
2018,1298.0,,,,,0,0,0,0.2,,unknown,2026-05-08,2026-08-13,2026-10-01
2019,981.0,,11497320,11497320,11720,1,1,0,0.2,43.5,very thin,2026-01-26,2026-09-09,2026-10-01
202A,3540.0,,,,,0,0,0,0.2,,unknown,2025-12-15,2026-04-09,2026-10-01
2031,7440.0,,617520,617520,83,1,1,0,0.2,809.7,very thin,2026-04-17,2026-09-21,2026-10-01
2032,5868.0,,46944,46944,8,1,1,0,0.2,10651.0,very thin,2026-04-15,2026-09-08,2026-10-01
2033,76710.0,,357008340,357008340,4654,1,1,0,0.2,1.4,thin,2026-04-27,2026-09-08,2026-10-01
2034,1875.0,,29837670,29837670,15630,3,3,15,0.2,16.8,very thin,2026-04-21,2026-10-01,2026-10-01
2036,149550.0,,338132550,338132550,2261,1,1,0,0.2,1.5,thin,2026-04-23,2026-09-16,2026-10-01
2037,1320.0,,10437134,10437134,7928,2,2,4,0.2,47.9,very thin,2026-04-27,2026-09-28,2026-10-01
2038,2845.0,,488654355,488654355,171759,1,1,0,0.2,1.0,thin,2026-04-17,2026-09-16,2026-10-01
2039,517.0,,,,,0,0,0,0.2,,unknown,2026-04-16,2026-09-04,2026-10-01
2040,36870.0,,11951730,11951730,311,3,3,15,0.2,41.8,very thin,2026-06-15,2026-09-29,2026-10-01
2041,1983.0,,10454376,10454376,5272,1,1,0,0.2,47.8,very thin,2026-04-15,2026-09-22,2026-10-01
2042,8014.0,,,,,0,0,0,0.2,,unknown,2026-05-12,2026-09-02,2026-10-01
2043,30000.0,,244000,244000,8,3,3,15,0.2,2049.2,very thin,2026-04-23,2026-09-22,2026-10-01
2044,33210.0,,8317920,8317920,248,3,3,12,0.2,60.1,very thin,2026-04-24,2026-09-28,2026-10-01
2045,19000.0,,42755,42755,2,2,2,5,0.2,11694.5,very thin,2026-04-21,2026-09-21,2026-10-01
2046,22135.0,,7561060,7561060,338,3,3,20,0.2,66.1,very thin,2026-04-20,2026-09-28,2026-10-01
2047,3350.0,,,,,0,0,0,0.2,,unknown,2026-01-26,2026-08-21,2026-10-01
2048,55290.0,,,,,0,0,0,0.2,,unknown,2026-04-14,2026-08-11,2026-10-01
2050,31660.0,,305090,305090,10,2,2,8,0.2,1638.9,very thin,2026-01-26,2026-09-16,2026-10-01
2053,2010.0,59.3,119796000,119796000,59600,1,1,0,0.2,4.2,very thin,2025-12-15,2026-09-11,2026-10-01
2055,350.0,6.3,4760000,4760000,13600,1,1,0,0.2,105.0,very thin,2025-12-15,2026-09-08,2026-10-01
205A,1696.0,,,,,0,0,0,0.2,,unknown,2025-12-15,2026-04-09,2026-10-01
2060,1473.0,56.4,105614100,105614100,71700,1,1,0,0.2,4.7,very thin,2025-12-15,2026-09-23,2026-10-01
2065,55520.0,,139885,139885,2,2,2,10,0.2,3574.4,very thin,2026-04-16,2026-09-18,2026-10-01
2066,23500.0,,819500,819500,35,2,2,4,0.2,610.1,very thin,2026-05-20,2026-09-21,2026-10-01
2067,28685.0,,172110,172110,6,1,1,0,0.2,2905.1,very thin,2026-05-01,2026-09-08,2026-10-01
2068,39250.0,,,,,0,0,0,0.2,,unknown,2026-07-27,2026-08-12,2026-10-01
2069,23225.0,,23225,23225,1,1,1,0,0.2,21528.5,very thin,2026-05-21,2026-09-08,2026-10-01
206A,192.0,,,,,0,0,0,0.2,,unknown,2025-12-15,2026-04-09,2026-10-01
2070,16595.0,,57892,57892,4,2,2,12,0.2,8636.7,very thin,2026-04-27,2026-09-28,2026-10-01
2071,20080.0,,5024550,5024550,252,2,2,10,0.2,99.5,very thin,2026-04-14,2026-09-28,2026-10-01
2072,22355.0,,,,,0,0,0,0.2,,unknown,2026-04-27,2026-08-24,2026-10-01
2073,15510.0,,15510,15510,1,1,1,0,0.2,32237.3,very thin,2026-04-15,2026-09-16,2026-10-01
2080,2072.0,,103173944,103173944,50126,2,2,18,0.2,4.8,very thin,2026-04-23,2026-09-28,2026-10-01
2081,2186.0,,247018,247018,113,1,1,0,0.2,2024.1,very thin,2026-05-08,2026-09-28,2026-10-01
2082,1280.0,,18765,18765,15,3,3,23,0.2,26645.4,very thin,2026-01-26,2026-10-01,2026-10-01
2083,3941.0,,13116266,13116266,3360,2,2,13,0.2,38.1,very thin,2026-05-06,2026-09-23,2026-10-01
2084,3770.0,,,,,0,0,0,0.2,,unknown,2026-01-26,2026-08-19,2026-10-01
2085,779.7,,11906019,11906019,15270,1,1,0,0.2,42.0,very thin,2026-05-22,2026-10-01,2026-10-01
2086,2954.0,,,,,0,0,0,0.2,,unknown,2026-04-21,2026-07-28,2026-10-01
2087,3390.0,,6196920,6196920,1828,1,1,0,0.2,80.7,very thin,2026-04-20,2026-09-14,2026-10-01
2088,2592.0,,1000577,1000577,386,2,2,10,0.2,499.7,very thin,2026-04-16,2026-09-28,2026-10-01
2089,2819.0,,321366,321366,114,1,1,0,0.2,1555.9,very thin,2026-02-25,2026-09-16,2026-10-01
208A,2973.0,,,,,0,0,0,0.2,,unknown,2025-12-15,2026-04-09,2026-10-01
2090,4174.0,,2749660,2749660,658,2,2,5,0.2,181.8,very thin,2026-04-17,2026-09-29,2026-10-01
2091,4371.0,,21882,21882,5,2,2,1,0.2,22849.3,very thin,2026-05-08,2026-09-29,2026-10-01
2092,4362.0,,40239,40239,9,4,4,21,0.2,12425.8,very thin,2026-01-26,2026-09-29,2026-10-01
2093,5296.0,,,,,0,0,0,0.2,,unknown,2026-05-08,2026-08-25,2026-10-01
2094,805.0,,5550475,5550475,6895,1,1,0,0.2,90.1,very thin,2026-04-27,2026-09-28,2026-10-01
2095,1125.0,,2144888,2144888,1830,2,2,20,0.2,233.1,very thin,2026-04-23,2026-09-28,2026-10-01
2096,964.0,,11337604,11337604,11761,1,1,0,0.2,44.1,very thin,2026-05-08,2026-09-29,2026-10-01
2097,909.0,,22319816,22319816,24094,2,2,20,0.2,22.4,very thin,2026-04-20,2026-09-28,2026-10-01
2098,967.0,,2815904,2815904,2912,1,1,0,0.2,177.6,very thin,2026-05-29,2026-09-18,2026-10-01
2108,1812.0,21.9,217558500,217558500,86850,4,4,24,0.2,2.3,thin,2025-12-15,2026-10-01,2026-10-01
2109,3855.0,120.0,212236000,212236000,54700,19,19,24,0.2,2.4,thin,2025-12-15,2026-10-01,2026-10-01
2112,450.0,12.4,16861000,16861000,36700,2,2,22,0.2,29.7,very thin,2025-12-15,2026-09-29,2026-10-01
2114,675.0,34.6,9112500,9112500,13500,3,3,7,0.2,54.9,very thin,2025-12-15,2026-09-14,2026-10-01
2117,2776.0,90.5,,,,0,0,0,0.2,,unknown,2025-12-15,2026-08-11,2026-10-01
2120,235.0,30.7,186024000,186024000,775100,3,3,14,0.2,2.7,very thin,2025-12-15,2026-09-29,2026-10-01
2121,3730.0,242.8,1342723500,1342723500,354600,19,19,24,0.2,0.37,adequate,2025-12-15,2026-10-01,2026-10-01
2122,1339.0,8.8,16469700,16469700,12300,1,1,0,0.2,30.4,very thin,2025-12-15,2026-10-01,2026-10-01
2124,1054.0,167.0,466034100,466034100,452900,19,19,24,0.2,1.1,thin,2025-12-15,2026-10-01,2026-10-01
2127,625.0,198.3,1757836125,1757836125,2859200,19,19,24,0.2,0.28,adequate,2025-12-15,2026-10-01,2026-10-01
2130,925.0,11.8,34040000,34040000,36800,1,1,0,0.2,14.7,very thin,2025-12-15,2026-09-24,2026-10-01
2134,19.0,10.4,42512000,42512000,2221100,2,2,20,0.2,11.8,very thin,2025-12-15,2026-09-28,2026-10-01
2136,1404.0,5.3,564800,564800,400,3,3,9,0.2,885.3,very thin,2025-12-15,2026-09-16,2026-10-01
2138,457.0,4.4,,,,0,0,0,0.2,,unknown,2025-12-15,2026-08-13,2026-10-01
2139,511.0,3.5,963200,963200,1850,4,4,23,0.2,519.1,very thin,2025-12-15,2026-10-01,2026-10-01
2146,239.0,137.2,952914800,952914800,4104300,19,19,24,0.2,0.52,thin,2025-12-15,2026-10-01,2026-10-01
2148,1158.0,22.5,47478000,47478000,41000,1,1,0,0.2,10.5,very thin,2025-12-15,2026-09-17,2026-10-01
2152,1547.0,16.7,768600,768600,500,2,2,6,0.2,650.5,very thin,2025-12-15,2026-09-17,2026-10-01
2153,1872.0,31.2,131683200,131683200,69600,3,3,24,0.2,3.8,very thin,2025-12-15,2026-10-01,2026-10-01
2154,2011.0,170.8,274457400,274457400,141400,19,19,24,0.2,1.8,thin,2025-12-15,2026-10-01,2026-10-01
2156,274.0,1.4,673400,673400,2450,2,2,2,0.2,742.5,very thin,2025-12-15,2026-09-09,2026-10-01
2157,1000.0,82.4,567166600,567166600,580100,19,19,24,0.2,0.88,thin,2025-12-15,2026-10-01,2026-10-01
2158,625.0,24.5,120500000,120500000,192800,1,1,0,0.2,4.1,very thin,2025-12-15,2026-09-08,2026-10-01
2160,3260.0,140.9,3510042000,3510042000,1076700,1,1,0,0.2,0.14,adequate,2025-12-15,2026-10-01,2026-10-01
2162,536.0,10.3,,,,0,0,0,0.2,,unknown,2025-12-15,2026-08-12,2026-10-01
2163,967.0,10.3,,,,0,0,0,0.2,,unknown,2025-12-15,2026-08-18,2026-10-01
2164,147.0,1.1,,,,0,0,0,0.2,,unknown,2025-12-15,2026-08-25,2026-10-01
2168,1524.0,56.9,222522400,222522400,139600,19,19,24,0.2,2.2,thin,2025-12-15,2026-10-01,2026-10-01
2169,1757.0,12.0,4280450,4280450,2450,2,2,21,0.2,116.8,very thin,2025-12-15,2026-09-29,2026-10-01
2170,675.0,74.4,167602500,167602500,248300,1,1,0,0.2,3.0,very thin,2025-12-15,2026-09-25,2026-10-01
2173,782.0,12.2,11573600,11573600,14800,1,1,0,0.2,43.2,very thin,2025-12-15,2026-09-29,2026-10-01
2175,2696.0,221.3,764585600,764585600,283600,19,19,24,0.2,0.65,thin,2025-12-15,2026-10-01,2026-10-01
2179,824.0,4.6,903100,903100,1100,3,3,20,0.2,553.6,very thin,2025-12-15,2026-09-28,2026-10-01
2180,1306.0,19.1,10578600,10578600,8100,1,1,0,0.2,47.3,very thin,2025-12-15,2026-09-08,2026-10-01
2181,282.1,629.3,2606827571,2606827571,8903100,19,19,24,0.2,0.19,adequate,2025-12-15,2026-10-01,2026-10-01
2183,205.0,4.6,,,,0,0,0,0.2,,unknown,2025-12-15,2026-09-03,2026-10-01
2185,2005.0,25.9,4812000,4812000,2400,1,1,0,0.2,103.9,very thin,2025-12-15,2026-09-25,2026-10-01
2186,898.0,7.1,2783800,2783800,3100,1,1,0,0.2,179.6,very thin,2025-12-15,2026-09-16,2026-10-01
2193,125.0,8.9,22347000,22347000,171900,3,3,8,0.2,22.4,very thin,2025-12-15,2026-10-01,2026-10-01
2195,371.0,6.5,7352700,7352700,19850,2,2,2,0.2,68.0,very thin,2025-12-15,2026-09-30,2026-10-01
2196,166.0,,,,,0,0,0,0.2,,unknown,2026-04-22,2026-05-29,2026-10-01
2198,777.0,22.6,12276600,12276600,15800,1,1,0,0.2,40.7,very thin,2025-12-15,2026-09-08,2026-10-01
219A,1923.0,,,,,0,0,0,0.2,,unknown,2025-12-15,2026-04-09,2026-10-01
2201,2374.5,199.5,841513200,841513200,344600,19,19,24,0.2,0.59,thin,2025-10-16,2026-10-01,2026-10-01
2204,3080.0,17.6,29434500,29434500,9300,3,3,23,0.2,17.0,very thin,2025-12-15,2026-10-01,2026-10-01
2206,5023.0,302.0,826973500,826973500,164900,19,19,24,0.2,0.6,thin,2025-12-15,2026-10-01,2026-10-01
2207,3450.0,56.2,,,,0,0,0,0.2,,unknown,2025-12-15,2026-09-04,2026-10-01
2208,3170.0,76.6,10087000,10087000,3200,2,2,19,0.2,49.6,very thin,2025-12-15,2026-09-28,2026-10-01
2209,2359.0,30.2,42905500,42905500,18100,2,2,13,0.2,11.7,very thin,2025-12-15,2026-09-22,2026-10-01
220A,1031.0,,,,,0,0,0,0.2,,unknown,2025-12-15,2026-04-09,2026-10-01
2211,2498.0,64.4,84654400,84654400,33700,2,2,6,0.2,5.9,very thin,2025-12-15,2026-10-01,2026-10-01
2212,3581.0,705.1,2246400800,2246400800,598000,19,19,24,0.2,0.22,adequate,2025-12-15,2026-10-01,2026-10-01
2215,617.0,4.3,3948800,3948800,6400,1,1,0,0.2,126.6,very thin,2025-12-15,2026-10-01,2026-10-01
2216,1098.0,46.3,59182200,59182200,53900,1,1,0,0.2,8.4,very thin,2025-12-15,2026-09-16,2026-10-01
2217,1466.0,29.8,43393600,43393600,29600,1,1,0,0.2,11.5,very thin,2025-12-15,2026-10-01,2026-10-01
2220,1238.0,78.3,281205000,281205000,212400,19,19,24,0.2,1.8,thin,2025-12-15,2026-10-01,2026-10-01
2221,3060.0,31.4,8568000,8568000,2800,1,1,0,0.2,58.4,very thin,2025-12-15,2026-09-24,2026-10-01
2222,2463.0,380.4,1721655650,1721655650,680900,19,19,24,0.2,0.29,adequate,2025-12-15,2026-10-01,2026-10-01
2224,3710.0,12.9,5565000,5565000,1500,1,1,0,0.2,89.8,very thin,2025-12-15,2026-09-16,2026-10-01
2226,4870.0,52.0,17082500,17082500,3500,2,2,16,0.2,29.3,very thin,2025-12-15,2026-09-24,2026-10-01
2229,3003.0,371.9,768408000,768408000,253600,19,19,24,0.2,0.65,thin,2025-12-15,2026-10-01,2026-10-01
2235,3530.0,,2488620,2488620,708,3,3,13,0.2,200.9,very thin,2026-05-13,2026-09-28,2026-10-01
2236,1395.0,,14487201,14487201,10079,2,2,24,0.2,34.5,very thin,2026-04-15,2026-10-01,2026-10-01
2237,2444.0,,25165868,25165868,10297,1,1,0,0.2,19.9,very thin,2026-04-16,2026-10-01,2026-10-01
2238,5229.0,,7461783,7461783,1427,3,3,20,0.2,67.0,very thin,2026-04-20,2026-09-28,2026-10-01
2239,26525.0,,17506500,17506500,660,1,1,0,0.2,28.6,very thin,2026-04-24,2026-09-29,2026-10-01
2240,5313.0,,7422261,7422261,1397,1,1,0,0.2,67.4,very thin,2026-04-28,2026-09-10,2026-10-01
2241,941.1,,,,,0,0,0,0.2,,unknown,2026-04-29,2026-08-24,2026-10-01
2242,681.7,,456739,456739,670,1,1,0,0.2,1094.7,very thin,2025-11-07,2026-09-08,2026-10-01
2243,4218.0,,,,,0,0,0,0.2,,unknown,2026-05-04,2026-09-03,2026-10-01
2244,3545.0,,,,,0,0,0,0.2,,unknown,2026-05-05,2026-08-27,2026-10-01
2245,679.9,,44194,44194,65,1,1,0,0.2,11313.8,very thin,2025-10-16,2026-10-01,2026-10-01
2246,683.2,,,,,0,0,0,0.2,,unknown,2026-01-26,2026-07-03,2026-10-01
2247,2262.0,,8593338,8593338,3799,1,1,0,0.2,58.2,very thin,2026-04-30,2026-09-18,2026-10-01
2248,2787.0,,,,,0,0,0,0.2,,unknown,2026-04-20,2026-09-04,2026-10-01
2249,9244.0,,,,,0,0,0,0.2,,unknown,2026-04-30,2026-08-06,2026-10-01
2250,371.2,,,,,0,0,0,0.2,,unknown,2026-01-26,2026-07-23,2026-10-01
2251,910.3,,10932703,10932703,12010,1,1,0,0.2,45.7,very thin,2026-04-15,2026-09-23,2026-10-01
2252,1388.0,,1691972,1691972,1219,1,1,0,0.2,295.5,very thin,2026-04-16,2026-09-16,2026-10-01
2253,1331.0,,,,,0,0,0,0.2,,unknown,2026-01-26,2026-08-12,2026-10-01
2254,984.0,,22921142,22921142,23533,2,2,5,0.2,21.8,very thin,2026-04-21,2026-09-22,2026-10-01
2255,193.4,,91564778,91564778,468715,2,2,3,0.2,5.5,very thin,2026-04-23,2026-09-25,2026-10-01
2256,214.0,,13790160,13790160,64440,1,1,0,0.2,36.3,very thin,2026-04-15,2026-10-01,2026-10-01
2257,214.0,,8589960,8589960,40140,1,1,0,0.2,58.2,very thin,2026-04-23,2026-09-29,2026-10-01
2258,220.0,,17600475,17600475,80100,2,2,16,0.2,28.4,very thin,2026-04-20,2026-10-01,2026-10-01
2259,176.7,,288021,288021,1630,1,1,0,0.2,1736.0,very thin,2026-04-22,2026-09-10,2026-10-01
2264,1060.5,85.7,2412724950,2412724950,2136100,19,19,24,0.2,0.21,adequate,2025-12-15,2026-10-01,2026-10-01
2266,1112.0,21.7,,,,0,0,0,0.2,,unknown,2025-12-15,2026-09-04,2026-10-01
2267,2748.0,804.0,2734486350,2734486350,973300,19,19,24,0.2,0.18,adequate,2025-12-15,2026-10-01,2026-10-01
2268,4045.0,39.0,,,,0,0,0,0.2,,unknown,2025-12-15,2026-08-20,2026-10-01
2269,4171.0,1130.8,4492412100,4492412100,1055300,19,19,24,0.2,0.11,adequate,2025-12-15,2026-10-01,2026-10-01
2270,3520.0,213.8,524140000,524140000,143600,19,19,24,0.2,0.95,thin,2025-12-15,2026-10-01,2026-10-01
2281,2315.0,116.4,414244700,414244700,172100,19,19,24,0.2,1.2,thin,2025-12-15,2026-10-01,2026-10-01
2282,2008.0,190.0,3112332100,3112332100,525800,19,19,24,0.2,0.16,adequate,2025-12-15,2026-10-01,2026-10-01
2286,906.0,7.4,16308000,16308000,18000,3,3,15,0.2,30.7,very thin,2025-12-15,2026-09-23,2026-10-01
2288,2230.0,54.6,,,,0,0,0,0.2,,unknown,2025-12-15,2026-08-18,2026-10-01
228A,1695.0,,,,,0,0,0,0.2,,unknown,2025-12-15,2026-04-09,2026-10-01
2291,508.0,1.7,,,,0,0,0,0.2,,unknown,2025-12-15,2026-09-04,2026-10-01
2292,2698.0,85.5,326254600,326254600,117400,19,19,24,0.2,1.5,thin,2025-12-15,2026-10-01,2026-10-01
2293,2706.0,5.6,,,,0,0,0,0.2,,unknown,2026-01-26,2026-08-19,2026-10-01
2294,2604.0,24.9,,,,0,0,0,0.2,,unknown,2025-12-15,2026-08-14,2026-10-01
2296,4870.0,276.4,522617000,522617000,103900,19,19,24,0.2,0.96,thin,2025-12-15,2026-10-01,2026-10-01
2300,499.0,2.6,1520450,1520450,3050,2,2,16,0.2,328.9,very thin,2026-04-16,2026-09-24,2026-10-01
2301,1733.0,21.4,162911450,162911450,95650,2,2,23,0.2,3.1,very thin,2025-12-15,2026-10-01,2026-10-01
2303,1377.0,8.2,,,,0,0,0,0.2,,unknown,2025-12-15,2026-09-04,2026-10-01
2304,906.0,4.6,3718500,3718500,4100,2,2,7,0.2,134.5,very thin,2025-12-15,2026-09-15,2026-10-01
2305,1872.0,31.7,40622400,40622400,22000,3,3,20,0.2,12.3,very thin,2025-12-15,2026-09-28,2026-10-01
2307,1077.0,14.8,47064900,47064900,43700,1,1,0,0.2,10.6,very thin,2025-12-15,2026-09-16,2026-10-01
2311,785.0,7.0,5495000,5495000,7000,1,1,0,0.2,91.0,very thin,2026-01-26,2026-09-11,2026-10-01
2315,66.0,11.3,263736000,263736000,3996000,1,1,0,0.2,1.9,thin,2026-01-26,2026-09-28,2026-10-01
2317,423.0,155.8,335574400,335574400,795200,19,19,24,0.2,1.5,thin,2025-12-15,2026-10-01,2026-10-01
2321,140.0,7.5,28508200,28508200,202850,2,2,3,0.2,17.5,very thin,2025-12-15,2026-10-01,2026-10-01
2323,360.0,6.8,9856650,9856650,28600,2,2,23,0.2,50.7,very thin,2025-12-15,2026-10-01,2026-10-01
2325,4600.0,41.5,82800000,82800000,18000,1,1,0,0.2,6.0,very thin,2025-12-15,2026-09-10,2026-10-01
2326,5080.0,65.7,654461500,654461500,133700,19,19,24,0.2,0.76,thin,2025-12-15,2026-10-01,2026-10-01
2327,3808.0,710.9,879138000,879138000,234000,19,19,24,0.2,0.57,thin,2025-12-15,2026-10-01,2026-10-01
2329,503.0,67.2,,,,0,0,0,0.2,,unknown,2025-12-15,2026-09-02,2026-10-01
2330,92.0,3.2,163732400,163732400,1779700,2,2,1,0.2,3.1,very thin,2025-12-15,2026-09-17,2026-10-01
2331,1179.0,589.4,1412532000,1412532000,1148400,19,19,24,0.2,0.35,adequate,2025-12-15,2026-10-01,2026-10-01
2332,1770.0,8.9,13452000,13452000,7600,1,1,0,0.2,37.2,very thin,2025-12-15,2026-09-30,2026-10-01
2334,508.0,21.7,,,,0,0,0,0.2,,unknown,2025-12-15,2026-08-21,2026-10-01
2335,1101.0,16.5,50756100,50756100,46100,1,1,0,0.2,9.9,very thin,2025-12-15,2026-09-28,2026-10-01
2337,392.0,158.8,304621800,304621800,750300,19,19,24,0.2,1.6,thin,2025-12-15,2026-10-01,2026-10-01
2338,110.0,6.0,18310200,18310200,169500,2,2,9,0.2,27.3,very thin,2025-12-15,2026-09-25,2026-10-01
2340,520.0,15.7,15132000,15132000,29100,1,1,0,0.2,33.0,very thin,2025-12-15,2026-09-08,2026-10-01
2341,171.0,3.1,1778400,1778400,10400,1,1,0,0.2,281.2,very thin,2025-12-15,2026-09-08,2026-10-01
2342,251.0,3.7,8032400,8032400,31650,2,2,9,0.2,62.2,very thin,2025-12-15,2026-10-01,2026-10-01
2344,1493.0,,,,,0,0,0,0.2,,unknown,2025-12-15,2026-05-11,2026-10-01
2345,102.0,1.9,,,,0,0,0,0.2,,unknown,2026-04-20,2026-08-18,2026-10-01
2349,2465.0,27.4,616850,616850,250,2,2,1,0.2,810.6,very thin,2025-12-15,2026-09-09,2026-10-01
2351,335.0,3.1,1608000,1608000,4800,1,1,0,0.2,310.9,very thin,2025-11-29,2026-09-16,2026-10-01
2353,256.0,80.7,582969600,582969600,2233600,19,19,24,0.2,0.86,thin,2025-12-15,2026-10-01,2026-10-01
2354,1239.0,16.9,784447100,784447100,575650,2,2,20,0.2,0.64,thin,2025-12-15,2026-09-28,2026-10-01
2359,2067.0,28.9,29031050,29031050,13900,2,2,10,0.2,17.2,very thin,2025-12-15,2026-10-01,2026-10-01
2370,24.0,7.0,5167200,5167200,215300,3,3,21,0.2,96.8,very thin,2026-04-29,2026-09-30,2026-10-01
2371,3805.0,754.1,909662000,909662000,237200,19,19,24,0.2,0.55,thin,2025-12-15,2026-10-01,2026-10-01
2373,451.0,5.5,4319500,4319500,9850,2,2,19,0.2,115.8,very thin,2026-04-21,2026-09-29,2026-10-01
2374,1212.0,,,,,0,0,0,0.2,,unknown,2025-12-15,2026-03-11,2026-10-01
2375,214.0,4.0,9295000,9295000,44900,4,4,23,0.2,53.8,very thin,2026-04-17,2026-10-01,2026-10-01
2376,765.0,4.4,,,,0,0,0,0.2,,unknown,2025-12-15,2026-08-19,2026-10-01
2378,1006.0,20.1,64786400,64786400,64400,1,1,0,0.2,7.7,very thin,2025-12-15,2026-10-01,2026-10-01
2379,1794.0,95.4,398798400,398798400,215800,19,19,24,0.2,1.3,thin,2025-12-15,2026-10-01,2026-10-01
2384,5170.0,214.1,443418000,443418000,84300,19,19,24,0.2,1.1,thin,2025-12-15,2026-10-01,2026-10-01
2385,218.0,5.8,4773850,4773850,21850,4,4,14,0.2,104.7,very thin,2025-12-15,2026-09-22,2026-10-01
2388,31.0,1.6,1751500,1751500,56500,3,3,8,0.2,285.5,very thin,2025-12-15,2026-09-22,2026-10-01
2389,16007999488.0,,,,,0,0,0,0.2,,unknown,2025-12-15,2026-03-18,2026-10-01
2391,1175.0,8.0,2937500,2937500,2500,1,1,0,0.2,170.2,very thin,2026-04-27,2026-09-16,2026-10-01
2393,4400.0,64.6,21080000,21080000,4900,2,2,22,0.2,23.7,very thin,2025-12-15,2026-09-30,2026-10-01
2395,1385.0,61.8,,,,0,0,0,0.2,,unknown,2025-12-15,2026-08-31,2026-10-01
2404,532.0,7.8,3789050,3789050,7150,4,4,23,0.2,132.0,very thin,2025-12-15,2026-10-01,2026-10-01
2408,826.0,,2147600,2147600,2600,1,1,0,0.2,232.8,very thin,2025-12-15,2026-09-08,2026-10-01
2410,2851.0,15.2,84062800,84062800,29350,2,2,9,0.2,5.9,very thin,2025-12-15,2026-09-16,2026-10-01
2411,472.0,,10856000,10856000,23000,1,1,0,0.2,46.1,very thin,2025-12-15,2026-09-25,2026-10-01
2413,1799.0,1177.7,5574177000,5574177000,3277000,19,19,24,0.2,0.09,deep,2025-12-15,2026-10-01,2026-10-01
2415,1608.0,16.8,3859200,3859200,2400,1,1,0,0.2,129.6,very thin,2025-12-15,2026-09-24,2026-10-01
2418,595.0,28.8,46767000,46767000,78600,1,1,0,0.2,10.7,very thin,2025-12-15,2026-09-09,2026-10-01
241A,513.0,,,,,0,0,0,0.2,,unknown,2025-12-15,2026-04-09,2026-10-01
2424,616.0,3.2,2525600,2525600,4100,1,1,0,0.2,198.0,very thin,2026-04-22,2026-09-29,2026-10-01
2425,663.0,2.5,1127100,1127100,1700,1,1,0,0.2,443.6,very thin,2025-12-15,2026-09-22,2026-10-01
2428,622.0,11.8,18592200,18592200,29700,3,3,16,0.2,26.9,very thin,2025-12-15,2026-09-24,2026-10-01
2429,2755.0,45.8,91190500,91190500,33100,1,1,0,0.2,5.5,very thin,2025-12-15,2026-09-08,2026-10-01
2432,2556.5,235.5,2475787200,2475787200,984800,19,19,24,0.2,0.2,adequate,2025-12-15,2026-10-01,2026-10-01
2433,1308.0,477.7,1145869750,1145869750,884500,19,19,24,0.2,0.44,adequate,2025-12-15,2026-10-01,2026-10-01
2435,205.0,2.3,1496450,1496450,7250,2,2,17,0.2,334.1,very thin,2025-12-15,2026-10-01,2026-10-01
2436,596.0,10.4,18255600,18255600,31950,4,4,20,0.2,27.4,very thin,2025-12-15,2026-09-28,2026-10-01
2437,630.0,7.4,13915500,13915500,22350,2,2,15,0.2,35.9,very thin,2026-02-10,2026-10-01,2026-10-01
2438,360.0,5.5,19044000,19044000,52900,1,1,0,0.2,26.3,very thin,2026-01-26,2026-09-07,2026-10-01
2440,119.0,6.9,15672300,15672300,131700,1,1,0,0.2,31.9,very thin,2025-12-15,2026-09-29,2026-10-01
2445,391.0,18.4,23653450,23653450,60150,2,2,22,0.2,21.1,very thin,2025-12-15,2026-09-30,2026-10-01
2449,1095.0,4.6,,,,0,0,0,0.2,,unknown,2025-12-15,2026-08-24,2026-10-01
244A,1248.0,,,,,0,0,0,0.2,,unknown,2025-12-15,2026-04-09,2026-10-01
2452,412.0,0.2,,,,0,0,0,0.2,,unknown,2026-01-26,2026-07-20,2026-10-01
2454,348.0,4.9,1948800,1948800,5600,3,3,13,0.2,256.6,very thin,2025-11-07,2026-09-22,2026-10-01
2459,179.0,1.3,,,,0,0,0,0.2,,unknown,2025-12-15,2026-09-04,2026-10-01
245A,2417.0,,,,,0,0,0,0.2,,unknown,2025-12-15,2026-04-09,2026-10-01
2461,395.0,26.3,47868750,47868750,122250,2,2,12,0.2,10.4,very thin,2025-12-15,2026-09-28,2026-10-01
2462,1536.0,29.1,,,,0,0,0,0.2,,unknown,2025-12-15,2026-08-18,2026-10-01
2464,349.0,,,,,0,0,0,0.2,,unknown,2025-12-15,2026-08-14,2026-10-01
2469,2830.0,26.6,31413000,31413000,11100,1,1,0,0.2,15.9,very thin,2026-04-23,2026-09-08,2026-10-01
246A,969.0,,,,,0,0,0,0.2,,unknown,2025-12-15,2026-04-09,2026-10-01
2471,278.0,20.9,65218800,65218800,234600,1,1,0,0.2,7.7,very thin,2025-12-15,2026-09-07,2026-10-01
2475,1768.0,28.6,,,,0,0,0,0.2,,unknown,2025-12-15,2026-08-04,2026-10-01
2477,3265.0,14.3,39506500,39506500,12100,3,3,20,0.2,12.7,very thin,2025-12-15,2026-09-28,2026-10-01
2479,258.0,1.9,19504800,19504800,75600,1,1,0,0.2,25.6,very thin,2026-04-14,2026-10-01,2026-10-01
247A,1180.0,,,,,0,0,0,0.2,,unknown,2025-12-15,2026-04-09,2026-10-01
2480,1752.0,6.0,4920900,4920900,2750,2,2,14,0.2,101.6,very thin,2025-12-15,2026-10-01,2026-10-01
2481,684.0,3.8,,,,0,0,0,0.2,,unknown,2025-12-15,2026-09-04,2026-10-01
2483,2230.0,7.5,,,,0,0,0,0.2,,unknown,2025-12-15,2026-09-04,2026-10-01
2484,146.0,13.4,68342600,68342600,468100,1,1,0,0.2,7.3,very thin,2025-12-15,2026-09-28,2026-10-01
2485,451.0,10.2,11771100,11771100,26100,1,1,0,0.2,42.5,very thin,2025-12-15,2026-09-18,2026-10-01
2488,1427.0,7.5,17900000,17900000,12500,2,2,2,0.2,27.9,very thin,2025-12-15,2026-09-30,2026-10-01
2489,411.0,15.5,68883600,68883600,167600,1,1,0,0.2,7.3,very thin,2025-12-15,2026-09-08,2026-10-01
248A,1054.0,,,,,0,0,0,0.2,,unknown,2025-12-15,2026-04-09,2026-10-01
2491,494.0,9.8,,,,0,0,0,0.2,,unknown,2025-12-15,2026-08-25,2026-10-01
2492,720.0,189.8,1967472000,1967472000,2732600,19,19,24,0.2,0.25,adequate,2025-12-15,2026-10-01,2026-10-01
2493,947.0,4.2,1609900,1609900,1700,1,1,0,0.2,310.6,very thin,2025-12-15,2026-09-07,2026-10-01
2497,527.0,19.2,9733600,9733600,18400,5,5,17,0.2,51.4,very thin,2026-04-22,2026-09-25,2026-10-01
2498,3010.0,37.8,39860500,39860500,13050,2,2,16,0.2,12.5,very thin,2025-12-15,2026-10-01,2026-10-01
2499,309.0,2.8,2205650,2205650,7150,2,2,4,0.2,226.7,very thin,2025-12-15,2026-09-28,2026-10-01
2501,1828.0,709.8,1910133000,1910133000,1024200,19,19,24,0.2,0.26,adequate,2025-12-15,2026-10-01,2026-10-01
2502,1595.0,2360.7,8779992000,8779992000,5470400,19,19,24,0.2,0.06,deep,2025-12-15,2026-10-01,2026-10-01
2503,2844.5,2272.2,7992307600,7992307600,2863600,19,19,24,0.2,0.06,deep,2025-12-15,2026-10-01,2026-10-01
250A,1773.0,,,,,0,0,0,0.2,,unknown,2025-12-15,2026-04-09,2026-10-01
2510,797.1,,8528220,8528220,10710,2,2,7,0.2,58.6,very thin,2026-04-24,2026-09-18,2026-10-01
2511,1113.5,,271716270,271716270,244020,1,1,0,0.2,1.8,thin,2026-04-15,2026-09-14,2026-10-01
2512,708.6,,44430808,44430808,62440,2,2,5,0.2,11.3,very thin,2026-04-21,2026-09-16,2026-10-01
2513,3542.0,,22864394,22864394,6451,2,2,11,0.2,21.9,very thin,2026-04-27,2026-09-18,2026-10-01
2514,2054.0,,,,,0,0,0,0.2,,unknown,2026-04-24,2026-08-25,2026-10-01
2515,1627.0,,,,,0,0,0,0.2,,unknown,2026-04-14,2026-09-04,2026-10-01
2516,619.8,,,,,0,0,0,0.2,,unknown,2026-04-21,2026-08-25,2026-10-01
2517,1104.0,,,,,0,0,0,0.2,,unknown,2026-04-30,2026-08-26,2026-10-01
2518,2418.0,,573066,573066,237,1,1,0,0.2,872.5,very thin,2026-04-14,2026-09-08,2026-10-01
2519,1123.5,,12482085,12482085,11110,1,1,0,0.2,40.1,very thin,2026-04-17,2026-09-08,2026-10-01
2520,2307.0,,18740960,18740960,8078,3,3,4,0.2,26.7,very thin,2026-04-27,2026-09-11,2026-10-01
2521,2151.0,,,,,0,0,0,0.2,,unknown,2026-01-26,2026-09-02,2026-10-01
2522,9186.0,,20282378,20282378,2261,2,2,13,0.2,24.7,very thin,2026-04-22,2026-10-01,2026-10-01
2523,3200.0,,,,,0,0,0,0.2,,unknown,2026-04-21,2026-09-22,2026-10-01
2524,4138.0,,439679052,439679052,106254,1,1,0,0.2,1.1,thin,2026-04-16,2026-09-10,2026-10-01
2525,67200.0,,,,,0,0,0,0.2,,unknown,2026-04-14,2026-08-31,2026-10-01
2526,36880.0,,514328480,514328480,13946,1,1,0,0.2,0.97,thin,2026-04-30,2026-09-15,2026-10-01
2527,1080.0,,37892322,37892322,35118,2,2,1,0.2,13.2,very thin,2026-05-05,2026-09-17,2026-10-01
2528,1043.0,,11066230,11066230,10610,1,1,0,0.2,45.2,very thin,2026-05-06,2026-09-28,2026-10-01
2529,2342.0,,7747336,7747336,3308,1,1,0,0.2,64.5,very thin,2026-04-29,2026-09-11,2026-10-01
2530,16730.0,,985545,985545,57,4,4,20,0.2,507.3,very thin,2026-04-14,2026-09-28,2026-10-01
2531,2615.0,511.5,1511233500,1511233500,609000,19,19,24,0.2,0.33,adequate,2025-12-15,2026-10-01,2026-10-01
2533,486.0,24.9,59877600,59877600,122700,3,3,11,0.2,8.4,very thin,2026-04-16,2026-09-28,2026-10-01
253A,1235.0,,,,,0,0,0,0.2,,unknown,2025-12-15,2026-04-09,2026-10-01
2540,4030.0,55.7,,,,0,0,0,0.2,,unknown,2025-12-15,2026-06-24,2026-10-01
2552,1865.0,,16045500,16045500,8445,3,3,20,0.2,31.2,very thin,2026-02-10,2026-10-01,2026-10-01
2553,2307.5,,22405825,22405825,9710,1,1,0,0.2,22.3,very thin,2025-11-07,2026-10-01,2026-10-01
2554,724.6,,1332058,1332058,1820,3,3,15,0.2,375.4,very thin,2026-06-10,2026-09-29,2026-10-01
2555,1813.5,,16629795,16629795,9170,1,1,0,0.2,30.1,very thin,2026-04-21,2026-09-16,2026-10-01
2556,1807.0,,71448780,71448780,39540,1,1,0,0.2,7.0,very thin,2026-04-14,2026-09-24,2026-10-01
2557,4175.0,,25065150,25065150,6050,3,3,7,0.2,19.9,very thin,2026-04-20,2026-09-28,2026-10-01
2558,3471.0,,579986745,579986745,167095,3,3,16,0.2,0.86,thin,2026-05-22,2026-09-30,2026-10-01
2559,2972.0,,722665576,722665576,243158,1,1,0,0.2,0.69,thin,2026-04-28,2026-10-01,2026-10-01
255A,3740.0,,,,,0,0,0,0.2,,unknown,2025-12-15,2026-04-09,2026-10-01
2560,53090.0,,159270,159270,3,2,2,6,0.2,3139.3,very thin,2026-04-16,2026-09-22,2026-10-01
2561,1985.0,,,,,0,0,0,0.2,,unknown,2025-10-16,2026-08-27,2026-10-01
2562,3566.0,,27050810,27050810,7570,2,2,4,0.2,18.5,very thin,2026-04-27,2026-09-25,2026-10-01
2563,404.2,,103203526,103203526,256470,3,3,21,0.2,4.8,very thin,2026-04-21,2026-09-29,2026-10-01
2564,3687.0,,,,,0,0,0,0.2,,unknown,2026-04-15,2026-08-25,2026-10-01
2565,851.0,,4121390,4121390,4800,4,4,24,0.2,121.3,very thin,2026-04-27,2026-10-01,2026-10-01
2566,984.0,,53650983,53650983,54439,2,2,20,0.2,9.3,very thin,2026-01-26,2026-09-28,2026-10-01
2567,540.3,,3032774,3032774,5610,2,2,16,0.2,164.9,very thin,2026-04-30,2026-09-24,2026-10-01
2568,7723.0,,91509827,91509827,11849,1,1,0,0.2,5.5,very thin,2026-05-01,2026-09-11,2026-10-01
2569,4315.0,,21423975,21423975,4965,1,1,0,0.2,23.3,very thin,2026-04-27,2026-09-09,2026-10-01
256A,2112.0,,,,,0,0,0,0.2,,unknown,2025-12-15,2026-04-09,2026-10-01
2573,4130.0,57.6,16933000,16933000,4100,1,1,0,0.2,29.5,very thin,2025-12-15,2026-09-28,2026-10-01
2579,3890.0,623.3,2807261600,2807261600,757900,19,19,24,0.2,0.18,adequate,2025-12-15,2026-10-01,2026-10-01
2585,1330.0,68.1,790685000,790685000,575400,19,19,24,0.2,0.63,thin,2025-12-15,2026-10-01,2026-10-01
2586,68.0,8.3,37495200,37495200,551400,1,1,0,0.2,13.3,very thin,2025-12-15,2026-09-16,2026-10-01
2587,4519.0,1403.5,3936807900,3936807900,873100,19,19,24,0.2,0.13,adequate,2025-12-15,2026-10-01,2026-10-01
2588,3725.0,80.7,19370000,19370000,5200,1,1,0,0.2,25.8,very thin,2025-12-15,2026-09-16,2026-10-01
2590,2915.0,93.6,217924000,217924000,72400,19,19,24,0.2,2.3,thin,2026-04-21,2026-10-01,2026-10-01
2593,3120.0,362.8,935418200,935418200,304300,19,19,24,0.2,0.53,thin,2026-05-07,2026-10-01,2026-10-01
2594,2004.0,,129258000,129258000,64500,1,1,0,0.2,3.9,very thin,2025-12-15,2026-09-14,2026-10-01
2597,1318.0,17.1,12125600,12125600,9200,1,1,0,0.2,41.2,very thin,2025-12-15,2026-09-08,2026-10-01
2602,2008.0,191.2,510104700,510104700,242100,19,19,24,0.2,0.98,thin,2025-12-15,2026-10-01,2026-10-01
2607,4248.0,385.2,1068156800,1068156800,239000,19,19,24,0.2,0.47,adequate,2025-12-15,2026-10-01,2026-10-01
2612,2850.0,48.2,106303500,106303500,41350,2,2,8,0.2,4.7,very thin,2025-12-15,2026-09-16,2026-10-01
2613,2227.0,68.5,150521350,150521350,67100,2,2,14,0.2,3.3,very thin,2025-12-15,2026-09-30,2026-10-01
261A,2322.0,,,,,0,0,0,0.2,,unknown,2025-12-15,2026-04-09,2026-10-01
2620,356.5,,48583820,48583820,136280,1,1,0,0.2,10.3,very thin,2026-04-27,2026-09-11,2026-10-01
2621,992.0,,248574368,248574368,250579,1,1,0,0.2,2.0,thin,2026-05-08,2026-09-22,2026-10-01
2622,1637.0,,2818717,2818717,1661,5,5,24,0.2,177.4,very thin,2026-05-04,2026-10-01,2026-10-01
2623,1922.0,,,,,0,0,0,0.2,,unknown,2026-04-29,2026-09-04,2026-10-01
2624,6871.0,,,,,0,0,0,0.2,,unknown,2026-04-30,2026-08-13,2026-10-01
2625,4187.0,,47110843,47110843,11416,4,4,23,0.2,10.6,very thin,2026-04-30,2026-10-01,2026-10-01
2626,3391.0,,1390310,1390310,410,1,1,0,0.2,359.6,very thin,2026-04-14,2026-10-01,2026-10-01
2627,1555.0,,4665,4665,3,1,1,0,0.2,107181.1,very thin,2026-04-17,2026-09-28,2026-10-01
2628,3683.0,,60666376,60666376,16472,2,2,20,0.2,8.2,very thin,2026-04-17,2026-09-28,2026-10-01
2629,3700.0,,,,,0,0,0,0.2,,unknown,2026-04-22,2026-08-18,2026-10-01
262A,2048.0,,,,,0,0,0,0.2,,unknown,2025-12-15,2026-04-09,2026-10-01
2630,16095.0,,11279635,11279635,703,3,3,23,0.2,44.3,very thin,2026-04-23,2026-10-01,2026-10-01
2631,34230.0,,411581520,411581520,12024,1,1,0,0.2,1.2,thin,2026-04-24,2026-09-28,2026-10-01
2632,17675.0,,63576975,63576975,3597,2,2,2,0.2,7.9,very thin,2026-04-14,2026-09-17,2026-10-01
2633,555.9,,48914280,48914280,87660,2,2,2,0.2,10.2,very thin,2026-04-14,2026-09-30,2026-10-01
2634,3170.0,,33148690,33148690,10457,1,1,0,0.2,15.1,very thin,2026-04-17,2026-09-28,2026-10-01
2636,4894.0,,,,,0,0,0,0.2,,unknown,2026-04-14,2026-09-02,2026-10-01
2637,2661.0,,10771728,10771728,4048,1,1,0,0.2,46.4,very thin,2026-01-26,2026-09-07,2026-10-01
2638,2608.0,,181352263,181352263,70318,2,2,15,0.2,2.8,very thin,2026-04-15,2026-09-23,2026-10-01
2639,1729.0,,1137712,1137712,674,3,3,15,0.2,439.5,very thin,2026-05-07,2026-10-01,2026-10-01
2640,4160.0,,52095680,52095680,12523,1,1,0,0.2,9.6,very thin,2026-02-25,2026-09-09,2026-10-01
2641,4500.0,,52087500,52087500,11575,1,1,0,0.2,9.6,very thin,2026-04-14,2026-09-28,2026-10-01
2642,53250.0,,107700,107700,2,2,2,7,0.2,4642.5,very thin,2026-04-17,2026-09-14,2026-10-01
2643,4262.88,,364476,364476,86,3,3,20,0.2,1371.8,very thin,2026-05-19,2026-09-28,2026-10-01
2644,4000.0,,2158292000,2158292000,539573,1,1,0,0.2,0.23,adequate,2026-04-17,2026-09-28,2026-10-01
2645,3006.0,,300600,300600,100,1,1,0,0.2,1663.3,very thin,2026-04-15,2026-09-30,2026-10-01
2646,3819.0,,7807600,7807600,2096,3,3,15,0.2,64.0,very thin,2026-04-17,2026-10-01,2026-10-01
2647,5590.0,,3983232,3983232,704,4,4,20,0.2,125.5,very thin,2026-04-20,2026-09-28,2026-10-01
2648,3198.0,,1666158,1666158,521,1,1,0,0.2,300.1,very thin,2026-01-26,2026-09-29,2026-10-01
2649,581.8,,,,,0,0,0,0.2,,unknown,2026-04-28,2026-08-26,2026-10-01
264A,430.0,,,,,0,0,0,0.2,,unknown,2025-12-15,2026-04-09,2026-10-01
2652,435.0,14.6,47364000,47364000,110300,2,2,15,0.2,10.6,very thin,2025-12-15,2026-09-23,2026-10-01
2653,2821.0,97.3,,,,0,0,0,0.2,,unknown,2025-12-15,2026-08-20,2026-10-01
2654,438.0,5.9,8497200,8497200,19400,1,1,0,0.2,58.8,very thin,2025-12-15,2026-09-11,2026-10-01
2656,164.0,4.9,21090400,21090400,128600,5,5,21,0.2,23.7,very thin,2025-12-15,2026-09-28,2026-10-01
2659,3260.0,199.4,580692000,580692000,173600,19,19,24,0.2,0.86,thin,2025-12-15,2026-10-01,2026-10-01
265A,671.0,,,,,0,0,0,0.2,,unknown,2025-12-15,2026-04-09,2026-10-01
2664,3775.0,81.7,211864000,211864000,56800,19,19,24,0.2,2.4,thin,2025-12-15,2026-10-01,2026-10-01
2666,186.0,2.7,10341600,10341600,55600,1,1,0,0.2,48.3,very thin,2025-12-15,2026-09-08,2026-10-01
2667,103.0,,16324400,16324400,147800,2,2,21,0.2,30.6,very thin,2025-12-15,2026-09-29,2026-10-01
2668,1266.0,8.5,,,,0,0,0,0.2,,unknown,2025-12-15,2026-09-01,2026-10-01
2669,3910.0,37.8,11784250,11784250,3000,4,4,23,0.2,42.4,very thin,2025-12-15,2026-10-01,2026-10-01
2670,2719.5,677.2,1260746500,1260746500,474500,19,19,24,0.2,0.4,adequate,2025-12-15,2026-10-01,2026-10-01
2673,102.0,1.1,3692400,3692400,36200,1,1,0,0.2,135.4,very thin,2025-12-15,2026-09-29,2026-10-01
2674,2607.0,39.3,138228300,138228300,53300,2,2,20,0.2,3.6,very thin,2025-12-15,2026-09-28,2026-10-01
2676,2079.0,38.5,,,,0,0,0,0.2,,unknown,2025-12-15,2026-08-20,2026-10-01
2678,1241.0,111.0,531610600,531610600,437900,19,19,24,0.2,0.94,thin,2025-12-15,2026-10-01,2026-10-01
2681,2296.0,94.7,358704000,358704000,152900,19,19,24,0.2,1.4,thin,2025-12-15,2026-10-01,2026-10-01
2683,993.0,2.5,1388800,1388800,1400,3,3,3,0.2,360.0,very thin,2026-04-17,2026-10-01,2026-10-01
2685,3040.0,147.6,577280000,577280000,180400,19,19,24,0.2,0.87,thin,2025-10-16,2026-10-01,2026-10-01
2686,297.0,12.6,,,,0,0,0,0.2,,unknown,2025-12-15,2026-06-24,2026-10-01
2687,494.0,2.4,1493100,1493100,3000,2,2,23,0.2,334.9,very thin,2025-12-15,2026-10-01,2026-10-01
2689,1923.0,11.9,4422900,4422900,2300,1,1,0,0.2,113.0,very thin,2025-12-15,2026-10-01,2026-10-01
268A,1830.0,377.8,3664943200,3664943200,2302100,19,19,24,0.2,0.14,adequate,2025-12-15,2026-10-01,2026-10-01
2692,12940.0,164.0,,,,0,0,0,0.2,,unknown,2025-12-15,2026-05-19,2026-10-01
2693,284.0,3.8,7298800,7298800,25700,1,1,0,0.2,68.5,very thin,2025-12-15,2026-09-16,2026-10-01
2694,71.0,17.0,9748300,9748300,137300,1,1,0,0.2,51.3,very thin,2025-12-15,2026-09-16,2026-10-01
2695,1687.0,133.7,660500400,660500400,394800,19,19,24,0.2,0.76,thin,2026-04-16,2026-10-01,2026-10-01
2698,3640.0,52.2,,,,0,0,0,0.2,,unknown,2025-12-15,2026-08-24,2026-10-01
269A,2101.0,,,,,0,0,0,0.2,,unknown,2025-12-15,2026-04-09,2026-10-01
2700,1715.0,14.7,15263500,15263500,8900,1,1,0,0.2,32.8,very thin,2025-12-15,2026-09-10,2026-10-01
2702,7560.0,1007.8,3731670000,3731670000,473400,19,19,24,0.2,0.13,adequate,2025-12-15,2026-10-01,2026-10-01
2705,8880.0,62.3,169608000,169608000,19100,1,1,0,0.2,2.9,very thin,2025-12-15,2026-09-28,2026-10-01
2708,1888.0,9.3,994175,994175,525,2,2,8,0.2,502.9,very thin,2025-12-15,2026-09-16,2026-10-01
2721,100.0,1.4,3190000,3190000,31900,1,1,0,0.2,156.7,very thin,2025-12-15,2026-10-01,2026-10-01
2722,361.0,2.7,1534250,1534250,4250,2,2,20,0.2,325.9,very thin,2025-12-15,2026-09-28,2026-10-01
2726,1429.0,254.0,998981100,998981100,689900,19,19,24,0.2,0.5,thin,2025-12-15,2026-10-01,2026-10-01
2730,2433.0,264.0,686868000,686868000,273000,19,19,24,0.2,0.73,thin,2025-12-15,2026-10-01,2026-10-01
2733,2582.0,91.1,325141000,325141000,120200,19,19,24,0.2,1.5,thin,2025-12-15,2026-10-01,2026-10-01
2734,1196.0,73.1,149858800,149858800,125300,3,3,15,0.2,3.3,very thin,2025-12-15,2026-10-01,2026-10-01
2735,715.0,9.5,32246500,32246500,45100,1,1,0,0.2,15.5,very thin,2025-12-15,2026-09-15,2026-10-01
2736,603.0,2.3,1869300,1869300,3100,1,1,0,0.2,267.5,very thin,2025-12-15,2026-09-08,2026-10-01
2737,36850.0,143.8,5243755000,5243755000,142300,1,1,0,0.2,0.1,deep,2025-12-15,2026-09-22,2026-10-01
2742,3920.0,78.9,123380000,123380000,31000,3,3,20,0.2,4.1,very thin,2025-12-15,2026-09-28,2026-10-01
2747,3115.0,4.0,1557500,1557500,500,1,1,0,0.2,321.0,very thin,2025-12-15,2026-09-08,2026-10-01
2749,642.0,57.1,287820000,287820000,426400,19,19,24,0.2,1.7,thin,2025-12-15,2026-10-01,2026-10-01
274A,2298.0,,,,,0,0,0,0.2,,unknown,2025-12-15,2026-04-09,2026-10-01
2750,1352.0,10.6,9150600,9150600,6750,2,2,8,0.2,54.6,very thin,2025-12-15,2026-09-16,2026-10-01
2751,3810.0,45.1,,,,0,0,0,0.2,,unknown,2026-01-26,2026-08-12,2026-10-01
2752,1165.0,60.1,75834000,75834000,66000,19,19,24,0.2,6.6,very thin,2025-12-15,2026-10-01,2026-10-01
2753,1391.0,28.6,29959200,29959200,21600,3,3,23,0.2,16.7,very thin,2025-12-15,2026-10-01,2026-10-01
2760,4600.0,135.8,357570000,357570000,87000,19,19,24,0.2,1.4,thin,2025-12-15,2026-10-01,2026-10-01
2762,75.0,3.7,,,,0,0,0,0.2,,unknown,2025-12-15,2026-08-18,2026-10-01
2763,1199.0,35.6,,,,0,0,0,0.2,,unknown,2025-12-15,2026-08-05,2026-10-01
2764,166.0,11.8,40189100,40189100,246050,4,4,23,0.2,12.4,very thin,2025-12-15,2026-09-30,2026-10-01
2767,2532.0,162.8,1140701100,1140701100,438900,19,19,24,0.2,0.44,adequate,2025-12-15,2026-10-01,2026-10-01
2768,5607.0,1197.6,6839864800,6839864800,1205900,19,19,24,0.2,0.07,deep,2025-12-15,2026-10-01,2026-10-01
2769,928.0,7.1,3712000,3712000,4000,1,1,0,0.2,134.7,very thin,2025-12-15,2026-09-25,2026-10-01
276A,3570.0,,,,,0,0,0,0.2,,unknown,2025-12-15,2026-04-09,2026-10-01
2776,94.0,5.0,12022600,12022600,127900,1,1,0,0.2,41.6,very thin,2026-05-05,2026-10-01,2026-10-01
2778,121.0,1.4,2449200,2449200,21450,4,4,17,0.2,204.1,very thin,2025-12-15,2026-09-25,2026-10-01
277A,2700.0,,,,,0,0,0,0.2,,unknown,2025-12-15,2026-04-09,2026-10-01
2780,5170.0,57.1,,,,0,0,0,0.2,,unknown,2025-12-15,2026-08-14,2026-10-01
2782,4750.0,241.3,1624975000,1624975000,342100,1,1,0,0.2,0.31,adequate,2025-12-15,2026-09-08,2026-10-01
2784,2270.5,418.8,844727000,844727000,359000,19,19,24,0.2,0.59,thin,2025-12-15,2026-10-01,2026-10-01
2788,417.0,5.2,20117500,20117500,49250,2,2,23,0.2,24.9,very thin,2025-12-15,2026-10-01,2026-10-01
2789,486.0,2.7,1014600,1014600,2100,2,2,17,0.2,492.8,very thin,2025-12-15,2026-09-28,2026-10-01
2790,2113.0,51.9,,,,0,0,0,0.2,,unknown,2025-12-15,2026-09-04,2026-10-01
2791,4405.0,60.7,174195000,174195000,39500,19,19,24,0.2,2.9,very thin,2025-12-15,2026-10-01,2026-10-01
2792,1401.0,40.8,89901000,89901000,63000,3,3,8,0.2,5.6,very thin,2025-12-15,2026-09-29,2026-10-01
2795,954.0,4.9,596250,596250,625,2,2,3,0.2,838.6,very thin,2025-12-15,2026-09-11,2026-10-01
2796,503.0,5.8,1257500,1257500,2500,1,1,0,0.2,397.6,very thin,2025-12-15,2026-09-08,2026-10-01
2798,3065.0,9.9,,,,0,0,0,0.2,,unknown,2025-12-15,2026-08-14,2026-10-01
2801,1660.5,1541.9,5944869000,5944869000,3546000,19,19,24,0.2,0.08,deep,2025-12-15,2026-10-01,2026-10-01
2802,5260.0,4812.4,14622565200,14622565200,2939800,19,19,24,0.2,0.03,deep,2025-12-15,2026-10-01,2026-10-01
2804,1854.0,22.8,38563200,38563200,20800,1,1,0,0.2,13.0,very thin,2025-12-15,2026-09-30,2026-10-01
2805,7240.0,164.4,745420000,745420000,94000,3,3,21,0.2,0.67,thin,2025-12-15,2026-09-29,2026-10-01
2806,1917.0,13.3,2875500,2875500,1500,1,1,0,0.2,173.9,very thin,2025-11-07,2026-09-18,2026-10-01
2809,4385.0,599.5,1461869700,1461869700,327700,19,19,24,0.2,0.34,adequate,2025-12-15,2026-10-01,2026-10-01
280A,1578.0,,,,,0,0,0,0.2,,unknown,2025-12-15,2026-04-09,2026-10-01
2810,4045.0,359.3,1130173000,1130173000,279400,19,19,24,0.2,0.44,adequate,2025-11-07,2026-10-01,2026-10-01
2811,2655.5,246.4,735705600,735705600,268800,19,19,24,0.2,0.68,thin,2025-12-15,2026-10-01,2026-10-01
2813,3900.0,10.0,3709500,3709500,950,4,4,20,0.2,134.8,very thin,2025-12-15,2026-09-29,2026-10-01
2814,1915.0,12.5,9958000,9958000,5200,1,1,0,0.2,50.2,very thin,2025-12-15,2026-09-16,2026-10-01
2815,5070.0,164.5,449400000,449400000,85600,19,19,24,0.2,1.1,thin,2026-05-05,2026-10-01,2026-10-01
2816,1418.0,13.5,2552400,2552400,1800,1,1,0,0.2,195.9,very thin,2025-12-15,2026-09-08,2026-10-01
2818,1758.0,12.3,2812800,2812800,1600,1,1,0,0.2,177.8,very thin,2025-12-15,2026-09-16,2026-10-01
2819,2476.0,23.3,30702400,30702400,12400,1,1,0,0.2,16.3,very thin,2025-12-15,2026-10-01,2026-10-01
281A,643.0,,,,,0,0,0,0.2,,unknown,2025-12-15,2026-04-09,2026-10-01
2820,6270.0,45.3,83200000,83200000,12800,3,3,14,0.2,6.0,very thin,2025-12-15,2026-09-29,2026-10-01
2831,3750.0,34.7,5625000,5625000,1500,1,1,0,0.2,88.9,very thin,2025-12-15,2026-09-28,2026-10-01
2836,3340.0,,,,,0,0,0,0.2,,unknown,2026-04-17,2026-08-25,2026-10-01
2837,4892.0,,13152100,13152100,2710,2,2,24,0.2,38.0,very thin,2026-01-26,2026-10-01,2026-10-01
2838,8267.0,,13909568,13909568,1669,2,2,3,0.2,35.9,very thin,2026-04-20,2026-09-11,2026-10-01
2839,4867.0,,2204751,2204751,453,1,1,0,0.2,226.8,very thin,2026-04-24,2026-09-16,2026-10-01
2840,2681.0,,,,,0,0,0,0.2,,unknown,2026-04-23,2026-08-25,2026-10-01
2841,1734.0,,25390194,25390194,14953,3,3,22,0.2,19.7,very thin,2026-04-30,2026-09-30,2026-10-01
2842,11935.0,,59912320,59912320,4927,3,3,20,0.2,8.3,very thin,2026-04-16,2026-09-28,2026-10-01
2843,3689.0,,,,,0,0,0,0.2,,unknown,2026-04-27,2026-08-07,2026-10-01
2844,5296.0,,24162546,24162546,4522,2,2,7,0.2,20.7,very thin,2026-01-26,2026-09-15,2026-10-01
2845,3699.0,,30022800,30022800,8138,2,2,7,0.2,16.7,very thin,2026-04-15,2026-10-01,2026-10-01
2846,2460.0,,34284582,34284582,13809,2,2,3,0.2,14.6,very thin,2026-05-05,2026-10-01,2026-10-01
2847,3068.0,,655384,655384,217,4,4,23,0.2,762.9,very thin,2026-04-23,2026-10-01,2026-10-01
2848,2997.0,,65934,65934,22,1,1,0,0.2,7583.3,very thin,2026-05-08,2026-09-14,2026-10-01
2849,5518.0,,474548,474548,86,1,1,0,0.2,1053.6,very thin,2026-04-15,2026-09-22,2026-10-01
2851,393.0,,208290,208290,530,1,1,0,0.2,2400.5,very thin,2026-04-24,2026-09-08,2026-10-01
2852,170.1,,2544381,2544381,14830,2,2,12,0.2,196.5,very thin,2026-04-17,2026-09-21,2026-10-01
2853,601.3,,10556,10556,18,2,2,9,0.2,47364.2,very thin,2026-04-16,2026-09-24,2026-10-01
2854,2653.0,,112533630,112533630,42044,2,2,8,0.2,4.4,very thin,2026-04-14,2026-09-16,2026-10-01
2855,914.0,,3931696,3931696,4274,2,2,10,0.2,127.2,very thin,2026-04-20,2026-09-18,2026-10-01
2856,631.1,,5440082,5440082,8620,1,1,0,0.2,91.9,very thin,2026-05-29,2026-10-01,2026-10-01
2857,612.3,,39799,39799,65,1,1,0,0.2,12563.1,very thin,2026-04-24,2026-10-01,2026-10-01
2858,1481.0,,1439300,1439300,962,2,2,8,0.2,347.4,very thin,2026-04-21,2026-09-16,2026-10-01
2859,3169.0,,2845762,2845762,898,1,1,0,0.2,175.7,very thin,2026-04-22,2026-09-22,2026-10-01
285A,19100.0,29703.1,1520172340000,1520172340000,28715100,19,19,24,0.2,0.0,deep,2025-12-15,2026-10-01,2026-10-01
2860,3205.0,,1230720,1230720,384,1,1,0,0.2,406.3,very thin,2026-04-20,2026-09-11,2026-10-01
2861,5660.0,,,,,0,0,0,0.2,,unknown,2026-04-28,2026-08-24,2026-10-01
2862,3693.0,,7386,7386,2,1,1,0,0.2,67695.6,very thin,2026-01-26,2026-10-01,2026-10-01
2864,1282.0,,61536,61536,48,1,1,0,0.2,8125.3,very thin,2026-04-17,2026-09-28,2026-10-01
2865,1304.0,,317201616,317201616,249360,2,2,15,0.2,1.6,thin,2026-04-22,2026-10-01,2026-10-01
2866,934.0,,34182532,34182532,36598,1,1,0,0.2,14.6,very thin,2026-04-23,2026-09-29,2026-10-01
2867,1658.0,,2702898,2702898,1606,3,3,24,0.2,185.0,very thin,2026-05-21,2026-10-01,2026-10-01
2868,1147.0,,40333707,40333707,36310,4,4,16,0.2,12.4,very thin,2026-03-12,2026-10-01,2026-10-01
2869,3182.0,,387573055,387573055,126000,2,2,23,0.2,1.3,thin,2026-05-05,2026-10-01,2026-10-01
286A,874.0,,,,,0,0,0,0.2,,unknown,2025-12-15,2026-04-09,2026-10-01
2870,7542.0,,104027193,104027193,13760,2,2,14,0.2,4.8,very thin,2026-01-26,2026-09-22,2026-10-01
2871,2114.0,556.4,2658337500,2658337500,1235000,19,19,24,0.2,0.19,adequate,2025-12-15,2026-10-01,2026-10-01
2872,2000.0,2.9,,,,0,0,0,0.2,,unknown,2025-12-15,2026-08-25,2026-10-01
2874,1944.0,128.3,293625000,293625000,135000,19,19,24,0.2,1.7,thin,2025-12-15,2026-10-01,2026-10-01
2875,9584.0,928.9,4818841300,4818841300,482000,19,19,24,0.2,0.1,adequate,2025-12-15,2026-10-01,2026-10-01
2876,474.0,4.0,1611600,1611600,3400,1,1,0,0.2,310.3,very thin,2025-12-15,2026-09-10,2026-10-01
2877,760.0,9.2,2052000,2052000,2700,1,1,0,0.2,243.7,very thin,2025-12-15,2026-09-29,2026-10-01
287A,981.0,,,,,0,0,0,0.2,,unknown,2025-12-15,2026-04-09,2026-10-01
2882,2011.0,22.7,31831800,31831800,15900,3,3,15,0.2,15.7,very thin,2025-12-15,2026-09-23,2026-10-01
2883,2047.0,11.6,5117500,5117500,2500,1,1,0,0.2,97.7,very thin,2025-12-15,2026-09-16,2026-10-01
2884,614.0,14.6,31559600,31559600,51400,1,1,0,0.2,15.8,very thin,2025-12-15,2026-09-28,2026-10-01
288A,118.0,,,,,0,0,0,0.2,,unknown,2025-12-15,2026-04-09,2026-10-01
2892,4540.0,19.0,,,,0,0,0,0.2,,unknown,2025-12-15,2026-08-17,2026-10-01
2894,363.0,5.5,1456000,1456000,4000,3,3,17,0.2,343.4,very thin,2026-05-08,2026-10-01,2026-10-01
2897,2833.5,843.7,3466265600,3466265600,1177600,19,19,24,0.2,0.14,adequate,2025-12-15,2026-10-01,2026-10-01
2901,147.0,5.2,8893500,8893500,60500,1,1,0,0.2,56.2,very thin,2025-12-15,2026-09-16,2026-10-01
2903,1608.0,17.1,1929600,1929600,1200,3,3,14,0.2,259.1,very thin,2025-12-15,2026-09-22,2026-10-01
2904,751.0,13.9,,,,0,0,0,0.2,,unknown,2025-12-15,2026-08-21,2026-10-01
2907,1539.0,11.5,2616300,2616300,1700,1,1,0,0.2,191.1,very thin,2025-12-15,2026-09-10,2026-10-01
2908,1638.0,46.6,62894800,62894800,38800,3,3,10,0.2,7.9,very thin,2025-12-15,2026-09-18,2026-10-01
290A,1309.0,,,,,0,0,0,0.2,,unknown,2025-12-15,2026-04-09,2026-10-01
2910,1406.0,37.1,67948500,67948500,48500,3,3,17,0.2,7.4,very thin,2026-04-14,2026-09-25,2026-10-01
2911,2250.0,4.1,,,,0,0,0,0.2,,unknown,2025-12-15,2026-08-31,2026-10-01
2914,6856.0,12326.3,21242845200,21242845200,3211800,19,19,24,0.2,0.02,deep,2025-12-15,2026-10-01,2026-10-01
2915,2020.0,29.5,,,,0,0,0,0.2,,unknown,2025-12-15,2026-08-26,2026-10-01
2916,740.0,8.3,1237850,1237850,1675,2,2,6,0.2,403.9,very thin,2025-12-15,2026-09-22,2026-10-01
2917,924.0,4.7,1755600,1755600,1900,1,1,0,0.2,284.8,very thin,2025-12-15,2026-09-22,2026-10-01
2918,2684.0,47.1,181189400,181189400,66200,19,19,24,0.2,2.8,very thin,2025-12-15,2026-10-01,2026-10-01
291A,2705.0,,,,,0,0,0,0.2,,unknown,2025-12-15,2026-04-09,2026-10-01
2922,1992.0,25.1,23107200,23107200,11600,1,1,0,0.2,21.6,very thin,2025-12-15,2026-09-18,2026-10-01
2923,7410.0,36.2,17710000,17710000,2200,3,3,19,0.2,28.2,very thin,2026-05-08,2026-09-28,2026-10-01
2924,1903.0,15.8,2476150,2476150,1300,2,2,2,0.2,201.9,very thin,2025-12-15,2026-09-16,2026-10-01
2926,110.0,1.4,12506350,12506350,108500,2,2,15,0.2,40.0,very thin,2025-12-15,2026-10-01,2026-10-01
2927,904.0,12.0,,,,0,0,0,0.2,,unknown,2025-12-15,2026-08-25,2026-10-01
2929,602.0,17.8,,,,0,0,0,0.2,,unknown,2026-04-20,2026-09-03,2026-10-01
2930,133.0,18.4,43331400,43331400,325800,2,2,7,0.2,11.5,very thin,2025-12-15,2026-10-01,2026-10-01
2931,340.0,49.0,168687400,168687400,491800,19,19,24,0.2,3.0,very thin,2025-12-15,2026-10-01,2026-10-01
2932,1101.0,19.7,9688800,9688800,8800,1,1,0,0.2,51.6,very thin,2025-12-15,2026-09-22,2026-10-01
2933,1093.0,25.8,137718000,137718000,126000,3,3,23,0.2,3.6,very thin,2025-12-15,2026-10-01,2026-10-01
2934,2039.0,9.3,8370050,8370050,4150,2,2,13,0.2,59.7,very thin,2025-12-15,2026-09-21,2026-10-01
2935,1178.0,13.5,32562000,32562000,26800,3,3,23,0.2,15.4,very thin,2025-12-15,2026-10-01,2026-10-01
2936,275.0,14.7,6187500,6187500,22500,3,3,20,0.2,80.8,very thin,2025-12-15,2026-09-30,2026-10-01
2937,1758.0,16.4,4050300,4050300,2300,2,2,3,0.2,123.4,very thin,2025-12-15,2026-09-11,2026-10-01
2938,1246.0,59.8,57565200,57565200,46200,1,1,0,0.2,8.7,very thin,2025-12-15,2026-09-08,2026-10-01
2961,1443.0,7.0,,,,0,0,0,0.2,,unknown,2025-12-15,2026-08-21,2026-10-01
2962,1618.0,11.7,,,,0,0,0,0.2,,unknown,2025-12-15,2026-08-25,2026-10-01
296A,864.0,,,,,0,0,0,0.2,,unknown,2025-12-15,2026-04-09,2026-10-01
2970,1135.0,17.8,6083150,6083150,5450,2,2,20,0.2,82.2,very thin,2025-12-15,2026-09-28,2026-10-01
2971,107200.0,41.5,109972600,109972600,1027,2,2,8,0.2,4.5,very thin,2026-04-29,2026-09-16,2026-10-01
2972,125000.0,53.2,281828800,281828800,2629,3,3,9,0.2,1.8,thin,2025-12-15,2026-09-30,2026-10-01
2975,1495.0,56.7,,,,0,0,0,0.2,,unknown,2025-12-15,2026-09-04,2026-10-01
2978,332.0,4.0,1460800,1460800,4400,1,1,0,0.2,342.3,very thin,2026-02-10,2026-09-16,2026-10-01
2979,99400.0,79.2,278917600,278917600,2809,2,2,1,0.2,1.8,thin,2026-04-24,2026-09-09,2026-10-01
297A,235.0,,,,,0,0,0,0.2,,unknown,2025-12-15,2026-04-09,2026-10-01
2980,2298.0,40.3,640701000,640701000,277000,3,3,22,0.2,0.78,thin,2025-12-15,2026-09-30,2026-10-01
2981,2280.0,12.3,5472000,5472000,2400,1,1,0,0.2,91.4,very thin,2025-12-15,2026-09-16,2026-10-01
2982,429.0,,72801300,72801300,169700,1,1,0,0.2,6.9,very thin,2025-12-15,2026-09-28,2026-10-01
2983,1816.0,19.4,,,,0,0,0,0.2,,unknown,2026-04-30,2026-09-04,2026-10-01
2984,783.0,6.5,3210300,3210300,4100,3,3,14,0.2,155.7,very thin,2025-12-15,2026-09-22,2026-10-01
2985,1600.0,,,,,0,0,0,0.2,,unknown,2026-04-15,2026-06-09,2026-10-01
2986,2890.0,68.3,292352900,292352900,104300,3,3,23,0.2,1.7,thin,2026-04-17,2026-10-01,2026-10-01
2989,92800.0,39.8,133817600,133817600,1442,1,1,0,0.2,3.7,very thin,2026-01-26,2026-09-23,2026-10-01
298A,381.0,,,,,0,0,0,0.2,,unknown,2025-12-15,2026-04-09,2026-10-01
2990,262.0,9.1,,,,0,0,0,0.2,,unknown,2026-01-26,2026-08-12,2026-10-01
2991,533.0,13.3,6563300,6563300,12400,2,2,8,0.2,76.2,very thin,2026-05-05,2026-10-01,2026-10-01
2992,11460.0,2.5,,,,0,0,0,0.2,,unknown,2026-04-14,2026-07-22,2026-10-01
2993,2210.0,10.5,3315000,3315000,1500,1,1,0,0.2,150.8,very thin,2025-12-15,2026-09-08,2026-10-01
2994,1040.0,0.7,,,,0,0,0,0.2,,unknown,2026-04-28,2026-06-24,2026-10-01
2995,1461.0,,,,,0,0,0,0.2,,unknown,2026-04-16,2026-06-30,2026-10-01
2997,1324.0,2.5,6752400,6752400,5100,1,1,0,0.2,74.0,very thin,2026-04-20,2026-09-08,2026-10-01
2998,536.0,17.6,,,,0,0,0,0.2,,unknown,2025-12-15,2026-08-24,2026-10-01
2999,509.0,6.1,5904400,5904400,11600,1,1,0,0.2,84.7,very thin,2025-12-15,2026-09-16,2026-10-01
299A,964.0,,,,,0,0,0,0.2,,unknown,2025-12-15,2026-04-09,2026-10-01
3001,2920.0,76.2,,,,0,0,0,0.2,,unknown,2025-12-15,2026-08-06,2026-10-01
3002,4090.0,129.3,617220000,617220000,152400,19,19,24,0.2,0.81,thin,2025-12-15,2026-10-01,2026-10-01
3003,1720.0,1316.9,2804119550,2804119550,1611100,19,19,24,0.2,0.18,adequate,2025-12-15,2026-10-01,2026-10-01
3004,2042.0,8.2,20011600,20011600,9800,1,1,0,0.2,25.0,very thin,2025-12-15,2026-10-01,2026-10-01
300A,2853.0,,,,,0,0,0,0.2,,unknown,2025-12-15,2026-04-09,2026-10-01
3010,190.0,39.1,26410000,26410000,139000,1,1,0,0.2,18.9,very thin,2025-12-15,2026-09-29,2026-10-01
3011,142.0,,1164400,1164400,8200,1,1,0,0.2,429.4,very thin,2025-12-15,2026-10-01,2026-10-01
3020,4760.0,12.9,10603000,10603000,2300,3,3,10,0.2,47.2,very thin,2026-04-16,2026-09-18,2026-10-01
3021,1621.0,,,,,0,0,0,0.2,,unknown,2025-12-15,2026-08-31,2026-10-01
3023,2020.0,18.5,,,,0,0,0,0.2,,unknown,2026-03-12,2026-09-03,2026-10-01
3024,1203.0,4.5,1918950,1918950,1600,2,2,3,0.2,260.6,very thin,2025-12-15,2026-10-01,2026-10-01
3028,2379.0,90.1,170988300,170988300,74700,19,19,24,0.2,2.9,very thin,2025-12-15,2026-10-01,2026-10-01
302A,602.0,,,,,0,0,0,0.2,,unknown,2025-12-15,2026-04-09,2026-10-01
3030,884.0,10.7,10803550,10803550,12400,2,2,14,0.2,46.3,very thin,2025-12-15,2026-09-28,2026-10-01
3031,717.0,12.7,46512000,46512000,68000,3,3,22,0.2,10.7,very thin,2026-04-14,2026-09-30,2026-10-01
3034,2355.0,92.0,279758500,279758500,119300,19,19,24,0.2,1.8,thin,2025-12-15,2026-10-01,2026-10-01
3035,782.0,4.2,4703100,4703100,6100,3,3,21,0.2,106.3,very thin,2025-12-15,2026-09-29,2026-10-01
3036,3455.0,104.0,346006500,346006500,104450,18,18,24,0.2,1.4,thin,2025-10-16,2026-10-01,2026-10-01
3038,3010.0,653.6,6627037700,6627037700,2182100,19,19,24,0.2,0.08,deep,2026-06-03,2026-10-01,2026-10-01
303A,798.0,,,,,0,0,0,0.2,,unknown,2025-12-15,2026-04-09,2026-10-01
3040,2719.0,37.2,404043400,404043400,148600,1,1,0,0.2,1.2,thin,2025-12-15,2026-09-28,2026-10-01
3041,406.0,1.7,793900,793900,1950,2,2,5,0.2,629.8,very thin,2026-04-21,2026-09-16,2026-10-01
3042,303.0,2.2,5827250,5827250,19150,2,2,13,0.2,85.8,very thin,2025-12-15,2026-09-28,2026-10-01
3045,1465.0,3.2,586000,586000,400,1,1,0,0.2,853.2,very thin,2025-12-15,2026-09-16,2026-10-01
3046,5670.0,135.6,940374000,940374000,160200,19,19,24,0.2,0.53,thin,2025-12-15,2026-10-01,2026-10-01
3048,1665.5,297.1,872205200,872205200,507900,19,19,24,0.2,0.57,thin,2025-12-15,2026-10-01,2026-10-01
304A,1880.0,,,,,0,0,0,0.2,,unknown,2025-12-15,2026-04-09,2026-10-01
3050,1524.0,219.7,374824800,374824800,233100,19,19,24,0.2,1.3,thin,2025-12-15,2026-10-01,2026-10-01
3053,203.0,12.0,46344900,46344900,228300,1,1,0,0.2,10.8,very thin,2025-12-15,2026-09-30,2026-10-01
3054,376.0,3.6,12390900,12390900,33750,4,4,20,0.2,40.4,very thin,2025-12-15,2026-09-28,2026-10-01
3058,714.0,5.0,497300,497300,700,2,2,8,0.2,1005.4,very thin,2025-12-15,2026-09-16,2026-10-01
3059,708.0,3.5,,,,0,0,0,0.2,,unknown,2025-12-15,2026-08-25,2026-10-01
3063,1174.0,14.5,19723200,19723200,16800,1,1,0,0.2,25.4,very thin,2025-12-15,2026-09-24,2026-10-01
3064,1958.5,963.7,3462143100,3462143100,1826100,19,19,24,0.2,0.14,adequate,2025-12-15,2026-10-01,2026-10-01
3065,1588.0,4.9,1984350,1984350,1250,2,2,16,0.2,252.0,very thin,2025-12-15,2026-09-24,2026-10-01
3067,457.0,4.0,4109600,4109600,8800,3,3,15,0.2,121.7,very thin,2025-12-15,2026-09-30,2026-10-01
3068,3050.0,19.0,2440000,2440000,800,1,1,0,0.2,204.9,very thin,2026-04-24,2026-09-15,2026-10-01
3069,167.0,7.1,12665800,12665800,76300,2,2,1,0.2,39.5,very thin,2025-12-15,2026-09-17,2026-10-01
3070,47.0,,81136100,81136100,1726300,1,1,0,0.2,6.2,very thin,2026-04-15,2026-09-28,2026-10-01
3071,102.0,2.9,8272200,8272200,81100,1,1,0,0.2,60.4,very thin,2026-04-15,2026-09-14,2026-10-01
3075,1694.0,20.0,12196800,12196800,7200,3,3,23,0.2,41.0,very thin,2025-12-15,2026-10-01,2026-10-01
3076,3010.0,161.1,270599000,270599000,89900,19,19,24,0.2,1.8,thin,2025-12-15,2026-10-01,2026-10-01
3077,1253.0,,,,,0,0,0,0.2,,unknown,2025-12-15,2026-09-02,2026-10-01
3079,949.0,10.5,,,,0,0,0,0.2,,unknown,2025-12-15,2026-07-28,2026-10-01
3080,845.0,10.4,2755950,2755950,3300,2,2,20,0.2,181.4,very thin,2025-12-15,2026-10-01,2026-10-01
3082,987.0,11.2,,,,0,0,0,0.2,,unknown,2025-12-15,2026-09-04,2026-10-01
3083,1231.0,8.2,647523750,647523750,521850,2,2,8,0.2,0.77,thin,2025-12-15,2026-09-16,2026-10-01
3086,2630.5,661.1,2946558850,2946558850,1100900,19,19,24,0.2,0.17,adequate,2025-12-15,2026-10-01,2026-10-01
3087,3235.0,134.9,328608000,328608000,100800,19,19,24,0.2,1.5,thin,2025-12-15,2026-10-01,2026-10-01
3088,2448.5,992.1,4664102500,4664102500,1844700,19,19,24,0.2,0.11,adequate,2025-12-15,2026-10-01,2026-10-01
3089,1061.0,1.9,3501300,3501300,3300,1,1,0,0.2,142.8,very thin,2025-12-15,2026-09-15,2026-10-01
3091,2883.0,83.4,188496000,188496000,67200,19,19,24,0.2,2.7,very thin,2025-12-15,2026-10-01,2026-10-01
3092,1098.0,1000.7,2909892150,2909892150,2555900,19,19,24,0.2,0.17,adequate,2025-12-15,2026-10-01,2026-10-01
3093,1957.0,48.4,267898500,267898500,139700,2,2,15,0.2,1.9,thin,2025-10-16,2026-09-30,2026-10-01
3096,1601.0,14.8,9076400,9076400,5650,2,2,12,0.2,55.1,very thin,2025-12-15,2026-09-28,2026-10-01
3097,5490.0,200.4,888186000,888186000,162300,19,19,24,0.2,0.56,thin,2025-12-15,2026-10-01,2026-10-01
3099,1641.0,1160.0,6615401600,6615401600,2007100,19,19,24,0.2,0.08,deep,2025-12-15,2026-10-01,2026-10-01
3101,1665.0,148.1,676251400,676251400,407900,19,19,24,0.2,0.74,thin,2025-12-15,2026-10-01,2026-10-01
3103,1519.0,63.8,,,,0,0,0,0.2,,unknown,2025-12-15,2026-08-19,2026-10-01
3104,3490.0,123.2,,,,0,0,0,0.2,,unknown,2025-12-15,2026-08-25,2026-10-01
3105,2654.0,399.8,1783029550,1783029550,735900,19,19,24,0.2,0.28,adequate,2025-12-15,2026-10-01,2026-10-01
3106,2382.0,183.7,287528000,287528000,25400,19,19,24,0.2,1.7,thin,2025-12-15,2026-10-01,2026-10-01
3107,3704.0,322.1,1413591900,1413591900,380100,19,19,24,0.2,0.35,adequate,2025-12-15,2026-10-01,2026-10-01
3109,1064.0,13.1,,,,0,0,0,0.2,,unknown,2025-12-15,2026-09-03,2026-10-01
3110,3335.0,542.4,12735417000,12735417000,4467000,19,19,24,0.2,0.04,deep,2025-12-15,2026-10-01,2026-10-01
3111,180.0,1.2,756000,756000,4200,1,1,0,0.2,661.4,very thin,2025-12-15,2026-09-23,2026-10-01
3113,83.0,7.3,4506900,4506900,54300,1,1,0,0.2,110.9,very thin,2025-12-15,2026-09-08,2026-10-01
3116,2187.5,399.8,1150746350,1150746350,502500,19,19,24,0.2,0.43,adequate,2025-12-15,2026-10-01,2026-10-01
3121,257.0,6.8,10217700,10217700,39650,2,2,10,0.2,48.9,very thin,2026-04-14,2026-10-01,2026-10-01
3123,652.0,8.1,1470600,1470600,2250,2,2,23,0.2,340.0,very thin,2025-12-15,2026-10-01,2026-10-01
3131,6080.0,7.7,,,,0,0,0,0.2,,unknown,2025-12-15,2026-08-21,2026-10-01
3132,4199.0,765.5,3565962400,3565962400,872300,19,19,24,0.2,0.14,adequate,2025-12-15,2026-10-01,2026-10-01
3133,44.0,4.7,38449500,38449500,814650,2,2,24,0.2,13.0,very thin,2025-12-15,2026-10-01,2026-10-01
3134,305.0,4.9,12810000,12810000,42000,1,1,0,0.2,39.0,very thin,2026-01-26,2026-09-08,2026-10-01
3135,1135.0,5.7,,,,0,0,0,0.2,,unknown,2025-12-15,2026-09-02,2026-10-01
3137,215.0,2.6,3741000,3741000,17400,1,1,0,0.2,133.7,very thin,2025-12-15,2026-09-22,2026-10-01
3138,1141.0,3.7,2374650,2374650,2100,2,2,7,0.2,210.6,very thin,2025-12-15,2026-09-16,2026-10-01
3139,3480.0,34.2,77475000,77475000,22400,2,2,12,0.2,6.5,very thin,2025-12-15,2026-09-28,2026-10-01
3140,1019.0,15.3,5044050,5044050,4950,2,2,11,0.2,99.1,very thin,2025-12-15,2026-09-28,2026-10-01
3143,718.0,6.5,20175800,20175800,28100,1,1,0,0.2,24.8,very thin,2025-12-15,2026-09-08,2026-10-01
3148,3245.0,213.8,191318000,191318000,57800,19,19,24,0.2,2.6,very thin,2025-12-15,2026-10-01,2026-10-01
3150,2538.0,55.8,,,,0,0,0,0.2,,unknown,2025-11-07,2026-08-20,2026-10-01
3151,1565.0,67.7,111806550,111806550,70650,2,2,15,0.2,4.5,very thin,2026-01-26,2026-10-01,2026-10-01
3153,3190.0,63.9,434478000,434478000,136200,1,1,0,0.2,1.2,thin,2025-12-15,2026-09-28,2026-10-01
3154,779.0,17.6,13991600,13991600,17750,4,4,21,0.2,35.7,very thin,2025-12-15,2026-09-29,2026-10-01
3156,6280.0,124.1,938860000,938860000,149500,1,1,0,0.2,0.53,thin,2026-05-06,2026-09-25,2026-10-01
3157,1449.0,18.6,4636800,4636800,3200,1,1,0,0.2,107.8,very thin,2025-12-15,2026-10-01,2026-10-01
3159,403.0,37.5,24180000,24180000,60000,1,1,0,0.2,20.7,very thin,2026-04-21,2026-09-09,2026-10-01
3160,581.0,8.2,2784000,2784000,4800,3,3,23,0.2,179.6,very thin,2025-12-15,2026-10-01,2026-10-01
3161,665.0,3.8,3391500,3391500,5100,1,1,0,0.2,147.4,very thin,2026-04-17,2026-09-08,2026-10-01
3166,1450.0,19.1,2980750,2980750,2050,2,2,19,0.2,167.7,very thin,2025-12-15,2026-09-28,2026-10-01
3167,1342.0,163.9,877138800,877138800,632400,19,19,24,0.2,0.57,thin,2025-12-15,2026-10-01,2026-10-01
3168,1278.0,18.1,,,,0,0,0,0.2,,unknown,2025-12-15,2026-09-02,2026-10-01
3169,692.0,4.8,3252400,3252400,4700,1,1,0,0.2,153.7,very thin,2026-04-17,2026-10-01,2026-10-01
3172,1119.0,4.8,3021300,3021300,2700,1,1,0,0.2,165.5,very thin,2026-04-21,2026-09-09,2026-10-01
3173,1478.0,10.4,11298300,11298300,7800,2,2,8,0.2,44.3,very thin,2025-12-15,2026-10-01,2026-10-01
3174,402.0,,,,,0,0,0,0.2,,unknown,2025-12-15,2026-08-26,2026-10-01
3175,931.0,12.1,10063100,10063100,10300,3,3,23,0.2,49.7,very thin,2025-12-15,2026-10-01,2026-10-01
3176,1176.0,44.1,557383700,557383700,476600,2,2,3,0.2,0.9,thin,2025-12-15,2026-10-01,2026-10-01
3177,4200.0,3.8,4200000,4200000,1000,1,1,0,0.2,119.0,very thin,2025-12-15,2026-09-08,2026-10-01
3178,1203.0,22.0,21988000,21988000,18400,3,3,15,0.2,22.7,very thin,2026-04-20,2026-09-23,2026-10-01
3179,1133.0,24.0,114886450,114886450,101150,2,2,2,0.2,4.4,very thin,2025-12-15,2026-09-11,2026-10-01
3180,1648.0,17.6,59400000,59400000,36000,5,5,24,0.2,8.4,very thin,2026-04-21,2026-10-01,2026-10-01
3181,1051.0,3.8,3468300,3468300,3300,1,1,0,0.2,144.2,very thin,2025-12-15,2026-09-28,2026-10-01
3182,1651.0,56.2,122700000,122700000,75000,19,19,24,0.2,4.1,very thin,2026-04-17,2026-10-01,2026-10-01
3183,1244.0,,25875200,25875200,20800,1,1,0,0.2,19.3,very thin,2025-12-15,2026-09-29,2026-10-01
3184,4155.0,9.2,831000,831000,200,1,1,0,0.2,601.7,very thin,2025-12-15,2026-09-08,2026-10-01
3185,110.0,4.8,18555400,18555400,166850,4,4,22,0.2,26.9,very thin,2025-12-15,2026-10-01,2026-10-01
3186,2792.0,227.6,1641356200,1641356200,565400,19,19,24,0.2,0.3,adequate,2025-12-15,2026-10-01,2026-10-01
3187,409.0,6.5,51404200,51404200,127750,2,2,12,0.2,9.7,very thin,2025-12-15,2026-09-28,2026-10-01
3189,112.0,4.8,59472000,59472000,531000,1,1,0,0.2,8.4,very thin,2025-12-15,2026-09-07,2026-10-01
3190,577.0,4.1,,,,0,0,0,0.2,,unknown,2025-12-15,2026-08-13,2026-10-01
3191,2262.0,138.6,305197800,305197800,133800,19,19,24,0.2,1.6,thin,2025-12-15,2026-10-01,2026-10-01
3192,261.0,1.7,4676000,4676000,16700,3,3,9,0.2,106.9,very thin,2025-12-15,2026-09-18,2026-10-01
3193,1441.0,17.2,172055400,172055400,119400,1,1,0,0.2,2.9,very thin,2026-04-28,2026-09-08,2026-10-01
3195,447.0,4.4,32943900,32943900,73700,1,1,0,0.2,15.2,very thin,2026-04-17,2026-09-28,2026-10-01
3196,1647.0,42.3,96827200,96827200,58400,3,3,20,0.2,5.2,very thin,2025-12-15,2026-09-28,2026-10-01
3197,3170.0,721.1,2977339200,2977339200,897600,19,19,24,0.2,0.17,adequate,2025-12-15,2026-10-01,2026-10-01
3198,2225.0,52.1,,,,0,0,0,0.2,,unknown,2025-12-15,2026-07-03,2026-10-01
3199,1312.0,24.5,39918100,39918100,30550,2,2,7,0.2,12.5,very thin,2025-12-15,2026-09-18,2026-10-01
319A,12360.0,,,,,0,0,0,0.2,,unknown,2025-12-15,2026-04-09,2026-10-01
3201,1939.0,130.4,122815500,122815500,61500,19,19,24,0.2,4.1,very thin,2025-12-15,2026-10-01,2026-10-01
3202,129.0,3.8,5276100,5276100,40900,3,3,13,0.2,94.8,very thin,2025-12-15,2026-09-29,2026-10-01
3204,505.0,4.4,1650000,1650000,3300,3,3,20,0.2,303.0,very thin,2025-12-15,2026-09-28,2026-10-01
3205,747.0,20.5,,,,0,0,0,0.2,,unknown,2025-12-15,2026-08-25,2026-10-01
3221,3210.0,33.5,93522000,93522000,28600,3,3,14,0.2,5.3,very thin,2025-12-15,2026-09-21,2026-10-01
3222,813.0,172.1,319531000,319531000,375200,19,19,24,0.2,1.6,thin,2025-12-15,2026-10-01,2026-10-01
3223,962.0,1.4,2212600,2212600,2300,2,2,1,0.2,226.0,very thin,2025-12-15,2026-09-09,2026-10-01
3224,699.0,3.7,2097000,2097000,3000,1,1,0,0.2,238.4,very thin,2025-12-15,2026-09-08,2026-10-01
3226,114100.0,307.1,826160100,826160100,7161,2,2,19,0.2,0.61,thin,2025-12-15,2026-09-29,2026-10-01
3231,874.7,775.6,2915822000,2915822000,3204200,19,19,24,0.2,0.17,adequate,2025-12-15,2026-10-01,2026-10-01
3232,602.0,62.8,91985600,91985600,152800,1,1,0,0.2,5.4,very thin,2025-12-15,2026-09-17,2026-10-01
3234,128200.0,245.4,,,,0,0,0,0.2,,unknown,2026-04-27,2026-08-12,2026-10-01
3236,288.0,9.6,17452800,17452800,60600,1,1,0,0.2,28.6,very thin,2025-12-15,2026-09-07,2026-10-01
3237,89.0,3.4,41589700,41589700,467300,1,1,0,0.2,12.0,very thin,2025-12-15,2026-09-30,2026-10-01
3238,382.0,3.5,7459350,7459350,19500,2,2,12,0.2,67.0,very thin,2025-12-15,2026-09-28,2026-10-01
323A,466.0,,,,,0,0,0,0.2,,unknown,2025-12-15,2026-04-09,2026-10-01
3241,601.0,6.6,2704500,2704500,4500,1,1,0,0.2,184.9,very thin,2025-12-15,2026-09-30,2026-10-01
3242,522.0,19.0,21141000,21141000,40500,1,1,0,0.2,23.7,very thin,2025-12-15,2026-09-07,2026-10-01
3245,1075.0,51.1,396352500,396352500,368700,1,1,0,0.2,1.3,thin,2025-12-15,2026-09-10,2026-10-01
3246,694.0,6.8,2726300,2726300,3950,2,2,9,0.2,183.4,very thin,2026-04-22,2026-09-17,2026-10-01
3248,888.0,2.9,2496200,2496200,2800,2,2,10,0.2,200.3,very thin,2026-04-17,2026-09-28,2026-10-01
3249,130800.0,345.9,1223114400,1223114400,9252,3,3,23,0.2,0.41,adequate,2026-04-23,2026-10-01,2026-10-01
3252,2706.0,60.1,376675200,376675200,139200,3,3,21,0.2,1.3,thin,2025-12-15,2026-09-29,2026-10-01
325A,3630.0,,,,,0,0,0,0.2,,unknown,2025-12-15,2026-04-09,2026-10-01
3261,446.0,1.6,2641300,2641300,6050,2,2,21,0.2,189.3,very thin,2025-12-15,2026-09-29,2026-10-01
3266,80.0,3.0,3078000,3078000,38000,3,3,7,0.2,162.4,very thin,2025-12-15,2026-10-01,2026-10-01
3267,642.0,3.3,10528800,10528800,16400,1,1,0,0.2,47.5,very thin,2025-12-15,2026-09-08,2026-10-01
3269,141700.0,416.1,1078769850,1078769850,7552,2,2,18,0.2,0.46,adequate,2026-04-23,2026-09-28,2026-10-01
3271,1266.0,35.9,,,,0,0,0,0.2,,unknown,2025-12-15,2026-06-19,2026-10-01
3276,2246.0,37.6,427863000,427863000,190500,1,1,0,0.2,1.2,thin,2025-12-15,2026-09-08,2026-10-01
3277,814.0,13.4,9849400,9849400,12100,1,1,0,0.2,50.8,very thin,2025-12-15,2026-09-16,2026-10-01
3279,130000.0,334.4,558350000,558350000,4295,1,1,0,0.2,0.9,thin,2026-04-16,2026-09-23,2026-10-01
3280,935.0,6.0,6171000,6171000,6600,1,1,0,0.2,81.0,very thin,2025-11-07,2026-09-22,2026-10-01
3281,132300.0,646.7,1919143800,1919143800,14506,1,1,0,0.2,0.26,adequate,2025-12-15,2026-09-08,2026-10-01
3282,98000.0,,,,,0,0,0,0.2,,unknown,2026-04-22,2026-09-03,2026-10-01
3283,85700.0,719.0,,,,0,0,0,0.2,,unknown,2026-04-24,2026-09-04,2026-10-01
3284,1222.0,49.7,308188400,308188400,252200,3,3,23,0.2,1.6,thin,2025-12-15,2026-10-01,2026-10-01
3286,878.0,3.3,2202500,2202500,2500,3,3,20,0.2,227.0,very thin,2025-12-15,2026-09-28,2026-10-01
3287,241800.0,139.3,,,,0,0,0,0.2,,unknown,2026-04-27,2026-09-02,2026-10-01
3288,7451.0,841.2,1982915100,1982915100,258900,19,19,24,0.2,0.25,adequate,2025-12-15,2026-10-01,2026-10-01
3289,1229.5,915.4,3234504900,3234504900,2481400,19,19,24,0.2,0.15,adequate,2025-12-15,2026-10-01,2026-10-01
3290,73600.0,71.7,251491200,251491200,3417,1,1,0,0.2,2.0,thin,2025-12-15,2026-09-11,2026-10-01
3291,2165.0,626.2,1003475000,1003475000,445000,19,19,24,0.2,0.5,adequate,2025-12-15,2026-10-01,2026-10-01
3292,119600.0,259.0,,,,0,0,0,0.2,,unknown,2026-04-14,2026-08-18,2026-10-01
3293,769.0,6.2,922800,922800,1200,1,1,0,0.2,541.8,very thin,2025-12-15,2026-09-08,2026-10-01
3294,4850.0,29.3,,,,0,0,0,0.2,,unknown,2025-12-15,2026-05-14,2026-10-01
3295,145300.0,214.7,450398700,450398700,3080,2,2,20,0.2,1.1,thin,2025-12-15,2026-09-28,2026-10-01
3296,80700.0,150.1,400713500,400713500,4959,2,2,1,0.2,1.2,thin,2026-04-15,2026-09-09,2026-10-01
3297,1197.0,3.2,1173150,1173150,1000,6,6,17,0.2,426.2,very thin,2025-11-07,2026-10-01,2026-10-01
3299,1730.0,40.8,165237600,165237600,96800,3,3,7,0.2,3.0,very thin,2025-12-15,2026-09-25,2026-10-01
3300,1811.0,13.5,119707100,119707100,66100,1,1,0,0.2,4.2,very thin,2025-12-15,2026-09-08,2026-10-01
3302,3005.0,82.4,145596250,145596250,48250,4,4,23,0.2,3.4,very thin,2025-12-15,2026-10-01,2026-10-01
3306,794.0,2.6,40186000,40186000,52000,2,2,12,0.2,12.4,very thin,2025-12-15,2026-09-28,2026-10-01
3309,71700.0,317.6,953108100,953108100,13293,1,1,0,0.2,0.52,thin,2026-04-21,2026-09-08,2026-10-01
330A,624.0,,,,,0,0,0,0.2,,unknown,2025-12-15,2026-04-09,2026-10-01
3315,98.0,29.7,531737200,531737200,5369200,2,2,20,0.2,0.94,thin,2025-12-15,2026-09-28,2026-10-01
3317,1500.0,4.3,600000,600000,400,3,3,20,0.2,833.3,very thin,2025-12-15,2026-09-29,2026-10-01
331A,489.0,,,,,0,0,0,0.2,,unknown,2025-12-15,2026-04-09,2026-10-01
3320,1305.0,9.9,5220000,5220000,4000,1,1,0,0.2,95.8,very thin,2026-04-20,2026-10-01,2026-10-01
3321,1684.0,13.6,34976050,34976050,20950,2,2,6,0.2,14.3,very thin,2025-12-15,2026-09-16,2026-10-01
3323,93.0,7.4,18897600,18897600,203200,1,1,0,0.2,26.5,very thin,2025-12-15,2026-09-14,2026-10-01
3326,684.0,2.9,2083200,2083200,3200,3,3,16,0.2,240.0,very thin,2025-12-15,2026-09-24,2026-10-01
3329,2138.0,17.1,11016200,11016200,5150,2,2,14,0.2,45.4,very thin,2026-04-16,2026-10-01,2026-10-01
332A,1298.0,,,,,0,0,0,0.2,,unknown,2025-12-15,2026-04-09,2026-10-01
3333,1290.0,33.6,114810000,114810000,89000,1,1,0,0.2,4.4,very thin,2025-12-15,2026-09-11,2026-10-01
3349,6211.0,498.8,2721140800,2721140800,422800,19,19,24,0.2,0.18,adequate,2025-12-15,2026-10-01,2026-10-01
334A,1698.0,,,,,0,0,0,0.2,,unknown,2025-12-15,2026-04-09,2026-10-01
3350,330.0,281.9,,,,0,0,0,0.2,,unknown,2025-12-15,2026-08-25,2026-10-01
3352,1767.0,4.1,,,,0,0,0,0.2,,unknown,2025-12-15,2026-08-17,2026-10-01
3353,2784.0,10.8,4454400,4454400,1600,1,1,0,0.2,112.2,very thin,2025-12-15,2026-09-28,2026-10-01
3355,1838.0,36.2,41722600,41722600,22700,1,1,0,0.2,12.0,very thin,2025-12-15,2026-09-18,2026-10-01
3358,93.0,3.5,6742500,6742500,72500,1,1,0,0.2,74.2,very thin,2025-11-29,2026-09-28,2026-10-01
3359,520.0,5.6,13223100,13223100,25250,2,2,9,0.2,37.8,very thin,2025-12-15,2026-09-16,2026-10-01
335A,416.0,,,,,0,0,0,0.2,,unknown,2025-12-15,2026-04-09,2026-10-01
3360,2452.5,224.5,587886100,587886100,236600,19,19,24,0.2,0.85,thin,2025-12-15,2026-10-01,2026-10-01
3361,910.0,16.4,4368000,4368000,4800,1,1,0,0.2,114.5,very thin,2026-04-30,2026-09-30,2026-10-01
336A,700.0,,,,,0,0,0,0.2,,unknown,2025-12-15,2026-04-09,2026-10-01
3370,477.0,1.6,5676300,5676300,11900,1,1,0,0.2,88.1,very thin,2025-12-15,2026-09-28,2026-10-01
3371,2178.0,47.8,225131850,225131850,102850,2,2,2,0.2,2.2,thin,2025-12-15,2026-09-30,2026-10-01
3372,215.0,3.0,5719000,5719000,26600,1,1,0,0.2,87.4,very thin,2025-12-15,2026-10-01,2026-10-01
3374,3875.0,14.1,96298000,96298000,24400,2,2,7,0.2,5.2,very thin,2025-12-15,2026-09-15,2026-10-01
3375,1814.0,2.2,453500,453500,250,1,1,0,0.2,1102.5,very thin,2025-12-15,2026-09-16,2026-10-01
3377,391.0,5.7,1784800,1784800,4600,3,3,13,0.2,280.1,very thin,2025-11-29,2026-09-28,2026-10-01
3382,1999.5,4546.6,14632179050,14632179050,7213300,19,19,24,0.2,0.03,deep,2025-12-15,2026-10-01,2026-10-01
3386,1254.0,7.1,,,,0,0,0,0.2,,unknown,2025-12-15,2026-08-24,2026-10-01
3387,783.0,343.2,693727600,693727600,902500,19,19,24,0.2,0.72,thin,2025-12-15,2026-10-01,2026-10-01
3388,2121.0,26.4,62357400,62357400,29400,1,1,0,0.2,8.0,very thin,2025-12-15,2026-09-16,2026-10-01
338A,2518.0,,,,,0,0,0,0.2,,unknown,2025-12-15,2026-04-09,2026-10-01
3391,2096.0,981.9,3180863400,3180863400,1471600,19,19,24,0.2,0.16,adequate,2025-12-15,2026-10-01,2026-10-01
3392,798.0,13.7,,,,0,0,0,0.2,,unknown,2025-12-15,2026-08-25,2026-10-01
3393,3260.0,28.4,166586000,166586000,51100,1,1,0,0.2,3.0,very thin,2025-12-15,2026-09-23,2026-10-01
3395,2482.0,53.9,216235500,216235500,85300,19,19,24,0.2,2.3,thin,2025-12-15,2026-10-01,2026-10-01
3396,862.0,6.2,862000,862000,1000,1,1,0,0.2,580.0,very thin,2025-12-15,2026-09-16,2026-10-01
3397,4168.0,379.0,1459222800,1459222800,332100,19,19,24,0.2,0.34,adequate,2025-12-15,2026-10-01,2026-10-01
3399,3845.0,64.1,274050000,274050000,72500,3,3,23,0.2,1.8,thin,2026-04-20,2026-10-01,2026-10-01
339A,1351.0,,,,,0,0,0,0.2,,unknown,2025-12-15,2026-04-09,2026-10-01
3401,1662.0,329.5,1038183200,1038183200,625600,19,19,24,0.2,0.48,adequate,2025-12-15,2026-10-01,2026-10-01
3402,1231.5,1803.9,5177858400,5177858400,4223200,19,19,24,0.2,0.1,deep,2025-12-15,2026-10-01,2026-10-01
3405,1795.0,544.0,2307556800,2307556800,1299300,19,19,24,0.2,0.22,adequate,2025-12-15,2026-10-01,2026-10-01
3407,1649.5,2194.4,6779840000,6779840000,4237400,19,19,24,0.2,0.07,deep,2025-12-15,2026-10-01,2026-10-01
3409,85.0,2.8,3604000,3604000,42400,1,1,0,0.2,138.7,very thin,2026-05-20,2026-09-22,2026-10-01
340A,382.0,,,,,0,0,0,0.2,,unknown,2025-12-15,2026-04-09,2026-10-01
3415,356.0,15.7,109648000,109648000,308000,1,1,0,0.2,4.6,very thin,2026-04-20,2026-09-30,2026-10-01
3416,883.0,1.5,980800,980800,1100,2,2,8,0.2,509.8,very thin,2025-12-15,2026-09-24,2026-10-01
3417,1000.0,14.1,8100000,8100000,8100,1,1,0,0.2,61.7,very thin,2025-12-15,2026-09-14,2026-10-01
3418,1048.0,11.3,11947200,11947200,11400,1,1,0,0.2,41.9,very thin,2026-04-30,2026-09-08,2026-10-01
341A,2076.0,,,,,0,0,0,0.2,,unknown,2025-12-15,2026-04-09,2026-10-01
3420,1570.0,12.1,2582900,2582900,1650,2,2,5,0.2,193.6,very thin,2025-12-15,2026-09-28,2026-10-01
3421,1621.0,25.5,58842300,58842300,36300,1,1,0,0.2,8.5,very thin,2026-04-17,2026-09-18,2026-10-01
3422,669.0,7.2,25488900,25488900,38100,1,1,0,0.2,19.6,very thin,2025-12-15,2026-09-30,2026-10-01
3423,273.0,8.1,1283100,1283100,4700,1,1,0,0.2,389.7,very thin,2025-12-15,2026-09-14,2026-10-01
3426,1301.0,5.2,,,,0,0,0,0.2,,unknown,2025-12-15,2026-09-01,2026-10-01
3431,1508.0,40.3,101990000,101990000,65800,19,19,24,0.2,4.9,very thin,2025-12-15,2026-10-01,2026-10-01
3433,2955.0,173.5,492135800,492135800,173800,19,19,24,0.2,1.0,thin,2025-12-15,2026-10-01,2026-10-01
3434,1249.0,12.0,3871900,3871900,3100,3,3,8,0.2,129.1,very thin,2025-12-15,2026-09-16,2026-10-01
3435,1543.0,11.9,3073900,3073900,2000,2,2,7,0.2,162.7,very thin,2025-12-15,2026-09-22,2026-10-01
3436,3472.0,1090.1,32073484400,32073484400,10592300,19,19,24,0.2,0.02,deep,2025-12-15,2026-10-01,2026-10-01
3437,2624.0,4.3,1968000,1968000,750,1,1,0,0.2,254.1,very thin,2025-11-07,2026-09-30,2026-10-01
3439,677.0,3.1,389650,389650,575,2,2,21,0.2,1283.2,very thin,2025-12-15,2026-09-28,2026-10-01
343A,1274.0,,,,,0,0,0,0.2,,unknown,2025-12-15,2026-04-09,2026-10-01
3440,862.0,5.8,7240800,7240800,8400,1,1,0,0.2,69.1,very thin,2025-12-15,2026-09-08,2026-10-01
3441,2775.0,12.1,111000000,111000000,40000,1,1,0,0.2,4.5,very thin,2026-05-01,2026-09-08,2026-10-01
3443,1381.0,71.8,,,,0,0,0,0.2,,unknown,2025-12-15,2026-08-19,2026-10-01
3444,1064.0,12.1,393467200,393467200,369800,1,1,0,0.2,1.3,thin,2026-04-17,2026-09-28,2026-10-01
3445,6320.0,162.8,1103624000,1103624000,194300,19,19,24,0.2,0.45,adequate,2025-12-15,2026-10-01,2026-10-01
3446,1620.0,9.6,,,,0,0,0,0.2,,unknown,2025-12-15,2026-09-04,2026-10-01
3447,1014.0,13.7,27935450,27935450,27700,4,4,17,0.2,17.9,very thin,2025-12-15,2026-09-25,2026-10-01
3448,3500.0,4.2,,,,0,0,0,0.2,,unknown,2026-03-12,2026-07-06,2026-10-01
3449,4060.0,89.1,500598000,500598000,123300,1,1,0,0.2,1.0,thin,2025-12-15,2026-09-09,2026-10-01
3450,1160.0,0.4,,,,0,0,0,0.2,,unknown,2026-04-27,2026-06-23,2026-10-01
3451,132200.0,48.6,,,,0,0,0,0.2,,unknown,2026-05-12,2026-08-24,2026-10-01
3452,1490.0,27.9,,,,0,0,0,0.2,,unknown,2025-12-15,2026-08-26,2026-10-01
3454,1274.0,17.6,5078150,5078150,4000,2,2,6,0.2,98.5,very thin,2026-04-14,2026-09-28,2026-10-01
3455,96900.0,34.4,294287000,294287000,3044,2,2,8,0.2,1.7,thin,2026-05-14,2026-09-24,2026-10-01
3457,871.0,18.4,63362500,63362500,68500,3,3,23,0.2,7.9,very thin,2025-12-15,2026-10-01,2026-10-01
3459,83600.0,75.9,224048000,224048000,2680,3,3,15,0.2,2.2,thin,2026-01-26,2026-10-01,2026-10-01
3461,634.0,4.0,6340000,6340000,10000,1,1,0,0.2,78.9,very thin,2025-12-15,2026-09-28,2026-10-01
3462,143500.0,696.0,1006222000,1006222000,7012,1,1,0,0.2,0.5,adequate,2025-12-15,2026-09-08,2026-10-01
3463,108000.0,40.1,95534100,95534100,863,3,3,19,0.2,5.2,very thin,2026-05-11,2026-09-30,2026-10-01
3465,3140.0,102.0,411216000,411216000,124800,19,19,24,0.2,1.2,thin,2025-12-15,2026-10-01,2026-10-01
3466,138900.0,258.4,614470400,614470400,4365,2,2,8,0.2,0.81,thin,2025-12-15,2026-09-22,2026-10-01
3467,2790.0,16.7,12160400,12160400,4300,3,3,6,0.2,41.1,very thin,2025-12-15,2026-10-01,2026-10-01
3468,54500.0,146.4,720185400,720185400,13378,2,2,7,0.2,0.69,thin,2026-01-26,2026-09-18,2026-10-01
3469,889.0,3.9,2578100,2578100,2900,1,1,0,0.2,193.9,very thin,2025-12-15,2026-09-28,2026-10-01
3470,95800.0,27.8,138910000,138910000,1450,1,1,0,0.2,3.6,very thin,2026-04-28,2026-10-01,2026-10-01
3471,106100.0,341.6,,,,0,0,0,0.2,,unknown,2026-01-26,2026-08-07,2026-10-01
3472,65700.0,28.4,,,,0,0,0,0.2,,unknown,2026-04-20,2026-09-04,2026-10-01
3474,594.0,3.6,1204500,1204500,2000,2,2,20,0.2,415.1,very thin,2025-12-15,2026-09-28,2026-10-01
3475,1485.0,40.6,214231050,214231050,146050,2,2,14,0.2,2.3,thin,2026-04-14,2026-09-22,2026-10-01
3476,41500.0,77.2,309315375,309315375,7431,2,2,7,0.2,1.6,thin,2026-04-28,2026-09-22,2026-10-01
3477,918.0,3.7,4473350,4473350,4875,2,2,4,0.2,111.8,very thin,2025-12-15,2026-09-28,2026-10-01
3479,1905.0,69.0,69923250,69923250,36750,2,2,7,0.2,7.2,very thin,2025-12-15,2026-09-21,2026-10-01
3480,8940.0,189.2,,,,0,0,0,0.2,,unknown,2026-05-06,2026-08-25,2026-10-01
3481,111800.0,166.0,426628800,426628800,3816,1,1,0,0.2,1.2,thin,2025-12-15,2026-09-11,2026-10-01
3482,2537.0,43.9,213742800,213742800,84900,2,2,19,0.2,2.3,thin,2025-12-15,2026-09-29,2026-10-01
3483,1500.0,0.7,,,,0,0,0,0.2,,unknown,2026-04-14,2026-07-22,2026-10-01
3484,1157.0,18.7,5090800,5090800,4400,1,1,0,0.2,98.2,very thin,2025-12-15,2026-09-08,2026-10-01
3486,2041.0,,111742950,111742950,56200,2,2,9,0.2,4.5,very thin,2025-12-15,2026-09-17,2026-10-01
3487,136500.0,82.9,306988500,306988500,2249,1,1,0,0.2,1.6,thin,2026-01-26,2026-09-15,2026-10-01
3488,104600.0,25.8,92277800,92277800,878,3,3,7,0.2,5.4,very thin,2025-12-15,2026-09-30,2026-10-01
3489,778.0,,29719600,29719600,38200,3,3,20,0.2,16.8,very thin,2025-12-15,2026-09-28,2026-10-01
3490,3050.0,4.3,1366500,1366500,450,2,2,1,0.2,365.9,very thin,2025-12-15,2026-09-17,2026-10-01
3491,1315.0,65.1,317804350,317804350,226750,2,2,8,0.2,1.6,thin,2026-04-17,2026-09-16,2026-10-01
3492,79900.0,74.9,485072900,485072900,6071,1,1,0,0.2,1.0,thin,2025-12-15,2026-09-21,2026-10-01
3494,415.0,3.5,2188800,2188800,4800,3,3,23,0.2,228.4,very thin,2025-12-15,2026-10-01,2026-10-01
3495,2280.0,,1596000,1596000,700,2,2,2,0.2,313.3,very thin,2025-12-15,2026-09-09,2026-10-01
3496,4485.0,51.8,,,,0,0,0,0.2,,unknown,2025-12-15,2026-07-20,2026-10-01
3498,7550.0,185.3,1423440000,1423440000,197700,19,19,24,0.2,0.35,adequate,2025-12-15,2026-10-01,2026-10-01
3501,1180.0,14.8,15340000,15340000,13000,1,1,0,0.2,32.6,very thin,2025-12-15,2026-09-16,2026-10-01
3512,1046.0,17.2,30124800,30124800,28800,1,1,0,0.2,16.6,very thin,2025-12-15,2026-09-28,2026-10-01
3513,3765.0,14.3,11539750,11539750,3100,2,2,1,0.2,43.3,very thin,2025-12-15,2026-09-17,2026-10-01
3521,156.0,4.1,2151850,2151850,13750,2,2,6,0.2,232.4,very thin,2025-12-15,2026-09-14,2026-10-01
3524,1480.0,3.8,2666850,2666850,1800,2,2,6,0.2,187.5,very thin,2026-04-16,2026-09-30,2026-10-01
3529,1045.0,15.7,55280500,55280500,52900,1,1,0,0.2,9.0,very thin,2025-12-15,2026-09-15,2026-10-01
352A,519.0,,,,,0,0,0,0.2,,unknown,2025-12-15,2026-04-09,2026-10-01
3536,127.0,3.9,2349500,2349500,18500,1,1,0,0.2,212.8,very thin,2025-12-15,2026-09-08,2026-10-01
3537,1735.0,5.9,,,,0,0,0,0.2,,unknown,2025-12-15,2026-08-24,2026-10-01
3538,1020.0,9.3,7192600,7192600,7100,2,2,23,0.2,69.5,very thin,2025-12-15,2026-10-01,2026-10-01
3539,1351.0,75.6,199137400,199137400,147400,1,1,0,0.2,2.5,very thin,2026-05-01,2026-09-08,2026-10-01
3541,762.0,,,,,0,0,0,0.2,,unknown,2025-12-15,2026-04-15,2026-10-01
3542,1506.0,16.0,12801000,12801000,8500,1,1,0,0.2,39.1,very thin,2025-12-15,2026-09-18,2026-10-01
3543,2830.0,129.4,541593500,541593500,189700,19,19,24,0.2,0.92,thin,2025-12-15,2026-10-01,2026-10-01
3544,1247.0,17.2,12664650,12664650,10150,2,2,23,0.2,39.5,very thin,2025-12-15,2026-10-01,2026-10-01
3546,1455.0,,,,,0,0,0,0.2,,unknown,2025-12-15,2026-06-30,2026-10-01
3547,1874.0,16.1,46287800,46287800,24700,1,1,0,0.2,10.8,very thin,2025-11-07,2026-09-09,2026-10-01
3548,670.0,26.3,86631000,86631000,129300,3,3,13,0.2,5.8,very thin,2025-12-15,2026-09-21,2026-10-01
3549,3711.0,374.9,995200000,995200000,248800,19,19,24,0.2,0.5,thin,2025-12-15,2026-10-01,2026-10-01
3550,216.0,3.0,3477600,3477600,16100,1,1,0,0.2,143.8,very thin,2025-12-15,2026-09-17,2026-10-01
3551,1559.0,12.9,25723500,25723500,16500,1,1,0,0.2,19.4,very thin,2025-12-15,2026-09-08,2026-10-01
3553,931.0,,33372700,33372700,35900,2,2,8,0.2,15.0,very thin,2025-12-15,2026-09-16,2026-10-01
3556,804.0,12.8,36823200,36823200,45800,1,1,0,0.2,13.6,very thin,2025-12-15,2026-09-07,2026-10-01
3557,501.0,2.8,2730150,2730150,5400,2,2,22,0.2,183.1,very thin,2025-12-15,2026-09-30,2026-10-01
3558,1904.0,17.1,184878400,184878400,97100,1,1,0,0.2,2.7,very thin,2025-12-15,2026-09-15,2026-10-01
3559,463.0,2.1,2453900,2453900,5300,1,1,0,0.2,203.8,very thin,2026-04-30,2026-09-16,2026-10-01
3560,5130.0,10.0,10260000,10260000,2000,1,1,0,0.2,48.7,very thin,2025-12-15,2026-10-01,2026-10-01
3561,1482.0,44.6,121623100,121623100,81050,2,2,3,0.2,4.1,very thin,2025-10-16,2026-09-11,2026-10-01
3562,1590.0,10.3,17275950,17275950,10950,2,2,20,0.2,28.9,very thin,2025-12-15,2026-09-28,2026-10-01
3563,5088.0,1118.2,14976563000,14976563000,3090500,19,19,24,0.2,0.03,deep,2025-12-15,2026-10-01,2026-10-01
3565,521.0,18.0,95585700,95585700,197900,3,3,16,0.2,5.2,very thin,2026-04-30,2026-09-23,2026-10-01
3566,768.0,7.8,,,,0,0,0,0.2,,unknown,2025-12-15,2026-09-03,2026-10-01
3569,3300.0,194.6,469984500,469984500,144800,19,19,24,0.2,1.1,thin,2025-12-15,2026-10-01,2026-10-01
3571,723.0,8.7,2960200,2960200,4100,3,3,12,0.2,168.9,very thin,2025-12-15,2026-09-23,2026-10-01
3577,959.0,,,,,0,0,0,0.2,,unknown,2025-12-15,2026-08-18,2026-10-01
3580,745.0,27.6,39797050,39797050,53050,4,4,22,0.2,12.6,very thin,2025-12-15,2026-09-30,2026-10-01
3583,1365.0,3.5,813750,813750,600,2,2,8,0.2,614.4,very thin,2025-12-15,2026-09-16,2026-10-01
3591,3709.0,196.2,449510000,449510000,113800,19,19,24,0.2,1.1,thin,2025-12-15,2026-10-01,2026-10-01
3593,6660.0,,,,,0,0,0,0.2,,unknown,2025-12-15,2026-05-21,2026-10-01
3597,9040.0,25.9,9040000,9040000,1000,1,1,0,0.2,55.3,very thin,2025-12-15,2026-09-24,2026-10-01
3598,167.0,2.3,1469600,1469600,8800,1,1,0,0.2,340.2,very thin,2025-12-15,2026-09-16,2026-10-01
3600,1750.0,2.4,522000,522000,300,2,2,13,0.2,957.9,very thin,2025-12-15,2026-09-21,2026-10-01
3607,368.0,3.5,6144700,6144700,16900,2,2,2,0.2,81.4,very thin,2025-12-15,2026-09-16,2026-10-01
3608,1207.0,71.0,221106800,221106800,178600,19,19,24,0.2,2.3,thin,2025-12-15,2026-10-01,2026-10-01
3611,2413.0,26.4,74320400,74320400,30800,1,1,0,0.2,6.7,very thin,2025-12-15,2026-09-08,2026-10-01
3612,1563.0,122.5,376910600,376910600,241300,19,19,24,0.2,1.3,thin,2025-12-15,2026-10-01,2026-10-01
3622,491.0,3.5,883800,883800,1800,3,3,20,0.2,565.7,very thin,2025-12-15,2026-09-29,2026-10-01
3623,1275.0,6.3,14025000,14025000,11000,1,1,0,0.2,35.7,very thin,2025-12-15,2026-09-28,2026-10-01
3624,86.0,1.4,39746700,39746700,464900,2,2,2,0.2,12.6,very thin,2025-12-15,2026-09-10,2026-10-01
3625,680.0,5.1,4284000,4284000,6300,1,1,0,0.2,116.7,very thin,2025-12-15,2026-09-24,2026-10-01
3626,3948.0,842.5,3444010500,3444010500,888200,19,19,24,0.2,0.15,adequate,2025-12-15,2026-10-01,2026-10-01
3627,265.0,3.2,2761050,2761050,10400,2,2,8,0.2,181.1,very thin,2025-12-15,2026-09-16,2026-10-01
3628,642.0,8.2,,,,0,0,0,0.2,,unknown,2025-12-15,2026-09-04,2026-10-01
3632,414.0,71.8,226126800,226126800,546200,1,1,0,0.2,2.2,thin,2025-12-15,2026-09-07,2026-10-01
3633,2699.0,12.7,56085900,56085900,21700,2,2,20,0.2,8.9,very thin,2026-04-30,2026-10-01,2026-10-01
3634,599.0,1.4,916300,916300,1550,4,4,20,0.2,545.7,very thin,2025-12-15,2026-09-28,2026-10-01
3635,1653.5,558.5,1286808600,1286808600,761200,19,19,24,0.2,0.39,adequate,2025-12-15,2026-10-01,2026-10-01
3636,4840.0,78.2,190791000,190791000,38700,19,19,24,0.2,2.6,very thin,2025-12-15,2026-10-01,2026-10-01
3639,226.0,1.4,,,,0,0,0,0.2,,unknown,2025-12-15,2026-08-27,2026-10-01
3640,2822.0,15.6,17177100,17177100,6150,2,2,16,0.2,29.1,very thin,2025-12-15,2026-09-24,2026-10-01
3641,964.0,8.4,,,,0,0,0,0.2,,unknown,2025-12-15,2026-08-13,2026-10-01
3645,244.0,2.3,,,,0,0,0,0.2,,unknown,2025-12-15,2026-08-27,2026-10-01
3646,353.0,1.5,2118000,2118000,6000,1,1,0,0.2,236.1,very thin,2025-12-15,2026-09-16,2026-10-01
3647,118.0,2.4,11127400,11127400,94300,1,1,0,0.2,44.9,very thin,2025-12-15,2026-09-09,2026-10-01
3648,1062.0,18.9,6690600,6690600,6300,1,1,0,0.2,74.7,very thin,2025-12-15,2026-09-09,2026-10-01
3649,847.0,20.8,37776200,37776200,44600,1,1,0,0.2,13.2,very thin,2025-12-15,2026-09-30,2026-10-01
3652,2964.0,7.9,103387350,103387350,37650,2,2,6,0.2,4.8,very thin,2025-12-15,2026-09-17,2026-10-01
3653,717.0,3.9,,,,0,0,0,0.2,,unknown,2026-04-27,2026-08-19,2026-10-01
3656,182.0,16.6,265246800,265246800,1457400,1,1,0,0.2,1.9,thin,2025-12-15,2026-09-25,2026-10-01
3657,351.0,13.7,156053600,156053600,402200,3,3,13,0.2,3.2,very thin,2026-04-27,2026-10-01,2026-10-01
3659,2656.5,2427.0,9958068400,9958068400,3163300,19,19,24,0.2,0.05,deep,2025-12-15,2026-10-01,2026-10-01
365A,693.0,,,,,0,0,0,0.2,,unknown,2025-12-15,2026-04-09,2026-10-01
3660,496.0,47.0,445485000,445485000,918500,19,19,24,0.2,1.1,thin,2025-12-15,2026-10-01,2026-10-01
3661,821.0,56.0,320682600,320682600,390600,19,19,24,0.2,1.6,thin,2025-12-15,2026-10-01,2026-10-01
3662,934.0,18.4,63418600,63418600,67900,1,1,0,0.2,7.9,very thin,2026-04-22,2026-09-28,2026-10-01
3663,1768.0,53.7,359788000,359788000,203500,1,1,0,0.2,1.4,thin,2025-12-15,2026-09-08,2026-10-01
3664,22.0,1.9,990950400,990950400,42019950,2,2,6,0.2,0.5,thin,2026-05-08,2026-09-16,2026-10-01
3665,408.0,15.9,63525600,63525600,155700,1,1,0,0.2,7.9,very thin,2026-06-04,2026-09-15,2026-10-01
3667,28.0,1.4,3374000,3374000,120500,3,3,23,0.2,148.2,very thin,2025-12-15,2026-10-01,2026-10-01
3668,424.0,58.1,225229400,225229400,496100,19,19,24,0.2,2.2,thin,2025-12-15,2026-10-01,2026-10-01
366A,1043.0,,,,,0,0,0,0.2,,unknown,2025-12-15,2026-04-09,2026-10-01
3670,1735.0,2.1,,,,0,0,0,0.2,,unknown,2025-12-15,2026-09-04,2026-10-01
3671,309.0,7.4,2224800,2224800,7200,1,1,0,0.2,224.7,very thin,2025-12-15,2026-09-15,2026-10-01
3672,28.0,2.3,3401400,3401400,118950,2,2,8,0.2,147.0,very thin,2025-11-29,2026-09-16,2026-10-01
3673,471.0,86.4,309928800,309928800,635100,19,19,24,0.2,1.6,thin,2025-12-15,2026-10-01,2026-10-01
3674,335.0,3.4,1172500,1172500,3500,1,1,0,0.2,426.4,very thin,2025-12-15,2026-09-14,2026-10-01
3675,596.0,,9329000,9329000,15600,2,2,1,0.2,53.6,very thin,2025-12-15,2026-09-09,2026-10-01
3676,1058.0,23.6,,,,0,0,0,0.2,,unknown,2025-12-15,2026-09-04,2026-10-01
3678,1242.0,20.4,29619100,29619100,23800,2,2,2,0.2,16.9,very thin,2025-12-15,2026-09-16,2026-10-01
3679,431.0,41.5,201281500,201281500,458500,3,3,23,0.2,2.5,thin,2025-12-15,2026-10-01,2026-10-01
367A,2463.0,,,,,0,0,0,0.2,,unknown,2025-12-15,2026-04-09,2026-10-01
3680,205.0,3.3,5371000,5371000,26200,1,1,0,0.2,93.1,very thin,2025-12-15,2026-09-28,2026-10-01
3681,9.0,,,,,0,0,0,0.2,,unknown,2025-12-15,2026-06-30,2026-10-01
3682,572.0,4.1,2059200,2059200,3600,1,1,0,0.2,242.8,very thin,2025-12-15,2026-09-10,2026-10-01
3683,1110.0,11.9,17538000,17538000,15800,1,1,0,0.2,28.5,very thin,2025-12-15,2026-09-08,2026-10-01
3686,61.0,2.6,7240700,7240700,118700,1,1,0,0.2,69.1,very thin,2025-12-15,2026-09-08,2026-10-01
3687,2235.0,72.4,1468171500,1468171500,656900,1,1,0,0.2,0.34,adequate,2025-12-15,2026-09-08,2026-10-01
368A,1340.0,,,,,0,0,0,0.2,,unknown,2025-12-15,2026-04-09,2026-10-01
3690,569.0,3.5,8264400,8264400,14200,2,2,3,0.2,60.5,very thin,2025-12-15,2026-09-11,2026-10-01
3691,1882.0,8.3,29547400,29547400,15700,3,3,20,0.2,16.9,very thin,2025-12-15,2026-09-28,2026-10-01
3692,7420.0,39.4,2627422000,2627422000,354100,1,1,0,0.2,0.19,adequate,2025-12-15,2026-09-16,2026-10-01
3694,487.0,26.3,102489600,102489600,217600,3,3,8,0.2,4.9,very thin,2025-12-15,2026-09-24,2026-10-01
3695,1433.0,7.4,,,,0,0,0,0.2,,unknown,2025-12-15,2026-08-26,2026-10-01
3696,2217.0,23.8,176916600,176916600,79800,1,1,0,0.2,2.8,very thin,2025-12-15,2026-09-25,2026-10-01
3697,861.6,223.6,3349853997,3349853997,3801900,19,19,24,0.2,0.15,adequate,2025-12-15,2026-10-01,2026-10-01
3698,1231.0,5.8,4536200,4536200,3700,3,3,16,0.2,110.2,very thin,2025-12-15,2026-10-01,2026-10-01
369A,2452.0,,,,,0,0,0,0.2,,unknown,2025-12-15,2026-04-09,2026-10-01
3708,2216.0,71.4,97879800,97879800,44400,2,2,5,0.2,5.1,very thin,2025-12-15,2026-09-21,2026-10-01
3710,647.0,3.1,2711400,2711400,4200,2,2,5,0.2,184.4,very thin,2025-12-15,2026-09-28,2026-10-01
3712,1091.0,14.9,6764200,6764200,6200,1,1,0,0.2,73.9,very thin,2025-12-15,2026-09-08,2026-10-01
3719,119.0,3.4,25599600,25599600,218800,3,3,22,0.2,19.5,very thin,2025-12-15,2026-10-01,2026-10-01
3723,2590.0,27.6,40817000,40817000,15150,4,4,24,0.2,12.2,very thin,2025-12-15,2026-10-01,2026-10-01
3726,338.0,5.2,11106700,11106700,30900,2,2,7,0.2,45.0,very thin,2025-12-15,2026-09-29,2026-10-01
3727,166.0,6.4,6814500,6814500,41300,3,3,21,0.2,73.4,very thin,2025-12-15,2026-10-01,2026-10-01
372A,5740.0,,,,,0,0,0,0.2,,unknown,2025-12-15,2026-04-09,2026-10-01
3733,11910.0,56.1,51213000,51213000,4300,1,1,0,0.2,9.8,very thin,2026-04-30,2026-09-14,2026-10-01
373A,1556.0,,,,,0,0,0,0.2,,unknown,2025-12-15,2026-04-09,2026-10-01
3741,3275.0,32.9,172041750,172041750,52950,2,2,10,0.2,2.9,very thin,2025-12-15,2026-09-28,2026-10-01
3744,456.0,4.0,3967200,3967200,8700,1,1,0,0.2,126.0,very thin,2025-12-15,2026-09-08,2026-10-01
3747,423.0,2.7,12013200,12013200,28400,1,1,0,0.2,41.6,very thin,2025-12-15,2026-09-08,2026-10-01
3750,845.0,7.0,3993600,3993600,4800,3,3,15,0.2,125.2,very thin,2025-12-15,2026-09-23,2026-10-01
3753,218.0,,19942000,19942000,90900,2,2,22,0.2,25.1,very thin,2025-12-15,2026-09-30,2026-10-01
3758,246.0,4.6,,,,0,0,0,0.2,,unknown,2026-04-22,2026-08-26,2026-10-01
3760,736.0,4.4,,,,0,0,0,0.2,,unknown,2025-12-15,2026-08-20,2026-10-01
3762,2504.0,101.4,620736000,620736000,244000,19,19,24,0.2,0.81,thin,2025-12-15,2026-10-01,2026-10-01
3763,2090.0,43.0,111606000,111606000,53400,1,1,0,0.2,4.5,very thin,2025-12-15,2026-09-28,2026-10-01
3765,2421.0,130.3,510720000,510720000,201600,19,19,24,0.2,0.98,thin,2025-12-15,2026-10-01,2026-10-01
3766,1525.0,5.2,5947500,5947500,3900,3,3,7,0.2,84.1,very thin,2025-12-15,2026-09-21,2026-10-01
3768,556.0,4.2,1735950,1735950,3100,2,2,13,0.2,288.0,very thin,2025-12-15,2026-09-30,2026-10-01
3769,8601.0,690.1,2580869600,2580869600,295700,19,19,24,0.2,0.19,adequate,2025-12-15,2026-10-01,2026-10-01
3771,1877.0,29.9,286849750,286849750,152450,2,2,2,0.2,1.7,thin,2025-12-15,2026-10-01,2026-10-01
3772,1112.0,21.3,19571200,19571200,17600,1,1,0,0.2,25.5,very thin,2025-12-15,2026-09-18,2026-10-01
3773,1082.0,15.8,34840400,34840400,32200,1,1,0,0.2,14.4,very thin,2025-12-15,2026-09-23,2026-10-01
3774,3453.0,614.5,1400796000,1400796000,419400,19,19,24,0.2,0.36,adequate,2025-12-15,2026-10-01,2026-10-01
3776,254.0,14.8,30200600,30200600,118900,3,3,20,0.2,16.6,very thin,2025-12-15,2026-09-28,2026-10-01
3777,46.0,14.6,69425100,69425100,1553150,2,2,13,0.2,7.2,very thin,2025-12-15,2026-09-29,2026-10-01
3778,4000.0,150.1,2364300000,2364300000,642300,19,19,24,0.2,0.21,adequate,2025-12-15,2026-10-01,2026-10-01
3779,129.0,1.5,2347800,2347800,18200,1,1,0,0.2,213.0,very thin,2025-12-15,2026-09-08,2026-10-01
3787,373.0,0.7,,,,0,0,0,0.2,,unknown,2025-12-15,2026-09-03,2026-10-01
3788,1991.0,22.8,68371800,68371800,34800,2,2,21,0.2,7.3,very thin,2025-12-15,2026-09-29,2026-10-01
378A,2427.0,,,,,0,0,0,0.2,,unknown,2025-12-15,2026-04-09,2026-10-01
3791,1050.0,28.6,70560000,70560000,67200,3,3,15,0.2,7.1,very thin,2025-12-15,2026-09-23,2026-10-01
3793,496.0,14.2,,,,0,0,0,0.2,,unknown,2025-12-15,2026-09-04,2026-10-01
3796,338.0,4.0,8247200,8247200,24400,1,1,0,0.2,60.6,very thin,2025-12-15,2026-09-25,2026-10-01
3798,534.0,30.9,110377800,110377800,206700,1,1,0,0.2,4.5,very thin,2025-12-15,2026-09-08,2026-10-01
3799,1156.0,9.6,4475900,4475900,3900,2,2,16,0.2,111.7,very thin,2025-12-15,2026-09-24,2026-10-01
3800,1975.0,14.0,1777500,1777500,900,3,3,7,0.2,281.3,very thin,2025-12-15,2026-09-17,2026-10-01
3802,491.0,1.7,,,,0,0,0,0.2,,unknown,2025-12-15,2026-08-06,2026-10-01
3803,724.0,2.4,6015350,6015350,10050,4,4,15,0.2,83.1,very thin,2025-12-15,2026-10-01,2026-10-01
3804,452.0,8.5,2892800,2892800,6400,1,1,0,0.2,172.8,very thin,2026-04-20,2026-10-01,2026-10-01
3807,92.0,4.0,25520800,25520800,277400,3,3,15,0.2,19.6,very thin,2025-12-15,2026-09-25,2026-10-01
3810,185.0,14.7,71039100,71039100,385800,2,2,2,0.2,7.0,very thin,2025-12-15,2026-09-16,2026-10-01
3815,428.0,,2829050,2829050,6600,2,2,1,0.2,176.7,very thin,2025-12-15,2026-09-09,2026-10-01
3816,1116.0,4.3,883200,883200,800,3,3,23,0.2,566.1,very thin,2026-04-23,2026-10-01,2026-10-01
3817,4775.0,56.2,136565000,136565000,28600,3,3,14,0.2,3.7,very thin,2025-12-15,2026-09-22,2026-10-01
3823,42.0,4.3,5737600,5737600,179300,3,3,20,0.2,87.1,very thin,2025-12-15,2026-09-28,2026-10-01
3825,265.0,29.9,,,,0,0,0,0.2,,unknown,2025-12-15,2026-08-31,2026-10-01
3826,504.0,5.5,5296500,5296500,10700,3,3,8,0.2,94.4,very thin,2025-12-15,2026-09-16,2026-10-01
3834,606.0,16.0,31390800,31390800,51800,1,1,0,0.2,15.9,very thin,2025-12-15,2026-09-10,2026-10-01
3835,437.0,19.2,,,,0,0,0,0.2,,unknown,2025-12-15,2026-09-04,2026-10-01
3836,1216.0,39.6,86092800,86092800,70800,1,1,0,0.2,5.8,very thin,2025-12-15,2026-09-16,2026-10-01
3837,1330.0,23.3,87481800,87481800,65850,2,2,2,0.2,5.7,very thin,2025-12-15,2026-10-01,2026-10-01
3839,633.0,5.2,4948800,4948800,7850,2,2,7,0.2,101.0,very thin,2025-12-15,2026-09-28,2026-10-01
3840,62.0,4.9,11006900,11006900,174600,2,2,3,0.2,45.4,very thin,2025-10-16,2026-10-01,2026-10-01
3841,1396.0,5.4,,,,0,0,0,0.2,,unknown,2025-12-15,2026-09-04,2026-10-01
3842,1256.0,3.1,18965600,18965600,15100,1,1,0,0.2,26.4,very thin,2025-12-15,2026-09-28,2026-10-01
3843,1779.0,34.2,,,,0,0,0,0.2,,unknown,2026-05-05,2026-08-25,2026-10-01
3844,1286.0,42.3,283430400,283430400,212300,19,19,24,0.2,1.8,thin,2025-12-15,2026-10-01,2026-10-01
3845,330.0,5.4,13662000,13662000,41400,1,1,0,0.2,36.6,very thin,2025-10-16,2026-10-01,2026-10-01
3848,851.0,5.0,2343600,2343600,2800,3,3,15,0.2,213.3,very thin,2025-12-15,2026-10-01,2026-10-01
3850,3880.0,14.1,137452000,137452000,36400,2,2,21,0.2,3.6,very thin,2025-12-15,2026-10-01,2026-10-01
3851,1254.0,4.2,,,,0,0,0,0.2,,unknown,2025-12-15,2026-08-20,2026-10-01
3853,1060.0,18.0,141828000,141828000,133800,1,1,0,0.2,3.5,very thin,2025-12-15,2026-09-11,2026-10-01
3854,2163.0,61.0,212173650,212173650,97950,2,2,15,0.2,2.4,thin,2026-04-16,2026-09-23,2026-10-01
3856,228.0,4.1,182354400,182354400,799800,1,1,0,0.2,2.7,very thin,2025-12-15,2026-09-08,2026-10-01
3858,329.0,3.2,7446900,7446900,23300,3,3,22,0.2,67.1,very thin,2025-12-15,2026-09-30,2026-10-01
3861,844.4,743.8,2549099644,2549099644,2920600,19,19,24,0.2,0.2,adequate,2025-12-15,2026-10-01,2026-10-01
3863,1316.0,153.7,607181500,607181500,455500,19,19,24,0.2,0.82,thin,2025-12-15,2026-10-01,2026-10-01
3864,1225.0,51.3,169753650,169753650,141150,2,2,14,0.2,2.9,very thin,2025-12-15,2026-09-21,2026-10-01
3865,885.0,146.5,166892400,166892400,181800,19,19,24,0.2,3.0,very thin,2025-12-15,2026-10-01,2026-10-01
386A,1368.0,,,,,0,0,0,0.2,,unknown,2025-12-15,2026-04-09,2026-10-01
3877,2212.0,27.8,,,,0,0,0,0.2,,unknown,2025-12-15,2026-09-04,2026-10-01
3878,885.0,7.8,,,,0,0,0,0.2,,unknown,2025-12-15,2026-08-25,2026-10-01
387A,1110.0,,,,,0,0,0,0.2,,unknown,2025-12-15,2026-04-09,2026-10-01
3880,969.0,159.0,225894400,225894400,220600,19,19,24,0.2,2.2,thin,2025-12-15,2026-10-01,2026-10-01
3891,6660.0,70.2,651348000,651348000,97800,1,1,0,0.2,0.77,thin,2025-11-07,2026-09-18,2026-10-01
3892,1605.0,7.5,3049500,3049500,1900,1,1,0,0.2,164.0,very thin,2025-12-15,2026-09-28,2026-10-01
3895,455.0,3.2,5280000,5280000,11000,3,3,20,0.2,94.7,very thin,2025-12-15,2026-09-28,2026-10-01
3896,423.0,4.5,4092750,4092750,9750,2,2,8,0.2,122.2,very thin,2025-12-15,2026-09-29,2026-10-01
3900,667.0,11.2,,,,0,0,0,0.2,,unknown,2025-12-15,2026-08-25,2026-10-01
3901,1533.0,17.1,119004150,119004150,77450,2,2,8,0.2,4.2,very thin,2025-12-15,2026-09-16,2026-10-01
3902,1691.0,,,,,0,0,0,0.2,,unknown,2026-01-26,2026-01-26,2026-10-01
3903,282.0,,,,,0,0,0,0.2,,unknown,2026-05-04,2026-08-27,2026-10-01
3904,417.0,,3199600,3199600,7600,3,3,19,0.2,156.3,very thin,2025-12-15,2026-09-28,2026-10-01
3905,2074.0,60.4,13143767600,13143767600,6337400,1,1,0,0.2,0.04,deep,2026-04-14,2026-10-01,2026-10-01
3907,2013.0,,672294150,672294150,325950,2,2,8,0.2,0.74,thin,2025-12-15,2026-09-16,2026-10-01
3908,362.0,1.6,2262500,2262500,6250,2,2,15,0.2,221.0,very thin,2025-12-15,2026-10-01,2026-10-01
3909,196.0,1.6,901600,901600,4600,1,1,0,0.2,554.6,very thin,2025-12-15,2026-09-28,2026-10-01
3910,288.0,1.5,518400,518400,1800,1,1,0,0.2,964.5,very thin,2025-12-15,2026-09-08,2026-10-01
3911,173.0,8.1,29340800,29340800,169600,1,1,0,0.2,17.0,very thin,2025-12-15,2026-09-11,2026-10-01
3912,1129.0,7.0,,,,0,0,0,0.2,,unknown,2025-12-15,2026-08-26,2026-10-01
3913,1054.0,2.3,3739800,3739800,3450,4,4,13,0.2,133.7,very thin,2025-12-15,2026-10-01,2026-10-01
3914,2540.0,15.7,31825250,31825250,12150,2,2,9,0.2,15.7,very thin,2025-12-15,2026-09-30,2026-10-01
3915,2282.0,31.9,215877200,215877200,94600,1,1,0,0.2,2.3,thin,2025-12-15,2026-09-28,2026-10-01
3916,953.0,27.5,83959300,83959300,88100,1,1,0,0.2,6.0,very thin,2025-12-15,2026-10-01,2026-10-01
3917,473.0,3.7,,,,0,0,0,0.2,,unknown,2025-12-15,2026-08-28,2026-10-01
3918,1182.0,11.5,6656800,6656800,5700,2,2,12,0.2,75.1,very thin,2025-12-15,2026-09-23,2026-10-01
3920,998.0,5.5,748500,748500,750,1,1,0,0.2,668.0,very thin,2025-12-15,2026-09-15,2026-10-01
3921,1613.0,22.4,18549500,18549500,11500,1,1,0,0.2,27.0,very thin,2026-04-23,2026-09-08,2026-10-01
3922,2186.0,27.7,76947200,76947200,35200,1,1,0,0.2,6.5,very thin,2025-12-15,2026-09-08,2026-10-01
3923,1017.0,370.9,1608242200,1608242200,1541200,19,19,24,0.2,0.31,adequate,2025-12-15,2026-10-01,2026-10-01
3925,1352.0,15.6,,,,0,0,0,0.2,,unknown,2025-12-15,2026-08-25,2026-10-01
3926,424.0,12.3,11363200,11363200,26800,1,1,0,0.2,44.0,very thin,2025-12-15,2026-09-28,2026-10-01
3927,909.0,5.2,15271200,15271200,16800,1,1,0,0.2,32.7,very thin,2025-12-15,2026-09-16,2026-10-01
3928,240.0,2.3,1584000,1584000,6600,5,5,15,0.2,315.7,very thin,2025-12-15,2026-09-23,2026-10-01
3929,244.0,2.9,3074550,3074550,12700,2,2,14,0.2,162.6,very thin,2025-12-15,2026-09-22,2026-10-01
3930,769.0,2.3,5844400,5844400,7600,2,2,2,0.2,85.6,very thin,2026-01-26,2026-09-18,2026-10-01
3931,1483.0,2.7,1349100,1349100,900,3,3,24,0.2,370.6,very thin,2026-04-16,2026-10-01,2026-10-01
3932,3860.0,46.0,345015000,345015000,90200,3,3,10,0.2,1.4,thin,2025-12-15,2026-09-28,2026-10-01
3933,570.0,4.3,,,,0,0,0,0.2,,unknown,2025-12-15,2026-08-28,2026-10-01
3934,2270.0,13.4,,,,0,0,0,0.2,,unknown,2025-12-15,2026-08-19,2026-10-01
3935,731.0,,22003100,22003100,30100,1,1,0,0.2,22.7,very thin,2025-12-15,2026-09-21,2026-10-01
3936,130.0,4.9,21816700,21816700,165850,2,2,17,0.2,22.9,very thin,2025-12-15,2026-09-28,2026-10-01
3937,1149.0,11.8,27001500,27001500,23500,1,1,0,0.2,18.5,very thin,2026-01-26,2026-09-28,2026-10-01
3939,486.0,24.2,65853000,65853000,135500,1,1,0,0.2,7.6,very thin,2025-12-15,2026-09-10,2026-10-01
3940,131.0,5.0,13912200,13912200,106200,1,1,0,0.2,35.9,very thin,2025-12-15,2026-10-01,2026-10-01
3941,1516.0,372.2,1362206600,1362206600,885700,19,19,24,0.2,0.37,adequate,2025-12-15,2026-10-01,2026-10-01
3943,1319.0,10.1,3047500,3047500,2300,3,3,7,0.2,164.1,very thin,2025-12-15,2026-09-29,2026-10-01
3944,3080.0,,,,,0,0,0,0.2,,unknown,2025-12-15,2026-08-31,2026-10-01
3945,2163.0,3.2,2595600,2595600,1200,1,1,0,0.2,192.6,very thin,2025-12-15,2026-09-11,2026-10-01
3946,4625.0,78.6,,,,0,0,0,0.2,,unknown,2025-12-15,2026-08-25,2026-10-01
3947,2460.0,24.1,6045000,6045000,2450,2,2,6,0.2,82.7,very thin,2025-12-15,2026-09-24,2026-10-01
3948,1175.0,6.3,1057500,1057500,900,1,1,0,0.2,472.8,very thin,2025-12-15,2026-09-08,2026-10-01
3950,1478.0,79.9,117944400,117944400,79800,1,1,0,0.2,4.2,very thin,2025-12-15,2026-09-16,2026-10-01
3951,911.0,,13771200,13771200,15150,2,2,16,0.2,36.3,very thin,2025-12-15,2026-09-25,2026-10-01
3953,780.0,2.8,1248000,1248000,1600,1,1,0,0.2,400.6,very thin,2025-12-15,2026-09-11,2026-10-01
3954,3080.0,14.0,616000,616000,200,1,1,0,0.2,811.7,very thin,2025-12-15,2026-10-01,2026-10-01
3955,874.0,8.5,3770800,3770800,4400,3,3,18,0.2,132.6,very thin,2026-04-14,2026-09-28,2026-10-01
3958,542.0,3.0,4119200,4119200,7600,1,1,0,0.2,121.4,very thin,2025-12-15,2026-10-01,2026-10-01
3962,1015.0,69.6,146546400,146546400,146700,19,19,24,0.2,3.4,very thin,2025-12-15,2026-10-01,2026-10-01
3963,331.0,10.0,16517800,16517800,50700,2,2,3,0.2,30.3,very thin,2025-12-15,2026-10-01,2026-10-01
3964,1325.0,126.2,556632500,556632500,420100,1,1,0,0.2,0.9,thin,2025-12-15,2026-09-08,2026-10-01
3965,882.0,5.0,6703200,6703200,7600,1,1,0,0.2,74.6,very thin,2025-12-15,2026-09-17,2026-10-01
3967,576.0,3.6,7762500,7762500,13500,3,3,10,0.2,64.4,very thin,2025-12-15,2026-09-28,2026-10-01
3968,670.0,24.2,147534000,147534000,220200,1,1,0,0.2,3.4,very thin,2026-04-30,2026-09-24,2026-10-01
3969,1403.0,10.5,5339000,5339000,3800,3,3,11,0.2,93.7,very thin,2025-12-15,2026-09-18,2026-10-01
3970,825.0,2.2,,,,0,0,0,0.2,,unknown,2025-12-15,2026-08-14,2026-10-01
3974,660.0,2.1,3630000,3630000,5500,1,1,0,0.2,137.7,very thin,2026-05-14,2026-09-16,2026-10-01
3976,717.0,3.6,,,,0,0,0,0.2,,unknown,2025-12-15,2026-08-21,2026-10-01
3979,429.0,11.1,9609600,9609600,22400,1,1,0,0.2,52.0,very thin,2025-12-15,2026-09-08,2026-10-01
3981,1212.0,6.8,2791050,2791050,2300,2,2,9,0.2,179.1,very thin,2025-12-15,2026-09-25,2026-10-01
3983,1893.0,31.1,58872300,58872300,31100,1,1,0,0.2,8.5,very thin,2025-12-15,2026-09-29,2026-10-01
3984,1550.0,24.5,172622250,172622250,112050,2,2,7,0.2,2.9,very thin,2025-12-15,2026-09-15,2026-10-01
3985,200.0,2.0,2840000,2840000,14200,1,1,0,0.2,176.1,very thin,2025-12-15,2026-09-28,2026-10-01
3986,510.0,2.2,2703000,2703000,5300,1,1,0,0.2,185.0,very thin,2026-05-11,2026-09-30,2026-10-01
3987,626.0,3.5,3067400,3067400,4900,1,1,0,0.2,163.0,very thin,2025-12-15,2026-09-28,2026-10-01
3988,562.0,5.7,4410400,4410400,7850,2,2,14,0.2,113.4,very thin,2026-04-16,2026-09-28,2026-10-01
3989,1545.0,23.8,2392741500,2392741500,1548700,1,1,0,0.2,0.21,adequate,2025-12-15,2026-09-16,2026-10-01
3991,966.0,8.7,1203100,1203100,1250,2,2,2,0.2,415.6,very thin,2025-12-15,2026-09-10,2026-10-01
3992,462.0,17.0,,,,0,0,0,0.2,,unknown,2025-12-15,2026-08-20,2026-10-01
3993,3245.0,96.6,542572000,542572000,171700,19,19,24,0.2,0.92,thin,2025-12-15,2026-10-01,2026-10-01
3994,6000.0,319.6,2489448000,2489448000,414800,19,19,24,0.2,0.2,adequate,2025-12-15,2026-10-01,2026-10-01
3996,222.0,3.0,6416500,6416500,31300,4,4,22,0.2,77.9,very thin,2025-11-07,2026-09-29,2026-10-01
3997,435.0,15.9,111890750,111890750,259500,2,2,2,0.2,4.5,very thin,2025-12-15,2026-09-30,2026-10-01
3998,291.0,1.8,611100,611100,2100,1,1,0,0.2,818.2,very thin,2025-12-15,2026-09-08,2026-10-01
4004,15895.0,2838.0,29024446500,29024446500,1949931,19,19,24,0.2,0.02,deep,2025-12-15,2026-10-01,2026-10-01
4005,580.1,968.3,5604892797,5604892797,9561400,19,19,24,0.2,0.09,deep,2025-12-15,2026-10-01,2026-10-01
4008,1504.0,99.7,247923000,247923000,165200,19,19,24,0.2,2.0,thin,2025-12-15,2026-10-01,2026-10-01
4011,2338.0,,92198400,92198400,39200,3,3,21,0.2,5.4,very thin,2025-12-15,2026-10-01,2026-10-01
4012,1737.0,,5905800,5905800,3400,1,1,0,0.2,84.7,very thin,2025-12-15,2026-09-07,2026-10-01
4013,639.0,12.9,19361700,19361700,30300,1,1,0,0.2,25.8,very thin,2025-12-15,2026-09-15,2026-10-01
4014,464.0,3.0,23288700,23288700,52100,3,3,15,0.2,21.5,very thin,2026-04-23,2026-09-29,2026-10-01
4015,522.0,8.0,8909500,8909500,17300,3,3,20,0.2,56.1,very thin,2025-12-15,2026-09-28,2026-10-01
4016,1070.0,,6144750,6144750,5800,2,2,20,0.2,81.4,very thin,2025-12-15,2026-09-28,2026-10-01
4017,215.0,1.5,1419000,1419000,6600,1,1,0,0.2,352.4,very thin,2026-04-22,2026-09-08,2026-10-01
4019,622.0,6.0,15612200,15612200,25100,1,1,0,0.2,32.0,very thin,2025-12-15,2026-09-10,2026-10-01
4020,822.0,1.8,585200,585200,700,3,3,13,0.2,854.4,very thin,2025-12-15,2026-09-21,2026-10-01
4021,8454.0,1112.7,3851998600,3851998600,467200,19,19,24,0.2,0.13,adequate,2025-12-15,2026-10-01,2026-10-01
4022,2196.0,89.7,,,,0,0,0,0.2,,unknown,2025-12-15,2026-08-20,2026-10-01
4023,4030.0,159.2,1068435500,1068435500,245500,19,19,24,0.2,0.47,adequate,2025-12-15,2026-10-01,2026-10-01
4025,5950.0,,,,,0,0,0,0.2,,unknown,2025-12-15,2026-08-31,2026-10-01
4026,1594.0,14.8,73561600,73561600,44800,3,3,23,0.2,6.8,very thin,2026-01-26,2026-10-01,2026-10-01
4027,2344.0,53.3,96667400,96667400,41300,2,2,16,0.2,5.2,very thin,2025-12-15,2026-10-01,2026-10-01
4028,2844.0,110.9,571347600,571347600,195600,19,19,24,0.2,0.88,thin,2025-12-15,2026-10-01,2026-10-01
402A,570.0,,,,,0,0,0,0.2,,unknown,2025-12-15,2026-04-09,2026-10-01
4031,1058.0,10.0,9679400,9679400,8850,2,2,23,0.2,51.7,very thin,2025-12-15,2026-10-01,2026-10-01
4040,3830.0,7.0,35236000,35236000,9200,1,1,0,0.2,14.2,very thin,2025-12-15,2026-09-08,2026-10-01
4041,3715.0,207.7,343281000,343281000,90100,19,19,24,0.2,1.5,thin,2025-12-15,2026-10-01,2026-10-01
4042,2645.0,817.9,2585306250,2585306250,1008900,19,19,24,0.2,0.19,adequate,2025-12-15,2026-10-01,2026-10-01
4043,4103.0,303.8,1741142900,1741142900,413100,19,19,24,0.2,0.29,adequate,2025-12-15,2026-10-01,2026-10-01
4044,4570.0,114.9,359388000,359388000,80400,19,19,24,0.2,1.4,thin,2025-12-15,2026-10-01,2026-10-01
4045,1821.5,193.2,438378200,438378200,242600,19,19,24,0.2,1.1,thin,2025-12-15,2026-10-01,2026-10-01
4046,2064.0,242.6,593259700,593259700,301300,19,19,24,0.2,0.84,thin,2025-12-15,2026-10-01,2026-10-01
4047,2451.0,137.7,1240739100,1240739100,537000,19,19,24,0.2,0.4,adequate,2025-12-15,2026-10-01,2026-10-01
4051,6200.0,50.3,112840000,112840000,18200,3,3,17,0.2,4.4,very thin,2025-12-15,2026-09-25,2026-10-01
4052,510.0,1.7,,,,0,0,0,0.2,,unknown,2025-12-15,2026-08-25,2026-10-01
4053,532.0,17.5,78133500,78133500,161100,3,3,20,0.2,6.4,very thin,2025-12-15,2026-09-30,2026-10-01
4054,520.0,7.7,7332000,7332000,14100,1,1,0,0.2,68.2,very thin,2025-12-15,2026-09-30,2026-10-01
4055,1675.0,11.4,44052500,44052500,26300,1,1,0,0.2,11.4,very thin,2025-12-15,2026-09-22,2026-10-01
4056,203.0,3.5,28784400,28784400,141100,3,3,13,0.2,17.4,very thin,2025-12-15,2026-09-29,2026-10-01
4057,348.0,1.4,1496400,1496400,4300,1,1,0,0.2,334.1,very thin,2025-12-15,2026-09-14,2026-10-01
4058,2143.0,20.1,51928800,51928800,23100,3,3,13,0.2,9.6,very thin,2025-12-15,2026-09-29,2026-10-01
4059,369.0,1.2,316250,316250,850,2,2,8,0.2,1581.0,very thin,2025-12-15,2026-10-01,2026-10-01
4060,1195.0,6.6,3711100,3711100,3100,2,2,18,0.2,134.7,very thin,2025-12-15,2026-09-28,2026-10-01
4061,3236.0,288.9,1906544800,1906544800,587200,19,19,24,0.2,0.26,adequate,2025-12-15,2026-10-01,2026-10-01
4062,11995.0,6562.2,168415482000,168415482000,8612400,19,19,24,0.2,0.0,deep,2025-12-15,2026-10-01,2026-10-01
4063,6027.0,10688.9,34851407400,34851407400,6121800,19,19,24,0.2,0.01,deep,2025-12-15,2026-10-01,2026-10-01
4064,3625.0,26.6,273418500,273418500,76100,2,2,12,0.2,1.8,thin,2025-12-15,2026-09-28,2026-10-01
4068,1823.0,3.0,2552200,2552200,1400,1,1,0,0.2,195.9,very thin,2025-12-15,2026-10-01,2026-10-01
4069,651.0,2.1,,,,0,0,0,0.2,,unknown,2025-12-15,2026-08-12,2026-10-01
4071,2048.0,88.4,418882800,418882800,202400,19,19,24,0.2,1.2,thin,2026-04-23,2026-10-01,2026-10-01
4072,3240.0,34.8,104328000,104328000,32200,1,1,0,0.2,4.8,very thin,2025-12-15,2026-09-18,2026-10-01
4073,637.0,1.2,4058700,4058700,8300,3,3,20,0.2,123.2,very thin,2025-11-07,2026-09-28,2026-10-01
4074,795.0,6.1,1999650,1999650,2550,4,4,17,0.2,250.0,very thin,2025-12-15,2026-09-25,2026-10-01
4075,1155.0,,753159150,753159150,598350,2,2,6,0.2,0.66,thin,2026-06-26,2026-09-14,2026-10-01
4076,1895.0,5.2,,,,0,0,0,0.2,,unknown,2025-12-15,2026-08-12,2026-10-01
4078,3720.0,57.8,602526000,602526000,164400,19,19,24,0.2,0.83,thin,2025-12-15,2026-10-01,2026-10-01
407A,1051.0,,,,,0,0,0,0.2,,unknown,2025-12-15,2026-04-09,2026-10-01
4082,2300.0,47.7,571510300,571510300,247300,3,3,22,0.2,0.87,thin,2025-12-15,2026-09-29,2026-10-01
4088,2571.0,581.0,,,,0,0,0,0.2,,unknown,2026-04-14,2026-08-18,2026-10-01
4091,5404.0,2437.0,3096498000,3096498000,569000,19,19,24,0.2,0.16,adequate,2025-12-15,2026-10-01,2026-10-01
4092,5260.0,45.6,,,,0,0,0,0.2,,unknown,2025-12-15,2026-09-04,2026-10-01
4093,427.0,14.7,4841500,4841500,11500,3,3,16,0.2,103.3,very thin,2025-12-15,2026-10-01,2026-10-01
4094,2251.0,41.6,19323050,19323050,8550,2,2,2,0.2,25.9,very thin,2025-12-15,2026-09-10,2026-10-01
4095,1779.0,189.1,309420000,309420000,177900,19,19,24,0.2,1.6,thin,2025-12-15,2026-10-01,2026-10-01
4097,1195.0,66.3,53177500,53177500,44500,1,1,0,0.2,9.4,very thin,2025-12-15,2026-09-14,2026-10-01
4098,1015.0,3.0,,,,0,0,0,0.2,,unknown,2025-12-15,2026-08-20,2026-10-01
4099,2200.0,186.1,1820000900,1820000900,835200,2,2,12,0.2,0.27,adequate,2025-12-15,2026-09-23,2026-10-01
409A,1302.0,,,,,0,0,0,0.2,,unknown,2025-12-15,2026-04-09,2026-10-01
4100,1605.0,8.2,54910200,54910200,34600,3,3,8,0.2,9.1,very thin,2025-12-15,2026-09-16,2026-10-01
4102,1452.0,3.1,761700,761700,525,2,2,14,0.2,656.4,very thin,2025-12-15,2026-10-01,2026-10-01
4107,3885.0,198.5,477607500,477607500,122700,2,2,8,0.2,1.0,thin,2025-12-15,2026-09-24,2026-10-01
4109,5410.0,65.5,202500000,202500000,37500,19,19,24,0.2,2.5,thin,2025-12-15,2026-10-01,2026-10-01
410A,1240.0,,,,,0,0,0,0.2,,unknown,2025-12-15,2026-04-09,2026-10-01
4112,2040.0,32.5,97920000,97920000,48000,1,1,0,0.2,5.1,very thin,2025-12-15,2026-09-14,2026-10-01
4113,810.0,11.3,13097400,13097400,16600,3,3,18,0.2,38.2,very thin,2025-12-15,2026-09-29,2026-10-01
4114,2554.0,384.2,2084139750,2084139750,836500,19,19,24,0.2,0.24,adequate,2025-12-15,2026-10-01,2026-10-01
4116,1284.0,69.0,167947200,167947200,130800,1,1,0,0.2,3.0,very thin,2025-12-15,2026-09-08,2026-10-01
4118,6051.0,369.4,1126296900,1126296900,189900,19,19,24,0.2,0.44,adequate,2025-12-15,2026-10-01,2026-10-01
4119,6300.0,9.4,5595000,5595000,900,2,2,13,0.2,89.4,very thin,2025-12-15,2026-09-29,2026-10-01
4120,3035.0,3.9,1647500,1647500,550,4,4,23,0.2,303.5,very thin,2025-12-15,2026-10-01,2026-10-01
4124,2985.0,2.5,6567000,6567000,2200,5,5,24,0.2,76.1,very thin,2025-12-15,2026-10-01,2026-10-01
4125,3800.0,14.6,,,,0,0,0,0.2,,unknown,2025-12-15,2026-08-20,2026-10-01
414A,1003.0,,,,,0,0,0,0.2,,unknown,2025-12-15,2026-04-09,2026-10-01
4151,2285.5,1187.0,3888682600,3888682600,1716100,19,19,24,0.2,0.13,adequate,2025-12-15,2026-10-01,2026-10-01
415A,5190.0,,,,,0,0,0,0.2,,unknown,2025-12-15,2026-04-09,2026-10-01
4165,637.0,24.0,314279000,314279000,486500,2,2,1,0.2,1.6,thin,2025-11-07,2026-09-09,2026-10-01
4166,630.0,1.8,819000,819000,1300,1,1,0,0.2,610.5,very thin,2025-12-15,2026-09-10,2026-10-01
4167,333.0,2.3,5161500,5161500,15500,2,2,12,0.2,96.9,very thin,2025-12-15,2026-09-28,2026-10-01
4168,795.0,10.0,31084500,31084500,39100,1,1,0,0.2,16.1,very thin,2025-12-15,2026-09-28,2026-10-01
4169,268.0,11.5,109102800,109102800,407100,1,1,0,0.2,4.6,very thin,2025-12-15,2026-09-07,2026-10-01
416A,1205.0,,,,,0,0,0,0.2,,unknown,2025-12-15,2026-04-09,2026-10-01
4170,113.0,2.2,38063800,38063800,330200,2,2,14,0.2,13.1,very thin,2025-12-15,2026-09-30,2026-10-01
4171,1665.0,5.0,,,,0,0,0,0.2,,unknown,2025-12-15,2026-08-14,2026-10-01
4172,2320.0,5.1,1624000,1624000,700,1,1,0,0.2,307.9,very thin,2025-12-15,2026-09-08,2026-10-01
4174,1088.0,3.5,735644800,735644800,703700,2,2,15,0.2,0.68,thin,2026-04-20,2026-10-01,2026-10-01
4175,2888.0,10.2,12418400,12418400,4300,1,1,0,0.2,40.3,very thin,2026-04-21,2026-10-01,2026-10-01
4176,277.0,6.0,15553550,15553550,56150,2,2,5,0.2,32.1,very thin,2026-05-07,2026-09-15,2026-10-01
4177,1372.0,6.0,23735600,23735600,17300,1,1,0,0.2,21.1,very thin,2025-12-15,2026-09-28,2026-10-01
4178,553.0,2.1,2826400,2826400,5200,2,2,10,0.2,176.9,very thin,2025-12-15,2026-09-18,2026-10-01
4179,331.0,2.0,7646100,7646100,23100,1,1,0,0.2,65.4,very thin,2025-12-15,2026-09-30,2026-10-01
417A,1821.5,381.5,394885350,394885350,209100,19,19,24,0.2,1.3,thin,2025-12-15,2026-10-01,2026-10-01
4180,1414.0,150.7,1946998800,1946998800,1284300,19,19,24,0.2,0.26,adequate,2025-12-15,2026-10-01,2026-10-01
4182,3920.0,761.8,4361856000,4361856000,1151800,19,19,24,0.2,0.11,adequate,2025-12-15,2026-10-01,2026-10-01
4183,2117.0,767.0,4379794200,4379794200,2088600,19,19,24,0.2,0.11,adequate,2025-12-15,2026-10-01,2026-10-01
4186,8934.0,1002.8,6631969500,6631969500,821500,19,19,24,0.2,0.08,deep,2025-12-15,2026-10-01,2026-10-01
4187,4530.0,86.4,409590000,409590000,99900,19,19,24,0.2,1.2,thin,2025-12-15,2026-10-01,2026-10-01
4188,1155.0,1590.3,5602702900,5602702900,4603700,19,19,24,0.2,0.09,deep,2025-12-15,2026-10-01,2026-10-01
4189,3380.0,115.5,339388000,339388000,105400,19,19,24,0.2,1.5,thin,2025-12-15,2026-10-01,2026-10-01
4192,327.0,9.9,24884700,24884700,76100,1,1,0,0.2,20.1,very thin,2025-12-15,2026-10-01,2026-10-01
4193,2160.0,11.1,,,,0,0,0,0.2,,unknown,2025-12-15,2026-08-19,2026-10-01
4194,8753.0,344.3,1800296800,1800296800,211700,19,19,24,0.2,0.28,adequate,2026-04-14,2026-10-01,2026-10-01
4196,2165.0,4.2,34423500,34423500,15900,1,1,0,0.2,14.5,very thin,2025-12-15,2026-09-08,2026-10-01
4197,2361.0,2.7,708300,708300,300,1,1,0,0.2,705.9,very thin,2025-12-15,2026-09-15,2026-10-01
4198,505.0,3.3,808000,808000,1600,1,1,0,0.2,618.8,very thin,2025-12-15,2026-09-16,2026-10-01
4199,854.0,2.2,,,,0,0,0,0.2,,unknown,2025-12-15,2026-08-28,2026-10-01
4202,1436.5,368.6,1229654500,1229654500,860500,19,19,24,0.2,0.41,adequate,2025-12-15,2026-10-01,2026-10-01
4203,8496.0,717.9,6797618100,6797618100,861700,19,19,24,0.2,0.07,deep,2025-12-15,2026-10-01,2026-10-01
4204,2535.0,1019.6,3392337500,3392337500,1343500,19,19,24,0.2,0.15,adequate,2025-12-15,2026-10-01,2026-10-01
4205,2435.0,466.9,1944536000,1944536000,836000,19,19,24,0.2,0.26,adequate,2025-12-15,2026-10-01,2026-10-01
4206,4214.0,276.3,856118400,856118400,208200,19,19,24,0.2,0.58,thin,2025-12-15,2026-10-01,2026-10-01
4208,3385.0,336.8,2451715200,2451715200,719400,19,19,24,0.2,0.2,adequate,2025-12-15,2026-10-01,2026-10-01
4212,2963.0,90.0,156816000,156816000,54000,19,19,24,0.2,3.2,very thin,2025-12-15,2026-10-01,2026-10-01
4216,7180.0,114.4,305300000,305300000,47100,19,19,24,0.2,1.6,thin,2025-12-15,2026-10-01,2026-10-01
4218,1962.0,39.0,,,,0,0,0,0.2,,unknown,2025-12-15,2026-08-06,2026-10-01
421A,2210.0,,,,,0,0,0,0.2,,unknown,2025-12-15,2026-04-09,2026-10-01
4220,2309.0,86.8,338381550,338381550,145150,2,2,21,0.2,1.5,thin,2025-12-15,2026-10-01,2026-10-01
4221,5680.0,51.3,155022000,155022000,28000,2,2,3,0.2,3.2,very thin,2025-12-15,2026-09-17,2026-10-01
4222,653.0,10.2,155740500,155740500,238500,1,1,0,0.2,3.2,very thin,2025-12-15,2026-10-01,2026-10-01
4224,2141.0,9.9,,,,0,0,0,0.2,,unknown,2025-12-15,2026-08-31,2026-10-01
4228,596.0,28.0,92320400,92320400,154900,1,1,0,0.2,5.4,very thin,2026-04-16,2026-09-16,2026-10-01
4229,4210.0,29.1,37048000,37048000,8800,1,1,0,0.2,13.5,very thin,2025-12-15,2026-10-01,2026-10-01
4231,1039.0,19.5,15505750,15505750,14950,2,2,20,0.2,32.2,very thin,2025-12-15,2026-09-28,2026-10-01
4234,1000.0,9.7,29490000,29490000,29000,2,2,8,0.2,17.0,very thin,2025-12-15,2026-09-16,2026-10-01
4235,667.0,10.8,9219550,9219550,13750,2,2,3,0.2,54.2,very thin,2025-12-15,2026-09-11,2026-10-01
4237,336.0,9.3,10639300,10639300,30850,2,2,20,0.2,47.0,very thin,2025-12-15,2026-09-28,2026-10-01
4238,1750.0,15.9,,,,0,0,0,0.2,,unknown,2026-05-08,2026-08-27,2026-10-01
423A,321.0,,,,,0,0,0,0.2,,unknown,2025-12-15,2026-04-09,2026-10-01
4240,305.0,2.4,1738500,1738500,5700,1,1,0,0.2,287.6,very thin,2025-12-15,2026-10-01,2026-10-01
4241,660.0,,6732000,6732000,10200,1,1,0,0.2,74.3,very thin,2026-05-12,2026-09-08,2026-10-01
4242,1753.0,5.2,2119200,2119200,1200,2,2,21,0.2,235.9,very thin,2025-12-15,2026-09-29,2026-10-01
4243,1065.0,2.2,2301600,2301600,2200,2,2,23,0.2,217.2,very thin,2025-12-15,2026-10-01,2026-10-01
4245,701.0,9.1,5818300,5818300,8300,1,1,0,0.2,85.9,very thin,2025-12-15,2026-09-16,2026-10-01
4246,1143.0,67.0,,,,0,0,0,0.2,,unknown,2025-12-15,2026-08-18,2026-10-01
4247,1389.0,3.6,625050,625050,450,1,1,0,0.2,799.9,very thin,2025-12-15,2026-09-17,2026-10-01
4248,885.0,10.7,,,,0,0,0,0.2,,unknown,2025-12-15,2026-08-25,2026-10-01
4249,2918.0,35.6,,,,0,0,0,0.2,,unknown,2025-12-15,2026-08-27,2026-10-01
4251,1193.0,22.0,108085800,108085800,90600,1,1,0,0.2,4.6,very thin,2025-12-15,2026-09-24,2026-10-01
4255,3480.0,7.4,16224000,16224000,4650,2,2,14,0.2,30.8,very thin,2025-12-15,2026-09-25,2026-10-01
4256,1030.0,6.1,,,,0,0,0,0.2,,unknown,2025-12-15,2026-08-25,2026-10-01
4258,5460.0,35.0,590226000,590226000,108100,1,1,0,0.2,0.85,thin,2025-12-15,2026-09-16,2026-10-01
4259,883.0,67.1,749225500,749225500,848500,1,1,0,0.2,0.67,thin,2025-12-15,2026-09-15,2026-10-01
4260,203.0,2.4,1616400,1616400,7800,2,2,6,0.2,309.3,very thin,2025-12-15,2026-09-21,2026-10-01
4261,2987.0,4.7,10753200,10753200,3600,1,1,0,0.2,46.5,very thin,2025-12-15,2026-09-30,2026-10-01
4262,1400.0,8.8,4315200,4315200,3100,3,3,16,0.2,115.9,very thin,2025-12-15,2026-09-24,2026-10-01
4263,424.0,7.2,,,,0,0,0,0.2,,unknown,2025-12-15,2026-09-04,2026-10-01
4264,1381.0,9.7,30523100,30523100,21850,2,2,15,0.2,16.4,very thin,2025-12-15,2026-10-01,2026-10-01
4265,287.0,1.6,,,,0,0,0,0.2,,unknown,2025-12-15,2026-08-18,2026-10-01
4270,1898.0,4.2,4149600,4149600,2200,2,2,6,0.2,120.5,very thin,2025-12-15,2026-09-22,2026-10-01
4272,2130.0,307.1,1007192550,1007192550,487400,19,19,24,0.2,0.5,adequate,2025-12-15,2026-10-01,2026-10-01
4274,1132.0,4.3,86937600,86937600,76800,3,3,14,0.2,5.8,very thin,2025-12-15,2026-09-28,2026-10-01
4275,2056.0,42.5,347669600,347669600,169100,1,1,0,0.2,1.4,thin,2025-12-15,2026-09-23,2026-10-01
4284,452.0,8.6,10079600,10079600,22300,1,1,0,0.2,49.6,very thin,2025-12-15,2026-09-16,2026-10-01
4286,1396.0,13.4,34430000,34430000,26600,3,3,20,0.2,14.5,very thin,2025-12-15,2026-09-28,2026-10-01
4287,478.0,5.2,2198800,2198800,4600,1,1,0,0.2,227.4,very thin,2026-05-04,2026-09-08,2026-10-01
4288,435.0,1.6,3646500,3646500,8500,3,3,12,0.2,137.1,very thin,2025-12-15,2026-09-29,2026-10-01
428A,886.0,,,,,0,0,0,0.2,,unknown,2025-12-15,2026-04-09,2026-10-01
4290,684.0,89.3,412867200,412867200,593200,19,19,24,0.2,1.2,thin,2025-12-15,2026-10-01,2026-10-01
4293,525.0,99.2,238980000,238980000,455200,1,1,0,0.2,2.1,thin,2025-11-07,2026-09-07,2026-10-01
4299,1235.0,12.6,,,,0,0,0,0.2,,unknown,2025-12-15,2026-08-19,2026-10-01
429A,3370.0,,,,,0,0,0,0.2,,unknown,2025-12-15,2026-04-09,2026-10-01
4301,1940.0,31.3,,,,0,0,0,0.2,,unknown,2025-12-15,2026-08-26,2026-10-01
4307,5011.0,2850.3,9792275200,9792275200,1964100,19,19,24,0.2,0.05,deep,2025-12-15,2026-10-01,2026-10-01
4308,356.0,8.8,5731600,5731600,16100,1,1,0,0.2,87.2,very thin,2025-12-15,2026-09-28,2026-10-01
4310,2476.0,21.9,28721600,28721600,11600,1,1,0,0.2,17.4,very thin,2025-12-15,2026-09-16,2026-10-01
4316,68.0,0.3,47389400,47389400,575850,2,2,15,0.2,10.6,very thin,2025-12-15,2026-09-23,2026-10-01
4317,564.0,7.3,3496800,3496800,6200,1,1,0,0.2,143.0,very thin,2025-12-15,2026-09-08,2026-10-01
4318,866.0,48.0,59407600,59407600,68600,1,1,0,0.2,8.4,very thin,2025-12-15,2026-09-18,2026-10-01
431A,1893.0,,,,,0,0,0,0.2,,unknown,2025-12-15,2026-04-09,2026-10-01
4320,1626.0,27.9,295234200,295234200,181200,2,2,5,0.2,1.7,thin,2025-12-15,2026-09-21,2026-10-01
4323,1900.0,46.9,94243200,94243200,49950,4,4,23,0.2,5.3,very thin,2025-12-15,2026-10-01,2026-10-01
4324,3564.0,930.6,3375537000,3375537000,929900,19,19,24,0.2,0.15,adequate,2025-12-15,2026-10-01,2026-10-01
4326,2015.0,77.0,,,,0,0,0,0.2,,unknown,2025-12-15,2026-09-04,2026-10-01
4331,876.0,10.0,42807150,42807150,51850,2,2,24,0.2,11.7,very thin,2025-12-15,2026-10-01,2026-10-01
4334,388.0,3.2,,,,0,0,0,0.2,,unknown,2026-04-22,2026-08-18,2026-10-01
4335,1088.0,2.5,1740800,1740800,1600,1,1,0,0.2,287.2,very thin,2025-12-15,2026-09-08,2026-10-01
4337,2505.0,39.8,58410500,58410500,23000,2,2,20,0.2,8.6,very thin,2025-12-15,2026-10-01,2026-10-01
4341,901.0,2.9,,,,0,0,0,0.2,,unknown,2025-12-15,2026-09-01,2026-10-01
4343,2836.0,52.9,239642000,239642000,84500,1,1,0,0.2,2.1,thin,2025-12-15,2026-09-08,2026-10-01
4344,103.0,15.3,104740400,104740400,1002800,2,2,15,0.2,4.8,very thin,2025-12-15,2026-10-01,2026-10-01
4345,831.0,34.4,,,,0,0,0,0.2,,unknown,2025-12-15,2026-08-20,2026-10-01
4346,1048.0,13.7,113708000,113708000,108500,1,1,0,0.2,4.4,very thin,2025-12-15,2026-09-08,2026-10-01
4347,1636.0,11.7,,,,0,0,0,0.2,,unknown,2025-12-15,2026-09-04,2026-10-01
4350,505.0,14.4,29441500,29441500,58300,1,1,0,0.2,17.0,very thin,2025-12-15,2026-09-15,2026-10-01
4351,848.0,3.7,1324900,1324900,1550,2,2,4,0.2,377.4,very thin,2025-12-15,2026-09-15,2026-10-01
4356,1589.0,8.7,1002575,1002575,625,2,2,9,0.2,498.7,very thin,2025-12-15,2026-09-17,2026-10-01
4360,999.0,7.4,,,,0,0,0,0.2,,unknown,2025-12-15,2026-08-31,2026-10-01
4361,1632.0,2.0,5875200,5875200,3600,1,1,0,0.2,85.1,very thin,2025-12-15,2026-10-01,2026-10-01
4362,2693.0,58.4,,,,0,0,0,0.2,,unknown,2025-12-15,2026-09-04,2026-10-01
4365,23500.0,57.8,16670000,16670000,700,2,2,20,0.2,30.0,very thin,2025-12-15,2026-09-28,2026-10-01
4366,486.0,13.4,26346300,26346300,55800,4,4,22,0.2,19.0,very thin,2025-12-15,2026-09-30,2026-10-01
4367,2669.0,12.1,,,,0,0,0,0.2,,unknown,2025-12-15,2026-07-06,2026-10-01
4368,3350.0,323.7,2043613600,2043613600,725200,19,19,24,0.2,0.24,adequate,2025-12-15,2026-10-01,2026-10-01
4369,3295.0,97.2,1501987500,1501987500,513500,19,19,24,0.2,0.33,adequate,2026-04-29,2026-10-01,2026-10-01
4370,436.0,2.4,99018800,99018800,237350,2,2,2,0.2,5.0,very thin,2025-12-15,2026-09-10,2026-10-01
4371,1488.0,23.3,16335000,16335000,11000,3,3,6,0.2,30.6,very thin,2025-11-07,2026-09-17,2026-10-01
4372,1332.0,5.2,1008750,1008750,750,3,3,20,0.2,495.7,very thin,2025-12-15,2026-10-01,2026-10-01
4373,1117.0,257.4,1761592000,1761592000,1516000,19,19,24,0.2,0.28,adequate,2025-12-15,2026-10-01,2026-10-01
4374,2485.0,8.7,9033050,9033050,3650,2,2,9,0.2,55.4,very thin,2025-12-15,2026-09-16,2026-10-01
4375,660.0,36.5,97893200,97893200,148900,2,2,14,0.2,5.1,very thin,2026-01-26,2026-09-28,2026-10-01
4376,177.0,10.1,7782700,7782700,44500,2,2,3,0.2,64.2,very thin,2025-12-15,2026-09-25,2026-10-01
4377,2376.0,45.5,93791250,93791250,39700,2,2,4,0.2,5.3,very thin,2025-12-15,2026-09-21,2026-10-01
4378,475.0,1.6,5541400,5541400,10300,3,3,20,0.2,90.2,very thin,2026-04-17,2026-09-28,2026-10-01
4379,508.0,5.9,47701200,47701200,93900,3,3,20,0.2,10.5,very thin,2025-12-15,2026-09-28,2026-10-01
4380,688.0,6.7,4093600,4093600,5950,2,2,4,0.2,122.1,very thin,2026-04-28,2026-09-11,2026-10-01
4381,210.0,1.2,45766500,45766500,190200,2,2,14,0.2,10.9,very thin,2025-12-15,2026-09-22,2026-10-01
4382,836.0,10.6,104750800,104750800,125300,1,1,0,0.2,4.8,very thin,2026-04-23,2026-09-15,2026-10-01
4384,1890.0,112.7,,,,0,0,0,0.2,,unknown,2026-04-27,2026-06-01,2026-10-01
4385,3620.0,593.2,7583713900,7583713900,1911700,19,19,24,0.2,0.07,deep,2025-12-15,2026-10-01,2026-10-01
4386,891.0,5.2,4258400,4258400,4800,2,2,23,0.2,117.4,very thin,2025-11-29,2026-10-01,2026-10-01
4387,577.0,2.9,10616800,10616800,18400,1,1,0,0.2,47.1,very thin,2025-12-15,2026-09-24,2026-10-01
4388,379.0,2.2,2766700,2766700,7300,1,1,0,0.2,180.7,very thin,2025-12-15,2026-09-08,2026-10-01
4389,1058.0,10.9,3491400,3491400,3300,1,1,0,0.2,143.2,very thin,2025-12-15,2026-09-18,2026-10-01
438A,819.0,,,,,0,0,0,0.2,,unknown,2025-12-15,2026-04-09,2026-10-01
4390,3975.0,47.2,,,,0,0,0,0.2,,unknown,2025-12-15,2026-09-03,2026-10-01
4391,1126.0,3.7,2252000,2252000,2000,5,5,16,0.2,222.0,very thin,2025-12-15,2026-10-01,2026-10-01
4392,908.0,36.4,1240041350,1240041350,1254850,2,2,20,0.2,0.4,adequate,2025-10-16,2026-09-30,2026-10-01
4393,5270.0,20.9,,,,0,0,0,0.2,,unknown,2025-12-15,2026-09-03,2026-10-01
4394,660.0,4.2,64505200,64505200,97250,2,2,9,0.2,7.8,very thin,2025-12-15,2026-09-16,2026-10-01
4395,563.0,5.5,49656600,49656600,88200,1,1,0,0.2,10.1,very thin,2025-12-15,2026-09-16,2026-10-01
4396,1368.0,23.5,,,,0,0,0,0.2,,unknown,2025-12-15,2026-08-25,2026-10-01
4397,399.0,6.4,15960000,15960000,40000,1,1,0,0.2,31.3,very thin,2025-12-15,2026-09-08,2026-10-01
4398,1297.0,5.7,,,,0,0,0,0.2,,unknown,2026-04-27,2026-09-04,2026-10-01
4401,4612.0,450.9,1167367500,1167367500,253500,19,19,24,0.2,0.43,adequate,2025-12-15,2026-10-01,2026-10-01
4403,2549.5,576.6,2367489900,2367489900,919000,19,19,24,0.2,0.21,adequate,2025-12-15,2026-10-01,2026-10-01
4404,2219.0,22.4,39054400,39054400,17600,1,1,0,0.2,12.8,very thin,2025-12-15,2026-09-24,2026-10-01
4406,239.0,9.3,65352200,65352200,274500,4,4,23,0.2,7.7,very thin,2025-12-15,2026-10-01,2026-10-01
4409,892.0,16.4,8933900,8933900,10200,2,2,13,0.2,56.0,very thin,2025-12-15,2026-09-29,2026-10-01
4410,1157.0,25.2,,,,0,0,0,0.2,,unknown,2025-12-15,2026-08-18,2026-10-01
4412,1460.0,10.0,34843200,34843200,23800,2,2,1,0.2,14.4,very thin,2025-12-15,2026-10-01,2026-10-01
4413,2964.0,92.5,,,,0,0,0,0.2,,unknown,2025-12-15,2026-09-04,2026-10-01
4414,1152.0,5.5,14453350,14453350,12950,2,2,23,0.2,34.6,very thin,2025-12-15,2026-10-01,2026-10-01
4415,1404.0,8.5,,,,0,0,0,0.2,,unknown,2025-12-15,2026-09-02,2026-10-01
4416,406.0,2.0,527800,527800,1300,1,1,0,0.2,947.3,very thin,2025-12-15,2026-09-29,2026-10-01
4417,5300.0,,365700000,365700000,69000,1,1,0,0.2,1.4,thin,2025-12-15,2026-09-15,2026-10-01
4418,1131.0,9.9,207971700,207971700,187300,6,6,23,0.2,2.4,thin,2025-12-15,2026-10-01,2026-10-01
4419,1386.0,82.9,369669950,369669950,267800,2,2,12,0.2,1.4,thin,2025-12-15,2026-09-28,2026-10-01
4420,824.0,16.2,250672600,250672600,305200,2,2,3,0.2,2.0,thin,2025-12-15,2026-09-18,2026-10-01
4421,937.0,2.6,,,,0,0,0,0.2,,unknown,2025-12-15,2026-08-20,2026-10-01
4422,498.0,4.7,11055600,11055600,22200,1,1,0,0.2,45.2,very thin,2026-06-15,2026-10-01,2026-10-01
4424,327.0,1.5,16807800,16807800,51400,1,1,0,0.2,29.7,very thin,2025-12-15,2026-09-10,2026-10-01
4425,1454.0,15.8,196543800,196543800,137200,2,2,5,0.2,2.5,very thin,2025-12-15,2026-09-21,2026-10-01
4426,163.0,0.3,,,,0,0,0,0.2,,unknown,2026-04-27,2026-09-11,2026-10-01
4427,228.0,2.1,4359200,4359200,19200,2,2,20,0.2,114.7,very thin,2025-12-15,2026-09-29,2026-10-01
4428,705.0,4.4,775500,775500,1100,1,1,0,0.2,644.7,very thin,2025-12-15,2026-09-08,2026-10-01
4429,737.0,3.1,2063600,2063600,2800,1,1,0,0.2,242.3,very thin,2025-12-15,2026-09-25,2026-10-01
4430,1741.0,8.3,12448150,12448150,7150,2,2,8,0.2,40.2,very thin,2025-12-15,2026-09-24,2026-10-01
4431,3430.0,66.2,,,,0,0,0,0.2,,unknown,2026-01-26,2026-08-27,2026-10-01
4432,3345.0,115.9,293920000,293920000,88000,19,19,24,0.2,1.7,thin,2025-12-15,2026-10-01,2026-10-01
4433,844.0,15.3,45744800,45744800,54200,1,1,0,0.2,10.9,very thin,2025-12-15,2026-09-08,2026-10-01
4434,2461.0,15.7,64601250,64601250,26250,2,2,6,0.2,7.7,very thin,2025-12-15,2026-09-28,2026-10-01
4436,420.0,6.5,5208000,5208000,12400,1,1,0,0.2,96.0,very thin,2025-12-15,2026-09-16,2026-10-01
4437,720.0,5.4,2994600,2994600,4200,3,3,15,0.2,167.0,very thin,2025-12-15,2026-10-01,2026-10-01
4438,259.0,2.0,,,,0,0,0,0.2,,unknown,2025-12-15,2026-08-18,2026-10-01
4439,829.0,23.8,2795400,2795400,3500,4,4,18,0.2,178.9,very thin,2025-12-15,2026-09-25,2026-10-01
4440,1184.0,4.6,,,,0,0,0,0.2,,unknown,2025-12-15,2026-08-18,2026-10-01
4441,1482.0,15.0,33913600,33913600,22400,3,3,2,0.2,14.7,very thin,2026-04-27,2026-09-16,2026-10-01
4442,414.0,8.0,23316000,23316000,56700,2,2,15,0.2,21.4,very thin,2025-12-15,2026-10-01,2026-10-01
4443,2050.0,258.2,2511045000,2511045000,1224900,19,19,24,0.2,0.2,adequate,2025-12-15,2026-10-01,2026-10-01
4444,946.0,1.9,1513600,1513600,1600,1,1,0,0.2,330.3,very thin,2025-12-15,2026-09-08,2026-10-01
4445,1821.0,4.4,,,,0,0,0,0.2,,unknown,2025-12-15,2026-08-14,2026-10-01
4446,795.0,9.4,180719250,180719250,226650,2,2,15,0.2,2.8,very thin,2026-04-17,2026-09-23,2026-10-01
4447,499.0,2.6,4455500,4455500,8900,2,2,14,0.2,112.2,very thin,2025-12-15,2026-09-21,2026-10-01
4448,372.0,11.3,27490800,27490800,73900,1,1,0,0.2,18.2,very thin,2026-04-21,2026-09-25,2026-10-01
4449,1004.0,29.6,,,,0,0,0,0.2,,unknown,2025-12-15,2026-07-24,2026-10-01
4450,2388.0,7.0,12734500,12734500,5350,2,2,17,0.2,39.3,very thin,2025-12-15,2026-10-01,2026-10-01
4452,3482.0,3178.4,7988317000,7988317000,2292200,19,19,24,0.2,0.06,deep,2025-12-15,2026-10-01,2026-10-01
4461,12130.0,162.1,2745019000,2745019000,226300,1,1,0,0.2,0.18,adequate,2025-12-15,2026-09-08,2026-10-01
4462,2877.0,43.0,69048000,69048000,24000,1,1,0,0.2,7.2,very thin,2025-12-15,2026-09-08,2026-10-01
4463,2005.0,28.2,32729400,32729400,17100,5,5,20,0.2,15.3,very thin,2025-12-15,2026-09-28,2026-10-01
4464,3465.0,77.7,1386000,1386000,400,1,1,0,0.2,360.8,very thin,2025-12-15,2026-09-08,2026-10-01
4465,2435.0,12.9,6155000,6155000,2500,3,3,14,0.2,81.2,very thin,2025-12-15,2026-09-23,2026-10-01
4471,1653.0,144.3,626850000,626850000,105000,19,19,24,0.2,0.8,thin,2025-12-15,2026-10-01,2026-10-01
4475,1786.0,47.1,890869800,890869800,532800,4,4,23,0.2,0.56,thin,2025-12-15,2026-10-01,2026-10-01
4476,1087.0,3.8,16522400,16522400,15200,1,1,0,0.2,30.3,very thin,2025-12-15,2026-09-08,2026-10-01
4477,336.0,32.4,296991300,296991300,879550,2,2,8,0.2,1.7,thin,2025-12-15,2026-09-16,2026-10-01
4478,3820.0,111.2,2523874000,2523874000,660700,1,1,0,0.2,0.2,adequate,2025-12-15,2026-09-07,2026-10-01
4479,943.0,12.0,24046500,24046500,25500,1,1,0,0.2,20.8,very thin,2025-12-15,2026-09-11,2026-10-01
4480,2323.0,71.0,547970500,547970500,236500,19,19,24,0.2,0.91,thin,2025-12-15,2026-10-01,2026-10-01
4481,3200.0,58.3,137600000,137600000,43000,3,3,16,0.2,3.6,very thin,2025-12-15,2026-09-24,2026-10-01
4482,746.0,14.9,5809800,5809800,7800,2,2,20,0.2,86.1,very thin,2025-12-15,2026-09-28,2026-10-01
4483,3720.0,235.9,888652500,888652500,252100,19,19,24,0.2,0.56,thin,2025-12-15,2026-10-01,2026-10-01
4484,302.0,4.8,4336200,4336200,14600,3,3,20,0.2,115.3,very thin,2025-12-15,2026-09-28,2026-10-01
4486,691.0,5.0,4815100,4815100,7000,2,2,5,0.2,103.8,very thin,2025-12-15,2026-09-28,2026-10-01
4487,226.0,,,,,0,0,0,0.2,,unknown,2025-12-15,2026-08-18,2026-10-01
4488,2153.0,8.5,,,,0,0,0,0.2,,unknown,2025-12-15,2026-08-27,2026-10-01
4490,680.0,6.2,4801050,4801050,7150,2,2,10,0.2,104.1,very thin,2026-04-16,2026-10-01,2026-10-01
4491,3275.0,6.5,,,,0,0,0,0.2,,unknown,2025-12-15,2026-09-02,2026-10-01
4492,398.0,,3184000,3184000,8000,1,1,0,0.2,157.0,very thin,2025-12-15,2026-09-17,2026-10-01
4493,1965.0,17.8,401479500,401479500,206450,2,2,7,0.2,1.2,thin,2025-12-15,2026-09-23,2026-10-01
4494,680.0,3.0,,,,0,0,0,0.2,,unknown,2025-12-15,2026-07-02,2026-10-01
4495,2048.0,9.8,19046400,19046400,9300,1,1,0,0.2,26.3,very thin,2025-12-15,2026-09-14,2026-10-01
4496,775.0,5.2,2325000,2325000,3000,1,1,0,0.2,215.1,very thin,2025-12-15,2026-09-22,2026-10-01
4498,1287.0,21.1,,,,0,0,0,0.2,,unknown,2025-12-15,2026-09-04,2026-10-01
4499,2330.0,26.1,157072700,157072700,69750,2,2,2,0.2,3.2,very thin,2025-12-15,2026-10-01,2026-10-01
4502,5731.0,9531.0,27587703000,27587703000,4665400,19,19,24,0.2,0.02,deep,2025-12-15,2026-10-01,2026-10-01
4503,2310.5,4301.4,12214649600,12214649600,5484800,19,19,24,0.2,0.04,deep,2025-12-15,2026-10-01,2026-10-01
4506,1635.0,715.5,5790337200,5790337200,3597600,19,19,24,0.2,0.09,deep,2025-12-15,2026-10-01,2026-10-01
4507,2852.0,2500.2,7848366750,7848366750,2690100,19,19,24,0.2,0.06,deep,2025-12-15,2026-10-01,2026-10-01
4512,300.0,9.4,9151600,9151600,30750,2,2,8,0.2,54.6,very thin,2025-12-15,2026-09-16,2026-10-01
4516,3497.0,236.5,1009364800,1009364800,294700,19,19,24,0.2,0.5,adequate,2025-12-15,2026-10-01,2026-10-01
4519,6175.0,10888.4,16702140000,16702140000,2511600,19,19,24,0.2,0.03,deep,2025-12-15,2026-10-01,2026-10-01
4521,3835.0,150.2,384915000,384915000,100500,19,19,24,0.2,1.3,thin,2025-12-15,2026-10-01,2026-10-01
4523,4833.0,1398.5,5877007800,5877007800,1198900,19,19,24,0.2,0.09,deep,2025-12-15,2026-10-01,2026-10-01
4524,2244.0,9.2,2692800,2692800,1200,1,1,0,0.2,185.7,very thin,2025-12-15,2026-09-08,2026-10-01
4526,3340.0,97.0,278277000,278277000,85100,3,3,20,0.2,1.8,thin,2025-12-15,2026-09-28,2026-10-01
4527,2820.0,636.2,2563410700,2563410700,920600,19,19,24,0.2,0.2,adequate,2025-12-15,2026-10-01,2026-10-01
4528,2333.0,1147.5,2965176200,2965176200,1240400,19,19,24,0.2,0.17,adequate,2025-12-15,2026-10-01,2026-10-01
4530,6040.0,,,,,0,0,0,0.2,,unknown,2025-12-15,2026-05-05,2026-10-01
4531,367.0,7.6,7266600,7266600,19800,1,1,0,0.2,68.8,very thin,2026-04-14,2026-10-01,2026-10-01
4534,3185.0,116.1,149438750,149438750,46150,2,2,5,0.2,3.3,very thin,2025-12-15,2026-09-29,2026-10-01
4536,1694.5,561.6,2018441500,2018441500,1156700,19,19,24,0.2,0.25,adequate,2025-12-15,2026-10-01,2026-10-01
4538,2265.0,18.8,24405100,24405100,10900,3,3,13,0.2,20.5,very thin,2025-12-15,2026-09-21,2026-10-01
4539,1544.0,6.1,4940800,4940800,3200,1,1,0,0.2,101.2,very thin,2025-12-15,2026-09-23,2026-10-01
4540,3749.0,289.1,2025463200,2025463200,541900,19,19,24,0.2,0.25,adequate,2025-12-15,2026-10-01,2026-10-01
4543,2351.5,3387.6,9658776000,9658776000,4321600,19,19,24,0.2,0.05,deep,2025-12-15,2026-10-01,2026-10-01
4544,3533.0,196.6,780793000,780793000,221000,19,19,24,0.2,0.64,thin,2025-12-15,2026-10-01,2026-10-01
4547,3830.0,167.6,208260000,208260000,52000,19,19,24,0.2,2.4,thin,2025-12-15,2026-10-01,2026-10-01
4548,704.0,39.6,122073600,122073600,173400,1,1,0,0.2,4.1,very thin,2025-12-15,2026-09-08,2026-10-01
4549,2307.0,78.8,256388900,256388900,112600,19,19,24,0.2,2.0,thin,2025-12-15,2026-10-01,2026-10-01
4552,502.0,62.8,211473500,211473500,407700,19,19,24,0.2,2.4,thin,2025-12-15,2026-10-01,2026-10-01
4553,3570.0,182.6,385920000,385920000,109000,19,19,24,0.2,1.3,thin,2025-12-15,2026-10-01,2026-10-01
4554,1764.0,59.9,153321200,153321200,87100,2,2,17,0.2,3.3,very thin,2025-10-16,2026-10-01,2026-10-01
4556,2270.0,,,,,0,0,0,0.2,,unknown,2025-12-15,2026-04-30,2026-10-01
4558,200.0,2.1,1263150,1263150,6300,4,4,16,0.2,395.8,very thin,2026-04-27,2026-09-30,2026-10-01
4559,1951.0,89.7,263349000,263349000,130500,19,19,24,0.2,1.9,thin,2025-12-15,2026-10-01,2026-10-01
4563,36.0,15.6,24716700,24716700,673000,2,2,14,0.2,20.2,very thin,2025-12-15,2026-09-22,2026-10-01
4564,21.0,8.6,2911771800,2911771800,138655800,2,2,4,0.2,0.17,adequate,2025-12-15,2026-09-28,2026-10-01
4565,1264.0,115.1,1234184700,1234184700,974100,19,19,24,0.2,0.41,adequate,2025-12-15,2026-10-01,2026-10-01
4568,2740.5,5329.8,17576573850,17576573850,5951100,19,19,24,0.2,0.03,deep,2025-12-15,2026-10-01,2026-10-01
4569,1098.0,65.5,221905800,221905800,202100,19,19,24,0.2,2.3,thin,2025-12-15,2026-10-01,2026-10-01
4570,1152.0,9.9,214732800,214732800,186400,1,1,0,0.2,2.3,thin,2025-12-15,2026-09-09,2026-10-01
4571,104.0,8.8,,,,0,0,0,0.2,,unknown,2025-12-15,2026-08-28,2026-10-01
4572,455.0,6.8,36900650,36900650,83100,2,2,12,0.2,13.5,very thin,2025-12-15,2026-09-28,2026-10-01
4574,255.0,12.8,,,,0,0,0,0.2,,unknown,2025-12-15,2026-09-04,2026-10-01
4575,719.0,14.9,142831100,142831100,189700,2,2,8,0.2,3.5,very thin,2025-12-15,2026-09-16,2026-10-01
4576,87.0,5.0,,,,0,0,0,0.2,,unknown,2025-12-15,2026-09-04,2026-10-01
4577,1306.0,36.9,91560900,91560900,71100,4,4,23,0.2,5.5,very thin,2025-12-15,2026-10-01,2026-10-01
4578,11465.0,5854.6,13961319500,13961319500,1231700,19,19,24,0.2,0.04,deep,2025-12-15,2026-10-01,2026-10-01
4579,594.0,14.1,54454800,54454800,94800,2,2,11,0.2,9.2,very thin,2025-12-15,2026-09-22,2026-10-01
4582,66.0,5.1,,,,0,0,0,0.2,,unknown,2025-12-15,2026-08-20,2026-10-01
4583,88.0,6.9,129324800,129324800,1469600,1,1,0,0.2,3.9,very thin,2025-12-15,2026-09-16,2026-10-01
4584,168.0,9.0,52012800,52012800,309600,1,1,0,0.2,9.6,very thin,2025-11-07,2026-09-09,2026-10-01
4586,60.0,3.9,29101900,29101900,489350,2,2,5,0.2,17.2,very thin,2025-12-15,2026-09-16,2026-10-01
4587,1133.0,137.4,731234350,731234350,694100,19,19,24,0.2,0.68,thin,2025-12-15,2026-10-01,2026-10-01
4588,6390.0,68.8,13564053000,13564053000,2122700,1,1,0,0.2,0.04,deep,2025-12-15,2026-09-15,2026-10-01
4591,76.0,4.3,38834550,38834550,488850,4,4,20,0.2,12.9,very thin,2025-12-15,2026-09-28,2026-10-01
4592,1032.0,77.4,,,,0,0,0,0.2,,unknown,2026-04-21,2026-08-31,2026-10-01
4593,288.0,33.2,450547200,450547200,1584850,2,2,8,0.2,1.1,thin,2025-12-15,2026-09-16,2026-10-01
4594,51.0,7.1,,,,0,0,0,0.2,,unknown,2025-12-15,2026-09-04,2026-10-01
4595,1745.0,32.8,92186150,92186150,53450,2,2,13,0.2,5.4,very thin,2025-12-15,2026-09-21,2026-10-01
4596,64.0,10.4,,,,0,0,0,0.2,,unknown,2026-04-22,2026-09-04,2026-10-01
4597,31.0,8.2,1904664900,1904664900,65678100,3,3,13,0.2,0.26,adequate,2025-12-15,2026-09-21,2026-10-01
4598,114.0,1.6,58048800,58048800,509200,1,1,0,0.2,8.6,very thin,2025-12-15,2026-09-21,2026-10-01
4599,170.0,19.0,74681000,74681000,439300,1,1,0,0.2,6.7,very thin,2026-04-20,2026-10-01,2026-10-01
4611,1593.0,41.2,101155500,101155500,63500,1,1,0,0.2,4.9,very thin,2025-12-15,2026-09-25,2026-10-01
4612,1180.0,2735.8,3167239400,3167239400,2828900,19,19,24,0.2,0.16,adequate,2025-12-15,2026-10-01,2026-10-01
4613,2813.5,508.2,2824031250,2824031250,1004100,19,19,24,0.2,0.18,adequate,2025-12-15,2026-10-01,2026-10-01
4615,132.0,4.4,,,,0,0,0,0.2,,unknown,2025-12-15,2026-08-25,2026-10-01
4616,2471.0,1.8,2965200,2965200,1200,1,1,0,0.2,168.6,very thin,2025-12-15,2026-09-23,2026-10-01
4617,3660.0,177.8,521766000,521766000,147600,19,19,24,0.2,0.96,thin,2025-12-15,2026-10-01,2026-10-01
4619,2698.0,57.4,89001000,89001000,33000,2,2,10,0.2,5.6,very thin,2025-12-15,2026-09-28,2026-10-01
4620,939.0,26.4,,,,0,0,0,0.2,,unknown,2025-12-15,2026-08-24,2026-10-01
4623,1840.0,6.4,2440100,2440100,1300,3,3,20,0.2,204.9,very thin,2025-12-15,2026-09-29,2026-10-01
4624,3950.0,,2017000,2017000,500,2,2,3,0.2,247.9,very thin,2025-12-15,2026-10-01,2026-10-01
4625,878.0,4.3,9412900,9412900,10750,2,2,7,0.2,53.1,very thin,2025-12-15,2026-09-28,2026-10-01
4626,4828.0,531.9,1286272800,1286272800,272400,19,19,24,0.2,0.39,adequate,2025-12-15,2026-10-01,2026-10-01
4627,1965.0,13.6,11790000,11790000,6000,1,1,0,0.2,42.4,very thin,2026-05-04,2026-09-25,2026-10-01
4628,10170.0,132.9,156550000,156550000,15500,3,3,23,0.2,3.2,very thin,2025-12-15,2026-10-01,2026-10-01
4629,2496.0,8.7,24893850,24893850,9700,2,2,1,0.2,20.1,very thin,2025-12-15,2026-09-16,2026-10-01
4631,4976.0,456.9,2724139500,2724139500,572900,19,19,24,0.2,0.18,adequate,2025-12-15,2026-10-01,2026-10-01
4633,2640.0,130.5,332700500,332700500,125500,19,19,24,0.2,1.5,thin,2026-04-14,2026-10-01,2026-10-01
4634,5100.0,240.6,637659000,637659000,124300,19,19,24,0.2,0.78,thin,2025-12-15,2026-10-01,2026-10-01
4635,2012.0,17.6,65390000,65390000,32500,1,1,0,0.2,7.6,very thin,2025-12-15,2026-09-29,2026-10-01
463A,1111.0,,,,,0,0,0,0.2,,unknown,2025-12-15,2026-04-09,2026-10-01
4641,866.0,50.6,60966400,60966400,70400,1,1,0,0.2,8.2,very thin,2025-12-15,2026-09-15,2026-10-01
4642,1409.0,8.5,,,,0,0,0,0.2,,unknown,2025-12-15,2026-09-04,2026-10-01
4644,1054.0,10.1,19721400,19721400,18700,2,2,12,0.2,25.4,very thin,2025-12-15,2026-09-28,2026-10-01
4645,445.0,3.5,479900,479900,1100,2,2,23,0.2,1041.9,very thin,2025-12-15,2026-10-01,2026-10-01
464A,2593.0,,,,,0,0,0,0.2,,unknown,2025-12-15,2026-04-09,2026-10-01
4650,270.0,2.4,540000,540000,2000,1,1,0,0.2,925.9,very thin,2025-11-29,2026-09-08,2026-10-01
4651,275.0,12.6,,,,0,0,0,0.2,,unknown,2025-12-15,2026-08-24,2026-10-01
4657,453.0,2.3,1611000,1611000,3500,2,2,9,0.2,310.4,very thin,2025-12-15,2026-09-17,2026-10-01
4658,1549.0,56.6,223596800,223596800,142600,3,3,23,0.2,2.2,thin,2025-12-15,2026-10-01,2026-10-01
4659,4425.0,,,,,0,0,0,0.2,,unknown,2026-01-26,2026-06-10,2026-10-01
4661,2882.0,4866.7,15004296200,15004296200,4998100,19,19,24,0.2,0.03,deep,2025-12-15,2026-10-01,2026-10-01
4662,1622.0,25.3,50266000,50266000,31100,2,2,15,0.2,9.9,very thin,2025-12-15,2026-10-01,2026-10-01
4664,1190.0,3.3,110467800,110467800,97200,2,2,1,0.2,4.5,very thin,2026-05-01,2026-09-09,2026-10-01
4665,4658.0,224.7,414460000,414460000,90100,19,19,24,0.2,1.2,thin,2025-12-15,2026-10-01,2026-10-01
4666,1844.5,343.8,1555285950,1555285950,781600,18,18,24,0.2,0.32,adequate,2026-01-26,2026-10-01,2026-10-01
4667,3260.0,17.5,1481645000,1481645000,434500,3,3,10,0.2,0.34,adequate,2026-04-16,2026-09-24,2026-10-01
4668,761.0,19.8,52356800,52356800,68800,1,1,0,0.2,9.5,very thin,2025-12-15,2026-09-28,2026-10-01
4671,2704.0,26.9,,,,0,0,0,0.2,,unknown,2025-12-15,2026-07-28,2026-10-01
4673,4810.0,4.2,,,,0,0,0,0.2,,unknown,2025-12-15,2026-08-25,2026-10-01
4674,1780.0,77.4,398008000,398008000,223600,1,1,0,0.2,1.3,thin,2025-12-15,2026-09-08,2026-10-01
4676,3920.0,580.8,2097509600,2097509600,514600,19,19,24,0.2,0.24,adequate,2025-12-15,2026-10-01,2026-10-01
4678,330.0,2.2,,,,0,0,0,0.2,,unknown,2025-12-15,2026-09-04,2026-10-01
4679,266.0,1.9,505400,505400,1900,1,1,0,0.2,989.3,very thin,2025-12-15,2026-09-07,2026-10-01
4680,1276.5,312.2,2432601600,2432601600,1998100,19,19,24,0.2,0.21,adequate,2025-12-15,2026-10-01,2026-10-01
4681,1759.5,379.6,577949600,577949600,323600,19,19,24,0.2,0.87,thin,2025-12-15,2026-10-01,2026-10-01
4684,5011.0,2173.2,8105500000,8105500000,1625000,19,19,24,0.2,0.06,deep,2025-12-15,2026-10-01,2026-10-01
4685,2750.0,35.3,48125000,48125000,17500,1,1,0,0.2,10.4,very thin,2025-12-15,2026-10-01,2026-10-01
4686,4430.0,285.1,450116000,450116000,104800,19,19,24,0.2,1.1,thin,2025-12-15,2026-10-01,2026-10-01
4687,1045.0,48.7,90879300,90879300,87700,2,2,9,0.2,5.5,very thin,2025-11-29,2026-09-18,2026-10-01
4689,506.9,3514.1,9364093234,9364093234,16929900,19,19,24,0.2,0.05,deep,2025-12-15,2026-10-01,2026-10-01
4690,2500.0,,,,,0,0,0,0.2,,unknown,2025-12-15,2026-04-09,2026-10-01
4691,2008.0,27.3,,,,0,0,0,0.2,,unknown,2025-12-15,2026-08-19,2026-10-01
4694,3645.0,138.7,198724500,198724500,55900,19,19,24,0.2,2.5,very thin,2025-12-15,2026-10-01,2026-10-01
469A,2435.0,,,,,0,0,0,0.2,,unknown,2025-12-15,2026-04-09,2026-10-01
4704,6671.0,849.0,7741605000,7741605000,1180800,19,19,24,0.2,0.06,deep,2025-12-15,2026-10-01,2026-10-01
4705,780.0,2.8,706500,706500,900,2,2,21,0.2,707.7,very thin,2025-12-15,2026-09-29,2026-10-01
4707,327.0,1.8,,,,0,0,0,0.2,,unknown,2026-04-14,2026-07-31,2026-10-01
4709,1059.0,36.7,48078600,48078600,45400,1,1,0,0.2,10.4,very thin,2025-12-15,2026-09-07,2026-10-01
4712,750.0,15.1,,,,0,0,0,0.2,,unknown,2025-12-15,2026-08-06,2026-10-01
4714,214.0,35.2,137788200,137788200,649900,2,2,20,0.2,3.6,very thin,2025-12-15,2026-09-28,2026-10-01
4716,9682.0,1267.5,2618213500,2618213500,286300,19,19,24,0.2,0.19,adequate,2025-12-15,2026-10-01,2026-10-01
4718,2470.0,42.3,81822000,81822000,32750,2,2,9,0.2,6.1,very thin,2025-12-15,2026-09-25,2026-10-01
4719,3315.0,47.0,31824000,31824000,9600,1,1,0,0.2,15.7,very thin,2025-12-15,2026-09-24,2026-10-01
471A,1693.0,,,,,0,0,0,0.2,,unknown,2025-12-16,2026-04-09,2026-10-01
4720,242.0,1.9,,,,0,0,0,0.2,,unknown,2025-12-15,2026-08-26,2026-10-01
4722,2426.0,215.0,1586552000,1586552000,655600,19,19,24,0.2,0.32,adequate,2025-12-15,2026-10-01,2026-10-01
4725,1922.0,31.8,78705900,78705900,40950,2,2,1,0.2,6.4,very thin,2025-12-15,2026-09-10,2026-10-01
4728,648.0,4.8,2458600,2458600,3800,5,5,23,0.2,203.4,very thin,2025-12-15,2026-10-01,2026-10-01
472A,510.0,,,,,0,0,0,0.2,,unknown,2025-12-18,2026-04-09,2026-10-01
4732,1831.0,851.3,2242392400,2242392400,1176800,19,19,24,0.2,0.22,adequate,2025-12-15,2026-10-01,2026-10-01
4733,8140.0,621.0,1305703200,1305703200,157200,19,19,24,0.2,0.38,adequate,2025-12-15,2026-10-01,2026-10-01
4735,303.0,,,,,0,0,0,0.2,,unknown,2025-12-15,2026-08-25,2026-10-01
4736,576.0,3.1,1209600,1209600,2100,1,1,0,0.2,413.4,very thin,2025-12-15,2026-09-24,2026-10-01
4743,1600.0,42.3,147531200,147531200,92150,2,2,3,0.2,3.4,very thin,2025-12-15,2026-09-11,2026-10-01
4746,1947.0,118.7,323479000,323479000,44350,4,4,23,0.2,1.5,thin,2025-12-15,2026-10-01,2026-10-01
4750,576.0,3.6,,,,0,0,0,0.2,,unknown,2026-04-17,2026-08-24,2026-10-01
4751,1238.5,633.6,5394377250,5394377250,4429300,19,19,24,0.2,0.09,deep,2025-11-07,2026-10-01,2026-10-01
4752,1593.0,6.8,,,,0,0,0,0.2,,unknown,2025-12-15,2026-08-26,2026-10-01
4754,1528.0,7.1,1575000,1575000,1050,3,3,23,0.2,317.5,very thin,2025-12-15,2026-10-01,2026-10-01
4755,681.7,1484.2,9868802656,9868802656,13448900,19,19,24,0.2,0.05,deep,2026-04-14,2026-10-01,2026-10-01
475A,1007.0,,,,,0,0,0,0.2,,unknown,2025-12-19,2026-04-09,2026-10-01
4760,1210.0,1.4,7260000,7260000,6000,1,1,0,0.2,68.9,very thin,2025-12-15,2026-09-22,2026-10-01
4761,1479.0,16.1,10353000,10353000,7000,1,1,0,0.2,48.3,very thin,2025-12-15,2026-09-16,2026-10-01
4762,1083.0,9.1,6172200,6172200,3750,4,4,20,0.2,81.0,very thin,2025-12-15,2026-10-01,2026-10-01
4763,1520.0,31.7,54200100,54200100,36350,2,2,21,0.2,9.2,very thin,2025-12-15,2026-09-29,2026-10-01
4765,648.0,89.7,,,,0,0,0,0.2,,unknown,2025-12-15,2026-08-28,2026-10-01
4766,205.0,2.2,1291500,1291500,6300,1,1,0,0.2,387.1,very thin,2025-12-15,2026-09-18,2026-10-01
4767,398.0,16.1,53726850,53726850,138600,4,4,22,0.2,9.3,very thin,2025-12-15,2026-10-01,2026-10-01
4768,3674.0,1388.6,3908621400,3908621400,1108200,19,19,24,0.2,0.13,adequate,2025-12-15,2026-10-01,2026-10-01
4769,1126.0,8.6,847350,847350,750,2,2,3,0.2,590.1,very thin,2025-12-15,2026-10-01,2026-10-01
476A,1671.0,,,,,0,0,0,0.2,,unknown,2025-12-19,2026-04-09,2026-10-01
4771,2652.0,41.9,36469400,36469400,13700,3,3,21,0.2,13.7,very thin,2025-12-15,2026-10-01,2026-10-01
4772,72.0,7.9,4323600,4323600,60050,2,2,13,0.2,115.6,very thin,2025-12-15,2026-09-22,2026-10-01
4776,2992.0,135.8,597476000,597476000,194400,19,19,24,0.2,0.84,thin,2025-12-15,2026-10-01,2026-10-01
4777,199.0,5.6,6686400,6686400,33600,3,3,13,0.2,74.8,very thin,2025-12-15,2026-09-21,2026-10-01
477A,544.0,,,,,0,0,0,0.2,,unknown,2025-12-22,2026-04-09,2026-10-01
4783,2649.0,19.7,33907200,33907200,12800,1,1,0,0.2,14.7,very thin,2025-12-15,2026-09-16,2026-10-01
4784,536.0,173.1,,,,0,0,0,0.2,,unknown,2025-12-15,2026-09-03,2026-10-01
478A,749.0,,,,,0,0,0,0.2,,unknown,2025-12-24,2026-04-09,2026-10-01
4792,1771.0,31.8,30638300,30638300,17300,1,1,0,0.2,16.3,very thin,2025-12-15,2026-09-14,2026-10-01
479A,1352.0,,,,,0,0,0,0.2,,unknown,2025-12-24,2026-04-09,2026-10-01
4800,1359.0,17.4,29123650,29123650,21450,2,2,15,0.2,17.2,very thin,2025-12-15,2026-09-24,2026-10-01
4801,2433.0,26.9,25789800,25789800,10600,1,1,0,0.2,19.4,very thin,2025-12-15,2026-09-08,2026-10-01
4809,1994.0,20.5,32756400,32756400,16200,3,3,21,0.2,15.3,very thin,2025-12-15,2026-10-01,2026-10-01
480A,1174.0,,,,,0,0,0,0.2,,unknown,2025-12-25,2026-04-09,2026-10-01
4811,885.0,10.4,11859000,11859000,13400,1,1,0,0.2,42.2,very thin,2025-12-15,2026-09-09,2026-10-01
4812,2862.0,558.2,1907689000,1907689000,664700,19,19,24,0.2,0.26,adequate,2026-04-29,2026-10-01,2026-10-01
4813,410.0,15.1,159952000,159952000,384500,3,3,20,0.2,3.1,very thin,2026-04-20,2026-09-28,2026-10-01
4814,166.0,2.0,15834600,15834600,92600,3,3,20,0.2,31.6,very thin,2025-12-15,2026-09-28,2026-10-01
4816,2966.0,608.4,1168080000,1168080000,376800,19,19,24,0.2,0.43,adequate,2025-12-15,2026-10-01,2026-10-01
4819,2421.0,111.0,709512000,709512000,296000,19,19,24,0.2,0.7,thin,2025-12-15,2026-10-01,2026-10-01
4820,596.0,37.7,51128000,51128000,86100,3,3,17,0.2,9.8,very thin,2025-12-15,2026-09-25,2026-10-01
4825,1974.0,89.0,298988800,298988800,150700,19,19,24,0.2,1.7,thin,2025-12-15,2026-10-01,2026-10-01
4826,540.0,28.0,101025400,101025400,190250,2,2,7,0.2,4.9,very thin,2025-12-15,2026-09-15,2026-10-01
4828,1416.0,71.6,,,,0,0,0,0.2,,unknown,2025-12-15,2026-09-03,2026-10-01
4829,108.0,4.1,16354500,16354500,152200,2,2,8,0.2,30.6,very thin,2025-12-15,2026-09-25,2026-10-01
4832,1934.0,59.9,43128200,43128200,22300,1,1,0,0.2,11.6,very thin,2025-12-15,2026-09-07,2026-10-01
4833,69.0,3.6,,,,0,0,0,0.2,,unknown,2025-12-15,2026-08-24,2026-10-01
4838,692.0,10.7,14947200,14947200,21600,1,1,0,0.2,33.5,very thin,2025-12-15,2026-09-08,2026-10-01
4839,965.0,28.9,79340800,79340800,78400,3,3,23,0.2,6.3,very thin,2025-12-15,2026-10-01,2026-10-01
483A,2095.0,,,,,0,0,0,0.2,,unknown,2025-12-23,2026-04-09,2026-10-01
4840,541.0,4.6,,,,0,0,0,0.2,,unknown,2025-12-15,2026-08-18,2026-10-01
4845,350.0,5.7,9135000,9135000,26100,1,1,0,0.2,54.7,very thin,2025-12-15,2026-09-28,2026-10-01
4847,1479.0,34.5,132563600,132563600,96200,3,3,21,0.2,3.8,very thin,2025-12-15,2026-09-29,2026-10-01
4848,1655.0,,,,,0,0,0,0.2,,unknown,2025-12-15,2026-08-06,2026-10-01
4849,1740.0,65.2,639950700,639950700,369700,19,19,24,0.2,0.78,thin,2025-12-15,2026-10-01,2026-10-01
485A,6700.0,,,,,0,0,0,0.2,,unknown,2025-12-19,2026-04-09,2026-10-01
4875,239.0,11.8,,,,0,0,0,0.2,,unknown,2026-04-14,2026-09-04,2026-10-01
4880,326.0,7.1,17876600,17876600,54500,2,2,7,0.2,28.0,very thin,2026-04-23,2026-09-15,2026-10-01
4881,49.0,,,,,0,0,0,0.2,,unknown,2025-12-15,2026-08-24,2026-10-01
4882,145.0,2.5,,,,0,0,0,0.2,,unknown,2025-12-15,2026-08-18,2026-10-01
4883,31.0,3.2,13128500,13128500,423500,1,1,0,0.2,38.1,very thin,2025-12-15,2026-09-30,2026-10-01
4884,458.0,2.6,28275800,28275800,62900,2,2,1,0.2,17.7,very thin,2025-12-15,2026-09-17,2026-10-01
4885,908.0,3.6,,,,0,0,0,0.2,,unknown,2025-12-15,2026-08-25,2026-10-01
4886,2227.0,57.1,,,,0,0,0,0.2,,unknown,2026-04-30,2026-08-20,2026-10-01
4887,1606.5,192.5,1044217200,1044217200,642600,19,19,24,0.2,0.48,adequate,2025-12-15,2026-10-01,2026-10-01
4888,415.0,15.4,195888000,195888000,461300,5,5,21,0.2,2.6,very thin,2025-12-15,2026-09-29,2026-10-01
4889,1171.0,20.9,199889700,199889700,170700,1,1,0,0.2,2.5,very thin,2025-12-15,2026-09-29,2026-10-01
4890,279.0,5.7,,,,0,0,0,0.2,,unknown,2025-12-15,2026-08-18,2026-10-01
4891,134.0,4.9,91507300,91507300,716950,2,2,11,0.2,5.5,very thin,2025-12-15,2026-09-25,2026-10-01
4892,570.0,5.3,,,,0,0,0,0.2,,unknown,2025-12-15,2026-08-20,2026-10-01
4893,141.0,6.0,12097800,12097800,85800,1,1,0,0.2,41.3,very thin,2025-12-15,2026-09-10,2026-10-01
4894,5370.0,44.4,,,,0,0,0,0.2,,unknown,2025-12-15,2026-09-04,2026-10-01
4896,813.0,8.2,11544600,11544600,14200,1,1,0,0.2,43.3,very thin,2025-12-15,2026-09-15,2026-10-01
4901,3393.0,4125.0,11562754000,11562754000,3474200,19,19,24,0.2,0.04,deep,2025-12-15,2026-10-01,2026-10-01
4902,674.2,331.5,2633705024,2633705024,4265800,19,19,24,0.2,0.19,adequate,2025-12-15,2026-10-01,2026-10-01
4911,3408.0,1398.7,7989800000,7989800000,2282800,19,19,24,0.2,0.06,deep,2025-12-15,2026-10-01,2026-10-01
4912,1740.0,478.8,1719816000,1719816000,988400,19,19,24,0.2,0.29,adequate,2025-12-15,2026-10-01,2026-10-01
4914,1286.0,130.2,179407800,179407800,139400,19,19,24,0.2,2.8,very thin,2025-12-15,2026-10-01,2026-10-01
4917,3085.0,,,,,0,0,0,0.2,,unknown,2026-04-16,2026-05-20,2026-10-01
4918,297.0,1.7,2583900,2583900,8700,1,1,0,0.2,193.5,very thin,2025-12-15,2026-09-09,2026-10-01
4919,3290.0,103.7,427990500,427990500,132300,19,19,24,0.2,1.2,thin,2025-12-15,2026-10-01,2026-10-01
4920,1137.0,2.4,455200,455200,400,3,3,8,0.2,1098.4,very thin,2025-12-15,2026-09-24,2026-10-01
4922,5479.0,324.4,1474389000,1474389000,261000,19,19,24,0.2,0.34,adequate,2025-12-15,2026-10-01,2026-10-01
4923,1222.0,35.6,35682400,35682400,29200,2,2,4,0.2,14.0,very thin,2025-12-15,2026-09-22,2026-10-01
4925,1752.0,6.7,,,,0,0,0,0.2,,unknown,2025-12-15,2026-08-14,2026-10-01
4926,1250.0,5.2,1250000,1250000,1000,1,1,0,0.2,400.0,very thin,2025-12-15,2026-09-17,2026-10-01
4927,1367.0,307.6,645220800,645220800,472700,19,19,24,0.2,0.77,thin,2025-12-15,2026-10-01,2026-10-01
4928,4480.0,164.5,405483000,405483000,84300,19,19,24,0.2,1.2,thin,2025-12-15,2026-10-01,2026-10-01
4929,736.0,5.9,1913600,1913600,2600,3,3,22,0.2,261.3,very thin,2025-12-15,2026-10-01,2026-10-01
4931,2072.0,42.2,112509600,112509600,54300,1,1,0,0.2,4.4,very thin,2025-12-15,2026-09-17,2026-10-01
4932,815.0,7.1,12511250,12511250,15250,2,2,13,0.2,40.0,very thin,2025-12-15,2026-09-28,2026-10-01
4933,1477.0,21.5,,,,0,0,0,0.2,,unknown,2025-12-15,2026-08-25,2026-10-01
4934,609.0,5.3,5663700,5663700,9300,1,1,0,0.2,88.3,very thin,2026-05-11,2026-09-11,2026-10-01
4935,139.0,7.8,18056100,18056100,129900,1,1,0,0.2,27.7,very thin,2025-12-15,2026-09-16,2026-10-01
4936,308.0,7.0,18425000,18425000,59950,2,2,4,0.2,27.1,very thin,2026-05-01,2026-09-28,2026-10-01
4937,2150.0,5.2,,,,0,0,0,0.2,,unknown,2025-12-15,2026-08-12,2026-10-01
4951,1524.0,31.0,33070800,33070800,21700,1,1,0,0.2,15.1,very thin,2025-11-29,2026-09-16,2026-10-01
4956,1515.0,91.2,74600500,74600500,49900,3,3,8,0.2,6.7,very thin,2025-12-15,2026-09-17,2026-10-01
4957,1621974400.0,,,,,0,0,0,0.2,,unknown,2025-11-07,2026-01-26,2026-10-01
4958,3350.0,140.2,443205000,443205000,132300,19,19,24,0.2,1.1,thin,2025-12-15,2026-10-01,2026-10-01
4960,581.0,8.3,50768100,50768100,87700,2,2,12,0.2,9.8,very thin,2025-12-15,2026-09-29,2026-10-01
4966,21340.0,320.1,985400000,985400000,52000,19,19,24,0.2,0.51,thin,2025-12-15,2026-10-01,2026-10-01
4967,6989.0,511.8,1180234800,1180234800,199600,19,19,24,0.2,0.42,adequate,2025-12-15,2026-10-01,2026-10-01
4968,2418.0,29.5,405215100,405215100,175450,2,2,12,0.2,1.2,thin,2025-12-15,2026-09-28,2026-10-01
4970,12510.0,107.5,,,,0,0,0,0.2,,unknown,2025-12-15,2026-08-14,2026-10-01
4971,7140.0,122.9,2116926000,2116926000,333900,19,19,24,0.2,0.24,adequate,2025-12-15,2026-10-01,2026-10-01
4972,3850.0,67.0,224070000,224070000,58200,1,1,0,0.2,2.2,thin,2025-12-15,2026-09-10,2026-10-01
4973,4905.0,31.7,298224000,298224000,60800,3,3,20,0.2,1.7,thin,2025-12-15,2026-09-28,2026-10-01
4974,1143.0,137.6,,,,0,0,0,0.2,,unknown,2025-12-15,2026-05-14,2026-10-01
4975,5960.0,144.5,494740000,494740000,85300,19,19,24,0.2,1.0,thin,2025-12-15,2026-10-01,2026-10-01
4976,1575.0,5.3,2520000,2520000,1600,3,3,20,0.2,198.4,very thin,2025-12-15,2026-09-28,2026-10-01
4977,1182.0,23.8,35814600,35814600,30300,3,3,21,0.2,14.0,very thin,2025-12-15,2026-09-29,2026-10-01
4978,137.0,12.9,52073700,52073700,380100,1,1,0,0.2,9.6,very thin,2025-12-15,2026-09-16,2026-10-01
4979,2931.0,,48110300,48110300,16450,2,2,5,0.2,10.4,very thin,2025-12-15,2026-09-21,2026-10-01
4980,3340.0,515.8,4342621600,4342621600,1410400,19,19,24,0.2,0.12,adequate,2025-12-15,2026-10-01,2026-10-01
4985,4630.0,103.7,227022000,227022000,48200,19,19,24,0.2,2.2,thin,2025-10-16,2026-10-01,2026-10-01
4990,558.0,5.2,1004400,1004400,1800,1,1,0,0.2,497.8,very thin,2025-12-15,2026-09-08,2026-10-01
4992,2002.0,57.3,,,,0,0,0,0.2,,unknown,2025-12-15,2026-08-18,2026-10-01
4994,2730.0,16.6,31140050,31140050,11300,4,4,7,0.2,16.1,very thin,2025-10-16,2026-09-25,2026-10-01
4996,673.0,81.6,399903900,399903900,590700,19,19,24,0.2,1.3,thin,2026-04-14,2026-10-01,2026-10-01
4997,1222.0,78.6,549044600,549044600,449300,1,1,0,0.2,0.91,thin,2025-12-15,2026-09-28,2026-10-01
4998,1170.0,19.3,13221000,13221000,11300,3,3,11,0.2,37.8,very thin,2025-12-15,2026-09-18,2026-10-01
5010,302.0,4.6,30077950,30077950,102000,2,2,24,0.2,16.6,very thin,2025-12-15,2026-10-01,2026-10-01
5011,2251.0,67.7,,,,0,0,0,0.2,,unknown,2025-12-15,2026-08-31,2026-10-01
5013,3150.0,,137894650,137894650,46650,2,2,23,0.2,3.6,very thin,2025-12-15,2026-10-01,2026-10-01
5015,1001.0,23.1,6106100,6106100,6100,2,2,8,0.2,81.9,very thin,2025-12-15,2026-09-16,2026-10-01
5016,3605.0,3176.7,56498506800,56498506800,15808200,19,19,24,0.2,0.01,deep,2025-12-15,2026-10-01,2026-10-01
5018,2361.0,20.4,33420900,33420900,14400,2,2,20,0.2,15.0,very thin,2025-12-15,2026-09-28,2026-10-01
5019,1527.5,1993.3,8806268900,8806268900,5333900,19,19,24,0.2,0.06,deep,2025-12-15,2026-10-01,2026-10-01
5020,1347.5,3814.6,13866718650,13866718650,9630500,19,19,24,0.2,0.04,deep,2025-12-15,2026-10-01,2026-10-01
5021,4164.0,716.1,2929374400,2929374400,635600,19,19,24,0.2,0.17,adequate,2025-12-15,2026-10-01,2026-10-01
5022,1840.0,3.5,,,,0,0,0,0.2,,unknown,2026-04-30,2026-07-27,2026-10-01
5025,604.0,1.5,584000,584000,1000,3,3,20,0.2,856.2,very thin,2025-12-15,2026-09-28,2026-10-01
5026,623.0,5.1,11846850,11846850,19150,2,2,23,0.2,42.2,very thin,2025-12-15,2026-10-01,2026-10-01
5027,788.0,44.4,190125000,190125000,253500,5,5,21,0.2,2.6,very thin,2025-12-15,2026-09-29,2026-10-01
5028,357.0,3.4,1892100,1892100,5300,3,3,12,0.2,264.3,very thin,2025-12-15,2026-09-21,2026-10-01
5029,965.0,4.2,14571500,14571500,15100,1,1,0,0.2,34.3,very thin,2025-12-15,2026-09-24,2026-10-01
5031,377.0,4.5,108055550,108055550,287200,2,2,3,0.2,4.6,very thin,2026-04-14,2026-10-01,2026-10-01
5032,3100.0,177.4,1896902000,1896902000,630200,19,19,24,0.2,0.26,adequate,2026-04-14,2026-10-01,2026-10-01
5033,883.0,,,,,0,0,0,0.2,,unknown,2025-12-15,2026-08-25,2026-10-01
5034,2138.0,9.3,,,,0,0,0,0.2,,unknown,2025-12-15,2026-08-25,2026-10-01
5035,362.0,2.4,,,,0,0,0,0.2,,unknown,2025-12-15,2026-08-20,2026-10-01
5036,1642.0,72.6,,,,0,0,0,0.2,,unknown,2025-12-15,2026-08-13,2026-10-01
5037,4240.0,0.8,,,,0,0,0,0.2,,unknown,2026-04-27,2026-07-24,2026-10-01
5038,2079.0,30.8,,,,0,0,0,0.2,,unknown,2025-12-15,2026-09-03,2026-10-01
504A,780.0,,,,,0,0,0,0.2,,unknown,2026-02-24,2026-04-09,2026-10-01
505A,1289.0,,,,,0,0,0,0.2,,unknown,2026-02-27,2026-04-09,2026-10-01
5071,1396.0,11.7,125919200,125919200,90200,3,3,20,0.2,4.0,very thin,2025-12-15,2026-10-01,2026-10-01
5072,3500.0,,,,,0,0,0,0.2,,unknown,2026-04-20,2026-06-15,2026-10-01
5074,629.0,45.8,,,,0,0,0,0.2,,unknown,2025-12-15,2026-08-25,2026-10-01
5076,2754.0,733.0,4280607200,4280607200,1477600,19,19,24,0.2,0.12,adequate,2025-12-15,2026-10-01,2026-10-01
5077,2046.0,0.8,,,,0,0,0,0.2,,unknown,2026-04-22,2026-07-09,2026-10-01
5078,4785.0,16.2,,,,0,0,0,0.2,,unknown,2025-12-15,2026-08-07,2026-10-01
5079,2574.0,13.2,4375800,4375800,1700,1,1,0,0.2,114.3,very thin,2026-01-26,2026-09-15,2026-10-01
5101,7150.0,1102.0,5968130400,5968130400,878700,19,19,24,0.2,0.08,deep,2025-12-15,2026-10-01,2026-10-01
5103,1.0,2.8,,,,0,0,0,0.2,,unknown,2025-12-15,2026-08-24,2026-10-01
5105,3922.0,596.2,4732839900,4732839900,1249100,19,19,24,0.2,0.11,adequate,2025-12-15,2026-10-01,2026-10-01
5108,3842.0,4739.1,14500341800,14500341800,3838100,19,19,24,0.2,0.03,deep,2025-12-15,2026-10-01,2026-10-01
5110,2022.0,535.2,4032067400,4032067400,2022100,19,19,24,0.2,0.12,adequate,2026-04-20,2026-10-01,2026-10-01
5121,2833.0,52.0,172544000,172544000,64000,3,3,10,0.2,2.9,very thin,2025-12-15,2026-09-18,2026-10-01
5122,6570.0,94.8,,,,0,0,0,0.2,,unknown,2025-12-15,2026-08-20,2026-10-01
5125,475.0,2.1,1757500,1757500,3700,1,1,0,0.2,284.5,very thin,2026-04-30,2026-09-08,2026-10-01
5126,1401.0,2.4,420300,420300,300,1,1,0,0.2,1189.6,very thin,2025-12-15,2026-09-07,2026-10-01
5129,258.0,5.5,22471800,22471800,87100,1,1,0,0.2,22.3,very thin,2025-12-15,2026-09-15,2026-10-01
5130,447.0,0.1,,,,0,0,0,0.2,,unknown,2026-04-28,2026-07-24,2026-10-01
5131,210.0,1.8,32487000,32487000,154700,1,1,0,0.2,15.4,very thin,2026-04-17,2026-09-16,2026-10-01
5132,1888.0,14.5,44709600,44709600,22200,2,2,23,0.2,11.2,very thin,2026-04-17,2026-10-01,2026-10-01
5133,296.0,5.2,15497500,15497500,52200,2,2,1,0.2,32.3,very thin,2025-12-15,2026-09-09,2026-10-01
5134,477.0,1.8,2051100,2051100,4300,1,1,0,0.2,243.8,very thin,2026-04-29,2026-09-08,2026-10-01
5135,719.0,,,,,0,0,0,0.2,,unknown,2026-04-28,2026-07-20,2026-10-01
5136,2325.0,14.3,257145000,257145000,110600,1,1,0,0.2,1.9,thin,2026-01-26,2026-09-24,2026-10-01
5137,303.0,12.1,124533000,124533000,411000,1,1,0,0.2,4.0,very thin,2025-12-15,2026-09-23,2026-10-01
5138,460.0,2.3,230000,230000,500,1,1,0,0.2,2173.9,very thin,2025-12-15,2026-09-08,2026-10-01
5139,949.0,18.9,8321500,8321500,8900,3,3,20,0.2,60.1,very thin,2025-12-15,2026-09-28,2026-10-01
5142,1921.0,24.7,132613350,132613350,72250,2,2,15,0.2,3.8,very thin,2025-12-15,2026-09-30,2026-10-01
5161,3770.0,107.8,,,,0,0,0,0.2,,unknown,2025-12-15,2026-08-31,2026-10-01
5162,798.0,3.5,1198500,1198500,1500,2,2,7,0.2,417.2,very thin,2025-12-15,2026-09-16,2026-10-01
5184,4115.0,53.5,40179000,40179000,9800,2,2,8,0.2,12.4,very thin,2025-12-15,2026-09-16,2026-10-01
5185,2084.0,,,,,0,0,0,0.2,,unknown,2025-12-15,2026-08-17,2026-10-01
5186,6860.0,193.9,280425500,280425500,41950,2,2,13,0.2,1.8,thin,2025-12-15,2026-09-21,2026-10-01
5187,1157.0,8.9,3687400,3687400,3200,2,2,7,0.2,135.6,very thin,2025-12-15,2026-09-23,2026-10-01
5189,3485.0,7.7,2091000,2091000,600,1,1,0,0.2,239.1,very thin,2025-12-15,2026-09-17,2026-10-01
5192,4170.0,120.4,290780000,290780000,67000,19,19,24,0.2,1.7,thin,2025-12-15,2026-10-01,2026-10-01
5194,640.0,7.0,3584000,3584000,5600,1,1,0,0.2,139.5,very thin,2025-12-15,2026-09-08,2026-10-01
5195,2510.0,102.2,177512100,177512100,71250,2,2,7,0.2,2.8,very thin,2025-12-15,2026-10-01,2026-10-01
5199,1988.0,2.6,794200,794200,400,4,4,16,0.2,629.6,very thin,2025-12-15,2026-09-23,2026-10-01
519A,688.0,,,,,0,0,0,0.2,,unknown,2026-03-25,2026-04-09,2026-10-01
5201,5787.0,1212.9,6820813800,6820813800,1200200,19,19,24,0.2,0.07,deep,2025-12-15,2026-10-01,2026-10-01
5202,496.0,252.6,1269016000,1269016000,2558500,19,19,24,0.2,0.39,adequate,2025-12-15,2026-10-01,2026-10-01
5204,3070.0,12.7,15043000,15043000,4900,1,1,0,0.2,33.2,very thin,2025-12-15,2026-09-22,2026-10-01
5208,2832.0,91.3,418123500,418123500,156500,19,19,24,0.2,1.2,thin,2025-12-15,2026-10-01,2026-10-01
520A,670.0,,,,,0,0,0,0.2,,unknown,2026-03-25,2026-04-09,2026-10-01
5210,2825.0,28.7,97291250,97291250,34100,2,2,23,0.2,5.1,very thin,2025-12-15,2026-10-01,2026-10-01
5214,5075.0,355.6,2742002700,2742002700,557100,19,19,24,0.2,0.18,adequate,2025-12-15,2026-10-01,2026-10-01
5216,140.0,7.7,15118400,15118400,104950,2,2,10,0.2,33.1,very thin,2025-12-15,2026-09-18,2026-10-01
5218,1605.0,37.9,126153000,126153000,78600,1,1,0,0.2,4.0,very thin,2026-04-20,2026-09-16,2026-10-01
5232,1877.5,182.1,945426400,945426400,168400,19,19,24,0.2,0.53,thin,2025-12-15,2026-10-01,2026-10-01
5233,4090.0,452.0,1720918200,1720918200,409200,19,19,24,0.2,0.29,adequate,2025-12-15,2026-10-01,2026-10-01
5237,1210.0,14.6,,,,0,0,0,0.2,,unknown,2025-12-15,2026-08-24,2026-10-01
5240,197.0,2.5,63256700,63256700,321100,1,1,0,0.2,7.9,very thin,2025-12-15,2026-09-08,2026-10-01
5242,2301.0,2.4,8398150,8398150,3600,2,2,11,0.2,59.5,very thin,2025-12-15,2026-09-29,2026-10-01
5243,3935.0,41.5,954858750,954858750,277250,2,2,23,0.2,0.52,thin,2025-11-07,2026-10-01,2026-10-01
5244,175.0,7.3,24290000,24290000,138800,1,1,0,0.2,20.6,very thin,2026-01-26,2026-09-08,2026-10-01
5246,854.0,23.4,302517800,302517800,352450,2,2,9,0.2,1.7,thin,2025-12-15,2026-09-30,2026-10-01
5247,550.0,1.6,660000,660000,1200,3,3,10,0.2,757.6,very thin,2025-12-15,2026-09-18,2026-10-01
5248,516.0,8.6,9072800,9072800,17800,2,2,9,0.2,55.1,very thin,2026-04-23,2026-09-17,2026-10-01
5249,1253.0,1.3,,,,0,0,0,0.2,,unknown,2026-04-22,2026-09-30,2026-10-01
5250,1195.0,3.7,3226500,3226500,2700,1,1,0,0.2,155.0,very thin,2025-12-15,2026-09-16,2026-10-01
5251,2240.0,0.2,,,,0,0,0,0.2,,unknown,2026-04-21,2026-07-06,2026-10-01
5252,929.0,3.3,12241050,12241050,13800,2,2,8,0.2,40.8,very thin,2025-12-15,2026-09-16,2026-10-01
5253,1600.0,102.0,2078434550,2078434550,1275000,2,2,3,0.2,0.24,adequate,2025-12-15,2026-09-11,2026-10-01
5254,4260.0,28.6,45960000,45960000,11050,4,4,23,0.2,10.9,very thin,2025-12-15,2026-10-01,2026-10-01
5255,79.0,5.5,19149600,19149600,230900,5,5,21,0.2,26.1,very thin,2026-04-27,2026-09-29,2026-10-01
5256,2367.0,2.8,,,,0,0,0,0.2,,unknown,2025-12-15,2026-08-04,2026-10-01
5257,2893.0,3.8,3471600,3471600,1200,1,1,0,0.2,144.0,very thin,2025-12-15,2026-10-01,2026-10-01
5258,438.0,13.0,20805000,20805000,47500,2,2,5,0.2,24.0,very thin,2025-12-15,2026-09-23,2026-10-01
5259,983.0,6.0,,,,0,0,0,0.2,,unknown,2026-04-15,2026-04-24,2026-10-01
5261,7710.0,,,,,0,0,0,0.2,,unknown,2025-12-15,2026-08-20,2026-10-01
5262,1099.0,57.5,215488000,215488000,192400,19,19,24,0.2,2.3,thin,2025-12-15,2026-10-01,2026-10-01
5268,844.0,11.1,,,,0,0,0,0.2,,unknown,2025-12-15,2026-08-07,2026-10-01
5269,364.0,20.8,44430700,44430700,122350,2,2,12,0.2,11.3,very thin,2025-12-15,2026-09-28,2026-10-01
5271,2285.0,3.0,1237950,1237950,550,2,2,23,0.2,403.9,very thin,2025-12-15,2026-10-01,2026-10-01
5273,2047.0,151.4,146155800,146155800,71400,3,3,12,0.2,3.4,very thin,2025-12-15,2026-09-30,2026-10-01
5279,1212.0,3.5,2787600,2787600,2300,3,3,23,0.2,179.4,very thin,2025-12-15,2026-10-01,2026-10-01
5280,2191.0,15.5,18185300,18185300,8300,1,1,0,0.2,27.5,very thin,2025-12-15,2026-09-16,2026-10-01
5282,406.0,13.2,14343700,14343700,35050,2,2,18,0.2,34.9,very thin,2025-11-07,2026-09-28,2026-10-01
5283,3185.0,4.9,1271000,1271000,400,2,2,20,0.2,393.4,very thin,2025-12-15,2026-09-28,2026-10-01
5284,2213.0,14.0,9515900,9515900,4300,1,1,0,0.2,52.5,very thin,2025-12-15,2026-09-14,2026-10-01
5285,1331.0,12.8,24486850,24486850,18350,2,2,5,0.2,20.4,very thin,2025-12-15,2026-09-30,2026-10-01
5287,861.0,3.1,12723900,12723900,14600,2,2,1,0.2,39.3,very thin,2025-12-15,2026-09-08,2026-10-01
5288,1467.0,58.7,316949850,316949850,215100,2,2,1,0.2,1.6,thin,2025-12-15,2026-09-09,2026-10-01
5290,1202.0,57.0,84500600,84500600,70300,1,1,0,0.2,5.9,very thin,2025-12-15,2026-09-09,2026-10-01
5301,2312.5,463.2,4763070200,4763070200,2451400,19,19,24,0.2,0.1,adequate,2025-12-15,2026-10-01,2026-10-01
5302,5170.0,53.8,190385000,190385000,37700,19,19,24,0.2,2.6,very thin,2025-10-16,2026-10-01,2026-10-01
5304,2549.0,54.9,31862500,31862500,12500,1,1,0,0.2,15.7,very thin,2025-12-15,2026-09-08,2026-10-01
5310,7740.0,159.2,754725000,754725000,104100,19,19,24,0.2,0.66,thin,2025-12-15,2026-10-01,2026-10-01
5331,3685.0,204.1,526235000,526235000,149000,19,19,24,0.2,0.95,thin,2025-12-15,2026-10-01,2026-10-01
5332,6048.0,972.9,5942732500,5942732500,1043500,19,19,24,0.2,0.08,deep,2025-12-15,2026-10-01,2026-10-01
5333,5566.0,1524.2,6290884200,6290884200,1156200,19,19,24,0.2,0.08,deep,2025-12-15,2026-10-01,2026-10-01
5334,3835.0,1486.0,9427380600,9427380600,1266100,19,19,24,0.2,0.05,deep,2025-12-15,2026-10-01,2026-10-01
5337,870.0,26.7,48720000,48720000,56000,1,1,0,0.2,10.3,very thin,2025-12-15,2026-10-01,2026-10-01
5341,147.0,1.4,3351600,3351600,22800,1,1,0,0.2,149.2,very thin,2025-12-15,2026-09-07,2026-10-01
5344,58520.0,686.5,5435051000,5435051000,97700,19,19,24,0.2,0.09,deep,2026-01-26,2026-10-01,2026-10-01
5351,2003.0,95.4,184111900,184111900,88900,19,19,24,0.2,2.7,very thin,2025-12-15,2026-10-01,2026-10-01
5355,660.0,4.4,2706000,2706000,4100,2,2,4,0.2,184.8,very thin,2025-12-15,2026-09-21,2026-10-01
5356,1274.0,12.7,4580400,4580400,3600,4,4,21,0.2,109.2,very thin,2025-12-15,2026-09-28,2026-10-01
5357,1724.0,32.5,87642450,87642450,50750,2,2,1,0.2,5.7,very thin,2025-12-15,2026-10-01,2026-10-01
5363,725.0,30.8,42455100,42455100,59700,2,2,12,0.2,11.8,very thin,2025-12-15,2026-09-28,2026-10-01
5367,1354.0,16.2,,,,0,0,0,0.2,,unknown,2026-04-14,2026-09-04,2026-10-01
5368,1005.0,8.0,5125500,5125500,5100,2,2,15,0.2,97.6,very thin,2025-12-15,2026-09-23,2026-10-01
5380,1378.0,0.8,8130200,8130200,5900,1,1,0,0.2,61.5,very thin,2025-12-15,2026-09-21,2026-10-01
5381,964.0,12.0,,,,0,0,0,0.2,,unknown,2025-12-15,2026-08-14,2026-10-01
5384,3595.0,257.0,1011487500,1011487500,299700,19,19,24,0.2,0.49,adequate,2025-12-15,2026-10-01,2026-10-01
5388,1400.0,16.0,6035200,6035200,4600,3,3,9,0.2,82.8,very thin,2025-12-15,2026-09-17,2026-10-01
5391,1487.0,8.1,12490800,12490800,8400,1,1,0,0.2,40.0,very thin,2025-12-15,2026-10-01,2026-10-01
5393,3536.0,639.2,1772544300,1772544300,527700,19,19,24,0.2,0.28,adequate,2025-12-15,2026-10-01,2026-10-01
5401,650.0,3582.6,21814650000,21814650000,33513000,19,19,24,0.2,0.02,deep,2025-12-15,2026-10-01,2026-10-01
5406,2006.5,822.5,2996922200,2996922200,1469800,19,19,24,0.2,0.17,adequate,2025-12-15,2026-10-01,2026-10-01
5408,647.0,35.2,78610500,78610500,121500,1,1,0,0.2,6.4,very thin,2025-12-15,2026-09-16,2026-10-01
5410,2903.0,43.7,242104500,242104500,80300,19,19,24,0.2,2.1,thin,2025-12-15,2026-10-01,2026-10-01
5411,1741.0,1174.0,8351616000,8351616000,4588800,19,19,24,0.2,0.06,deep,2025-12-15,2026-10-01,2026-10-01
5423,1674.0,174.3,622050000,622050000,363300,19,19,24,0.2,0.8,thin,2025-12-15,2026-10-01,2026-10-01
542A,1136.0,,,,,0,0,0,0.2,,unknown,2026-04-02,2026-04-09,2026-10-01
543A,288.0,810.4,5749484800,5749484800,20460800,19,19,24,0.2,0.09,deep,2026-08-27,2026-10-01,2026-10-01
5440,1911.0,87.5,161763400,161763400,80200,19,19,24,0.2,3.1,very thin,2025-12-15,2026-10-01,2026-10-01
5444,12130.0,750.8,1527904000,1527904000,124100,19,19,24,0.2,0.33,adequate,2025-12-15,2026-10-01,2026-10-01
5445,2001.0,51.7,160062000,160062000,77900,19,19,24,0.2,3.1,very thin,2025-12-15,2026-10-01,2026-10-01
5446,1090.0,4.2,3706000,3706000,3400,1,1,0,0.2,134.9,very thin,2025-12-15,2026-09-08,2026-10-01
5449,2612.0,75.0,57202800,57202800,21900,1,1,0,0.2,8.7,very thin,2025-12-15,2026-09-07,2026-10-01
5451,1399.0,207.4,323714700,323714700,225900,19,19,24,0.2,1.5,thin,2025-12-15,2026-10-01,2026-10-01
5458,1377.0,4.3,,,,0,0,0,0.2,,unknown,2025-12-15,2026-09-02,2026-10-01
5461,2113.0,56.0,161419000,161419000,75500,19,19,24,0.2,3.1,very thin,2025-12-15,2026-10-01,2026-10-01
5463,1675.0,382.4,1088787900,1088787900,626100,19,19,24,0.2,0.46,adequate,2025-12-15,2026-10-01,2026-10-01
5464,940.0,35.5,22465950,22465950,24050,2,2,14,0.2,22.3,very thin,2025-12-15,2026-09-28,2026-10-01
5471,2491.0,495.5,2104367600,2104367600,858400,19,19,24,0.2,0.24,adequate,2025-12-15,2026-10-01,2026-10-01
547A,418.0,209.3,672791000,672791000,1561000,19,19,24,0.2,0.74,thin,2026-08-27,2026-10-01,2026-10-01
5480,5280.0,76.2,281936000,281936000,53600,19,19,24,0.2,1.8,thin,2025-12-15,2026-10-01,2026-10-01
5482,3020.0,207.2,486839500,486839500,151900,19,19,24,0.2,1.0,thin,2025-12-15,2026-10-01,2026-10-01
5484,4445.0,33.1,8890000,8890000,2000,1,1,0,0.2,56.2,very thin,2025-12-15,2026-09-08,2026-10-01
5491,906.0,6.0,16217400,16217400,17900,1,1,0,0.2,30.8,very thin,2025-12-15,2026-09-08,2026-10-01
5525,1274.0,3.8,,,,0,0,0,0.2,,unknown,2026-04-17,2026-06-10,2026-10-01
5527,714.0,8.4,,,,0,0,0,0.2,,unknown,2025-12-15,2026-08-25,2026-10-01
5528,1500.0,1.5,,,,0,0,0,0.2,,unknown,2026-04-20,2026-07-22,2026-10-01
5531,1210.0,1.2,,,,0,0,0,0.2,,unknown,2026-04-20,2026-07-02,2026-10-01
5532,3400.0,23.6,61880000,61880000,18200,1,1,0,0.2,8.1,very thin,2025-12-15,2026-09-09,2026-10-01
5533,2166.0,6.9,1624500,1624500,750,2,2,13,0.2,307.8,very thin,2025-12-15,2026-09-23,2026-10-01
5534,850.0,3.3,,,,0,0,0,0.2,,unknown,2026-04-14,2026-09-24,2026-10-01
5535,286.0,17.4,81796000,81796000,286000,1,1,0,0.2,6.1,very thin,2025-12-15,2026-09-08,2026-10-01
5536,352.0,1.4,,,,0,0,0,0.2,,unknown,2026-04-29,2026-08-14,2026-10-01
5537,3595.0,24.8,212472000,212472000,61800,2,2,9,0.2,2.4,thin,2025-12-15,2026-09-17,2026-10-01
5541,2662.0,,,,,0,0,0,0.2,,unknown,2025-12-15,2026-08-18,2026-10-01
5542,999.0,,12087900,12087900,12100,1,1,0,0.2,41.4,very thin,2025-12-15,2026-09-16,2026-10-01
5563,444.0,56.4,206825900,206825900,484800,18,18,24,0.2,2.4,thin,2025-12-15,2026-10-01,2026-10-01
5570,623.0,8.6,7746800,7746800,12200,2,2,7,0.2,64.5,very thin,2025-12-15,2026-09-15,2026-10-01
5571,1002.0,4.8,,,,0,0,0,0.2,,unknown,2025-12-15,2026-08-21,2026-10-01
5572,3185.0,13.8,246200500,246200500,77300,1,1,0,0.2,2.0,thin,2026-04-17,2026-09-24,2026-10-01
5573,1700.0,0.9,,,,0,0,0,0.2,,unknown,2026-04-14,2026-06-30,2026-10-01
5574,2973.0,,278570100,278570100,93700,3,3,8,0.2,1.8,thin,2025-12-15,2026-09-16,2026-10-01
5575,1125.0,6.3,6075000,6075000,5400,1,1,0,0.2,82.3,very thin,2025-12-15,2026-09-16,2026-10-01
5576,3020.0,6.8,4530000,4530000,1500,1,1,0,0.2,110.4,very thin,2025-12-15,2026-09-08,2026-10-01
5578,906.0,10.3,13499400,13499400,14900,1,1,0,0.2,37.0,very thin,2025-12-15,2026-09-16,2026-10-01
5580,1560.0,2.9,1727000,1727000,1100,3,3,12,0.2,289.5,very thin,2025-12-15,2026-09-28,2026-10-01
5581,193.0,0.7,,,,0,0,0,0.2,,unknown,2026-04-27,2026-10-01,2026-10-01
5582,2046.0,,33145200,33145200,16200,1,1,0,0.2,15.1,very thin,2026-01-26,2026-09-21,2026-10-01
5584,1182.0,1.2,,,,0,0,0,0.2,,unknown,2026-04-30,2026-06-24,2026-10-01
5586,913.0,15.0,49693150,49693150,54350,2,2,8,0.2,10.1,very thin,2025-12-15,2026-09-17,2026-10-01
5587,790.0,2.9,14536000,14536000,18400,1,1,0,0.2,34.4,very thin,2025-12-15,2026-09-08,2026-10-01
5588,854.0,9.5,,,,0,0,0,0.2,,unknown,2025-12-15,2026-09-04,2026-10-01
5589,2956.0,21.7,8572400,8572400,2900,1,1,0,0.2,58.3,very thin,2025-12-15,2026-09-08,2026-10-01
5590,730.0,12.3,47231000,47231000,64700,1,1,0,0.2,10.6,very thin,2025-12-15,2026-09-16,2026-10-01
5591,872.0,4.9,15167700,15167700,17100,3,3,8,0.2,33.0,very thin,2025-12-15,2026-09-16,2026-10-01
5592,2520.0,30.4,105084000,105084000,41700,1,1,0,0.2,4.8,very thin,2025-12-15,2026-09-30,2026-10-01
5594,500.0,0.5,,,,0,0,0,0.2,,unknown,2026-05-15,2026-09-08,2026-10-01
5596,1784.0,,,,,0,0,0,0.2,,unknown,2026-01-26,2026-01-26,2026-10-01
5597,1406.0,5.2,54412200,54412200,38700,1,1,0,0.2,9.2,very thin,2025-12-15,2026-09-22,2026-10-01
5598,3200.0,1.2,,,,0,0,0,0.2,,unknown,2026-04-30,2026-09-29,2026-10-01
5599,1087.0,5.6,11413500,11413500,10500,1,1,0,0.2,43.8,very thin,2025-12-15,2026-09-21,2026-10-01
5602,1625.0,99.7,371263200,371263200,229600,19,19,24,0.2,1.3,thin,2025-12-15,2026-10-01,2026-10-01
5603,1300.0,4.3,3398200,3398200,2600,3,3,14,0.2,147.1,very thin,2025-12-15,2026-09-28,2026-10-01
5609,943.0,4.4,4830800,4830800,5200,3,3,23,0.2,103.5,very thin,2025-12-15,2026-10-01,2026-10-01
5612,1594.0,5.0,9646900,9646900,6050,4,4,15,0.2,51.8,very thin,2025-12-15,2026-09-23,2026-10-01
5616,647.0,1.5,1152950,1152950,1750,2,2,22,0.2,433.7,very thin,2025-12-15,2026-09-29,2026-10-01
5617,1437.0,0.3,,,,0,0,0,0.2,,unknown,2026-04-14,2026-08-24,2026-10-01
5618,293.0,2.5,510750,510750,1750,2,2,18,0.2,979.0,very thin,2025-10-16,2026-09-25,2026-10-01
5619,857.0,2.9,942700,942700,1100,2,2,1,0.2,530.4,very thin,2025-12-15,2026-09-08,2026-10-01
5620,2200.0,3.4,,,,0,0,0,0.2,,unknown,2026-01-26,2026-09-24,2026-10-01
5621,1577.0,15.1,,,,0,0,0,0.2,,unknown,2025-12-15,2026-09-04,2026-10-01
5622,1200.0,0.8,,,,0,0,0,0.2,,unknown,2026-01-26,2026-09-08,2026-10-01
5631,7250.0,538.8,7191705000,7191705000,1020100,19,19,24,0.2,0.07,deep,2025-12-15,2026-10-01,2026-10-01
5632,2247.0,27.8,313905900,313905900,139700,1,1,0,0.2,1.6,thin,2025-12-15,2026-09-08,2026-10-01
5644,7230.0,21.5,27456500,27456500,3800,2,2,6,0.2,18.2,very thin,2025-12-15,2026-09-15,2026-10-01
5658,408.0,18.4,6186400,6186400,15300,2,2,2,0.2,80.8,very thin,2025-12-15,2026-10-01,2026-10-01
5659,1398.0,,76637950,76637950,53600,2,2,6,0.2,6.5,very thin,2025-12-15,2026-10-01,2026-10-01
5660,1900.0,11.5,,,,0,0,0,0.2,,unknown,2025-12-15,2026-08-25,2026-10-01
5695,2920.0,8.8,1606000,1606000,550,3,3,13,0.2,311.3,very thin,2025-12-15,2026-09-29,2026-10-01
5697,806.0,5.0,1773200,1773200,2200,1,1,0,0.2,282.0,very thin,2025-12-15,2026-09-17,2026-10-01
5698,794.0,25.4,,,,0,0,0,0.2,,unknown,2025-12-15,2026-08-27,2026-10-01
5699,1580.0,5.2,3318000,3318000,2100,1,1,0,0.2,150.7,very thin,2025-12-15,2026-09-11,2026-10-01
5702,1764.0,72.6,415231200,415231200,234000,19,19,24,0.2,1.2,thin,2025-12-15,2026-10-01,2026-10-01
5703,2886.0,184.5,756049100,756049100,256100,19,19,24,0.2,0.66,thin,2025-12-15,2026-10-01,2026-10-01
5704,376.0,2.2,1015200,1015200,2700,3,3,23,0.2,492.5,very thin,2025-12-15,2026-10-01,2026-10-01
5706,2464.5,1314.6,36943857000,36943857000,1495400,19,19,24,0.2,0.01,deep,2025-12-15,2026-10-01,2026-10-01
5707,945.0,11.0,,,,0,0,0,0.2,,unknown,2025-12-15,2026-08-06,2026-10-01
5711,5051.0,672.7,7517785000,7517785000,1457500,19,19,24,0.2,0.07,deep,2025-12-15,2026-10-01,2026-10-01
5713,9770.0,2574.0,20853975300,20853975300,2197700,19,19,24,0.2,0.02,deep,2025-12-15,2026-10-01,2026-10-01
5714,8881.0,530.7,3615923200,3615923200,412400,19,19,24,0.2,0.14,adequate,2025-12-15,2026-10-01,2026-10-01
5715,4070.0,131.7,816270000,816270000,193200,19,19,24,0.2,0.61,thin,2025-12-15,2026-10-01,2026-10-01
5721,61.0,10.5,151591700,151591700,2519300,2,2,20,0.2,3.3,very thin,2025-12-15,2026-09-28,2026-10-01
5724,2910.0,15.1,99028500,99028500,32100,3,3,15,0.2,5.0,very thin,2026-05-21,2026-10-01,2026-10-01
5726,2465.0,107.8,1350089000,1350089000,544200,19,19,24,0.2,0.37,adequate,2025-12-15,2026-10-01,2026-10-01
5727,2979.0,,,,,0,0,0,0.2,,unknown,2025-12-15,2026-05-25,2026-10-01
5729,1719.0,16.3,24753600,24753600,14400,1,1,0,0.2,20.2,very thin,2025-12-15,2026-09-08,2026-10-01
5741,2144.0,403.8,1351500400,1351500400,600400,19,19,24,0.2,0.37,adequate,2026-04-29,2026-10-01,2026-10-01
5742,732.0,3.8,2196000,2196000,3000,1,1,0,0.2,227.7,very thin,2025-12-15,2026-10-01,2026-10-01
5753,2473.0,5.3,,,,0,0,0,0.2,,unknown,2025-12-15,2026-08-07,2026-10-01
5757,5350.0,44.1,,,,0,0,0,0.2,,unknown,2025-12-15,2026-08-21,2026-10-01
5801,4113.0,2691.6,82305008600,82305008600,21047200,19,19,24,0.2,0.01,deep,2025-12-15,2026-10-01,2026-10-01
5802,2369.0,6897.6,37164412250,37164412250,18106900,19,19,24,0.2,0.01,deep,2025-12-15,2026-10-01,2026-10-01
5803,5368.0,8255.3,155863209600,155863209600,31474800,19,19,24,0.2,0.0,deep,2025-12-15,2026-10-01,2026-10-01
5805,2754.0,401.2,3412512000,3412512000,279300,19,19,24,0.2,0.15,adequate,2025-12-15,2026-10-01,2026-10-01
5816,1440.0,17.6,19728000,19728000,13700,3,3,7,0.2,25.3,very thin,2025-12-15,2026-09-23,2026-10-01
5817,886.0,5.9,,,,0,0,0,0.2,,unknown,2025-12-15,2026-07-28,2026-10-01
5819,1725.0,12.1,11730000,11730000,6800,1,1,0,0.2,42.6,very thin,2025-12-15,2026-09-29,2026-10-01
5820,893.0,3.1,19110200,19110200,21400,1,1,0,0.2,26.2,very thin,2025-12-15,2026-10-01,2026-10-01
5821,3200.0,,,,,0,0,0,0.2,,unknown,2025-12-15,2026-08-21,2026-10-01
5830,3913.0,1120.2,3960626400,3960626400,1037900,19,19,24,0.2,0.13,adequate,2025-12-15,2026-10-01,2026-10-01
5831,3601.0,1897.0,7075135200,7075135200,1952300,19,19,24,0.2,0.07,deep,2025-12-15,2026-10-01,2026-10-01
5832,3740.0,674.5,1384850400,1384850400,393200,19,19,24,0.2,0.36,adequate,2025-12-15,2026-10-01,2026-10-01
5834,2863.0,46.2,129664750,129664750,45850,2,2,16,0.2,3.9,very thin,2025-12-15,2026-09-24,2026-10-01
5838,6340.0,1115.8,6122069800,6122069800,939400,19,19,24,0.2,0.08,deep,2025-10-16,2026-10-01,2026-10-01
5840,505.0,0.7,,,,0,0,0,0.2,,unknown,2026-04-16,2026-08-24,2026-10-01
5842,3010.0,107.9,180899900,180899900,60500,2,2,8,0.2,2.8,very thin,2025-12-15,2026-09-17,2026-10-01
5843,2324.0,6.9,19754000,19754000,8500,1,1,0,0.2,25.3,very thin,2025-12-15,2026-09-15,2026-10-01
5844,4788.0,1364.4,4104320000,4104320000,848000,19,19,24,0.2,0.12,adequate,2025-12-15,2026-10-01,2026-10-01
5845,1218.0,31.9,,,,0,0,0,0.2,,unknown,2025-12-15,2026-09-04,2026-10-01
5851,2725.0,87.5,340282600,340282600,124600,19,19,24,0.2,1.5,thin,2025-12-15,2026-10-01,2026-10-01
5852,648.0,17.0,72639600,72639600,110950,2,2,15,0.2,6.9,very thin,2025-11-07,2026-10-01,2026-10-01
5856,1.0,,,,,0,0,0,0.2,,unknown,2025-12-15,2026-06-29,2026-10-01
5857,3540.0,314.6,1934765000,1934765000,534400,19,19,24,0.2,0.26,adequate,2025-10-16,2026-10-01,2026-10-01
5858,1200.0,,2725500,2725500,2300,3,3,21,0.2,183.5,very thin,2025-12-15,2026-09-28,2026-10-01
5866,300.0,0.2,,,,0,0,0,0.2,,unknown,2026-04-23,2026-09-28,2026-10-01
5867,1384.0,,4173200,4173200,3050,2,2,6,0.2,119.8,very thin,2025-12-15,2026-10-01,2026-10-01
5868,1064.0,3.9,7167200,7167200,6800,3,3,10,0.2,69.8,very thin,2025-12-15,2026-09-28,2026-10-01
5869,1267.0,12.3,5879550,5879550,4650,2,2,6,0.2,85.0,very thin,2025-12-15,2026-09-29,2026-10-01
5870,875.0,4.8,,,,0,0,0,0.2,,unknown,2025-12-15,2026-09-02,2026-10-01
5871,1355.0,7.5,11782050,11782050,8550,2,2,16,0.2,42.4,very thin,2025-12-15,2026-10-01,2026-10-01
5883,1600.0,,,,,0,0,0,0.2,,unknown,2025-10-16,2026-04-15,2026-10-01
5884,627.0,8.1,9091500,9091500,14500,1,1,0,0.2,55.0,very thin,2025-12-15,2026-09-08,2026-10-01
5885,3170.0,17.3,82420000,82420000,26000,1,1,0,0.2,6.1,very thin,2025-12-15,2026-09-28,2026-10-01
5886,430.0,,,,,0,0,0,0.2,,unknown,2026-04-16,2026-07-22,2026-10-01
5887,1700.0,0.5,,,,0,0,0,0.2,,unknown,2026-04-15,2026-07-07,2026-10-01
5888,2750.0,8.3,8525000,8525000,3100,3,3,18,0.2,58.7,very thin,2026-04-14,2026-09-28,2026-10-01
5889,2260.0,52.5,519574000,519574000,229900,1,1,0,0.2,0.96,thin,2026-04-15,2026-09-28,2026-10-01
5890,3500.0,,,,,0,0,0,0.2,,unknown,2026-01-26,2026-10-01,2026-10-01
5891,1688.0,9.6,4051200,4051200,2400,1,1,0,0.2,123.4,very thin,2025-12-15,2026-09-15,2026-10-01
5892,2062.0,10.8,,,,0,0,0,0.2,,unknown,2025-12-15,2026-07-09,2026-10-01
5893,510.0,1.0,,,,0,0,0,0.2,,unknown,2026-04-22,2026-09-24,2026-10-01
5900,874.0,,1415900,1415900,1600,2,2,12,0.2,353.1,very thin,2025-12-15,2026-09-28,2026-10-01
5901,4470.0,687.3,1320429600,1320429600,291100,19,19,24,0.2,0.38,adequate,2025-12-15,2026-10-01,2026-10-01
5902,2715.0,33.4,,,,0,0,0,0.2,,unknown,2025-12-15,2026-09-04,2026-10-01
5903,1685.0,9.3,,,,0,0,0,0.2,,unknown,2025-12-15,2026-07-27,2026-10-01
5905,1360.0,1.8,956900,956900,700,3,3,15,0.2,522.5,very thin,2025-12-15,2026-10-01,2026-10-01
5906,778.0,10.8,3501000,3501000,4500,1,1,0,0.2,142.8,very thin,2025-12-15,2026-09-30,2026-10-01
5909,995.0,27.4,,,,0,0,0,0.2,,unknown,2025-12-15,2026-08-21,2026-10-01
5911,2931.0,120.4,269585200,269585200,89600,19,19,24,0.2,1.9,thin,2025-12-15,2026-10-01,2026-10-01
5915,2421.0,10.5,4374000,4374000,1800,3,3,13,0.2,114.3,very thin,2025-12-15,2026-09-29,2026-10-01
5918,7630.0,15.6,3661250,3661250,475,2,2,23,0.2,136.6,very thin,2025-12-15,2026-10-01,2026-10-01
5921,4415.0,11.4,4423750,4423750,1000,2,2,12,0.2,113.0,very thin,2025-12-15,2026-09-28,2026-10-01
5922,20000.0,23.3,7030000,7030000,350,2,2,20,0.2,71.1,very thin,2025-12-15,2026-09-28,2026-10-01
5923,1171.0,6.2,1764000,1764000,1500,3,3,23,0.2,283.4,very thin,2025-12-15,2026-10-01,2026-10-01
5928,287.0,3.1,1669200,1669200,5800,2,2,21,0.2,299.5,very thin,2025-12-15,2026-09-29,2026-10-01
5929,3514.0,726.4,2137450000,2137450000,613300,19,19,24,0.2,0.23,adequate,2025-12-15,2026-10-01,2026-10-01
5930,1836.0,135.6,163450000,163450000,87500,19,19,24,0.2,3.1,very thin,2025-12-15,2026-10-01,2026-10-01
5932,647.0,20.3,42164000,42164000,63500,3,3,15,0.2,11.9,very thin,2025-12-15,2026-10-01,2026-10-01
5933,1087.0,,41005850,41005850,37250,2,2,22,0.2,12.2,very thin,2025-12-15,2026-09-29,2026-10-01
5936,878.0,5.6,,,,0,0,0,0.2,,unknown,2025-12-15,2026-08-07,2026-10-01
5938,1689.0,485.5,3058790750,3058790750,1763500,19,19,24,0.2,0.16,adequate,2025-12-15,2026-10-01,2026-10-01
5939,4630.0,3.7,3318000,3318000,700,3,3,21,0.2,150.7,very thin,2025-12-15,2026-09-29,2026-10-01
5940,749.0,9.3,8313900,8313900,11100,1,1,0,0.2,60.1,very thin,2025-12-15,2026-09-09,2026-10-01
5941,2705.0,16.8,5947400,5947400,2200,2,2,16,0.2,84.1,very thin,2025-12-15,2026-09-24,2026-10-01
5942,640.0,12.4,,,,0,0,0,0.2,,unknown,2025-12-15,2026-08-25,2026-10-01
5943,2181.0,101.1,168748800,168748800,75100,19,19,24,0.2,3.0,very thin,2025-12-15,2026-10-01,2026-10-01
5945,2270.0,22.0,2270000,2270000,1000,1,1,0,0.2,220.3,very thin,2025-12-15,2026-09-08,2026-10-01
5946,2123.0,67.8,,,,0,0,0,0.2,,unknown,2025-12-15,2026-09-02,2026-10-01
5947,3400.0,476.3,952890000,952890000,276200,19,19,24,0.2,0.52,thin,2025-12-15,2026-10-01,2026-10-01
5949,1302.0,60.1,216114600,216114600,161400,19,19,24,0.2,2.3,thin,2025-12-15,2026-10-01,2026-10-01
5950,150.0,2.1,1252500,1252500,8350,2,2,5,0.2,399.2,very thin,2025-12-15,2026-09-16,2026-10-01
5951,1133.0,16.9,5665000,5665000,5000,1,1,0,0.2,88.3,very thin,2025-12-15,2026-09-21,2026-10-01
5952,188.0,2.2,3803750,3803750,20200,2,2,17,0.2,131.4,very thin,2025-12-15,2026-10-01,2026-10-01
5955,85.0,11.5,,,,0,0,0,0.2,,unknown,2025-12-15,2026-08-26,2026-10-01
5956,572.0,5.3,,,,0,0,0,0.2,,unknown,2025-12-15,2026-08-14,2026-10-01
5957,767.0,29.1,69106700,69106700,90100,1,1,0,0.2,7.2,very thin,2025-12-15,2026-10-01,2026-10-01
5958,4600.0,,,,,0,0,0,0.2,,unknown,2025-12-15,2026-08-20,2026-10-01
5959,941.0,40.7,60663450,60663450,64350,2,2,9,0.2,8.2,very thin,2025-12-15,2026-09-25,2026-10-01
5962,2130.0,1.8,1673200,1673200,800,2,2,17,0.2,298.8,very thin,2025-12-15,2026-09-25,2026-10-01
5965,1200.0,14.9,,,,0,0,0,0.2,,unknown,2025-12-15,2026-08-25,2026-10-01
5966,2700.0,6.2,1012500,1012500,375,2,2,8,0.2,493.8,very thin,2025-12-15,2026-09-16,2026-10-01
5967,440.0,10.5,8350500,8350500,19000,2,2,1,0.2,59.9,very thin,2025-12-15,2026-09-29,2026-10-01
5969,1200.0,2.2,300600,300600,250,2,2,1,0.2,1663.3,very thin,2025-12-15,2026-09-08,2026-10-01
5970,2234.0,98.6,218880000,218880000,95000,19,19,24,0.2,2.3,thin,2025-12-15,2026-10-01,2026-10-01
5971,8630.0,10.7,2555000,2555000,300,2,2,18,0.2,195.7,very thin,2026-04-14,2026-09-25,2026-10-01
5973,608.0,3.5,729600,729600,1200,1,1,0,0.2,685.3,very thin,2025-12-15,2026-09-11,2026-10-01
5974,840.0,2.8,1680000,1680000,2000,1,1,0,0.2,297.6,very thin,2025-12-15,2026-09-07,2026-10-01
5975,3365.0,168.1,281557500,281557500,86500,19,19,24,0.2,1.8,thin,2025-12-15,2026-10-01,2026-10-01
5976,1481.0,48.1,100708000,100708000,68000,1,1,0,0.2,5.0,very thin,2025-12-15,2026-09-21,2026-10-01
5981,1860.0,29.8,142962600,142962600,75350,2,2,12,0.2,3.5,very thin,2025-12-15,2026-09-29,2026-10-01
5982,4065.0,65.0,9349500,9349500,2300,3,3,15,0.2,53.5,very thin,2025-12-15,2026-10-01,2026-10-01
5983,14020.0,14.4,7010000,7010000,500,1,1,0,0.2,71.3,very thin,2026-02-25,2026-09-24,2026-10-01
5984,791.0,11.0,,,,0,0,0,0.2,,unknown,2025-11-29,2026-09-04,2026-10-01
5985,2445.0,43.9,1875305250,1875305250,828450,2,2,20,0.2,0.27,adequate,2025-12-15,2026-09-28,2026-10-01
5986,258.0,5.4,,,,0,0,0,0.2,,unknown,2025-12-15,2026-08-31,2026-10-01
5987,1660.0,2.7,1458000,1458000,900,3,3,17,0.2,342.9,very thin,2025-12-15,2026-09-28,2026-10-01
5988,1687.0,41.1,121139200,121139200,72800,19,19,24,0.2,4.1,very thin,2025-12-15,2026-10-01,2026-10-01
5989,1595.0,41.2,,,,0,0,0,0.2,,unknown,2025-12-15,2026-07-23,2026-10-01
5990,1945.0,4.7,973750,973750,500,2,2,8,0.2,513.5,very thin,2025-12-15,2026-09-22,2026-10-01
5991,3495.0,699.6,1867850100,1867850100,554000,19,19,24,0.2,0.27,adequate,2025-11-07,2026-10-01,2026-10-01
5992,3735.0,103.0,57159750,57159750,15450,4,4,14,0.2,8.7,very thin,2025-12-15,2026-09-22,2026-10-01
5994,1049.0,6.1,7762600,7762600,7400,1,1,0,0.2,64.4,very thin,2025-12-15,2026-09-08,2026-10-01
5997,889.0,4.3,2004800,2004800,2300,2,2,16,0.2,249.4,very thin,2025-12-15,2026-09-24,2026-10-01
5998,2760.0,,38231850,38231850,14200,2,2,8,0.2,13.1,very thin,2025-12-15,2026-09-16,2026-10-01
6005,3000.0,370.4,1009379500,1009379500,316800,19,19,24,0.2,0.5,adequate,2025-12-15,2026-10-01,2026-10-01
6013,3005.0,217.7,605156500,605156500,205100,19,19,24,0.2,0.83,thin,2025-12-15,2026-10-01,2026-10-01
6016,12190.0,90.8,1103172000,1103172000,96600,3,3,23,0.2,0.45,adequate,2025-12-15,2026-10-01,2026-10-01
6018,5980.0,19.8,6258000,6258000,1050,2,2,3,0.2,79.9,very thin,2025-12-15,2026-09-24,2026-10-01
6022,2859.0,3.5,3448350,3448350,1200,2,2,23,0.2,145.0,very thin,2025-12-15,2026-10-01,2026-10-01
6023,3355.0,75.8,424743000,424743000,126600,1,1,0,0.2,1.2,thin,2025-12-15,2026-10-01,2026-10-01
6027,4320.0,97.7,,,,0,0,0,0.2,,unknown,2025-12-15,2026-08-20,2026-10-01
6029,191.0,1.9,4221100,4221100,22100,1,1,0,0.2,118.5,very thin,2025-12-15,2026-10-01,2026-10-01
6030,1670.0,11.5,16366000,16366000,9800,1,1,0,0.2,30.6,very thin,2025-10-16,2026-09-08,2026-10-01
6031,279.0,5.7,11104200,11104200,39800,1,1,0,0.2,45.0,very thin,2025-12-15,2026-09-30,2026-10-01
6033,1674.0,9.1,,,,0,0,0,0.2,,unknown,2025-12-15,2026-08-20,2026-10-01
6034,609.0,3.5,6150900,6150900,10100,1,1,0,0.2,81.3,very thin,2025-12-15,2026-09-08,2026-10-01
6035,717.0,12.6,14411700,14411700,20100,1,1,0,0.2,34.7,very thin,2025-12-15,2026-09-09,2026-10-01
6036,3400.0,95.9,402696000,402696000,112800,19,19,24,0.2,1.2,thin,2025-12-15,2026-10-01,2026-10-01
6037,1070.0,17.5,49862000,49862000,46600,1,1,0,0.2,10.0,very thin,2026-04-24,2026-09-28,2026-10-01
6038,832.0,4.0,,,,0,0,0,0.2,,unknown,2025-12-15,2026-08-25,2026-10-01
6039,1020.0,13.2,23256000,23256000,22800,1,1,0,0.2,21.5,very thin,2025-12-15,2026-09-18,2026-10-01
6040,462.0,21.2,11134200,11134200,24100,1,1,0,0.2,44.9,very thin,2026-04-27,2026-09-08,2026-10-01
6042,3800.0,9.1,4370000,4370000,1150,1,1,0,0.2,114.4,very thin,2025-12-15,2026-10-01,2026-10-01
6044,1847.0,12.5,9924800,9924800,5350,2,2,8,0.2,50.4,very thin,2025-12-15,2026-09-16,2026-10-01
6045,2065.0,13.3,68965100,68965100,32900,2,2,19,0.2,7.3,very thin,2025-12-15,2026-09-28,2026-10-01
6046,143.0,2.5,7850700,7850700,53300,3,3,22,0.2,63.7,very thin,2025-12-15,2026-09-30,2026-10-01
6047,384.0,8.4,27379200,27379200,71300,1,1,0,0.2,18.3,very thin,2025-12-15,2026-09-16,2026-10-01
6049,246.0,5.1,1566750,1566750,6250,2,2,21,0.2,319.1,very thin,2026-04-29,2026-09-28,2026-10-01
6050,1690.0,19.7,57527700,57527700,32950,2,2,2,0.2,8.7,very thin,2025-12-15,2026-09-30,2026-10-01
6054,110.0,3.1,1335650,1335650,12100,2,2,5,0.2,374.3,very thin,2025-12-15,2026-09-29,2026-10-01
6055,2395.0,237.3,1230517000,1230517000,568700,19,19,24,0.2,0.41,adequate,2025-12-15,2026-10-01,2026-10-01
6058,1930.0,94.8,1016248600,1016248600,523300,3,3,17,0.2,0.49,adequate,2025-12-15,2026-09-25,2026-10-01
6059,368.0,6.6,3680000,3680000,10000,1,1,0,0.2,135.9,very thin,2025-12-15,2026-09-28,2026-10-01
6061,3180.0,29.5,11599500,11599500,3700,3,3,20,0.2,43.1,very thin,2025-12-15,2026-09-28,2026-10-01
6062,1433.0,38.0,113958050,113958050,80850,2,2,14,0.2,4.4,very thin,2025-12-15,2026-09-22,2026-10-01
6063,994.0,2.6,1192800,1192800,1200,1,1,0,0.2,419.2,very thin,2025-12-15,2026-09-08,2026-10-01
6069,673.0,4.6,12652400,12652400,18800,3,3,10,0.2,39.5,very thin,2025-10-16,2026-09-17,2026-10-01
6070,2560.0,31.0,157293600,157293600,61350,2,2,6,0.2,3.2,very thin,2025-12-15,2026-10-01,2026-10-01
6071,902.0,31.3,212531200,212531200,237200,3,3,23,0.2,2.4,thin,2025-12-15,2026-10-01,2026-10-01
6072,1018.0,24.2,512217900,512217900,488200,4,4,21,0.2,0.98,thin,2025-12-15,2026-09-29,2026-10-01
6073,1494.0,,28673100,28673100,19100,2,2,20,0.2,17.4,very thin,2025-12-15,2026-09-28,2026-10-01
6074,514.0,2.1,668850,668850,1300,2,2,9,0.2,747.6,very thin,2025-12-15,2026-09-24,2026-10-01
6078,1572.0,40.5,31911600,31911600,20300,1,1,0,0.2,15.7,very thin,2025-12-15,2026-09-22,2026-10-01
6080,4285.0,135.2,338086500,338086500,78900,19,19,24,0.2,1.5,thin,2025-12-15,2026-10-01,2026-10-01
6081,141.0,2.6,71916550,71916550,515250,2,2,8,0.2,7.0,very thin,2025-12-15,2026-09-24,2026-10-01
6082,995.0,9.5,,,,0,0,0,0.2,,unknown,2025-12-15,2026-08-14,2026-10-01
6083,1662.0,37.7,50041200,50041200,30750,2,2,13,0.2,10.0,very thin,2025-12-15,2026-09-21,2026-10-01
6085,124.0,14.2,878552400,878552400,7085100,1,1,0,0.2,0.57,thin,2025-12-15,2026-09-18,2026-10-01
6086,1044.0,19.7,27561600,27561600,26800,3,3,10,0.2,18.1,very thin,2025-12-15,2026-09-18,2026-10-01
6087,3555.0,14.2,7821000,7821000,2200,1,1,0,0.2,63.9,very thin,2025-12-15,2026-09-18,2026-10-01
6088,581.0,47.4,197521700,197521700,361100,19,19,24,0.2,2.5,very thin,2025-12-15,2026-10-01,2026-10-01
6089,1167.0,26.8,33492900,33492900,28700,1,1,0,0.2,14.9,very thin,2025-12-15,2026-09-24,2026-10-01
6090,609.0,3.3,1856250,1856250,3050,2,2,14,0.2,269.4,very thin,2025-12-15,2026-09-25,2026-10-01
6091,955.0,11.8,7640000,7640000,8000,1,1,0,0.2,65.4,very thin,2026-04-15,2026-09-15,2026-10-01
6092,801.0,7.0,8650800,8650800,10800,1,1,0,0.2,57.8,very thin,2025-12-15,2026-09-16,2026-10-01
6093,163.0,7.2,,,,0,0,0,0.2,,unknown,2025-12-15,2026-08-19,2026-10-01
6094,506.0,10.1,49132600,49132600,97100,1,1,0,0.2,10.2,very thin,2026-01-26,2026-10-01,2026-10-01
6096,395.0,3.6,,,,0,0,0,0.2,,unknown,2025-12-15,2026-07-30,2026-10-01
6098,16755.0,22687.2,78352890000,78352890000,4860600,19,19,24,0.2,0.01,deep,2025-12-15,2026-10-01,2026-10-01
6099,716.0,41.7,58495200,58495200,81300,2,2,6,0.2,8.5,very thin,2025-12-15,2026-09-14,2026-10-01
6101,5520.0,243.5,1419264000,1419264000,277200,19,19,24,0.2,0.35,adequate,2025-12-15,2026-10-01,2026-10-01
6103,4835.0,271.6,1699768000,1699768000,373900,19,19,24,0.2,0.29,adequate,2025-12-15,2026-10-01,2026-10-01
6104,4845.0,110.8,690988000,690988000,152200,19,19,24,0.2,0.72,thin,2025-12-15,2026-10-01,2026-10-01
6113,2622.0,765.5,5347386000,5347386000,2108700,19,19,24,0.2,0.09,deep,2025-12-15,2026-10-01,2026-10-01
6118,1234.0,65.6,334979600,334979600,270800,19,19,24,0.2,1.5,thin,2025-12-15,2026-10-01,2026-10-01
6125,4650.0,30.7,,,,0,0,0,0.2,,unknown,2025-10-16,2026-09-04,2026-10-01
6134,7991.0,655.3,4181316300,4181316300,562900,19,19,24,0.2,0.12,adequate,2025-12-15,2026-10-01,2026-10-01
6135,3225.0,366.8,1587989000,1587989000,107600,19,19,24,0.2,0.31,adequate,2025-12-15,2026-10-01,2026-10-01
6136,3649.0,292.9,1031052800,1031052800,295600,19,19,24,0.2,0.48,adequate,2025-12-15,2026-10-01,2026-10-01
6137,1527.0,32.3,57567900,57567900,37700,1,1,0,0.2,8.7,very thin,2026-04-15,2026-09-08,2026-10-01
6138,2079.0,3.8,22661100,22661100,10900,1,1,0,0.2,22.1,very thin,2025-12-15,2026-10-01,2026-10-01
6140,1126.0,54.1,443418800,443418800,393800,19,19,24,0.2,1.1,thin,2025-12-15,2026-10-01,2026-10-01
6141,2922.0,457.9,3814317500,3814317500,1325500,19,19,24,0.2,0.13,adequate,2025-12-15,2026-10-01,2026-10-01
6143,1759.0,85.1,520766100,520766100,303300,19,19,24,0.2,0.96,thin,2025-12-15,2026-10-01,2026-10-01
6144,2815.0,42.7,9148750,9148750,3250,1,1,0,0.2,54.7,very thin,2025-12-15,2026-09-14,2026-10-01
6145,2491.0,44.3,,,,0,0,0,0.2,,unknown,2025-12-15,2026-09-01,2026-10-01
6146,60440.0,5881.1,73826370000,73826370000,1400300,19,19,24,0.2,0.01,deep,2025-12-15,2026-10-01,2026-10-01
6147,191.0,0.8,,,,0,0,0,0.2,,unknown,2025-12-15,2026-09-04,2026-10-01
6149,2183.0,13.0,17900600,17900600,8200,3,3,6,0.2,27.9,very thin,2025-12-15,2026-09-30,2026-10-01
6150,2801.0,2.5,3361200,3361200,1200,3,3,22,0.2,148.8,very thin,2025-12-15,2026-09-30,2026-10-01
6151,1727.0,32.4,,,,0,0,0,0.2,,unknown,2025-12-15,2026-09-04,2026-10-01
6155,540.0,5.8,2188650,2188650,4050,2,2,12,0.2,228.5,very thin,2025-12-15,2026-09-21,2026-10-01
6156,1888.0,9.3,9702100,9702100,5200,2,2,23,0.2,51.5,very thin,2025-12-15,2026-10-01,2026-10-01
6157,820.0,20.1,44854000,44854000,54700,1,1,0,0.2,11.1,very thin,2025-12-15,2026-09-28,2026-10-01
6158,1025.0,6.7,2767500,2767500,2700,1,1,0,0.2,180.7,very thin,2025-12-15,2026-09-16,2026-10-01
6159,1990.0,9.1,8709900,8709900,4200,2,2,4,0.2,57.4,very thin,2025-12-15,2026-09-18,2026-10-01
6161,1069.0,10.8,,,,0,0,0,0.2,,unknown,2025-12-15,2026-08-26,2026-10-01
6165,561.0,14.3,,,,0,0,0,0.2,,unknown,2025-12-15,2026-08-27,2026-10-01
6166,618.0,5.7,41715000,41715000,67500,1,1,0,0.2,12.0,very thin,2025-12-15,2026-09-30,2026-10-01
6167,1003.0,19.2,51870000,51870000,53200,4,4,21,0.2,9.6,very thin,2025-12-15,2026-09-29,2026-10-01
6168,486.0,,,,,0,0,0,0.2,,unknown,2026-04-17,2026-06-25,2026-10-01
6171,374.0,5.4,3029400,3029400,8100,1,1,0,0.2,165.0,very thin,2025-12-15,2026-09-28,2026-10-01
6173,13.0,,,,,0,0,0,0.2,,unknown,2025-12-15,2026-06-03,2026-10-01
6174,3200.0,,,,,0,0,0,0.2,,unknown,2026-02-10,2026-07-24,2026-10-01
6176,1036.0,12.6,151887900,151887900,140000,4,4,20,0.2,3.3,very thin,2025-12-15,2026-09-28,2026-10-01
6177,87.0,2.2,8724800,8724800,106400,3,3,15,0.2,57.3,very thin,2025-12-15,2026-10-01,2026-10-01
6178,2509.0,7052.0,10957723500,10957723500,4335400,19,19,24,0.2,0.05,deep,2025-12-15,2026-10-01,2026-10-01
6180,3780.0,6.9,4158000,4158000,1100,3,3,22,0.2,120.3,very thin,2025-12-15,2026-09-30,2026-10-01
6181,90.0,3.6,2988000,2988000,33200,3,3,20,0.2,167.3,very thin,2025-12-15,2026-09-28,2026-10-01
6182,537.0,4.8,11035300,11035300,21100,3,3,20,0.2,45.3,very thin,2025-12-15,2026-09-28,2026-10-01
6183,1365.0,106.9,270516900,270516900,197700,2,2,9,0.2,1.8,thin,2025-12-15,2026-09-25,2026-10-01
6184,613.0,18.9,133327500,133327500,217500,1,1,0,0.2,3.8,very thin,2026-04-16,2026-09-16,2026-10-01
6185,366.0,5.3,2854800,2854800,7800,1,1,0,0.2,175.1,very thin,2025-12-15,2026-10-01,2026-10-01
6186,375.0,2.1,862500,862500,2300,1,1,0,0.2,579.7,very thin,2025-12-15,2026-09-08,2026-10-01
6189,990.0,9.3,25047000,25047000,25300,1,1,0,0.2,20.0,very thin,2025-12-15,2026-10-01,2026-10-01
6190,305.0,1.4,1689700,1689700,5400,2,2,20,0.2,295.9,very thin,2025-12-15,2026-09-28,2026-10-01
6191,1545.0,30.6,824741400,824741400,554200,2,2,15,0.2,0.61,thin,2026-04-30,2026-09-24,2026-10-01
6193,1163.0,3.1,,,,0,0,0,0.2,,unknown,2025-12-15,2026-08-26,2026-10-01
6194,881.0,16.0,120708550,120708550,140150,2,2,7,0.2,4.1,very thin,2025-12-15,2026-09-16,2026-10-01
6195,201.0,,2793900,2793900,13900,3,3,9,0.2,179.0,very thin,2025-12-15,2026-10-01,2026-10-01
6196,1415.0,82.0,569576000,569576000,392000,19,19,24,0.2,0.88,thin,2025-12-15,2026-10-01,2026-10-01
6197,1118.0,100.4,,,,0,0,0,0.2,,unknown,2025-12-15,2026-08-05,2026-10-01
6198,200.0,2.0,481100,481100,2400,2,2,14,0.2,1039.3,very thin,2025-12-15,2026-09-28,2026-10-01
6199,1418.0,17.4,,,,0,0,0,0.2,,unknown,2025-12-15,2026-08-17,2026-10-01
6200,671.0,54.9,249107800,249107800,357400,19,19,24,0.2,2.0,thin,2025-12-15,2026-10-01,2026-10-01
6201,20450.0,6144.7,,,,0,0,0,0.2,,unknown,2025-12-15,2026-06-01,2026-10-01
6203,2135.0,19.8,39151203000,39151203000,18337800,1,1,0,0.2,0.01,deep,2025-12-15,2026-09-16,2026-10-01
6208,1800.0,12.0,192240000,192240000,106800,1,1,0,0.2,2.6,very thin,2026-04-16,2026-09-28,2026-10-01
6209,3915.0,107.9,321860000,321860000,82500,19,19,24,0.2,1.6,thin,2025-12-15,2026-10-01,2026-10-01
6217,766.0,5.4,40827800,40827800,53300,1,1,0,0.2,12.2,very thin,2025-12-15,2026-09-08,2026-10-01
6218,646.0,4.0,1421200,1421200,2200,1,1,0,0.2,351.8,very thin,2025-12-15,2026-09-28,2026-10-01
6222,904.0,31.4,120880800,120880800,130400,19,19,24,0.2,4.1,very thin,2025-12-15,2026-10-01,2026-10-01
6223,1941.0,37.3,54542100,54542100,28100,1,1,0,0.2,9.2,very thin,2025-12-15,2026-09-28,2026-10-01
6224,1218.0,14.3,17173800,17173800,14100,1,1,0,0.2,29.1,very thin,2025-12-15,2026-09-16,2026-10-01
6226,2165.0,78.6,186406500,186406500,86100,1,1,0,0.2,2.7,very thin,2025-12-15,2026-09-24,2026-10-01
6227,6060.0,130.9,,,,0,0,0,0.2,,unknown,2025-12-15,2026-08-20,2026-10-01
6228,503.0,6.4,,,,0,0,0,0.2,,unknown,2025-12-15,2026-08-25,2026-10-01
6229,1462.0,6.4,17480000,17480000,11500,3,3,9,0.2,28.6,very thin,2025-12-15,2026-09-16,2026-10-01
6230,2170.0,9.9,,,,0,0,0,0.2,,unknown,2025-10-16,2026-09-04,2026-10-01
6231,13240.0,42.0,,,,0,0,0,0.2,,unknown,2025-12-15,2026-08-25,2026-10-01
6232,1342.0,26.3,1137121000,1137121000,842000,2,2,4,0.2,0.44,adequate,2025-12-15,2026-09-28,2026-10-01
6233,399.0,2.1,2832900,2832900,7100,1,1,0,0.2,176.5,very thin,2025-12-15,2026-09-08,2026-10-01
6235,2791.0,102.1,673953000,673953000,281400,19,19,24,0.2,0.74,thin,2025-12-15,2026-10-01,2026-10-01
6237,4060.0,88.8,228984000,228984000,56400,1,1,0,0.2,2.2,thin,2025-11-29,2026-09-29,2026-10-01
6238,1479.0,37.0,185875200,185875200,126800,2,2,7,0.2,2.7,very thin,2025-12-15,2026-09-22,2026-10-01
6239,1425.0,10.0,4527750,4527750,3100,2,2,10,0.2,110.4,very thin,2025-12-15,2026-09-17,2026-10-01
6240,546.0,35.8,,,,0,0,0,0.2,,unknown,2025-12-15,2026-08-14,2026-10-01
6245,1836.0,24.6,,,,0,0,0,0.2,,unknown,2025-11-07,2026-08-27,2026-10-01
6246,1812.0,21.0,,,,0,0,0,0.2,,unknown,2025-12-15,2026-08-20,2026-10-01
6247,1779.0,42.0,,,,0,0,0,0.2,,unknown,2025-12-15,2026-08-25,2026-10-01
6248,1829.0,3.3,914500,914500,500,1,1,0,0.2,546.7,very thin,2025-12-15,2026-09-28,2026-10-01
6249,2752.0,,19779500,19779500,7100,2,2,3,0.2,25.3,very thin,2025-12-15,2026-10-01,2026-10-01
6250,4325.0,184.6,461373000,461373000,102300,19,19,24,0.2,1.1,thin,2025-12-15,2026-10-01,2026-10-01
6254,3545.0,131.3,1470810000,1470810000,445700,19,19,24,0.2,0.34,adequate,2025-12-15,2026-10-01,2026-10-01
6255,672.0,13.6,94281600,94281600,140300,1,1,0,0.2,5.3,very thin,2025-12-15,2026-09-25,2026-10-01
6257,1006.0,21.1,17647700,17647700,17450,2,2,3,0.2,28.3,very thin,2025-12-15,2026-09-11,2026-10-01
6258,3840.0,116.2,863742000,863742000,227600,19,19,24,0.2,0.58,thin,2025-12-15,2026-10-01,2026-10-01
6262,538.0,12.0,,,,0,0,0,0.2,,unknown,2025-12-15,2026-08-12,2026-10-01
6264,1833.0,52.0,769126800,769126800,419600,1,1,0,0.2,0.65,thin,2025-12-15,2026-09-18,2026-10-01
6265,3315.0,5.1,3876000,3876000,1200,3,3,20,0.2,129.0,very thin,2025-12-15,2026-09-28,2026-10-01
6266,3590.0,52.0,640097000,640097000,178300,1,1,0,0.2,0.78,thin,2025-12-15,2026-09-18,2026-10-01
6267,4030.0,,,,,0,0,0,0.2,,unknown,2026-04-15,2026-09-01,2026-10-01
6268,4975.0,557.1,4362989400,4362989400,977200,19,19,24,0.2,0.11,adequate,2025-12-15,2026-10-01,2026-10-01
6269,8757.0,618.5,4920485000,4920485000,543700,19,19,24,0.2,0.1,adequate,2025-12-15,2026-10-01,2026-10-01
6272,1500.0,41.6,97950000,97950000,65300,1,1,0,0.2,5.1,very thin,2025-12-15,2026-10-01,2026-10-01
6273,73420.0,4349.7,14446992000,14446992000,212800,19,19,24,0.2,0.03,deep,2025-12-15,2026-10-01,2026-10-01
6276,361.0,1.2,20190150,20190150,54900,2,2,8,0.2,24.8,very thin,2025-12-15,2026-09-17,2026-10-01
6277,6610.0,98.0,221858000,221858000,37100,19,19,24,0.2,2.3,thin,2025-12-15,2026-10-01,2026-10-01
6278,15990.0,279.0,2473133000,2473133000,184700,19,19,24,0.2,0.2,adequate,2025-12-15,2026-10-01,2026-10-01
6279,914.0,23.4,13801400,13801400,15100,1,1,0,0.2,36.2,very thin,2025-12-15,2026-09-08,2026-10-01
6282,2830.0,86.0,312469600,312469600,109600,19,19,24,0.2,1.6,thin,2025-12-15,2026-10-01,2026-10-01
6284,8530.0,128.2,267003000,267003000,31900,19,19,24,0.2,1.9,thin,2025-12-15,2026-10-01,2026-10-01
6286,1485.0,9.6,3564000,3564000,2400,1,1,0,0.2,140.3,very thin,2025-12-15,2026-09-11,2026-10-01
6287,2707.0,89.1,258117000,258117000,97000,19,19,24,0.2,1.9,thin,2025-12-15,2026-10-01,2026-10-01
6289,1935.0,48.2,119176650,119176650,63350,2,2,9,0.2,4.2,very thin,2025-12-15,2026-09-17,2026-10-01
6291,1333.0,13.0,26005050,26005050,19850,2,2,10,0.2,19.2,very thin,2025-12-15,2026-09-21,2026-10-01
6292,847.0,5.8,1938300,1938300,2300,2,2,11,0.2,258.0,very thin,2025-12-15,2026-09-29,2026-10-01
6294,1971.0,15.7,,,,0,0,0,0.2,,unknown,2025-12-15,2026-08-25,2026-10-01
6298,1265.0,21.6,109675500,109675500,86700,1,1,0,0.2,4.6,very thin,2025-11-07,2026-09-22,2026-10-01
6301,7594.0,6780.7,18754929400,18754929400,2558200,19,19,24,0.2,0.03,deep,2025-12-15,2026-10-01,2026-10-01
6302,6106.0,706.5,4190578000,4190578000,701000,19,19,24,0.2,0.12,adequate,2025-12-15,2026-10-01,2026-10-01
6305,5620.0,1197.2,5941938600,5941938600,1044100,19,19,24,0.2,0.08,deep,2025-12-15,2026-10-01,2026-10-01
6306,1013.0,39.9,65719650,65719650,66150,2,2,7,0.2,7.6,very thin,2025-12-15,2026-09-17,2026-10-01
6307,461.0,3.6,1982300,1982300,4300,1,1,0,0.2,252.2,very thin,2025-12-15,2026-10-01,2026-10-01
6309,2021.0,49.9,,,,0,0,0,0.2,,unknown,2026-04-16,2026-08-25,2026-10-01
6310,1844.0,,,,,0,0,0,0.2,,unknown,2026-05-06,2026-08-20,2026-10-01
6315,2417.0,164.5,5380525500,5380525500,2503000,19,19,24,0.2,0.09,deep,2025-12-15,2026-10-01,2026-10-01
6316,3005.0,11.5,21774850,21774850,7300,2,2,10,0.2,23.0,very thin,2025-12-15,2026-09-18,2026-10-01
6317,1728.0,16.0,40780800,40780800,23600,1,1,0,0.2,12.3,very thin,2025-12-15,2026-09-08,2026-10-01
6322,1602.0,10.9,1762200,1762200,1100,2,2,2,0.2,283.7,very thin,2025-12-15,2026-09-23,2026-10-01
6323,4225.0,656.6,4145382000,4145382000,1162800,19,19,24,0.2,0.12,adequate,2025-12-15,2026-10-01,2026-10-01
6324,6420.0,542.4,5778108000,5778108000,909400,2,2,2,0.2,0.09,deep,2025-12-15,2026-09-30,2026-10-01
6325,416.0,4.5,956800,956800,2300,1,1,0,0.2,522.6,very thin,2025-12-15,2026-09-08,2026-10-01
6326,2721.0,3133.6,12030776250,12030776250,4443500,19,19,24,0.2,0.04,deep,2025-12-15,2026-10-01,2026-10-01
6327,3215.0,25.7,635190000,635190000,204900,3,3,22,0.2,0.79,thin,2025-12-15,2026-09-29,2026-10-01
6328,2382.0,56.1,139823400,139823400,58700,1,1,0,0.2,3.6,very thin,2025-12-15,2026-09-25,2026-10-01
6330,2750.0,160.3,18627346000,18627346000,6797850,2,2,20,0.2,0.03,deep,2025-12-15,2026-10-01,2026-10-01
6331,3070.0,75.8,319967500,319967500,97700,19,19,24,0.2,1.6,thin,2025-12-15,2026-10-01,2026-10-01
6332,2686.0,106.7,337996800,337996800,129600,19,19,24,0.2,1.5,thin,2025-12-15,2026-10-01,2026-10-01
6333,3510.0,53.8,95764000,95764000,26900,3,3,8,0.2,5.2,very thin,2025-12-15,2026-09-18,2026-10-01
6334,477.0,5.4,1671200,1671200,3400,2,2,8,0.2,299.2,very thin,2025-12-15,2026-09-16,2026-10-01
6335,578.0,,9537000,9537000,16500,1,1,0,0.2,52.4,very thin,2025-12-15,2026-09-14,2026-10-01
6336,1913.0,15.1,94884800,94884800,49600,1,1,0,0.2,5.3,very thin,2026-02-10,2026-09-10,2026-10-01
6337,3795.0,17.9,128650500,128650500,33900,1,1,0,0.2,3.9,very thin,2025-12-15,2026-10-01,2026-10-01
6338,1664.0,9.0,15932800,15932800,9500,2,2,1,0.2,31.4,very thin,2025-12-15,2026-09-29,2026-10-01
6339,1151.0,63.8,151816900,151816900,131900,1,1,0,0.2,3.3,very thin,2025-12-15,2026-09-08,2026-10-01
6340,5150.0,145.5,268830000,268830000,52200,1,1,0,0.2,1.9,thin,2025-12-15,2026-09-08,2026-10-01
6342,2903.0,3.9,2322400,2322400,800,1,1,0,0.2,215.3,very thin,2025-12-15,2026-09-08,2026-10-01
6343,152.0,6.1,,,,0,0,0,0.2,,unknown,2025-12-15,2026-08-14,2026-10-01
6345,1438.0,87.2,184075800,184075800,127300,3,3,22,0.2,2.7,very thin,2025-12-15,2026-10-01,2026-10-01
6346,5810.0,7.0,,,,0,0,0,0.2,,unknown,2025-12-15,2026-08-31,2026-10-01
6347,249.0,2.4,2166300,2166300,8700,1,1,0,0.2,230.8,very thin,2025-12-15,2026-09-25,2026-10-01
6349,1954.0,107.9,269878400,269878400,139400,19,19,24,0.2,1.9,thin,2025-12-15,2026-10-01,2026-10-01
6351,2636.0,126.8,140498800,140498800,53300,1,1,0,0.2,3.6,very thin,2025-12-15,2026-09-24,2026-10-01
6356,1299.0,20.8,,,,0,0,0,0.2,,unknown,2026-04-14,2026-08-21,2026-10-01
6357,2733.0,45.5,78983700,78983700,28900,1,1,0,0.2,6.3,very thin,2026-04-30,2026-09-16,2026-10-01
6358,2161.0,18.6,30656300,30656300,14300,2,2,7,0.2,16.3,very thin,2025-12-15,2026-09-15,2026-10-01
6360,4660.0,6.5,3728000,3728000,800,1,1,0,0.2,134.1,very thin,2025-12-15,2026-09-08,2026-10-01
6361,4757.0,2022.0,12231784700,12231784700,2880100,19,19,24,0.2,0.04,deep,2025-12-15,2026-10-01,2026-10-01
6363,2945.0,77.7,464249000,464249000,160000,19,19,24,0.2,1.1,thin,2025-12-15,2026-10-01,2026-10-01
6364,2487.0,50.8,134049300,134049300,53900,1,1,0,0.2,3.7,very thin,2025-12-15,2026-09-16,2026-10-01
6365,5580.0,22.8,2220000,2220000,400,4,4,15,0.2,225.2,very thin,2025-12-15,2026-09-22,2026-10-01
6366,698.0,183.2,1171549900,1171549900,1715300,3,3,2,0.2,0.43,adequate,2025-12-15,2026-09-17,2026-10-01
6367,20985.0,5806.1,21022708000,21022708000,1007800,19,19,24,0.2,0.02,deep,2025-12-15,2026-10-01,2026-10-01
6368,2585.0,583.5,3100344500,3100344500,373400,19,19,24,0.2,0.16,adequate,2025-12-15,2026-10-01,2026-10-01
6369,2388.0,37.9,199636800,199636800,83600,1,1,0,0.2,2.5,very thin,2025-12-15,2026-09-16,2026-10-01
6370,7848.0,831.7,4155397400,4155397400,534300,19,19,24,0.2,0.12,adequate,2025-12-15,2026-10-01,2026-10-01
6371,2654.0,275.0,348719400,348719400,128300,19,19,24,0.2,1.4,thin,2025-12-15,2026-10-01,2026-10-01
6376,3550.0,238.5,1216378000,1216378000,341200,19,19,24,0.2,0.41,adequate,2025-12-15,2026-10-01,2026-10-01
6378,1188.0,23.4,140563000,140563000,119500,2,2,9,0.2,3.6,very thin,2025-12-15,2026-09-25,2026-10-01
6379,3050.0,120.5,,,,0,0,0,0.2,,unknown,2025-12-15,2026-08-25,2026-10-01
6380,3660.0,6.5,,,,0,0,0,0.2,,unknown,2025-12-15,2026-08-13,2026-10-01
6381,1900.0,76.8,188016950,188016950,97900,2,2,1,0.2,2.7,very thin,2025-12-15,2026-09-10,2026-10-01
6382,1225.0,19.9,7962500,7962500,6500,1,1,0,0.2,62.8,very thin,2025-12-15,2026-09-16,2026-10-01
6383,5832.0,2063.3,8177159800,8177159800,1506200,19,19,24,0.2,0.06,deep,2025-12-15,2026-10-01,2026-10-01
6384,1733.0,9.9,12650900,12650900,7300,3,3,20,0.2,39.5,very thin,2025-12-15,2026-09-28,2026-10-01
6387,8670.0,95.5,651117000,651117000,75100,1,1,0,0.2,0.77,thin,2026-04-22,2026-09-09,2026-10-01
6390,1343.0,15.0,52511300,52511300,39100,1,1,0,0.2,9.5,very thin,2025-12-15,2026-09-16,2026-10-01
6391,4845.0,6.9,6252000,6252000,1300,2,2,20,0.2,80.0,very thin,2025-12-15,2026-09-28,2026-10-01
6392,7940.0,18.8,1584500,1584500,200,2,2,10,0.2,315.6,very thin,2025-12-15,2026-09-28,2026-10-01
6393,3060.0,10.6,5039000,5039000,1650,2,2,15,0.2,99.2,very thin,2025-12-15,2026-09-22,2026-10-01
6395,1347.0,174.6,320554200,320554200,233300,19,19,24,0.2,1.6,thin,2025-12-15,2026-10-01,2026-10-01
6396,4565.0,5.1,3936250,3936250,875,2,2,7,0.2,127.0,very thin,2025-12-15,2026-09-25,2026-10-01
6400,298.0,2.1,3495250,3495250,12000,2,2,15,0.2,143.1,very thin,2025-12-15,2026-09-23,2026-10-01
6402,1614.0,7.9,,,,0,0,0,0.2,,unknown,2025-12-15,2026-09-04,2026-10-01
6403,4015.0,17.1,,,,0,0,0,0.2,,unknown,2026-04-17,2026-06-24,2026-10-01
6405,1230.0,13.0,,,,0,0,0,0.2,,unknown,2025-12-15,2026-08-26,2026-10-01
6406,36995428352.0,,,,,0,0,0,0.2,,unknown,2026-01-26,2026-01-26,2026-10-01
6407,5640.0,350.2,2697480000,2697480000,508000,19,19,24,0.2,0.19,adequate,2025-12-15,2026-10-01,2026-10-01
6408,4405.0,6.3,,,,0,0,0,0.2,,unknown,2025-12-15,2026-08-14,2026-10-01
6412,2071.0,218.6,714244700,714244700,325100,19,19,24,0.2,0.7,thin,2025-12-15,2026-10-01,2026-10-01
6413,950.0,60.1,,,,0,0,0,0.2,,unknown,2025-12-15,2026-06-23,2026-10-01
6417,2066.5,418.7,2005308000,2005308000,945900,19,19,24,0.2,0.25,adequate,2025-12-15,2026-10-01,2026-10-01
6418,1229.0,26.7,144659350,144659350,119900,2,2,6,0.2,3.5,very thin,2025-12-15,2026-09-14,2026-10-01
6419,3045.0,54.9,193952000,193952000,60800,19,19,24,0.2,2.6,very thin,2025-12-15,2026-10-01,2026-10-01
6420,3380.0,140.7,124942000,124942000,35800,19,19,24,0.2,4.0,very thin,2025-12-15,2026-10-01,2026-10-01
6424,886.0,3.8,1284700,1284700,1450,1,1,0,0.2,389.2,very thin,2025-12-15,2026-09-16,2026-10-01
6425,710.0,53.5,176861000,176861000,249100,1,1,0,0.2,2.8,very thin,2025-12-15,2026-09-08,2026-10-01
6428,326.0,7.3,4510000,4510000,13900,2,2,19,0.2,110.9,very thin,2025-12-15,2026-09-28,2026-10-01
6430,2489.0,36.0,88857300,88857300,35700,1,1,0,0.2,5.6,very thin,2025-12-15,2026-09-16,2026-10-01
6432,7320.0,337.2,1251950000,1251950000,171500,19,19,24,0.2,0.4,adequate,2025-12-15,2026-10-01,2026-10-01
6433,1327.0,6.6,634306000,634306000,478000,3,3,20,0.2,0.79,thin,2025-11-07,2026-09-28,2026-10-01
6436,3784.0,270.7,1056783000,1056783000,273000,19,19,24,0.2,0.47,adequate,2025-12-15,2026-10-01,2026-10-01
6440,788.0,,202597200,202597200,263400,3,3,19,0.2,2.5,thin,2025-12-15,2026-09-28,2026-10-01
6444,195.0,18.5,32428500,32428500,166300,1,1,0,0.2,15.4,very thin,2025-12-15,2026-09-25,2026-10-01
6445,1314.0,21.7,34926300,34926300,26200,2,2,2,0.2,14.3,very thin,2025-12-15,2026-09-11,2026-10-01
6448,4660.0,1168.0,5475231300,5475231300,1191300,19,19,24,0.2,0.09,deep,2025-12-15,2026-10-01,2026-10-01
6454,1870.0,332.4,463538700,463538700,243000,19,19,24,0.2,1.1,thin,2025-12-15,2026-10-01,2026-10-01
6455,2540.0,98.3,167976700,167976700,67150,2,2,20,0.2,3.0,very thin,2025-12-15,2026-09-28,2026-10-01
6457,4407.0,232.8,796234100,796234100,180900,19,19,24,0.2,0.63,thin,2025-12-15,2026-10-01,2026-10-01
6458,1221.0,83.4,229335300,229335300,189600,19,19,24,0.2,2.2,thin,2025-12-15,2026-10-01,2026-10-01
6459,1691.0,87.0,,,,0,0,0,0.2,,unknown,2025-12-15,2026-08-25,2026-10-01
6460,3367.0,662.8,3441747400,3441747400,1042000,19,19,24,0.2,0.15,adequate,2025-12-15,2026-10-01,2026-10-01
6463,1526.0,101.4,180394500,180394500,113100,19,19,24,0.2,2.8,very thin,2025-12-15,2026-10-01,2026-10-01
6464,344.0,13.3,82112800,82112800,238700,1,1,0,0.2,6.1,very thin,2025-12-15,2026-09-28,2026-10-01
6465,5239.0,747.0,1700686800,1700686800,318600,19,19,24,0.2,0.29,adequate,2025-12-15,2026-10-01,2026-10-01
6466,4260.0,9.9,48109000,48109000,11800,2,2,14,0.2,10.4,very thin,2025-12-15,2026-09-29,2026-10-01
6467,345.0,3.1,2173500,2173500,6300,1,1,0,0.2,230.0,very thin,2026-04-21,2026-09-17,2026-10-01
6469,2781.0,28.9,,,,0,0,0,0.2,,unknown,2025-12-15,2026-08-10,2026-10-01
6470,1102.0,31.8,61381400,61381400,55700,1,1,0,0.2,8.1,very thin,2025-12-15,2026-09-17,2026-10-01
6471,1103.5,538.2,2736333900,2736333900,2540700,19,19,24,0.2,0.18,adequate,2025-10-16,2026-10-01,2026-10-01
6472,382.6,232.6,995970752,995970752,2661600,19,19,24,0.2,0.5,thin,2025-12-15,2026-10-01,2026-10-01
6473,2163.0,676.6,2331699300,2331699300,1087800,19,19,24,0.2,0.21,adequate,2025-12-15,2026-10-01,2026-10-01
6474,5670.0,120.1,274551000,274551000,52900,19,19,24,0.2,1.8,thin,2025-12-15,2026-10-01,2026-10-01
6479,3823.0,1443.7,8811280500,8811280500,2465300,19,19,24,0.2,0.06,deep,2025-12-15,2026-10-01,2026-10-01
6480,1869.0,121.0,1305683400,1305683400,698600,1,1,0,0.2,0.38,adequate,2025-12-15,2026-09-25,2026-10-01
6481,6610.0,720.5,7044805700,7044805700,1157600,19,19,24,0.2,0.07,deep,2025-12-15,2026-10-01,2026-10-01
6482,696.0,22.1,43802000,43802000,60500,3,3,7,0.2,11.4,very thin,2025-12-15,2026-09-14,2026-10-01
6484,2216.0,18.7,2222300,2222300,1000,2,2,23,0.2,225.0,very thin,2025-12-15,2026-10-01,2026-10-01
6485,1638.0,33.3,30630600,30630600,18700,1,1,0,0.2,16.3,very thin,2025-12-15,2026-09-16,2026-10-01
6486,3005.0,139.6,380400600,380400600,129300,19,19,24,0.2,1.3,thin,2025-12-15,2026-10-01,2026-10-01
6488,1049.0,13.3,6695900,6695900,6400,2,2,19,0.2,74.7,very thin,2025-12-15,2026-09-30,2026-10-01
6489,1695.0,30.3,,,,0,0,0,0.2,,unknown,2025-12-15,2026-06-02,2026-10-01
6490,11100.0,236.6,714273000,714273000,77800,19,19,24,0.2,0.7,thin,2025-12-15,2026-10-01,2026-10-01
6492,15820.0,24.6,170856000,170856000,10800,3,3,23,0.2,2.9,very thin,2025-12-15,2026-10-01,2026-10-01
6493,496.0,14.3,31248000,31248000,63000,1,1,0,0.2,16.0,very thin,2025-12-15,2026-09-17,2026-10-01
6494,96.0,4.8,29116800,29116800,303300,1,1,0,0.2,17.2,very thin,2025-10-16,2026-09-08,2026-10-01
6495,110.0,5.9,27929000,27929000,253900,1,1,0,0.2,17.9,very thin,2025-12-15,2026-09-10,2026-10-01
6496,5440.0,18.9,8100000,8100000,1500,3,3,7,0.2,61.7,very thin,2025-12-15,2026-09-16,2026-10-01
6497,1465.0,10.0,5420500,5420500,3700,1,1,0,0.2,92.2,very thin,2025-12-15,2026-09-08,2026-10-01
6498,2075.0,174.4,706952500,706952500,357600,19,19,24,0.2,0.71,thin,2025-12-15,2026-10-01,2026-10-01
6501,5510.0,24721.4,48294443200,48294443200,8785600,19,19,24,0.2,0.01,deep,2025-10-16,2026-10-01,2026-10-01
6503,5312.0,10721.3,31569447000,31569447000,6163500,19,19,24,0.2,0.02,deep,2025-12-15,2026-10-01,2026-10-01
6504,14540.0,1987.7,8407190000,8407190000,650100,19,19,24,0.2,0.06,deep,2025-12-15,2026-10-01,2026-10-01
6505,2437.0,23.4,61412400,61412400,25200,3,3,6,0.2,8.1,very thin,2025-12-15,2026-09-22,2026-10-01
6506,4779.0,1239.4,13316430600,13316430600,3038200,19,19,24,0.2,0.04,deep,2025-12-15,2026-10-01,2026-10-01
6507,13850.0,358.3,2354580000,2354580000,177900,19,19,24,0.2,0.21,adequate,2025-12-15,2026-10-01,2026-10-01
6508,11830.0,519.9,2432560000,2432560000,226600,19,19,24,0.2,0.21,adequate,2025-12-15,2026-10-01,2026-10-01
6513,1309.0,6.8,16231600,16231600,12400,1,1,0,0.2,30.8,very thin,2025-12-15,2026-09-24,2026-10-01
6516,5540.0,192.8,536825000,536825000,98500,19,19,24,0.2,0.93,thin,2025-12-15,2026-10-01,2026-10-01
6517,4110.0,80.4,168510000,168510000,41000,1,1,0,0.2,3.0,very thin,2025-12-15,2026-09-28,2026-10-01
6518,1730.0,9.6,13494000,13494000,7800,1,1,0,0.2,37.1,very thin,2025-12-15,2026-09-28,2026-10-01
6521,2992.0,39.2,465292800,465292800,152000,2,2,6,0.2,1.1,thin,2025-12-15,2026-09-14,2026-10-01
6522,2335.0,16.1,,,,0,0,0,0.2,,unknown,2025-12-15,2026-08-31,2026-10-01
6523,1684.0,180.9,975403000,975403000,717100,19,19,24,0.2,0.51,thin,2025-12-15,2026-10-01,2026-10-01
6524,4825.0,137.0,1329287500,1329287500,275500,1,1,0,0.2,0.38,adequate,2025-12-15,2026-09-07,2026-10-01
6525,10120.0,2170.5,69449781600,69449781600,7807800,19,19,24,0.2,0.01,deep,2025-12-15,2026-10-01,2026-10-01
6526,2191.0,393.4,11669200000,11669200000,5834600,19,19,24,0.2,0.04,deep,2025-11-07,2026-10-01,2026-10-01
6527,706.0,0.7,,,,0,0,0,0.2,,unknown,2026-04-21,2026-06-23,2026-10-01
6532,7627.0,1127.8,7782878400,7782878400,1020700,19,19,24,0.2,0.06,deep,2025-12-15,2026-10-01,2026-10-01
6533,1234.0,10.8,16535600,16535600,13400,1,1,0,0.2,30.2,very thin,2025-12-15,2026-09-23,2026-10-01
6535,518.0,28.5,,,,0,0,0,0.2,,unknown,2026-04-14,2026-09-04,2026-10-01
6537,293.0,2.1,3310900,3310900,11300,1,1,0,0.2,151.0,very thin,2025-12-15,2026-09-28,2026-10-01
6538,240.0,4.9,,,,0,0,0,0.2,,unknown,2025-12-15,2026-08-28,2026-10-01
6539,1018.0,24.2,,,,0,0,0,0.2,,unknown,2025-12-15,2026-08-31,2026-10-01
6540,1498.0,16.3,25765600,25765600,17200,1,1,0,0.2,19.4,very thin,2025-12-15,2026-09-23,2026-10-01
6543,1184.0,4.7,2430500,2430500,2050,4,4,20,0.2,205.7,very thin,2025-12-15,2026-09-28,2026-10-01
6544,1471.0,269.1,1074932600,1074932600,710600,19,19,24,0.2,0.47,adequate,2025-11-07,2026-10-01,2026-10-01
6545,800.0,4.3,3920000,3920000,4900,2,2,3,0.2,127.6,very thin,2025-12-15,2026-09-11,2026-10-01
6546,1153.0,6.1,,,,0,0,0,0.2,,unknown,2025-12-15,2026-08-25,2026-10-01
6547,2131.0,28.9,76540800,76540800,35700,3,3,10,0.2,6.5,very thin,2025-12-15,2026-09-24,2026-10-01
6548,125.0,1.9,3774400,3774400,30000,2,2,4,0.2,132.5,very thin,2025-12-15,2026-09-29,2026-10-01
6549,1120.0,6.2,,,,0,0,0,0.2,,unknown,2025-12-15,2026-09-04,2026-10-01
6551,604.0,5.2,,,,0,0,0,0.2,,unknown,2025-12-15,2026-08-19,2026-10-01
6552,175.0,3.1,,,,0,0,0,0.2,,unknown,2025-12-15,2026-08-19,2026-10-01
6554,1112.0,9.2,6783200,6783200,6100,1,1,0,0.2,73.7,very thin,2025-12-15,2026-09-14,2026-10-01
6555,423.0,1.9,,,,0,0,0,0.2,,unknown,2025-12-15,2026-08-21,2026-10-01
6557,700.0,3.9,11412200,11412200,16250,2,2,4,0.2,43.8,very thin,2025-12-15,2026-09-25,2026-10-01
6558,666.0,1.9,333000,333000,500,1,1,0,0.2,1501.5,very thin,2025-12-15,2026-09-08,2026-10-01
6560,1716.0,7.4,,,,0,0,0,0.2,,unknown,2025-12-15,2026-08-25,2026-10-01
6561,821.0,9.8,6814300,6814300,8300,1,1,0,0.2,73.4,very thin,2025-12-15,2026-09-28,2026-10-01
6562,990.0,12.0,29510600,29510600,30500,2,2,22,0.2,16.9,very thin,2025-12-15,2026-09-30,2026-10-01
6563,466.0,2.4,4825600,4825600,10400,3,3,17,0.2,103.6,very thin,2025-11-07,2026-09-25,2026-10-01
6564,2009.0,54.8,103646700,103646700,52500,2,2,20,0.2,4.8,very thin,2025-12-15,2026-09-28,2026-10-01
6565,1388.0,19.7,,,,0,0,0,0.2,,unknown,2025-10-16,2026-05-01,2026-10-01
6566,1270.0,22.0,889000,889000,700,1,1,0,0.2,562.4,very thin,2025-12-15,2026-10-01,2026-10-01
6568,1237.0,9.8,2709200,2709200,2200,4,4,21,0.2,184.6,very thin,2025-12-15,2026-09-28,2026-10-01
6570,4255.0,25.4,,,,0,0,0,0.2,,unknown,2025-12-15,2026-09-04,2026-10-01
6571,1276.0,17.0,49644000,49644000,39400,3,3,21,0.2,10.1,very thin,2025-12-15,2026-10-01,2026-10-01
6572,258.0,11.4,,,,0,0,0,0.2,,unknown,2025-12-15,2026-08-14,2026-10-01
6573,26.0,1.1,8502000,8502000,327000,1,1,0,0.2,58.8,very thin,2025-12-15,2026-09-21,2026-10-01
6574,123.0,46.4,61553700,61553700,526100,3,3,20,0.2,8.1,very thin,2026-04-22,2026-09-28,2026-10-01
6577,1970.0,3.0,,,,0,0,0,0.2,,unknown,2026-04-29,2026-08-28,2026-10-01
6578,480.0,3.7,1239300,1239300,2700,3,3,17,0.2,403.5,very thin,2026-04-14,2026-10-01,2026-10-01
6579,343.0,,534150,534150,1550,2,2,20,0.2,936.1,very thin,2025-12-15,2026-09-28,2026-10-01
6580,858.0,6.4,8236800,8236800,9600,1,1,0,0.2,60.7,very thin,2025-12-15,2026-09-28,2026-10-01
6584,756.0,35.3,322207200,322207200,426200,1,1,0,0.2,1.6,thin,2025-12-15,2026-09-08,2026-10-01
6586,5337.0,1390.3,3139752800,3139752800,594200,19,19,24,0.2,0.16,adequate,2025-12-15,2026-10-01,2026-10-01
6588,2912.0,155.9,407450000,407450000,140500,19,19,24,0.2,1.2,thin,2025-12-15,2026-10-01,2026-10-01
6590,4255.0,248.4,4087136000,4087136000,1078400,19,19,24,0.2,0.12,adequate,2025-12-15,2026-10-01,2026-10-01
6592,1737.0,406.8,1632622800,1632622800,952800,19,19,24,0.2,0.31,adequate,2025-12-15,2026-10-01,2026-10-01
6594,2470.0,2915.1,,,,0,0,0,0.2,,unknown,2026-01-26,2026-09-03,2026-10-01
6596,990.0,3.7,,,,0,0,0,0.2,,unknown,2026-04-14,2026-07-28,2026-10-01
6597,3925.0,14.2,340297500,340297500,86700,1,1,0,0.2,1.5,thin,2025-12-15,2026-09-29,2026-10-01
6599,3810.0,5.3,68580000,68580000,18000,1,1,0,0.2,7.3,very thin,2025-12-15,2026-09-08,2026-10-01
6612,589.0,5.2,1354700,1354700,2300,1,1,0,0.2,369.1,very thin,2025-12-15,2026-10-01,2026-10-01
6613,2085.0,73.0,4377944900,4377944900,2205700,2,2,13,0.2,0.11,adequate,2025-12-15,2026-09-21,2026-10-01
6614,864.0,3.8,2073600,2073600,2400,1,1,0,0.2,241.1,very thin,2025-12-15,2026-09-18,2026-10-01
6615,235.0,6.9,12583550,12583550,53400,2,2,23,0.2,39.7,very thin,2025-12-15,2026-10-01,2026-10-01
6616,1866.0,19.8,139763400,139763400,74900,1,1,0,0.2,3.6,very thin,2025-12-15,2026-09-18,2026-10-01
6617,7140.0,104.9,654480500,654480500,92900,2,2,1,0.2,0.76,thin,2025-12-15,2026-09-29,2026-10-01
6619,145.0,10.2,324944250,324944250,2107450,2,2,6,0.2,1.5,thin,2026-04-14,2026-09-14,2026-10-01
6620,638.0,28.0,39683600,39683600,62200,1,1,0,0.2,12.6,very thin,2025-12-15,2026-10-01,2026-10-01
6622,2719.0,305.2,2014285000,2014285000,163100,19,19,24,0.2,0.25,adequate,2025-12-15,2026-10-01,2026-10-01
6625,361.0,41.7,155735400,155735400,431400,1,1,0,0.2,3.2,very thin,2025-12-15,2026-09-28,2026-10-01
6626,2377.0,19.1,22581500,22581500,9500,1,1,0,0.2,22.1,very thin,2025-12-15,2026-09-15,2026-10-01
6627,9840.0,,,,,0,0,0,0.2,,unknown,2025-12-15,2026-08-21,2026-10-01
6629,1050.0,13.2,134660100,134660100,132650,2,2,20,0.2,3.7,very thin,2025-12-15,2026-09-28,2026-10-01
6630,780.0,43.0,63804000,63804000,81800,19,19,24,0.2,7.8,very thin,2025-12-15,2026-10-01,2026-10-01
6632,1013.5,143.9,1361861653,1361861653,1407900,19,19,24,0.2,0.37,adequate,2025-12-15,2026-10-01,2026-10-01
6633,315.0,3.0,1294100,1294100,4100,2,2,14,0.2,386.4,very thin,2025-12-15,2026-09-22,2026-10-01
6634,72.0,3.3,6609600,6609600,91800,1,1,0,0.2,75.6,very thin,2025-12-15,2026-09-08,2026-10-01
6635,660.0,4.5,,,,0,0,0,0.2,,unknown,2025-12-15,2026-08-26,2026-10-01
6637,4245.0,40.2,126501000,126501000,29800,1,1,0,0.2,4.0,very thin,2025-12-15,2026-09-08,2026-10-01
6638,1997.0,55.0,190708050,190708050,98300,2,2,8,0.2,2.6,very thin,2025-12-15,2026-09-16,2026-10-01
6643,5620.0,26.4,,,,0,0,0,0.2,,unknown,2025-12-15,2026-08-26,2026-10-01
6644,1453.0,66.1,486407850,486407850,336850,2,2,2,0.2,1.0,thin,2025-11-29,2026-09-10,2026-10-01
6645,6425.0,1243.7,6605758000,6605758000,1050200,19,19,24,0.2,0.08,deep,2025-12-15,2026-10-01,2026-10-01
6647,3250.0,3.9,,,,0,0,0,0.2,,unknown,2025-12-15,2026-08-14,2026-10-01
6648,1639.0,26.6,47203200,47203200,28800,1,1,0,0.2,10.6,very thin,2025-12-15,2026-09-08,2026-10-01
6651,4405.0,167.7,281916500,281916500,65200,19,19,24,0.2,1.8,thin,2025-12-15,2026-10-01,2026-10-01
6652,3810.0,113.2,325780000,325780000,91300,19,19,24,0.2,1.5,thin,2025-11-07,2026-10-01,2026-10-01
6653,2122.0,30.0,145245100,145245100,70550,2,2,17,0.2,3.4,very thin,2025-12-15,2026-10-01,2026-10-01
6654,1080.0,5.6,6088750,6088750,5650,2,2,19,0.2,82.1,very thin,2026-04-27,2026-09-28,2026-10-01
6656,779.0,3.8,27498700,27498700,35300,1,1,0,0.2,18.2,very thin,2026-04-16,2026-09-23,2026-10-01
6658,462.0,6.9,,,,0,0,0,0.2,,unknown,2025-12-15,2026-08-28,2026-10-01
6659,42.0,4.0,144736200,144736200,3446100,1,1,0,0.2,3.5,very thin,2025-12-15,2026-09-29,2026-10-01
6662,228.0,3.2,775200,775200,3400,1,1,0,0.2,645.0,very thin,2025-12-15,2026-09-28,2026-10-01
6663,304.0,1.9,3739200,3739200,12300,1,1,0,0.2,133.7,very thin,2025-12-15,2026-09-28,2026-10-01
6664,257.0,3.9,,,,0,0,0,0.2,,unknown,2025-12-15,2026-09-04,2026-10-01
6666,807.0,6.7,34293000,34293000,42600,3,3,9,0.2,14.6,very thin,2025-12-15,2026-09-23,2026-10-01
6668,4815.0,29.4,411986250,411986250,89550,2,2,2,0.2,1.2,thin,2025-12-15,2026-10-01,2026-10-01
6670,2186.0,205.3,,,,0,0,0,0.2,,unknown,2025-12-15,2026-06-12,2026-10-01
6674,5500.0,541.5,4004776200,4004776200,741900,19,19,24,0.2,0.12,adequate,2025-12-15,2026-10-01,2026-10-01
6675,2161.0,38.5,,,,0,0,0,0.2,,unknown,2025-12-15,2026-08-28,2026-10-01
6676,3590.0,72.8,306016500,306016500,87750,2,2,15,0.2,1.6,thin,2025-10-16,2026-10-01,2026-10-01
6677,3135.0,36.1,274864000,274864000,85100,3,3,23,0.2,1.8,thin,2025-12-15,2026-10-01,2026-10-01
6678,2063.0,13.7,22693000,22693000,11000,1,1,0,0.2,22.0,very thin,2025-12-15,2026-09-16,2026-10-01
6694,850.0,3.3,3995000,3995000,4700,1,1,0,0.2,125.2,very thin,2025-12-15,2026-10-01,2026-10-01
6695,150.0,,,,,0,0,0,0.2,,unknown,2026-01-26,2026-07-20,2026-10-01
6696,302.0,1.6,4228000,4228000,14000,3,3,21,0.2,118.3,very thin,2026-04-16,2026-10-01,2026-10-01
6699,480.0,6.1,31311000,31311000,65000,3,3,21,0.2,16.0,very thin,2026-05-29,2026-09-29,2026-10-01
6701,4820.0,6386.4,27921067200,27921067200,5826600,19,19,24,0.2,0.02,deep,2025-12-15,2026-10-01,2026-10-01
6702,4002.0,6966.3,29416081200,29416081200,7302900,19,19,24,0.2,0.02,deep,2025-12-15,2026-10-01,2026-10-01
6703,2724.0,240.7,1613898000,1613898000,627000,19,19,24,0.2,0.31,adequate,2025-12-15,2026-10-01,2026-10-01
6706,3290.0,27.9,91791000,91791000,27900,1,1,0,0.2,5.4,very thin,2025-12-15,2026-09-29,2026-10-01
6707,7072.0,137.9,932504400,932504400,137700,19,19,24,0.2,0.54,thin,2025-12-15,2026-10-01,2026-10-01
6718,2868.0,43.7,,,,0,0,0,0.2,,unknown,2025-12-15,2026-08-25,2026-10-01
6721,74.0,4.3,14592800,14592800,197200,1,1,0,0.2,34.3,very thin,2025-12-15,2026-09-28,2026-10-01
6723,3616.0,6356.0,31916426100,31916426100,9206600,19,19,24,0.2,0.02,deep,2025-12-15,2026-10-01,2026-10-01
6724,3282.0,1048.4,4675021500,4675021500,1432800,19,19,24,0.2,0.11,adequate,2025-12-15,2026-10-01,2026-10-01
6727,875.0,116.8,445071900,445071900,525700,19,19,24,0.2,1.1,thin,2025-12-15,2026-10-01,2026-10-01
6728,8300.0,374.2,3639863000,3639863000,478300,19,19,24,0.2,0.14,adequate,2025-12-15,2026-10-01,2026-10-01
6730,1201.0,12.9,,,,0,0,0,0.2,,unknown,2025-12-15,2026-09-04,2026-10-01
6731,100.0,1.6,7833600,7833600,76200,2,2,6,0.2,63.8,very thin,2025-12-15,2026-09-14,2026-10-01
6736,9690.0,208.6,449465000,449465000,46300,2,2,2,0.2,1.1,thin,2025-12-15,2026-09-18,2026-10-01
6737,3080.0,123.4,465990000,465990000,147000,19,19,24,0.2,1.1,thin,2025-12-15,2026-10-01,2026-10-01
6740,50.0,213.3,974225150,974225150,19275750,2,2,1,0.2,0.51,thin,2025-12-15,2026-09-29,2026-10-01
6741,1773.0,116.4,271091700,271091700,152900,1,1,0,0.2,1.8,thin,2025-12-15,2026-09-29,2026-10-01
6742,1032.0,57.0,,,,0,0,0,0.2,,unknown,2025-12-15,2026-08-21,2026-10-01
6743,1022.0,17.1,17559050,17559050,16750,2,2,10,0.2,28.5,very thin,2025-12-15,2026-10-01,2026-10-01
6744,3985.0,237.2,293571000,293571000,74700,19,19,24,0.2,1.7,thin,2025-12-15,2026-10-01,2026-10-01
6745,1869.0,154.7,303338700,303338700,162300,1,1,0,0.2,1.6,thin,2025-12-15,2026-09-08,2026-10-01
6748,785.0,9.7,7395350,7395350,9500,2,2,23,0.2,67.6,very thin,2025-12-15,2026-10-01,2026-10-01
6750,2018.0,165.0,366234500,366234500,180500,19,19,24,0.2,1.4,thin,2026-04-14,2026-10-01,2026-10-01
6752,4550.0,10712.6,33789276600,33789276600,7881800,19,19,24,0.2,0.01,deep,2025-12-15,2026-10-01,2026-10-01
6753,645.5,430.0,2517137334,2517137334,3800600,19,19,24,0.2,0.2,adequate,2026-04-29,2026-10-01,2026-10-01
6754,3451.0,435.2,2823653000,2823653000,888500,19,19,24,0.2,0.18,adequate,2025-12-15,2026-10-01,2026-10-01
6757,876.0,4.6,,,,0,0,0,0.2,,unknown,2026-04-27,2026-09-02,2026-10-01
6758,3787.0,21686.2,52895752000,52895752000,14531800,19,19,24,0.2,0.01,deep,2025-12-15,2026-10-01,2026-10-01
6762,3200.0,5652.7,27112500000,27112500000,9616900,19,19,24,0.2,0.02,deep,2025-12-15,2026-10-01,2026-10-01
6763,2793.0,25.7,29617600,29617600,10700,3,3,7,0.2,16.9,very thin,2025-12-15,2026-09-16,2026-10-01
6768,969.0,69.3,724191000,724191000,898500,19,19,24,0.2,0.69,thin,2025-12-15,2026-10-01,2026-10-01
6769,1281.0,11.9,84501800,84501800,70250,2,2,14,0.2,5.9,very thin,2025-12-15,2026-09-28,2026-10-01
6770,2270.5,425.9,3169131600,3169131600,1437900,19,19,24,0.2,0.16,adequate,2025-12-15,2026-10-01,2026-10-01
6771,649.0,4.4,5226050,5226050,7950,2,2,8,0.2,95.7,very thin,2025-12-15,2026-09-16,2026-10-01
6772,1021.0,7.4,932150,932150,900,2,2,20,0.2,536.4,very thin,2025-12-15,2026-09-28,2026-10-01
6775,133.0,1.9,19318150,19318150,146350,2,2,8,0.2,25.9,very thin,2025-12-15,2026-10-01,2026-10-01
6776,269.0,4.4,,,,0,0,0,0.2,,unknown,2025-12-15,2026-08-18,2026-10-01
6777,21870.0,223.7,2218995000,2218995000,108500,2,2,17,0.2,0.23,adequate,2025-12-15,2026-09-28,2026-10-01
6778,618.0,5.2,9561800,9561800,15100,2,2,8,0.2,52.3,very thin,2026-04-14,2026-09-16,2026-10-01
6779,3155.0,64.6,2743945100,2743945100,915100,2,2,8,0.2,0.18,adequate,2025-12-15,2026-09-16,2026-10-01
6785,3235.0,,188181000,188181000,59800,3,3,14,0.2,2.7,very thin,2025-12-15,2026-09-28,2026-10-01
6786,48.0,1.2,465600,465600,9700,1,1,0,0.2,1073.9,very thin,2025-12-15,2026-09-21,2026-10-01
6787,25290.0,612.7,15857316000,15857316000,705800,19,19,24,0.2,0.03,deep,2025-12-15,2026-10-01,2026-10-01
6788,5040.0,37.5,46872000,46872000,9300,1,1,0,0.2,10.7,very thin,2026-04-15,2026-09-18,2026-10-01
6794,2902.0,,325604400,325604400,112200,1,1,0,0.2,1.5,thin,2025-12-15,2026-09-08,2026-10-01
6797,1193.0,13.9,6079150,6079150,4950,2,2,22,0.2,82.2,very thin,2025-12-15,2026-09-29,2026-10-01
6798,3220.0,20.4,39284000,39284000,12200,1,1,0,0.2,12.7,very thin,2025-12-15,2026-09-08,2026-10-01
6800,4465.0,117.2,635868500,635868500,144500,2,2,5,0.2,0.79,thin,2025-12-15,2026-09-28,2026-10-01
6803,99.0,2.9,29660000,29660000,296600,3,3,20,0.2,16.9,very thin,2025-12-15,2026-09-28,2026-10-01
6804,2433.0,124.2,624157200,624157200,246800,19,19,24,0.2,0.8,thin,2025-12-15,2026-10-01,2026-10-01
6806,25600.0,811.7,3329312000,3329312000,133600,19,19,24,0.2,0.15,adequate,2025-12-15,2026-10-01,2026-10-01
6807,2674.0,174.2,474997900,474997900,191300,19,19,24,0.2,1.1,thin,2025-12-15,2026-10-01,2026-10-01
6809,1763.0,61.2,,,,0,0,0,0.2,,unknown,2025-12-15,2026-09-04,2026-10-01
6810,2603.0,97.0,422130500,422130500,163300,19,19,24,0.2,1.2,thin,2025-12-15,2026-10-01,2026-10-01
6814,7860.0,243.7,1952907000,1952907000,257300,19,19,24,0.2,0.26,adequate,2025-12-15,2026-10-01,2026-10-01
6817,1170.0,40.0,200655000,200655000,171500,1,1,0,0.2,2.5,thin,2025-12-15,2026-09-08,2026-10-01
6819,478.0,8.8,,,,0,0,0,0.2,,unknown,2025-12-15,2026-09-04,2026-10-01
6820,3790.0,51.2,30888000,30888000,8800,5,5,24,0.2,16.2,very thin,2025-12-15,2026-10-01,2026-10-01
6822,4990.0,6.3,13241000,13241000,2650,2,2,8,0.2,37.8,very thin,2025-12-15,2026-09-16,2026-10-01
6823,3350.0,42.5,,,,0,0,0,0.2,,unknown,2025-10-16,2026-08-24,2026-10-01
6824,4015.0,57.0,25294500,25294500,6300,1,1,0,0.2,19.8,very thin,2025-12-15,2026-09-28,2026-10-01
6832,2331.0,26.2,75058200,75058200,32200,1,1,0,0.2,6.7,very thin,2025-11-29,2026-09-08,2026-10-01
6834,5850.0,183.6,4770675000,4770675000,815500,1,1,0,0.2,0.1,adequate,2025-12-15,2026-09-23,2026-10-01
6835,274.0,25.2,41949400,41949400,153100,1,1,0,0.2,11.9,very thin,2025-12-15,2026-10-01,2026-10-01
6836,817.0,3.9,,,,0,0,0,0.2,,unknown,2025-11-07,2026-09-04,2026-10-01
6837,351.0,20.2,,,,0,0,0,0.2,,unknown,2025-12-15,2026-08-07,2026-10-01
6838,1516.0,13.1,286524000,286524000,189000,1,1,0,0.2,1.7,thin,2026-04-14,2026-09-08,2026-10-01
6840,749.0,6.0,,,,0,0,0,0.2,,unknown,2025-12-15,2026-08-27,2026-10-01
6841,4734.0,1180.2,4810690800,4810690800,1016200,19,19,24,0.2,0.1,adequate,2025-12-15,2026-10-01,2026-10-01
6844,3240.0,,,,,0,0,0,0.2,,unknown,2025-12-15,2026-08-18,2026-10-01
6845,1475.5,737.5,1842693300,1842693300,1271700,19,19,24,0.2,0.27,adequate,2025-12-15,2026-10-01,2026-10-01
6848,841.0,16.7,4692600,4692600,5400,3,3,23,0.2,106.6,very thin,2025-12-15,2026-10-01,2026-10-01
6849,1609.5,260.0,1065372000,1065372000,672200,19,19,24,0.2,0.47,adequate,2025-12-15,2026-10-01,2026-10-01
6850,1783.0,27.6,49642550,49642550,28900,2,2,15,0.2,10.1,very thin,2025-12-15,2026-09-23,2026-10-01
6853,773.0,19.4,11769050,11769050,15450,4,4,21,0.2,42.5,very thin,2025-12-15,2026-09-29,2026-10-01
6855,6480.0,102.2,3355344000,3355344000,517800,1,1,0,0.2,0.15,adequate,2025-12-15,2026-09-08,2026-10-01
6856,25245.0,1002.4,5199472000,5199472000,227200,19,19,24,0.2,0.1,deep,2025-12-15,2026-10-01,2026-10-01
6857,37610.0,24546.4,285400440000,285400440000,8444200,19,19,24,0.2,0.0,deep,2025-12-15,2026-10-01,2026-10-01
6858,876.0,8.3,24174600,24174600,27950,2,2,2,0.2,20.7,very thin,2025-12-15,2026-10-01,2026-10-01
6859,4165.0,85.2,259170000,259170000,65200,19,19,24,0.2,1.9,thin,2025-12-15,2026-10-01,2026-10-01
6861,81200.0,19305.0,41991300000,41991300000,555000,19,19,24,0.2,0.01,deep,2025-12-15,2026-10-01,2026-10-01
6862,5180.0,28.1,1077958000,1077958000,208100,3,3,8,0.2,0.46,adequate,2025-12-15,2026-09-22,2026-10-01
6863,1145.0,20.2,234839500,234839500,205100,1,1,0,0.2,2.1,thin,2025-12-15,2026-09-28,2026-10-01
6864,1614.0,10.4,42363600,42363600,25800,4,4,24,0.2,11.8,very thin,2026-01-26,2026-10-01,2026-10-01
6866,11140.0,139.9,295295000,295295000,29500,19,19,24,0.2,1.7,thin,2025-12-15,2026-10-01,2026-10-01
6867,411.0,1.8,1068600,1068600,2600,3,3,23,0.2,467.9,very thin,2025-12-15,2026-09-30,2026-10-01
6869,1868.5,1150.5,4886051950,4886051950,2653300,19,19,24,0.2,0.1,adequate,2025-12-15,2026-10-01,2026-10-01
6870,2106.0,11.8,4293000,4293000,2000,2,2,3,0.2,116.5,very thin,2025-12-15,2026-09-11,2026-10-01
6871,14980.0,536.2,16012374000,16012374000,1175900,19,19,24,0.2,0.03,deep,2025-12-15,2026-10-01,2026-10-01
6874,2333.0,18.8,9798600,9798600,4200,3,3,3,0.2,51.0,very thin,2025-12-15,2026-09-11,2026-10-01
6875,11370.0,153.9,982315000,982315000,89400,19,19,24,0.2,0.51,thin,2025-12-15,2026-10-01,2026-10-01
6877,5930.0,87.3,178786500,178786500,31700,2,2,4,0.2,2.8,very thin,2025-12-15,2026-09-25,2026-10-01
6882,1183.0,14.8,37248400,37248400,33100,4,4,20,0.2,13.4,very thin,2025-12-15,2026-09-28,2026-10-01
6888,504.0,,5443200,5443200,10800,1,1,0,0.2,91.9,very thin,2025-12-15,2026-10-01,2026-10-01
6890,10640.0,465.8,11643352000,11643352000,1094300,1,1,0,0.2,0.04,deep,2025-12-15,2026-09-28,2026-10-01
6894,2143.0,2.9,2357300,2357300,1100,1,1,0,0.2,212.1,very thin,2025-12-15,2026-10-01,2026-10-01
6897,635.0,6.9,20764500,20764500,32700,1,1,0,0.2,24.1,very thin,2025-12-15,2026-09-21,2026-10-01
6898,4725.0,3.4,7046750,7046750,1350,2,2,23,0.2,71.0,very thin,2026-04-16,2026-10-01,2026-10-01
6899,2296.0,7.3,8351400,8351400,3600,2,2,6,0.2,59.9,very thin,2025-12-15,2026-09-22,2026-10-01
6901,1296.0,5.6,,,,0,0,0,0.2,,unknown,2025-12-15,2026-05-18,2026-10-01
6902,1840.0,4823.7,13031405400,13031405400,6900400,19,19,24,0.2,0.04,deep,2025-12-15,2026-10-01,2026-10-01
6904,680.0,13.3,28974400,28974400,42900,2,2,7,0.2,17.3,very thin,2025-12-15,2026-09-23,2026-10-01
6905,1283.0,,199634800,199634800,155600,1,1,0,0.2,2.5,very thin,2025-12-15,2026-09-14,2026-10-01
6907,789.0,4.9,11363100,11363100,14700,3,3,21,0.2,44.0,very thin,2025-12-15,2026-09-28,2026-10-01
6908,2832.0,61.5,302090600,302090600,105700,19,19,24,0.2,1.7,thin,2025-12-15,2026-10-01,2026-10-01
6912,2636.0,17.4,27937800,27937800,11050,2,2,14,0.2,17.9,very thin,2025-12-15,2026-09-22,2026-10-01
6914,3300.0,118.1,385860000,385860000,118000,19,19,24,0.2,1.3,thin,2025-12-15,2026-10-01,2026-10-01
6915,3475.0,27.9,,,,0,0,0,0.2,,unknown,2025-12-15,2026-09-01,2026-10-01
6918,3535.0,20.6,89435500,89435500,25300,1,1,0,0.2,5.6,very thin,2025-12-15,2026-09-16,2026-10-01
6919,1417.0,,15587000,15587000,11000,1,1,0,0.2,32.1,very thin,2025-12-15,2026-09-08,2026-10-01
6920,45710.0,3669.9,125088000000,125088000000,3214400,19,19,24,0.2,0.0,deep,2025-12-15,2026-10-01,2026-10-01
6923,3491.0,441.2,1479965900,1479965900,424500,19,19,24,0.2,0.34,adequate,2025-12-15,2026-10-01,2026-10-01
6925,4190.0,318.3,1187245000,1187245000,323500,19,19,24,0.2,0.42,adequate,2025-11-07,2026-10-01,2026-10-01
6926,191.0,4.2,1050500,1050500,5500,2,2,1,0.2,476.0,very thin,2025-12-15,2026-09-16,2026-10-01
6927,1004.0,18.2,37733000,37733000,38900,3,3,18,0.2,13.3,very thin,2025-12-15,2026-09-28,2026-10-01
6928,3020.0,19.6,,,,0,0,0,0.2,,unknown,2025-12-15,2026-08-28,2026-10-01
6929,3745.0,75.1,290986500,290986500,77700,19,19,24,0.2,1.7,thin,2025-12-15,2026-10-01,2026-10-01
6932,2561.0,37.0,89345900,89345900,35400,2,2,7,0.2,5.6,very thin,2025-12-15,2026-09-15,2026-10-01
6941,9320.0,158.0,1790866000,1790866000,223800,19,19,24,0.2,0.28,adequate,2025-12-15,2026-10-01,2026-10-01
6942,1450.0,6.7,7195000,7195000,5000,3,3,20,0.2,69.5,very thin,2025-12-15,2026-09-28,2026-10-01
6943,5560.0,4.1,5560000,5560000,1000,1,1,0,0.2,89.9,very thin,2025-12-15,2026-09-16,2026-10-01
6946,7310.0,79.3,1420529500,1420529500,204450,2,2,12,0.2,0.35,adequate,2025-12-15,2026-09-28,2026-10-01
6947,5200.0,108.1,315256000,315256000,62800,19,19,24,0.2,1.6,thin,2025-12-15,2026-10-01,2026-10-01
6951,7830.0,374.5,1995762600,1995762600,267600,19,19,24,0.2,0.25,adequate,2025-10-16,2026-10-01,2026-10-01
6952,2197.5,482.8,3849283900,3849283900,1804200,19,19,24,0.2,0.13,adequate,2025-12-15,2026-10-01,2026-10-01
6954,6127.0,5561.3,25541472000,25541472000,4422000,19,19,24,0.2,0.02,deep,2025-12-15,2026-10-01,2026-10-01
6955,419.0,,,,,0,0,0,0.2,,unknown,2025-12-15,2026-08-14,2026-10-01
6958,784.0,51.5,657731800,657731800,889150,2,2,21,0.2,0.76,thin,2025-12-15,2026-09-29,2026-10-01
6960,11810.0,326.4,604506000,604506000,51800,19,19,24,0.2,0.83,thin,2025-12-15,2026-10-01,2026-10-01
6961,9900.0,123.5,1535490000,1535490000,155100,1,1,0,0.2,0.33,adequate,2025-12-15,2026-09-28,2026-10-01
6962,830.0,26.8,271289450,271289450,331700,2,2,7,0.2,1.8,thin,2025-12-15,2026-09-24,2026-10-01
6963,5105.0,1849.9,13099831700,13099831700,2842100,19,19,24,0.2,0.04,deep,2025-12-15,2026-10-01,2026-10-01
6964,696.0,6.2,,,,0,0,0,0.2,,unknown,2025-11-29,2026-08-25,2026-10-01
6965,2404.0,676.4,4223527500,4223527500,1803000,19,19,24,0.2,0.12,adequate,2025-12-15,2026-10-01,2026-10-01
6966,927.0,161.0,2133297700,2133297700,2367700,19,19,24,0.2,0.23,adequate,2026-04-20,2026-10-01,2026-10-01
6969,1018.0,4.3,15473600,15473600,15200,1,1,0,0.2,32.3,very thin,2025-12-15,2026-09-16,2026-10-01
6971,3728.0,4808.6,14538925900,14538925900,4100300,19,19,24,0.2,0.03,deep,2025-12-15,2026-10-01,2026-10-01
6976,10100.0,1193.2,249308636000,249308636000,27217100,19,19,24,0.2,0.0,deep,2025-12-15,2026-10-01,2026-10-01
6977,1895.0,2.0,92665500,92665500,48900,1,1,0,0.2,5.4,very thin,2025-11-07,2026-10-01,2026-10-01
6981,8513.0,14541.3,159018844600,159018844600,20484200,19,19,24,0.2,0.0,deep,2025-12-15,2026-10-01,2026-10-01
6982,587.0,1.5,,,,0,0,0,0.2,,unknown,2025-12-15,2026-09-04,2026-10-01
6986,817.0,34.6,417791500,417791500,509100,2,2,4,0.2,1.2,thin,2025-12-15,2026-09-28,2026-10-01
6988,3517.0,2347.1,9986860800,9986860800,3082500,19,19,24,0.2,0.05,deep,2025-12-15,2026-10-01,2026-10-01
6989,2523.0,19.7,,,,0,0,0,0.2,,unknown,2025-12-15,2026-08-25,2026-10-01
6993,90.0,68.3,225351000,225351000,2503900,1,1,0,0.2,2.2,thin,2026-06-03,2026-09-28,2026-10-01
6994,1220.0,26.8,112082200,112082200,93950,2,2,19,0.2,4.5,very thin,2025-12-15,2026-09-28,2026-10-01
6995,3075.0,275.7,322077000,322077000,102900,19,19,24,0.2,1.6,thin,2025-12-15,2026-10-01,2026-10-01
6996,2678.0,175.3,1777829900,1777829900,680900,19,19,24,0.2,0.28,adequate,2025-12-15,2026-10-01,2026-10-01
6997,2698.0,86.5,,,,0,0,0,0.2,,unknown,2025-12-15,2026-08-25,2026-10-01
6998,3425.0,16.9,426412500,426412500,124500,1,1,0,0.2,1.2,thin,2025-12-15,2026-09-08,2026-10-01
6999,2383.0,84.8,804072600,804072600,352200,19,19,24,0.2,0.62,thin,2025-12-15,2026-10-01,2026-10-01
7003,4234.0,435.4,7860910500,7860910500,1793500,19,19,24,0.2,0.06,deep,2025-12-15,2026-10-01,2026-10-01
7004,1173.0,197.4,890541600,890541600,759200,19,19,24,0.2,0.56,thin,2025-12-15,2026-10-01,2026-10-01
7011,3842.0,13094.7,57496646900,57496646900,15016100,19,19,24,0.2,0.01,deep,2025-12-15,2026-10-01,2026-10-01
7012,2352.0,2102.7,26518509150,26518509150,11028700,19,19,24,0.2,0.02,deep,2025-12-15,2026-10-01,2026-10-01
7013,2711.5,2965.3,31407166000,31407166000,11010400,19,19,24,0.2,0.02,deep,2025-12-15,2026-10-01,2026-10-01
7014,4735.0,339.4,7052877000,7052877000,1391100,19,19,24,0.2,0.07,deep,2025-12-15,2026-10-01,2026-10-01
7018,11600.0,19.4,,,,0,0,0,0.2,,unknown,2025-12-15,2026-08-19,2026-10-01
7021,2400.0,4.9,1892800,1892800,800,2,2,6,0.2,264.2,very thin,2025-12-15,2026-09-24,2026-10-01
7022,359.0,10.6,27000850,27000850,76150,2,2,20,0.2,18.5,very thin,2025-12-15,2026-09-28,2026-10-01
7030,973.0,17.3,20724900,20724900,21300,1,1,0,0.2,24.1,very thin,2025-12-15,2026-10-01,2026-10-01
7031,691.0,2.0,380050,380050,550,1,1,0,0.2,1315.6,very thin,2025-12-15,2026-09-08,2026-10-01
7033,1581.0,20.8,83281200,83281200,52400,2,2,6,0.2,6.0,very thin,2025-12-15,2026-09-14,2026-10-01
7034,340.0,3.9,6868000,6868000,20200,1,1,0,0.2,72.8,very thin,2026-04-20,2026-09-09,2026-10-01
7035,221.0,2.7,34804950,34804950,156950,2,2,22,0.2,14.4,very thin,2025-12-15,2026-10-01,2026-10-01
7036,647.0,2.6,991500,991500,1500,3,3,23,0.2,504.3,very thin,2026-02-10,2026-10-01,2026-10-01
7037,786.0,3.7,16113000,16113000,20500,1,1,0,0.2,31.0,very thin,2025-12-15,2026-09-16,2026-10-01
7038,592.0,6.7,,,,0,0,0,0.2,,unknown,2025-12-15,2026-09-04,2026-10-01
7039,1345.0,6.2,11836000,11836000,8800,1,1,0,0.2,42.2,very thin,2025-12-15,2026-10-01,2026-10-01
7040,964.0,6.0,532200,532200,550,2,2,14,0.2,939.5,very thin,2025-12-15,2026-09-22,2026-10-01
7041,332.0,1.9,5444800,5444800,16400,1,1,0,0.2,91.8,very thin,2025-12-15,2026-10-01,2026-10-01
7042,668.0,2.4,2805600,2805600,4200,1,1,0,0.2,178.2,very thin,2025-12-15,2026-09-17,2026-10-01
7043,946.0,2.4,,,,0,0,0,0.2,,unknown,2025-12-15,2026-09-04,2026-10-01
7044,623.0,3.6,34015800,34015800,54600,1,1,0,0.2,14.7,very thin,2025-12-15,2026-10-01,2026-10-01
7046,1320.0,2.8,1627200,1627200,1200,3,3,10,0.2,307.3,very thin,2025-12-15,2026-09-18,2026-10-01
7047,2187.0,28.5,275719950,275719950,127050,2,2,14,0.2,1.8,thin,2025-12-15,2026-09-22,2026-10-01
7048,156.0,5.7,,,,0,0,0,0.2,,unknown,2025-12-15,2026-08-21,2026-10-01
7049,788.0,7.2,11898800,11898800,15100,1,1,0,0.2,42.0,very thin,2025-12-15,2026-09-10,2026-10-01
7050,1475.0,12.4,20715000,20715000,14700,2,2,20,0.2,24.1,very thin,2026-04-14,2026-10-01,2026-10-01
7057,938.0,2.7,,,,0,0,0,0.2,,unknown,2025-11-07,2026-08-26,2026-10-01
7058,3030.0,4.2,5454000,5454000,1800,1,1,0,0.2,91.7,very thin,2025-12-15,2026-09-29,2026-10-01
7059,965.0,37.2,106729000,106729000,110600,1,1,0,0.2,4.7,very thin,2025-12-15,2026-09-24,2026-10-01
7060,597.0,6.1,,,,0,0,0,0.2,,unknown,2025-12-15,2026-09-04,2026-10-01
7061,475.0,4.8,,,,0,0,0,0.2,,unknown,2025-12-15,2026-09-02,2026-10-01
7062,690.0,2.0,,,,0,0,0,0.2,,unknown,2025-12-15,2026-09-02,2026-10-01
7063,71.0,2.8,17125200,17125200,241200,1,1,0,0.2,29.2,very thin,2026-04-24,2026-09-16,2026-10-01
7064,1048.0,2.9,6748800,6748800,6600,2,2,10,0.2,74.1,very thin,2026-02-10,2026-09-18,2026-10-01
7065,968.0,7.7,8026100,8026100,8300,2,2,1,0.2,62.3,very thin,2025-12-15,2026-09-09,2026-10-01
7066,434.0,4.2,3515400,3515400,8100,1,1,0,0.2,142.2,very thin,2025-12-15,2026-10-01,2026-10-01
7067,1055.0,1.6,474000,474000,450,2,2,15,0.2,1054.9,very thin,2025-12-15,2026-09-23,2026-10-01
7068,595.0,13.8,26239500,26239500,44100,1,1,0,0.2,19.1,very thin,2025-12-15,2026-09-08,2026-10-01
7069,499.0,5.2,12484400,12484400,23700,3,3,8,0.2,40.0,very thin,2025-12-15,2026-09-16,2026-10-01
7071,393.0,38.6,112221150,112221150,285550,2,2,15,0.2,4.5,very thin,2025-12-15,2026-10-01,2026-10-01
7072,1164.0,3.1,,,,0,0,0,0.2,,unknown,2025-12-15,2026-08-25,2026-10-01
7073,2387.0,2.2,2387000,2387000,1000,1,1,0,0.2,209.5,very thin,2026-04-16,2026-09-08,2026-10-01
7074,187.0,,392700,392700,2100,1,1,0,0.2,1273.2,very thin,2025-12-15,2026-09-10,2026-10-01
7075,1030.0,6.4,23896000,23896000,23200,1,1,0,0.2,20.9,very thin,2025-12-15,2026-09-16,2026-10-01
7077,989.0,1.8,1483500,1483500,1500,1,1,0,0.2,337.0,very thin,2025-12-15,2026-09-29,2026-10-01
7078,340.0,3.5,4299750,4299750,12600,2,2,6,0.2,116.3,very thin,2025-12-15,2026-09-14,2026-10-01
7079,2622.0,6.2,3657200,3657200,1400,2,2,13,0.2,136.7,very thin,2025-12-15,2026-10-01,2026-10-01
7080,898.0,6.6,9639700,9639700,10850,2,2,15,0.2,51.9,very thin,2025-12-15,2026-10-01,2026-10-01
7081,1317.0,14.4,,,,0,0,0,0.2,,unknown,2025-12-15,2026-08-24,2026-10-01
7082,1406.0,13.7,6608200,6608200,4700,1,1,0,0.2,75.7,very thin,2025-12-15,2026-09-08,2026-10-01
7083,1169.0,2.4,5496100,5496100,4700,2,2,10,0.2,91.0,very thin,2025-12-15,2026-09-28,2026-10-01
7084,2759.0,8.9,,,,0,0,0,0.2,,unknown,2025-12-15,2026-08-27,2026-10-01
7085,910.0,80.0,270967200,270967200,304800,19,19,24,0.2,1.8,thin,2025-12-15,2026-10-01,2026-10-01
7087,1404.0,9.0,5812150,5812150,4050,4,4,20,0.2,86.0,very thin,2025-12-15,2026-09-28,2026-10-01
7088,1699.0,90.3,,,,0,0,0,0.2,,unknown,2026-04-15,2026-05-15,2026-10-01
7089,1552.0,9.8,,,,0,0,0,0.2,,unknown,2025-12-15,2026-07-03,2026-10-01
7090,944.0,1.5,,,,0,0,0,0.2,,unknown,2025-12-15,2026-09-04,2026-10-01
7091,1196.0,5.4,27752400,27752400,22300,2,2,9,0.2,18.0,very thin,2026-05-07,2026-10-01,2026-10-01
7092,2303.0,43.2,,,,0,0,0,0.2,,unknown,2026-04-14,2026-04-14,2026-10-01
7093,597.0,1.3,1691200,1691200,2800,3,3,20,0.2,295.6,very thin,2025-12-15,2026-09-28,2026-10-01
7094,1835.0,18.4,112485500,112485500,61300,1,1,0,0.2,4.4,very thin,2025-12-15,2026-09-08,2026-10-01
7095,1246.0,14.9,63628500,63628500,50700,2,2,1,0.2,7.9,very thin,2026-01-26,2026-09-08,2026-10-01
7096,739.0,7.8,1987200,1987200,2700,3,3,12,0.2,251.6,very thin,2025-12-15,2026-09-28,2026-10-01
7097,2756.0,11.8,,,,0,0,0,0.2,,unknown,2026-04-15,2026-08-26,2026-10-01
7098,650.0,,,,,0,0,0,0.2,,unknown,2026-04-22,2026-07-21,2026-10-01
7102,3635.0,52.5,,,,0,0,0,0.2,,unknown,2025-12-15,2026-09-04,2026-10-01
7105,1529.0,,,,,0,0,0,0.2,,unknown,2026-04-15,2026-05-06,2026-10-01
7110,1900.0,14.9,28690000,28690000,15100,1,1,0,0.2,17.4,very thin,2026-04-17,2026-09-23,2026-10-01
7111,520.0,3.8,1540750,1540750,2950,2,2,11,0.2,324.5,very thin,2025-12-15,2026-09-18,2026-10-01
7112,560.0,4.4,4148400,4148400,7250,2,2,21,0.2,120.5,very thin,2025-12-15,2026-09-29,2026-10-01
7114,803.0,,2702900,2702900,3400,2,2,22,0.2,185.0,very thin,2025-12-15,2026-10-01,2026-10-01
7115,1482.0,14.4,4149600,4149600,2800,1,1,0,0.2,120.5,very thin,2025-12-15,2026-09-24,2026-10-01
7119,2016.0,20.7,33264000,33264000,16500,1,1,0,0.2,15.0,very thin,2025-12-15,2026-09-08,2026-10-01
7120,1001.0,4.6,12829100,12829100,12850,2,2,17,0.2,39.0,very thin,2025-12-15,2026-09-25,2026-10-01
7122,2444.0,16.1,8798400,8798400,3600,1,1,0,0.2,56.8,very thin,2025-12-15,2026-09-28,2026-10-01
7126,1435.0,,2152500,2152500,1500,1,1,0,0.2,232.3,very thin,2026-04-27,2026-09-09,2026-10-01
7127,712.0,,7779650,7779650,10950,2,2,18,0.2,64.3,very thin,2025-12-15,2026-09-28,2026-10-01
7128,2926.0,69.1,180628800,180628800,62400,19,19,24,0.2,2.8,very thin,2025-12-15,2026-10-01,2026-10-01
7129,1176.0,3.2,1411200,1411200,1200,1,1,0,0.2,354.3,very thin,2025-11-07,2026-09-08,2026-10-01
7130,2724.0,78.0,205095000,205095000,72600,19,19,24,0.2,2.4,thin,2025-12-15,2026-10-01,2026-10-01
7131,3810.0,4.8,18288000,18288000,4800,1,1,0,0.2,27.3,very thin,2026-01-26,2026-09-14,2026-10-01
7132,1333.33,1.9,,,,0,0,0,0.2,,unknown,2026-04-16,2026-07-24,2026-10-01
7133,1309.0,7.6,,,,0,0,0,0.2,,unknown,2025-12-15,2026-08-25,2026-10-01
7134,1427.0,9.3,9880800,9880800,6900,3,3,23,0.2,50.6,very thin,2025-12-15,2026-10-01,2026-10-01
7135,180.0,8.3,3942000,3942000,21900,1,1,0,0.2,126.8,very thin,2025-12-15,2026-09-16,2026-10-01
7136,3000.0,5.4,,,,0,0,0,0.2,,unknown,2026-04-15,2026-05-18,2026-10-01
7137,1200.0,2.5,,,,0,0,0,0.2,,unknown,2026-04-23,2026-09-03,2026-10-01
7138,153.0,3.1,105222450,105222450,673250,4,4,22,0.2,4.8,very thin,2025-12-15,2026-10-01,2026-10-01
7139,4700.0,,,,,0,0,0,0.2,,unknown,2026-04-21,2026-08-24,2026-10-01
7140,799.0,1.6,559300,559300,700,1,1,0,0.2,894.0,very thin,2025-12-15,2026-09-15,2026-10-01
7148,1634.0,136.8,897960000,897960000,533400,19,19,24,0.2,0.56,thin,2025-12-15,2026-10-01,2026-10-01
7150,524.0,3.9,15353200,15353200,29300,1,1,0,0.2,32.6,very thin,2025-12-15,2026-09-07,2026-10-01
7157,1475.0,113.7,342962400,342962400,236600,19,19,24,0.2,1.5,thin,2025-12-15,2026-10-01,2026-10-01
7161,681.0,13.9,137902500,137902500,202500,1,1,0,0.2,3.6,very thin,2025-12-15,2026-10-01,2026-10-01
7162,267.0,3.5,,,,0,0,0,0.2,,unknown,2025-12-15,2026-08-21,2026-10-01
7164,3057.0,418.9,824978400,824978400,261400,19,19,24,0.2,0.61,thin,2025-12-15,2026-10-01,2026-10-01
7167,1694.5,1623.2,4504324000,4504324000,2697200,19,19,24,0.2,0.11,adequate,2025-12-15,2026-10-01,2026-10-01
7170,330.0,,,,,0,0,0,0.2,,unknown,2026-05-12,2026-08-25,2026-10-01
7172,2135.0,134.2,294402600,294402600,137700,19,19,24,0.2,1.7,thin,2025-12-15,2026-10-01,2026-10-01
7173,1709.0,511.5,1722285300,1722285300,1014900,19,19,24,0.2,0.29,adequate,2025-12-15,2026-10-01,2026-10-01
7175,1937.0,6.8,23050300,23050300,11900,1,1,0,0.2,21.7,very thin,2025-12-15,2026-09-08,2026-10-01
7176,757.0,20.5,,,,0,0,0,0.2,,unknown,2026-04-20,2026-09-24,2026-10-01
7177,1161.0,123.1,218384100,218384100,188100,1,1,0,0.2,2.3,thin,2025-12-15,2026-09-16,2026-10-01
7180,1717.5,734.2,1688403600,1688403600,1006200,19,19,24,0.2,0.3,adequate,2025-12-15,2026-10-01,2026-10-01
7181,1723.5,1981.0,3767253250,3767253250,2093500,19,19,24,0.2,0.13,adequate,2025-12-15,2026-10-01,2026-10-01
7182,3441.0,11929.1,16369537600,16369537600,5080400,19,19,24,0.2,0.03,deep,2025-12-15,2026-10-01,2026-10-01
7183,255.0,4.4,3957950,3957950,15550,2,2,21,0.2,126.3,very thin,2025-11-07,2026-10-01,2026-10-01
7184,3635.0,223.0,581607000,581607000,165700,19,19,24,0.2,0.86,thin,2025-12-15,2026-10-01,2026-10-01
7185,3945.0,24.0,24064500,24064500,6100,1,1,0,0.2,20.8,very thin,2025-12-15,2026-09-08,2026-10-01
7186,1924.0,2142.8,6979497600,6979497600,3705600,19,19,24,0.2,0.07,deep,2025-12-15,2026-10-01,2026-10-01
7187,1343.0,23.8,75229700,75229700,56250,2,2,20,0.2,6.6,very thin,2025-12-15,2026-09-28,2026-10-01
7189,4943.0,716.8,2411014800,2411014800,485700,19,19,24,0.2,0.21,adequate,2025-12-15,2026-10-01,2026-10-01
7191,1146.0,25.4,16387800,16387800,14300,1,1,0,0.2,30.5,very thin,2025-12-15,2026-09-08,2026-10-01
7192,707.0,9.3,28568450,28568450,40300,2,2,13,0.2,17.5,very thin,2025-12-15,2026-09-29,2026-10-01
7196,746.0,6.8,,,,0,0,0,0.2,,unknown,2026-04-30,2026-08-25,2026-10-01
7198,840.0,37.4,55356000,55356000,65900,1,1,0,0.2,9.0,very thin,2025-12-15,2026-09-24,2026-10-01
7199,2104.0,81.9,355155200,355155200,169200,19,19,24,0.2,1.4,thin,2025-12-15,2026-10-01,2026-10-01
7201,295.7,1053.1,10341822899,10341822899,34335400,19,19,24,0.2,0.05,deep,2025-12-15,2026-10-01,2026-10-01
7202,2067.5,1506.4,5789644000,5789644000,2700600,19,19,24,0.2,0.09,deep,2025-12-15,2026-10-01,2026-10-01
7203,2925.0,35401.2,65626113750,65626113750,22107500,19,19,24,0.2,0.01,deep,2025-12-15,2026-10-01,2026-10-01
7205,395.0,222.2,,,,0,0,0,0.2,,unknown,2026-04-23,2026-05-21,2026-10-01
7208,1290.0,6.5,1290000,1290000,1000,1,1,0,0.2,387.6,very thin,2025-12-15,2026-09-23,2026-10-01
7211,347.3,492.2,2792936028,2792936028,7876300,19,19,24,0.2,0.18,adequate,2025-12-15,2026-10-01,2026-10-01
7212,737.0,13.9,13524000,13524000,18400,3,3,18,0.2,37.0,very thin,2025-12-15,2026-09-25,2026-10-01
7213,661.0,10.4,,,,0,0,0,0.2,,unknown,2026-04-15,2026-08-18,2026-10-01
7214,1126.0,5.9,10462500,10462500,9300,3,3,13,0.2,47.8,very thin,2025-12-15,2026-09-30,2026-10-01
7215,446.0,4.0,,,,0,0,0,0.2,,unknown,2025-12-15,2026-08-27,2026-10-01
7217,442.0,4.3,2354400,2354400,5400,3,3,20,0.2,212.4,very thin,2025-12-15,2026-09-28,2026-10-01
7218,1092.0,,3276000,3276000,3000,1,1,0,0.2,152.6,very thin,2025-12-15,2026-09-14,2026-10-01
7219,2480.0,3.5,1240000,1240000,500,1,1,0,0.2,403.2,very thin,2025-12-15,2026-09-08,2026-10-01
7220,3065.0,194.8,2652510600,2652510600,892200,19,19,24,0.2,0.19,adequate,2025-12-15,2026-10-01,2026-10-01
7222,922.0,129.2,99760400,99760400,108200,1,1,0,0.2,5.0,very thin,2025-12-15,2026-10-01,2026-10-01
7224,1905.0,130.6,279531200,279531200,144600,19,19,24,0.2,1.8,thin,2025-12-15,2026-10-01,2026-10-01
7226,2176.0,89.3,519591000,519591000,229400,19,19,24,0.2,0.96,thin,2026-04-16,2026-10-01,2026-10-01
7228,4005.0,9.8,4405500,4405500,1100,1,1,0,0.2,113.5,very thin,2025-12-15,2026-09-24,2026-10-01
7229,3005.0,44.5,,,,0,0,0,0.2,,unknown,2025-12-15,2026-06-15,2026-10-01
7231,3135.0,58.7,145593000,145593000,47250,2,2,8,0.2,3.4,very thin,2025-12-15,2026-09-16,2026-10-01
7235,1558.0,14.8,,,,0,0,0,0.2,,unknown,2025-12-15,2026-09-04,2026-10-01
7236,1566.0,86.4,,,,0,0,0,0.2,,unknown,2025-12-15,2026-08-17,2026-10-01
7238,106.0,29.6,448168000,448168000,4228000,1,1,0,0.2,1.1,thin,2025-12-15,2026-09-14,2026-10-01
7239,2335.0,82.3,176867400,176867400,76300,19,19,24,0.2,2.8,very thin,2025-12-15,2026-10-01,2026-10-01
7240,3029.0,480.3,1153410800,1153410800,389600,19,19,24,0.2,0.43,adequate,2025-12-15,2026-10-01,2026-10-01
7241,1070.0,99.9,382272300,382272300,355000,19,19,24,0.2,1.3,thin,2025-12-15,2026-10-01,2026-10-01
7242,1555.0,189.7,460408000,460408000,101100,19,19,24,0.2,1.1,thin,2025-10-16,2026-10-01,2026-10-01
7244,569.0,49.8,85140500,85140500,152500,4,4,17,0.2,5.9,very thin,2025-12-15,2026-09-25,2026-10-01
7245,1252.0,63.0,,,,0,0,0,0.2,,unknown,2025-12-15,2026-08-25,2026-10-01
7246,979.0,99.0,300553000,300553000,307000,19,19,24,0.2,1.7,thin,2025-12-15,2026-10-01,2026-10-01
7247,370.0,12.7,13394000,13394000,36200,1,1,0,0.2,37.3,very thin,2025-12-15,2026-09-21,2026-10-01
7254,808.0,17.4,6221600,6221600,7700,1,1,0,0.2,80.4,very thin,2025-12-15,2026-09-10,2026-10-01
7255,520.0,1.7,,,,0,0,0,0.2,,unknown,2025-12-15,2026-08-31,2026-10-01
7256,542.0,13.7,376202200,376202200,694100,1,1,0,0.2,1.3,thin,2026-04-16,2026-10-01,2026-10-01
7259,2180.0,1560.2,5309136450,5309136450,2439300,19,19,24,0.2,0.09,deep,2025-12-15,2026-10-01,2026-10-01
7261,1106.5,725.6,7501335000,7501335000,6522900,19,19,24,0.2,0.07,deep,2025-12-15,2026-10-01,2026-10-01
7264,1359.0,8.1,1425200,1425200,1050,2,2,4,0.2,350.8,very thin,2025-12-15,2026-09-25,2026-10-01
7265,3770.0,3.9,,,,0,0,0,0.2,,unknown,2026-01-26,2026-09-04,2026-10-01
7266,1004.0,21.3,,,,0,0,0,0.2,,unknown,2025-12-15,2026-09-04,2026-10-01
7267,1696.0,6755.6,23867992400,23867992400,14215600,19,19,24,0.2,0.02,deep,2025-12-15,2026-10-01,2026-10-01
7269,2003.0,3838.3,12545323200,12545323200,6236800,19,19,24,0.2,0.04,deep,2025-12-15,2026-10-01,2026-10-01
7270,2537.0,1850.2,9526131850,9526131850,3607700,19,19,24,0.2,0.05,deep,2025-12-15,2026-10-01,2026-10-01
7271,799.0,8.4,38943600,38943600,48600,2,2,21,0.2,12.8,very thin,2025-12-15,2026-09-29,2026-10-01
7272,1803.5,1762.8,9492975300,9492975300,5265100,19,19,24,0.2,0.05,deep,2026-05-06,2026-10-01,2026-10-01
7273,623.0,17.0,14994000,14994000,23800,3,3,13,0.2,33.3,very thin,2025-12-15,2026-09-21,2026-10-01
7276,2727.0,692.8,1857905100,1857905100,692600,19,19,24,0.2,0.27,adequate,2025-12-15,2026-10-01,2026-10-01
7277,334.0,10.4,8684000,8684000,26000,1,1,0,0.2,57.6,very thin,2025-12-15,2026-09-09,2026-10-01
7278,5760.0,214.1,1672923000,1672923000,274700,19,19,24,0.2,0.3,adequate,2025-12-15,2026-10-01,2026-10-01
7279,2404.0,98.4,204016000,204016000,82000,3,3,23,0.2,2.5,thin,2026-04-28,2026-10-01,2026-10-01
7280,1352.0,63.5,222640200,222640200,161100,19,19,24,0.2,2.2,thin,2025-12-15,2026-10-01,2026-10-01
7282,1043.5,622.7,2438845500,2438845500,464100,19,19,24,0.2,0.21,adequate,2025-11-07,2026-10-01,2026-10-01
7283,2203.0,127.4,301958100,301958100,141300,19,19,24,0.2,1.7,thin,2025-12-15,2026-10-01,2026-10-01
7284,1160.0,4.1,696300,696300,600,2,2,3,0.2,718.1,very thin,2026-04-24,2026-09-11,2026-10-01
7287,2715.0,136.1,503904000,503904000,185600,3,3,23,0.2,0.99,thin,2025-12-15,2026-10-01,2026-10-01
7291,455.0,8.8,16217400,16217400,35800,3,3,3,0.2,30.8,very thin,2025-12-15,2026-10-01,2026-10-01
7292,6740.0,76.1,,,,0,0,0,0.2,,unknown,2025-12-15,2026-08-25,2026-10-01
7294,859.0,19.3,69273600,69273600,76800,3,3,21,0.2,7.2,very thin,2025-12-15,2026-09-29,2026-10-01
7296,4100.0,201.7,535156000,535156000,129900,19,19,24,0.2,0.93,thin,2025-12-15,2026-10-01,2026-10-01
7297,879.0,6.0,964350,964350,1125,4,4,20,0.2,518.5,very thin,2025-12-15,2026-09-28,2026-10-01
7299,1887.0,18.2,,,,0,0,0,0.2,,unknown,2025-12-15,2026-09-01,2026-10-01
7305,2768.0,25.7,32385600,32385600,11700,1,1,0,0.2,15.4,very thin,2025-12-15,2026-09-16,2026-10-01
7309,17770.0,1520.0,4799018000,4799018000,261100,19,19,24,0.2,0.1,adequate,2025-12-15,2026-10-01,2026-10-01
7313,1775.5,215.1,584534250,584534250,326100,19,19,24,0.2,0.86,thin,2025-12-15,2026-10-01,2026-10-01
7314,1342.0,4.2,2784000,2784000,2100,2,2,7,0.2,179.6,very thin,2025-12-15,2026-10-01,2026-10-01
7317,1103.0,23.7,,,,0,0,0,0.2,,unknown,2025-12-15,2026-07-24,2026-10-01
7318,1338.0,24.6,118279200,118279200,88400,1,1,0,0.2,4.2,very thin,2025-11-07,2026-09-29,2026-10-01
7320,1426.0,14.8,23184000,23184000,16800,3,3,23,0.2,21.6,very thin,2025-12-15,2026-10-01,2026-10-01
7322,2065.0,197.8,701516400,701516400,339100,2,2,8,0.2,0.71,thin,2025-12-15,2026-09-17,2026-10-01
7325,695.0,5.7,4309000,4309000,6200,1,1,0,0.2,116.0,very thin,2025-12-15,2026-09-22,2026-10-01
7326,2169.0,55.5,44898300,44898300,20700,1,1,0,0.2,11.1,very thin,2025-12-15,2026-09-08,2026-10-01
7327,2766.0,749.3,2121032400,2121032400,830800,19,19,24,0.2,0.24,adequate,2025-10-16,2026-10-01,2026-10-01
7337,2406.5,731.5,1285387750,1285387750,544000,19,19,24,0.2,0.39,adequate,2025-12-15,2026-10-01,2026-10-01
7343,1262.0,6.9,,,,0,0,0,0.2,,unknown,2025-12-15,2026-08-25,2026-10-01
7345,941.0,3.2,329850,329850,350,2,2,1,0.2,1515.8,very thin,2025-12-15,2026-09-09,2026-10-01
7347,799.0,15.1,7750300,7750300,9700,1,1,0,0.2,64.5,very thin,2025-12-15,2026-09-28,2026-10-01
7350,7930.0,176.8,561976000,561976000,70600,19,19,24,0.2,0.89,thin,2026-04-23,2026-10-01,2026-10-01
7351,495.0,,5701400,5701400,11600,2,2,1,0.2,87.7,very thin,2025-12-15,2026-09-15,2026-10-01
7352,326.0,14.5,15104900,15104900,46450,2,2,17,0.2,33.1,very thin,2025-12-15,2026-09-25,2026-10-01
7353,506.0,,4050300,4050300,7950,4,4,22,0.2,123.4,very thin,2025-12-15,2026-09-30,2026-10-01
7354,383.0,15.9,129858700,129858700,327100,3,3,9,0.2,3.9,very thin,2025-12-15,2026-09-17,2026-10-01
7355,1244.0,,,,,0,0,0,0.2,,unknown,2026-04-15,2026-07-23,2026-10-01
7356,117.0,1.7,2035800,2035800,17400,3,3,13,0.2,245.6,very thin,2025-12-15,2026-09-28,2026-10-01
7357,1701.0,4.9,4148850,4148850,2450,2,2,8,0.2,120.5,very thin,2025-12-15,2026-09-24,2026-10-01
7358,1814.0,17.7,,,,0,0,0,0.2,,unknown,2025-12-15,2026-09-04,2026-10-01
7359,281.0,2.8,,,,0,0,0,0.2,,unknown,2025-12-15,2026-09-04,2026-10-01
7360,608.0,1.7,450100,450100,700,3,3,9,0.2,1110.9,very thin,2025-12-15,2026-10-01,2026-10-01
7361,1223.0,4.1,8683300,8683300,7100,1,1,0,0.2,57.6,very thin,2025-12-15,2026-09-28,2026-10-01
7362,882.0,1.4,529200,529200,600,1,1,0,0.2,944.8,very thin,2026-02-10,2026-09-24,2026-10-01
7363,1348.0,1.1,917200,917200,700,4,4,8,0.2,545.1,very thin,2025-12-15,2026-09-16,2026-10-01
7364,700.0,1.1,,,,0,0,0,0.2,,unknown,2026-04-23,2026-06-04,2026-10-01
7366,1888.0,55.2,,,,0,0,0,0.2,,unknown,2025-12-15,2026-08-24,2026-10-01
7367,331.0,7.1,730000,730000,2200,2,2,15,0.2,684.9,very thin,2025-11-07,2026-10-01,2026-10-01
7368,1727.0,7.9,2062500,2062500,1200,2,2,20,0.2,242.4,very thin,2025-12-15,2026-09-28,2026-10-01
7369,375.0,1.7,1950000,1950000,5200,1,1,0,0.2,256.4,very thin,2025-12-15,2026-09-16,2026-10-01
7370,716.0,4.8,1933200,1933200,2700,1,1,0,0.2,258.6,very thin,2025-12-15,2026-09-28,2026-10-01
7371,803.0,9.7,18216000,18216000,23000,3,3,15,0.2,27.4,very thin,2025-12-15,2026-09-24,2026-10-01
7372,399.0,2.0,2473800,2473800,6200,3,3,14,0.2,202.1,very thin,2025-12-15,2026-09-22,2026-10-01
7373,890.0,13.6,36401000,36401000,40900,1,1,0,0.2,13.7,very thin,2025-12-15,2026-10-01,2026-10-01
7374,1519.0,9.6,14807800,14807800,9800,3,3,10,0.2,33.8,very thin,2025-12-15,2026-09-21,2026-10-01
7375,1180.0,5.8,,,,0,0,0,0.2,,unknown,2025-12-15,2026-08-27,2026-10-01
7376,736.0,3.2,28091300,28091300,37800,2,2,18,0.2,17.8,very thin,2025-12-15,2026-09-29,2026-10-01
7377,1721.0,,5507200,5507200,3200,1,1,0,0.2,90.8,very thin,2025-12-15,2026-10-01,2026-10-01
7378,1565.0,10.9,20188500,20188500,12900,1,1,0,0.2,24.8,very thin,2026-04-16,2026-09-17,2026-10-01
7380,2806.0,504.6,984909100,984909100,361700,19,19,24,0.2,0.51,thin,2025-12-15,2026-10-01,2026-10-01
7381,1343.0,302.8,416869200,416869200,314000,19,19,24,0.2,1.2,thin,2025-12-15,2026-10-01,2026-10-01
7383,381.0,39.5,239153700,239153700,627700,19,19,24,0.2,2.1,thin,2025-12-15,2026-10-01,2026-10-01
7384,5430.0,136.5,486528000,486528000,89600,1,1,0,0.2,1.0,thin,2026-01-26,2026-09-22,2026-10-01
7388,2360.0,47.4,45312000,45312000,19200,1,1,0,0.2,11.0,very thin,2025-12-15,2026-09-21,2026-10-01
7389,2051.0,503.6,1719026100,1719026100,881100,19,19,24,0.2,0.29,adequate,2025-12-15,2026-10-01,2026-10-01
7399,623.0,3.9,1611050,1611050,2600,2,2,20,0.2,310.4,very thin,2025-12-15,2026-09-28,2026-10-01
7409,1657.0,39.3,,,,0,0,0,0.2,,unknown,2025-12-15,2026-08-28,2026-10-01
7412,317.0,66.6,217395600,217395600,624700,3,3,7,0.2,2.3,thin,2025-12-15,2026-10-01,2026-10-01
7413,2950.0,,3245000,3245000,1100,1,1,0,0.2,154.1,very thin,2026-04-27,2026-09-28,2026-10-01
7414,1421.0,35.1,62950300,62950300,44300,1,1,0,0.2,7.9,very thin,2026-04-16,2026-09-07,2026-10-01
7416,676.0,10.7,818400,818400,1200,5,5,23,0.2,610.9,very thin,2025-12-15,2026-10-01,2026-10-01
7417,1866.0,17.9,6560700,6560700,3500,2,2,21,0.2,76.2,very thin,2025-12-15,2026-09-28,2026-10-01
7419,1239.0,377.4,657151200,657151200,511800,19,19,24,0.2,0.76,thin,2025-12-15,2026-10-01,2026-10-01
7420,1854.0,,,,,0,0,0,0.2,,unknown,2026-01-26,2026-01-26,2026-10-01
7421,1498.0,80.2,110756800,110756800,68200,19,19,24,0.2,4.5,very thin,2025-12-15,2026-10-01,2026-10-01
7422,485.0,2.0,6131050,6131050,14250,2,2,20,0.2,81.6,very thin,2025-12-15,2026-09-29,2026-10-01
7425,1190.0,7.8,,,,0,0,0,0.2,,unknown,2025-12-15,2026-08-20,2026-10-01
7426,598.0,0.7,1315600,1315600,2200,1,1,0,0.2,380.1,very thin,2025-12-15,2026-09-08,2026-10-01
7427,837.0,5.1,5440500,5440500,6500,3,3,15,0.2,91.9,very thin,2025-12-15,2026-09-25,2026-10-01
7433,1904.0,107.3,437053000,437053000,79900,19,19,24,0.2,1.1,thin,2025-12-15,2026-10-01,2026-10-01
7434,1810.0,7.1,,,,0,0,0,0.2,,unknown,2025-12-15,2026-08-20,2026-10-01
7435,1351.0,10.0,,,,0,0,0,0.2,,unknown,2026-04-22,2026-08-26,2026-10-01
7438,1718.0,39.9,78224200,78224200,45400,3,3,22,0.2,6.4,very thin,2025-12-15,2026-10-01,2026-10-01
7442,482.0,9.1,3000800,3000800,6200,5,5,17,0.2,166.6,very thin,2025-12-15,2026-09-24,2026-10-01
7443,663.0,4.2,2187900,2187900,3300,1,1,0,0.2,228.5,very thin,2025-12-15,2026-09-11,2026-10-01
7444,2000.0,10.6,2000000,2000000,1000,1,1,0,0.2,250.0,very thin,2025-12-15,2026-09-16,2026-10-01
7446,4470.0,4.0,447000,447000,100,1,1,0,0.2,1118.6,very thin,2025-12-15,2026-09-18,2026-10-01
7447,1667.0,53.5,120857500,120857500,72500,1,1,0,0.2,4.1,very thin,2025-12-15,2026-09-08,2026-10-01
7453,4254.0,2149.8,11553524600,11553524600,2847800,19,19,24,0.2,0.04,deep,2025-12-15,2026-10-01,2026-10-01
7456,6730.0,181.7,712714000,712714000,97100,19,19,24,0.2,0.7,thin,2025-12-15,2026-10-01,2026-10-01
7458,1795.5,197.5,793263000,793263000,421500,19,19,24,0.2,0.63,thin,2025-12-15,2026-10-01,2026-10-01
7459,2953.0,647.0,1043866200,1043866200,361700,19,19,24,0.2,0.48,adequate,2025-12-15,2026-10-01,2026-10-01
7460,1615.0,40.1,17985000,17985000,10900,3,3,8,0.2,27.8,very thin,2025-12-15,2026-09-16,2026-10-01
7461,469.0,7.0,806100,806100,1700,4,4,23,0.2,620.3,very thin,2025-12-15,2026-10-01,2026-10-01
7462,409.0,3.3,6708700,6708700,16500,2,2,8,0.2,74.5,very thin,2025-12-15,2026-09-16,2026-10-01
7463,960.0,31.0,28608000,28608000,29800,1,1,0,0.2,17.5,very thin,2025-12-15,2026-09-08,2026-10-01
7464,1511.0,2.6,1063100,1063100,700,2,2,10,0.2,470.3,very thin,2025-12-15,2026-09-18,2026-10-01
7466,1439.0,25.6,38523500,38523500,26800,2,2,1,0.2,13.0,very thin,2025-12-15,2026-09-09,2026-10-01
7472,3900.0,15.0,,,,0,0,0,0.2,,unknown,2025-12-15,2026-08-20,2026-10-01
7475,2521.0,21.1,,,,0,0,0,0.2,,unknown,2025-12-15,2026-09-04,2026-10-01
7476,2492.5,181.3,278861000,278861000,112000,19,19,24,0.2,1.8,thin,2025-12-15,2026-10-01,2026-10-01
7477,1586.0,2.3,1137450,1137450,725,2,2,9,0.2,439.6,very thin,2025-12-15,2026-09-23,2026-10-01
7480,3860.0,32.3,182286000,182286000,52700,4,4,22,0.2,2.7,very thin,2025-12-15,2026-10-01,2026-10-01
7481,2583.0,20.8,,,,0,0,0,0.2,,unknown,2025-12-15,2026-08-20,2026-10-01
7482,1504.0,35.0,58656000,58656000,39000,1,1,0,0.2,8.5,very thin,2025-12-15,2026-09-08,2026-10-01
7483,3120.0,107.5,192454000,192454000,61800,2,2,6,0.2,2.6,very thin,2025-12-15,2026-09-21,2026-10-01
7486,805.0,9.7,,,,0,0,0,0.2,,unknown,2025-12-15,2026-08-13,2026-10-01
7487,1861.0,15.0,10333850,10333850,5600,2,2,20,0.2,48.4,very thin,2025-12-15,2026-09-29,2026-10-01
7490,2190.0,14.6,6782250,6782250,3100,2,2,16,0.2,73.7,very thin,2025-12-15,2026-09-24,2026-10-01
7494,235.0,8.0,,,,0,0,0,0.2,,unknown,2025-12-15,2026-08-12,2026-10-01
7500,9680.0,,,,,0,0,0,0.2,,unknown,2025-12-15,2026-08-25,2026-10-01
7501,1410.0,3.7,493500,493500,350,1,1,0,0.2,1013.2,very thin,2025-12-15,2026-09-16,2026-10-01
7502,1677.0,3.4,,,,0,0,0,0.2,,unknown,2025-12-15,2026-08-27,2026-10-01
7504,4370.0,85.9,235747500,235747500,53500,4,4,17,0.2,2.1,thin,2025-12-15,2026-09-24,2026-10-01
7505,2095.0,24.4,32891500,32891500,15700,1,1,0,0.2,15.2,very thin,2025-12-15,2026-09-18,2026-10-01
7506,1381.0,,,,,0,0,0,0.2,,unknown,2025-12-15,2026-08-24,2026-10-01
7508,1450.0,63.4,68730000,68730000,47400,1,1,0,0.2,7.3,very thin,2025-12-15,2026-09-18,2026-10-01
7509,4800.0,6.8,1175000,1175000,250,3,3,21,0.2,425.5,very thin,2025-12-15,2026-09-30,2026-10-01
7510,2719.0,43.7,,,,0,0,0,0.2,,unknown,2025-12-15,2026-08-19,2026-10-01
7512,854.0,120.2,99849100,99849100,116100,19,19,24,0.2,5.0,very thin,2025-12-15,2026-10-01,2026-10-01
7513,1464.0,114.3,271875000,271875000,187500,19,19,24,0.2,1.8,thin,2025-12-15,2026-10-01,2026-10-01
7514,852.0,10.4,3318600,3318600,3900,2,2,14,0.2,150.7,very thin,2025-12-15,2026-09-25,2026-10-01
7515,4590.0,4.3,,,,0,0,0,0.2,,unknown,2025-12-15,2026-08-17,2026-10-01
7516,4385.0,132.3,342667500,342667500,74900,19,19,24,0.2,1.5,thin,2025-12-15,2026-10-01,2026-10-01
7520,2596.0,27.3,39718800,39718800,15300,1,1,0,0.2,12.6,very thin,2025-12-15,2026-09-28,2026-10-01
7521,2721.0,19.4,2050050,2050050,750,2,2,22,0.2,243.9,very thin,2025-12-15,2026-10-01,2026-10-01
7522,896.0,35.9,193580800,193580800,216050,2,2,4,0.2,2.6,very thin,2025-12-15,2026-09-28,2026-10-01
7523,1875.0,17.2,468750,468750,250,3,3,14,0.2,1066.7,very thin,2025-12-15,2026-10-01,2026-10-01
7524,179.0,1.9,3687400,3687400,20600,1,1,0,0.2,135.6,very thin,2025-12-15,2026-09-29,2026-10-01
7525,3560.0,28.9,66572000,66572000,18700,1,1,0,0.2,7.5,very thin,2025-12-15,2026-09-08,2026-10-01
7527,49.0,5.4,76056300,76056300,1491300,3,3,20,0.2,6.6,very thin,2025-12-15,2026-09-28,2026-10-01
7531,1314.0,5.1,,,,0,0,0,0.2,,unknown,2025-12-15,2026-08-18,2026-10-01
7532,704.7,2129.5,12730099744,12730099744,17864300,19,19,24,0.2,0.04,deep,2025-12-15,2026-10-01,2026-10-01
7537,1913.0,47.3,134440600,134440600,76300,3,3,17,0.2,3.7,very thin,2025-12-15,2026-09-25,2026-10-01
7538,386.0,4.7,,,,0,0,0,0.2,,unknown,2025-12-15,2026-09-04,2026-10-01
7539,815.0,17.9,20293500,20293500,24900,1,1,0,0.2,24.6,very thin,2025-12-15,2026-09-25,2026-10-01
7544,553.0,4.2,1276500,1276500,2300,3,3,9,0.2,391.7,very thin,2025-12-15,2026-09-16,2026-10-01
7545,1967.0,118.2,323161500,323161500,164400,19,19,24,0.2,1.5,thin,2025-12-15,2026-10-01,2026-10-01
7550,10790.0,1632.7,6474820000,6474820000,619600,19,19,24,0.2,0.08,deep,2025-12-15,2026-10-01,2026-10-01
7551,700.0,11.6,4620000,4620000,6600,3,3,14,0.2,108.2,very thin,2025-12-15,2026-09-22,2026-10-01
7552,5110.0,185.8,709050000,709050000,174000,19,19,24,0.2,0.71,thin,2026-03-12,2026-10-01,2026-10-01
7554,1182.0,21.7,40718550,40718550,34600,2,2,5,0.2,12.3,very thin,2025-12-15,2026-09-21,2026-10-01
7555,741.0,3.8,299600,299600,400,3,3,15,0.2,1668.9,very thin,2025-12-15,2026-09-30,2026-10-01
7561,711.0,12.7,7832000,7832000,11000,2,2,2,0.2,63.8,very thin,2025-12-15,2026-09-09,2026-10-01
7562,3840.0,17.6,,,,0,0,0,0.2,,unknown,2025-12-15,2026-08-27,2026-10-01
7564,5480.0,431.7,2696700000,2696700000,505000,19,19,24,0.2,0.19,adequate,2025-12-15,2026-10-01,2026-10-01
7565,8500.0,,5100000,5100000,600,1,1,0,0.2,98.0,very thin,2025-12-15,2026-09-08,2026-10-01
7567,606.0,2.9,3090600,3090600,5100,1,1,0,0.2,161.8,very thin,2025-12-15,2026-09-16,2026-10-01
7570,1410.0,26.9,11206900,11206900,8000,2,2,8,0.2,44.6,very thin,2025-12-15,2026-09-16,2026-10-01
7571,89.0,2.9,27696800,27696800,311200,1,1,0,0.2,18.1,very thin,2025-12-15,2026-09-08,2026-10-01
7575,1526.0,110.1,249250500,249250500,166500,19,19,24,0.2,2.0,thin,2025-12-15,2026-10-01,2026-10-01
7578,78.0,1.4,6107400,6107400,78300,1,1,0,0.2,81.9,very thin,2025-12-15,2026-09-08,2026-10-01
7581,6540.0,310.0,2980009000,2980009000,464900,19,19,24,0.2,0.17,adequate,2025-12-15,2026-10-01,2026-10-01
7585,408.0,1.6,1057650,1057650,2600,2,2,14,0.2,472.7,very thin,2025-12-15,2026-10-01,2026-10-01
7590,401.0,6.6,,,,0,0,0,0.2,,unknown,2026-01-26,2026-08-20,2026-10-01
7593,520.0,60.0,234728000,234728000,451400,19,19,24,0.2,2.1,thin,2025-12-15,2026-10-01,2026-10-01
7595,1227.0,89.0,197781200,197781200,153200,19,19,24,0.2,2.5,very thin,2025-12-15,2026-10-01,2026-10-01
7596,2357.0,32.9,63004350,63004350,26950,2,2,10,0.2,7.9,very thin,2025-12-15,2026-09-18,2026-10-01
7599,1160.0,120.9,671250000,671250000,537000,19,19,24,0.2,0.74,thin,2025-12-15,2026-10-01,2026-10-01
7600,623.0,24.2,285894700,285894700,458900,1,1,0,0.2,1.7,thin,2025-12-15,2026-09-09,2026-10-01
7601,161.0,2.0,2982000,2982000,18450,2,2,19,0.2,167.7,very thin,2025-12-15,2026-09-28,2026-10-01
7602,176.0,3.5,16385600,16385600,93100,1,1,0,0.2,30.5,very thin,2025-12-15,2026-09-28,2026-10-01
7603,35.0,3.6,20583500,20583500,588100,1,1,0,0.2,24.3,very thin,2025-12-15,2026-09-30,2026-10-01
7604,896.0,8.0,,,,0,0,0,0.2,,unknown,2026-04-23,2026-08-20,2026-10-01
7606,2405.0,65.5,491144000,491144000,211700,19,19,24,0.2,1.0,thin,2025-12-15,2026-10-01,2026-10-01
7607,3035.0,41.1,74107500,74107500,24100,3,3,15,0.2,6.7,very thin,2025-12-15,2026-09-29,2026-10-01
7608,875.0,13.9,77907200,77907200,89600,2,2,1,0.2,6.4,very thin,2025-12-15,2026-09-09,2026-10-01
7609,4205.0,74.6,341680750,341680750,81950,2,2,23,0.2,1.5,thin,2025-12-15,2026-09-30,2026-10-01
7610,137.0,8.7,62609000,62609000,457000,3,3,21,0.2,8.0,very thin,2025-12-15,2026-09-28,2026-10-01
7611,2931.0,102.7,342765400,342765400,116700,19,19,24,0.2,1.5,thin,2025-12-15,2026-10-01,2026-10-01
7613,1629.0,75.5,266667300,266667300,163700,19,19,24,0.2,1.9,thin,2025-12-15,2026-10-01,2026-10-01
7614,1544.0,10.1,2933600,2933600,1900,1,1,0,0.2,170.4,very thin,2026-04-17,2026-09-07,2026-10-01
7615,95.0,2.0,8955650,8955650,92200,2,2,2,0.2,55.8,very thin,2025-12-15,2026-09-30,2026-10-01
7616,1997.5,211.0,1147101200,1147101200,574700,19,19,24,0.2,0.44,adequate,2025-12-15,2026-10-01,2026-10-01
7619,1040.0,7.8,7753250,7753250,7500,2,2,13,0.2,64.5,very thin,2025-12-15,2026-09-28,2026-10-01
7621,3430.0,,5488000,5488000,1600,1,1,0,0.2,91.1,very thin,2025-12-15,2026-09-10,2026-10-01
7624,182.0,7.6,6525400,6525400,41300,3,3,16,0.2,76.6,very thin,2025-12-15,2026-10-01,2026-10-01
7625,472.0,5.1,,,,0,0,0,0.2,,unknown,2025-12-15,2026-08-25,2026-10-01
7628,1184.0,31.1,86668800,86668800,73200,1,1,0,0.2,5.8,very thin,2025-12-15,2026-09-25,2026-10-01
7630,1114.0,174.8,510367000,510367000,473000,19,19,24,0.2,0.98,thin,2025-12-15,2026-10-01,2026-10-01
7634,5040.0,15.8,,,,0,0,0,0.2,,unknown,2025-12-15,2026-09-04,2026-10-01
7636,796.0,10.8,4059600,4059600,5100,1,1,0,0.2,123.2,very thin,2025-12-15,2026-09-08,2026-10-01
7637,3605.0,38.6,95532500,95532500,26500,1,1,0,0.2,5.2,very thin,2025-12-15,2026-09-23,2026-10-01
7638,1419.0,24.4,21994500,21994500,15500,1,1,0,0.2,22.7,very thin,2025-12-15,2026-09-24,2026-10-01
7640,196.0,3.1,,,,0,0,0,0.2,,unknown,2026-05-01,2026-09-04,2026-10-01
7643,1637.0,19.4,7785000,7785000,4500,3,3,22,0.2,64.2,very thin,2025-12-15,2026-09-29,2026-10-01
7646,1799.0,12.6,22427200,22427200,12350,2,2,6,0.2,22.3,very thin,2025-12-15,2026-09-29,2026-10-01
7649,1247.5,468.5,3044387900,3044387900,2418100,19,19,24,0.2,0.16,adequate,2025-12-15,2026-10-01,2026-10-01
7670,1230.0,10.3,4920000,4920000,4000,1,1,0,0.2,101.6,very thin,2025-12-15,2026-09-09,2026-10-01
7673,1692.0,,6260400,6260400,3700,1,1,0,0.2,79.9,very thin,2025-12-15,2026-09-08,2026-10-01
7674,2752.0,6.5,5720500,5720500,2150,2,2,17,0.2,87.4,very thin,2026-04-28,2026-10-01,2026-10-01
7677,2750.0,8.0,962500,962500,350,1,1,0,0.2,519.5,very thin,2025-12-15,2026-09-08,2026-10-01
7678,3440.0,32.8,25701000,25701000,7800,3,3,7,0.2,19.5,very thin,2026-02-10,2026-09-14,2026-10-01
7679,1684.0,32.1,,,,0,0,0,0.2,,unknown,2025-12-15,2026-08-26,2026-10-01
7680,3190.0,0.2,,,,0,0,0,0.2,,unknown,2026-04-21,2026-08-13,2026-10-01
7681,999.0,4.7,2797200,2797200,2800,1,1,0,0.2,178.8,very thin,2025-12-15,2026-09-25,2026-10-01
7682,3725.0,8.5,16361250,16361250,4350,2,2,20,0.2,30.6,very thin,2026-04-17,2026-09-28,2026-10-01
7683,1397.0,26.8,,,,0,0,0,0.2,,unknown,2026-04-22,2026-09-03,2026-10-01
7685,2851.0,198.8,1169126550,1169126550,392250,2,2,24,0.2,0.43,adequate,2025-12-15,2026-10-01,2026-10-01
7686,437.0,12.8,15863100,15863100,36300,1,1,0,0.2,31.5,very thin,2025-12-15,2026-10-01,2026-10-01
7687,454.0,3.0,1498200,1498200,3300,1,1,0,0.2,333.7,very thin,2025-12-15,2026-09-24,2026-10-01
7689,513.0,1.1,197402400,197402400,384800,1,1,0,0.2,2.5,very thin,2025-12-15,2026-09-22,2026-10-01
7690,2100.0,,,,,0,0,0,0.2,,unknown,2026-01-26,2026-07-07,2026-10-01
7691,30.0,0.9,,,,0,0,0,0.2,,unknown,2026-04-14,2026-09-28,2026-10-01
7692,79.0,8.6,17628000,17628000,219300,2,2,6,0.2,28.4,very thin,2026-04-16,2026-09-14,2026-10-01
7693,105.0,0.5,,,,0,0,0,0.2,,unknown,2026-04-14,2026-07-02,2026-10-01
7694,488.0,2.5,,,,0,0,0,0.2,,unknown,2025-12-15,2026-08-20,2026-10-01
7695,893.0,5.5,9014250,9014250,10100,4,4,15,0.2,55.5,very thin,2025-12-15,2026-10-01,2026-10-01
7698,2668.0,10.4,,,,0,0,0,0.2,,unknown,2025-12-15,2026-08-31,2026-10-01
7699,680.0,15.4,952000,952000,1400,1,1,0,0.2,525.2,very thin,2026-01-26,2026-09-24,2026-10-01
7701,3996.0,1165.6,4200512400,4200512400,1071200,19,19,24,0.2,0.12,adequate,2025-12-15,2026-10-01,2026-10-01
7702,461.0,10.8,,,,0,0,0,0.2,,unknown,2025-10-16,2026-08-25,2026-10-01
7707,211.0,6.0,10064700,10064700,47700,1,1,0,0.2,49.7,very thin,2025-12-15,2026-09-25,2026-10-01
7709,41.0,0.6,29835700,29835700,727700,1,1,0,0.2,16.8,very thin,2025-12-15,2026-09-29,2026-10-01
7711,5040.0,27.1,,,,0,0,0,0.2,,unknown,2025-12-15,2026-09-03,2026-10-01
7713,2370.0,17.8,50208000,50208000,21050,2,2,1,0.2,10.0,very thin,2025-12-15,2026-09-08,2026-10-01
7715,4100.0,77.7,332920000,332920000,81200,1,1,0,0.2,1.5,thin,2025-12-15,2026-09-24,2026-10-01
7716,1481.0,246.7,698865850,698865850,365150,2,2,13,0.2,0.72,thin,2025-12-15,2026-10-01,2026-10-01
7717,5840.0,55.2,766792000,766792000,131300,2,2,3,0.2,0.65,thin,2025-12-15,2026-09-21,2026-10-01
7719,507.0,3.1,98205900,98205900,193700,1,1,0,0.2,5.1,very thin,2025-12-15,2026-09-08,2026-10-01
7721,7390.0,124.6,1902380000,1902380000,282000,19,19,24,0.2,0.26,adequate,2025-12-15,2026-10-01,2026-10-01
7722,769.0,10.6,22916200,22916200,29800,1,1,0,0.2,21.8,very thin,2025-12-15,2026-09-08,2026-10-01
7723,2888.0,42.3,56677900,56677900,19850,2,2,23,0.2,8.8,very thin,2025-12-15,2026-10-01,2026-10-01
7725,1818.0,18.4,101887650,101887650,56000,4,4,22,0.2,4.9,very thin,2025-12-15,2026-09-29,2026-10-01
7726,1438.0,7.8,8358000,8358000,6000,3,3,17,0.2,59.8,very thin,2025-12-15,2026-09-28,2026-10-01
7727,949.0,15.0,116238250,116238250,131600,2,2,22,0.2,4.3,very thin,2025-12-15,2026-09-30,2026-10-01
7729,19690.0,717.4,4295700000,4295700000,255600,19,19,24,0.2,0.12,adequate,2025-12-15,2026-10-01,2026-10-01
7730,1461.0,144.4,395614500,395614500,271900,19,19,24,0.2,1.3,thin,2025-11-29,2026-10-01,2026-10-01
7731,1960.0,617.2,2805700700,2805700700,1629800,19,19,24,0.2,0.18,adequate,2025-12-15,2026-10-01,2026-10-01
7733,2008.5,2151.2,7587009900,7587009900,3766200,19,19,24,0.2,0.07,deep,2025-12-15,2026-10-01,2026-10-01
7734,3590.0,162.5,230256000,230256000,65600,19,19,24,0.2,2.2,thin,2025-12-15,2026-10-01,2026-10-01
7735,15590.0,2598.1,23686689000,23686689000,1849800,19,19,24,0.2,0.02,deep,2025-12-15,2026-10-01,2026-10-01
7739,3635.0,148.7,,,,0,0,0,0.2,,unknown,2026-01-26,2026-04-24,2026-10-01
7740,1373.0,217.5,446261100,446261100,331300,19,19,24,0.2,1.1,thin,2025-12-15,2026-10-01,2026-10-01
7741,24390.0,7833.7,26579066000,26579066000,1171400,19,19,24,0.2,0.02,deep,2025-12-15,2026-10-01,2026-10-01
7743,792.0,24.0,,,,0,0,0,0.2,,unknown,2025-12-15,2026-09-04,2026-10-01
7744,2013.0,213.1,519709200,519709200,261400,19,19,24,0.2,0.96,thin,2025-12-15,2026-10-01,2026-10-01
7745,3015.0,82.4,209380800,209380800,72300,19,19,24,0.2,2.4,thin,2025-12-15,2026-10-01,2026-10-01
7746,954.0,22.9,1997103600,1997103600,2093400,1,1,0,0.2,0.25,adequate,2025-12-15,2026-10-01,2026-10-01
7747,3365.0,893.4,4758244400,4758244400,1458800,19,19,24,0.2,0.11,adequate,2025-10-16,2026-10-01,2026-10-01
7749,2778.0,42.4,10301400,10301400,3600,4,4,22,0.2,48.5,very thin,2025-12-15,2026-09-30,2026-10-01
7751,4676.0,3850.5,13284907200,13284907200,2908900,19,19,24,0.2,0.04,deep,2025-12-15,2026-10-01,2026-10-01
7752,1664.0,942.0,2936428200,2936428200,1837200,19,19,24,0.2,0.17,adequate,2025-12-15,2026-10-01,2026-10-01
7760,2028.0,38.4,,,,0,0,0,0.2,,unknown,2025-12-15,2026-08-26,2026-10-01
7762,2427.0,592.7,3725736000,3725736000,1588800,19,19,24,0.2,0.13,adequate,2025-11-29,2026-10-01,2026-10-01
7769,3990.0,31.9,,,,0,0,0,0.2,,unknown,2025-12-15,2026-08-28,2026-10-01
7771,262.0,6.8,22309500,22309500,84750,2,2,22,0.2,22.4,very thin,2025-12-15,2026-09-30,2026-10-01
7774,874.0,34.5,71143600,71143600,81400,1,1,0,0.2,7.0,very thin,2025-12-15,2026-10-01,2026-10-01
7775,424.0,12.2,5172800,5172800,12200,1,1,0,0.2,96.7,very thin,2025-12-15,2026-09-17,2026-10-01
7776,223.0,8.5,25466600,25466600,114200,1,1,0,0.2,19.6,very thin,2025-12-15,2026-09-14,2026-10-01
7777,371.0,43.1,,,,0,0,0,0.2,,unknown,2026-01-26,2026-08-14,2026-10-01
7779,242.0,50.7,,,,0,0,0,0.2,,unknown,2025-12-15,2026-08-17,2026-10-01
7780,1775.0,131.0,444536400,444536400,261800,19,19,24,0.2,1.1,thin,2025-12-15,2026-10-01,2026-10-01
7781,863.0,12.2,10179000,10179000,11700,3,3,2,0.2,49.1,very thin,2025-12-15,2026-09-10,2026-10-01
7782,463.0,3.1,,,,0,0,0,0.2,,unknown,2025-12-15,2026-08-27,2026-10-01
7791,816.0,3.2,1632000,1632000,2000,1,1,0,0.2,306.4,very thin,2025-12-15,2026-09-30,2026-10-01
7792,1484.0,13.5,23447200,23447200,15800,1,1,0,0.2,21.3,very thin,2025-12-15,2026-09-25,2026-10-01
7793,1500.0,3.3,1800000,1800000,1200,1,1,0,0.2,277.8,very thin,2025-12-15,2026-09-08,2026-10-01
7794,1051.0,16.7,374156000,374156000,356000,1,1,0,0.2,1.3,thin,2025-12-15,2026-09-08,2026-10-01
7795,220.0,8.5,6028000,6028000,27400,1,1,0,0.2,82.9,very thin,2025-12-15,2026-09-25,2026-10-01
7800,977.0,3.0,8988400,8988400,9200,1,1,0,0.2,55.6,very thin,2025-12-15,2026-09-10,2026-10-01
7803,462.0,52.0,687687000,687687000,1488500,4,4,20,0.2,0.73,thin,2025-12-15,2026-09-28,2026-10-01
7804,2308.0,5.2,,,,0,0,0,0.2,,unknown,2026-04-30,2026-08-20,2026-10-01
7805,716.0,3.5,,,,0,0,0,0.2,,unknown,2025-12-15,2026-09-04,2026-10-01
7806,8030.0,319.8,1239942000,1239942000,160150,4,4,15,0.2,0.4,adequate,2025-12-15,2026-09-23,2026-10-01
7807,847.0,,2084250,2084250,2450,2,2,2,0.2,239.9,very thin,2025-12-15,2026-09-16,2026-10-01
7808,2776.0,,1249200,1249200,450,1,1,0,0.2,400.3,very thin,2025-12-15,2026-09-08,2026-10-01
7809,1321.0,10.7,4755600,4755600,3600,1,1,0,0.2,105.1,very thin,2025-12-15,2026-09-11,2026-10-01
7810,159.0,2.7,28238400,28238400,177600,3,3,3,0.2,17.7,very thin,2026-04-16,2026-09-10,2026-10-01
7811,1937.0,17.1,17820400,17820400,9200,1,1,0,0.2,28.1,very thin,2025-12-15,2026-09-11,2026-10-01
7812,2063.0,6.3,5570100,5570100,2700,1,1,0,0.2,89.8,very thin,2025-10-16,2026-09-08,2026-10-01
7813,889.0,2.7,1664650,1664650,1850,4,4,17,0.2,300.4,very thin,2025-12-15,2026-09-25,2026-10-01
7814,622.0,31.3,3545400,3545400,5700,1,1,0,0.2,141.0,very thin,2025-12-15,2026-09-08,2026-10-01
7815,369.0,0.8,,,,0,0,0,0.2,,unknown,2025-12-15,2026-08-20,2026-10-01
7818,1203.0,67.8,164209500,164209500,136500,1,1,0,0.2,3.0,very thin,2025-12-15,2026-09-29,2026-10-01
7819,986.0,11.3,15874600,15874600,16100,1,1,0,0.2,31.5,very thin,2025-12-15,2026-09-16,2026-10-01
7820,703.0,16.4,31072600,31072600,44200,1,1,0,0.2,16.1,very thin,2025-12-15,2026-09-16,2026-10-01
7821,1952.0,132.2,200294600,200294600,100600,19,19,24,0.2,2.5,thin,2025-12-15,2026-10-01,2026-10-01
7822,257.0,10.4,4998650,4998650,19450,2,2,23,0.2,100.0,very thin,2025-12-15,2026-10-01,2026-10-01
7823,779.0,27.9,56182500,56182500,68100,3,3,23,0.2,8.9,very thin,2025-12-15,2026-10-01,2026-10-01
7826,11820.0,287.8,6345585000,6345585000,592800,19,19,24,0.2,0.08,deep,2025-12-15,2026-10-01,2026-10-01
7827,1806.0,3.1,10897700,10897700,6100,2,2,7,0.2,45.9,very thin,2026-04-17,2026-09-29,2026-10-01
7831,66.0,1.0,1300950,1300950,19500,2,2,21,0.2,384.3,very thin,2026-04-16,2026-09-29,2026-10-01
7832,5755.0,3560.2,13097081900,13097081900,2290100,19,19,24,0.2,0.04,deep,2025-12-15,2026-10-01,2026-10-01
7833,650.0,6.2,,,,0,0,0,0.2,,unknown,2025-12-15,2026-08-19,2026-10-01
7836,74.0,2.9,7940200,7940200,107300,1,1,0,0.2,63.0,very thin,2025-12-15,2026-09-16,2026-10-01
7837,340.0,1.4,442000,442000,1300,1,1,0,0.2,1131.2,very thin,2025-12-15,2026-09-08,2026-10-01
7839,2161.0,110.1,466614400,466614400,225200,19,19,24,0.2,1.1,thin,2025-12-15,2026-10-01,2026-10-01
7840,1303.0,42.5,24235800,24235800,18600,1,1,0,0.2,20.6,very thin,2025-12-15,2026-09-16,2026-10-01
7841,1087.0,9.6,8252800,8252800,7600,2,2,7,0.2,60.6,very thin,2025-12-15,2026-09-24,2026-10-01
7844,532.0,29.4,89163200,89163200,167600,1,1,0,0.2,5.6,very thin,2025-12-15,2026-09-16,2026-10-01
7846,2110.5,226.3,745749000,745749000,352600,19,19,24,0.2,0.67,thin,2025-12-15,2026-10-01,2026-10-01
7847,662.0,4.0,2728400,2728400,4200,2,2,13,0.2,183.3,very thin,2025-12-15,2026-09-21,2026-10-01
7849,3020.0,11.6,7550000,7550000,2500,1,1,0,0.2,66.2,very thin,2025-12-15,2026-09-21,2026-10-01
7850,792.0,2.5,2772000,2772000,3500,1,1,0,0.2,180.4,very thin,2026-04-20,2026-09-17,2026-10-01
7851,170.0,0.9,1122000,1122000,6600,3,3,16,0.2,445.6,very thin,2025-12-15,2026-10-01,2026-10-01
7856,2038.0,28.8,105160800,105160800,51600,1,1,0,0.2,4.8,very thin,2026-04-15,2026-09-18,2026-10-01
7857,1298.0,5.4,,,,0,0,0,0.2,,unknown,2026-04-30,2026-09-04,2026-10-01
7859,287.0,5.0,21869400,21869400,76200,1,1,0,0.2,22.9,very thin,2025-12-15,2026-09-16,2026-10-01
7860,1216.0,54.3,131580000,131580000,103200,19,19,24,0.2,3.8,very thin,2025-12-15,2026-10-01,2026-10-01
7863,943.0,2.8,282900,282900,300,3,3,20,0.2,1767.4,very thin,2025-12-15,2026-09-28,2026-10-01
7864,3365.0,180.0,369920000,369920000,108800,19,19,24,0.2,1.4,thin,2025-12-15,2026-10-01,2026-10-01
7865,331.0,1.3,1660000,1660000,5000,2,2,5,0.2,301.2,very thin,2026-02-25,2026-09-29,2026-10-01
7867,4203.0,351.2,2960391200,2960391200,729300,19,19,24,0.2,0.17,adequate,2025-12-15,2026-10-01,2026-10-01
7868,536.0,77.5,117322750,117322750,219500,2,2,5,0.2,4.3,very thin,2025-12-15,2026-09-22,2026-10-01
7871,997.0,18.9,7377800,7377800,7400,1,1,0,0.2,67.8,very thin,2025-12-15,2026-09-07,2026-10-01
7872,616.0,6.4,1264100,1264100,2050,2,2,8,0.2,395.5,very thin,2025-12-15,2026-09-16,2026-10-01
7874,970.0,31.7,64376200,64376200,66850,2,2,16,0.2,7.8,very thin,2025-12-15,2026-09-24,2026-10-01
7875,827.0,13.8,,,,0,0,0,0.2,,unknown,2025-12-15,2026-07-24,2026-10-01
7877,2246.0,2.7,1123000,1123000,500,2,2,1,0.2,445.2,very thin,2025-12-15,2026-09-08,2026-10-01
7878,1527.0,,,,,0,0,0,0.2,,unknown,2026-04-27,2026-08-25,2026-10-01
7879,683.0,10.0,,,,0,0,0,0.2,,unknown,2025-12-15,2026-08-31,2026-10-01
7883,401.0,6.2,,,,0,0,0,0.2,,unknown,2025-12-15,2026-08-18,2026-10-01
7885,1144.0,16.3,9488300,9488300,8300,2,2,8,0.2,52.7,very thin,2025-12-15,2026-09-16,2026-10-01
7886,599.0,1.2,2316600,2316600,3900,3,3,21,0.2,215.8,very thin,2025-12-15,2026-09-28,2026-10-01
7887,1546.0,7.7,3401200,3401200,2200,3,3,21,0.2,147.0,very thin,2025-12-15,2026-10-01,2026-10-01
7888,896.0,27.3,,,,0,0,0,0.2,,unknown,2025-12-15,2026-09-04,2026-10-01
7893,1123.0,27.7,56564700,56564700,51300,2,2,18,0.2,8.8,very thin,2025-12-15,2026-09-28,2026-10-01
7896,511.0,2.3,,,,0,0,0,0.2,,unknown,2026-02-25,2026-08-25,2026-10-01
7897,107.0,2.9,13589000,13589000,127000,1,1,0,0.2,36.8,very thin,2025-12-15,2026-09-08,2026-10-01
7898,937.0,8.5,2817000,2817000,3000,3,3,19,0.2,177.5,very thin,2025-12-15,2026-09-29,2026-10-01
7901,968.0,0.9,1742400,1742400,1800,1,1,0,0.2,287.0,very thin,2026-04-15,2026-10-01,2026-10-01
7902,1124.0,4.1,786800,786800,700,1,1,0,0.2,635.5,very thin,2025-12-15,2026-09-24,2026-10-01
7906,2319.0,207.8,925380000,925380000,388000,19,19,24,0.2,0.54,thin,2025-12-15,2026-10-01,2026-10-01
7908,236.0,10.4,15505200,15505200,65700,1,1,0,0.2,32.2,very thin,2025-12-15,2026-09-08,2026-10-01
7911,2417.5,1383.7,7107770400,7107770400,1525600,19,19,24,0.2,0.07,deep,2025-12-15,2026-10-01,2026-10-01
7912,2997.5,1290.4,3694106000,3694106000,1212200,19,19,24,0.2,0.14,adequate,2025-12-15,2026-10-01,2026-10-01
7914,1716.0,49.0,146031600,146031600,85100,1,1,0,0.2,3.4,very thin,2025-12-15,2026-10-01,2026-10-01
7915,1085.0,56.9,278151600,278151600,231600,19,19,24,0.2,1.8,thin,2025-12-15,2026-10-01,2026-10-01
7916,1946.0,5.9,,,,0,0,0,0.2,,unknown,2026-04-15,2026-08-12,2026-10-01
7917,1223.0,90.0,151399900,151399900,122500,2,2,7,0.2,3.3,very thin,2025-12-15,2026-10-01,2026-10-01
7918,106.0,4.7,,,,0,0,0,0.2,,unknown,2025-12-15,2026-08-18,2026-10-01
7919,226.0,3.4,,,,0,0,0,0.2,,unknown,2025-12-15,2026-08-25,2026-10-01
7921,4135.0,57.4,69824750,69824750,17000,2,2,9,0.2,7.2,very thin,2025-12-15,2026-09-16,2026-10-01
7922,717.0,5.6,,,,0,0,0,0.2,,unknown,2025-11-29,2026-06-26,2026-10-01
7925,1926.0,28.6,,,,0,0,0,0.2,,unknown,2025-10-16,2026-06-01,2026-10-01
7927,2252.0,15.9,36707600,36707600,16300,1,1,0,0.2,13.6,very thin,2025-12-15,2026-09-08,2026-10-01
7928,617.0,1.9,,,,0,0,0,0.2,,unknown,2025-12-15,2026-09-04,2026-10-01
7931,3605.0,48.6,67413500,67413500,18700,1,1,0,0.2,7.4,very thin,2025-12-15,2026-09-09,2026-10-01
7932,11500.0,32.2,62100000,62100000,5400,1,1,0,0.2,8.1,very thin,2025-11-07,2026-09-24,2026-10-01
7936,4249.0,2937.7,20191225600,20191225600,4856600,19,19,24,0.2,0.02,deep,2025-12-15,2026-10-01,2026-10-01
7937,2658.0,41.5,,,,0,0,0,0.2,,unknown,2025-12-15,2026-09-04,2026-10-01
7938,2126.0,6.4,4039400,4039400,1900,1,1,0,0.2,123.8,very thin,2025-12-15,2026-09-08,2026-10-01
7939,598.0,2.3,478400,478400,800,1,1,0,0.2,1045.2,very thin,2025-12-15,2026-09-25,2026-10-01
7940,1058.0,8.9,,,,0,0,0,0.2,,unknown,2026-04-28,2026-07-03,2026-10-01
7942,2817.0,78.3,176344200,176344200,62600,1,1,0,0.2,2.8,very thin,2025-12-15,2026-09-08,2026-10-01
7943,2857.0,98.9,176832000,176832000,57600,19,19,24,0.2,2.8,very thin,2025-12-15,2026-10-01,2026-10-01
7944,3695.0,100.0,258030000,258030000,70500,19,19,24,0.2,1.9,thin,2025-12-15,2026-10-01,2026-10-01
7946,358.0,0.9,14830500,14830500,41250,2,2,1,0.2,33.7,very thin,2026-04-27,2026-09-08,2026-10-01
7947,2781.0,229.1,482516000,482516000,169900,19,19,24,0.2,1.0,thin,2025-12-15,2026-10-01,2026-10-01
7949,2816.0,48.0,,,,0,0,0,0.2,,unknown,2025-12-15,2026-08-24,2026-10-01
7951,1222.0,555.8,2552866800,2552866800,2034900,19,19,24,0.2,0.2,adequate,2025-12-15,2026-10-01,2026-10-01
7952,3480.0,28.6,37932000,37932000,10900,1,1,0,0.2,13.2,very thin,2025-12-15,2026-09-07,2026-10-01
7953,406.0,5.0,1336500,1336500,3300,3,3,14,0.2,374.1,very thin,2025-12-15,2026-09-28,2026-10-01
7955,954.0,,22609800,22609800,23700,1,1,0,0.2,22.1,very thin,2025-12-15,2026-09-22,2026-10-01
7956,2036.5,243.7,1780111400,1780111400,878200,19,19,24,0.2,0.28,adequate,2025-12-15,2026-10-01,2026-10-01
7957,2582.0,3.8,6858250,6858250,2650,2,2,6,0.2,72.9,very thin,2025-12-15,2026-09-14,2026-10-01
7962,816.0,,,,,0,0,0,0.2,,unknown,2025-12-15,2026-08-24,2026-10-01
7963,1815.0,8.8,4356000,4356000,2400,1,1,0,0.2,114.8,very thin,2025-11-29,2026-09-15,2026-10-01
7965,1437.0,92.8,129300900,129300900,88700,19,19,24,0.2,3.9,very thin,2025-12-15,2026-10-01,2026-10-01
7966,5930.0,345.2,5774373000,5774373000,1039800,19,19,24,0.2,0.09,deep,2025-12-15,2026-10-01,2026-10-01
7970,2452.0,188.9,208544400,208544400,93100,19,19,24,0.2,2.4,thin,2025-12-15,2026-10-01,2026-10-01
7971,700.0,40.2,58021500,58021500,82300,3,3,2,0.2,8.6,very thin,2025-12-15,2026-09-09,2026-10-01
7972,2436.0,122.9,435000700,435000700,175900,19,19,24,0.2,1.1,thin,2025-12-15,2026-10-01,2026-10-01
7974,7940.0,9338.3,54898810200,54898810200,6871800,19,19,24,0.2,0.01,deep,2025-12-15,2026-10-01,2026-10-01
7975,1169.0,4.0,2142700,2142700,1850,2,2,6,0.2,233.4,very thin,2025-12-15,2026-09-21,2026-10-01
7976,3430.0,169.8,268366000,268366000,81200,19,19,24,0.2,1.9,thin,2025-12-15,2026-10-01,2026-10-01
7979,2219.0,61.3,155773800,155773800,70200,1,1,0,0.2,3.2,very thin,2025-12-15,2026-09-16,2026-10-01
7980,861.0,5.8,15382400,15382400,18400,3,3,19,0.2,32.5,very thin,2025-12-15,2026-09-28,2026-10-01
7981,3040.0,198.4,247345500,247345500,80700,19,19,24,0.2,2.0,thin,2025-12-15,2026-10-01,2026-10-01
7983,1158.0,3.2,4140500,4140500,3500,3,3,23,0.2,120.8,very thin,2026-04-30,2026-10-01,2026-10-01
7984,869.0,372.5,767708770,767708770,853300,19,19,24,0.2,0.65,thin,2025-12-15,2026-10-01,2026-10-01
7985,746.0,0.8,969800,969800,1300,1,1,0,0.2,515.6,very thin,2025-12-15,2026-09-22,2026-10-01
7986,1914.0,2.9,,,,0,0,0,0.2,,unknown,2026-04-16,2026-08-21,2026-10-01
7987,567.0,15.5,19261000,19261000,34000,2,2,8,0.2,26.0,very thin,2025-12-15,2026-09-24,2026-10-01
7988,2425.0,462.1,1169287000,1169287000,240100,19,19,24,0.2,0.43,adequate,2026-04-29,2026-10-01,2026-10-01
7989,2691.0,53.1,74240200,74240200,28100,3,3,8,0.2,6.7,very thin,2025-12-15,2026-09-16,2026-10-01
7990,2372.0,52.1,162176400,162176400,68400,19,19,24,0.2,3.1,very thin,2025-12-15,2026-10-01,2026-10-01
7991,1061.0,11.0,6087600,6087600,5700,3,3,14,0.2,82.1,very thin,2025-12-15,2026-09-22,2026-10-01
7992,103.0,3.0,2276300,2276300,22100,1,1,0,0.2,219.7,very thin,2025-12-15,2026-09-11,2026-10-01
7994,2240.0,223.9,460929000,460929000,197400,19,19,24,0.2,1.1,thin,2025-12-15,2026-10-01,2026-10-01
7995,6870.0,119.2,294373000,294373000,43100,19,19,24,0.2,1.7,thin,2025-12-15,2026-10-01,2026-10-01
7997,1086.0,1.8,1194600,1194600,1100,1,1,0,0.2,418.6,very thin,2025-12-15,2026-09-09,2026-10-01
7999,7580.0,,,,,0,0,0,0.2,,unknown,2025-12-15,2026-06-16,2026-10-01
8001,2202.5,15454.7,42678553400,42678553400,18503600,19,19,24,0.2,0.01,deep,2025-12-15,2026-10-01,2026-10-01
8002,4832.0,7987.9,25590572800,25590572800,5142800,19,19,24,0.2,0.02,deep,2026-01-26,2026-10-01,2026-10-01
8005,1817.0,57.7,406462900,406462900,223700,1,1,0,0.2,1.2,thin,2025-12-15,2026-09-28,2026-10-01
8006,1472.0,26.0,3431200,3431200,2300,2,2,7,0.2,145.7,very thin,2025-12-15,2026-09-18,2026-10-01
8007,806.0,27.1,61900800,61900800,76800,1,1,0,0.2,8.1,very thin,2025-12-15,2026-09-23,2026-10-01
8008,2103.0,45.2,130077200,130077200,62900,19,19,24,0.2,3.8,very thin,2025-12-15,2026-10-01,2026-10-01
8011,1356.0,38.6,263925750,263925750,198750,2,2,17,0.2,1.9,thin,2025-12-15,2026-09-28,2026-10-01
8012,1163.0,483.1,879596000,879596000,776000,19,19,24,0.2,0.57,thin,2025-12-15,2026-10-01,2026-10-01
8013,376.0,2.7,1391200,1391200,3700,3,3,13,0.2,359.4,very thin,2026-04-15,2026-09-21,2026-10-01
8014,4250.0,105.0,156570500,156570500,37450,2,2,20,0.2,3.2,very thin,2025-12-15,2026-09-28,2026-10-01
8015,7253.0,6984.8,15262516800,15262516800,2030400,19,19,24,0.2,0.03,deep,2025-12-15,2026-10-01,2026-10-01
8016,709.0,98.8,525908800,525908800,737600,19,19,24,0.2,0.95,thin,2025-12-15,2026-10-01,2026-10-01
8018,849.0,30.0,23350450,23350450,27800,2,2,18,0.2,21.4,very thin,2025-12-15,2026-09-28,2026-10-01
8020,2248.0,389.1,1455090600,1455090600,627600,19,19,24,0.2,0.34,adequate,2026-04-14,2026-10-01,2026-10-01
8022,4190.0,318.3,816685500,816685500,201900,19,19,24,0.2,0.61,thin,2025-12-15,2026-10-01,2026-10-01
8023,1040.0,12.5,14352000,14352000,13800,1,1,0,0.2,34.8,very thin,2025-12-15,2026-09-16,2026-10-01
8025,1358.0,5.5,814800,814800,600,3,3,20,0.2,613.6,very thin,2025-12-15,2026-09-30,2026-10-01
8029,2714.0,19.2,28497000,28497000,10500,1,1,0,0.2,17.5,very thin,2025-12-15,2026-09-29,2026-10-01
8030,3910.0,13.8,7859000,7859000,2000,2,2,7,0.2,63.6,very thin,2025-12-15,2026-09-16,2026-10-01
8031,4916.0,14412.5,31486228800,31486228800,6100800,19,19,24,0.2,0.02,deep,2025-12-15,2026-10-01,2026-10-01
8032,1220.0,137.5,215086000,215086000,176300,1,1,0,0.2,2.3,thin,2025-12-15,2026-09-10,2026-10-01
8035,12580.0,25676.9,164906247000,164906247000,3237900,19,19,24,0.2,0.0,deep,2025-12-15,2026-10-01,2026-10-01
8037,4810.0,127.0,303253500,303253500,64200,2,2,5,0.2,1.6,thin,2025-12-15,2026-09-15,2026-10-01
8039,3500.0,7.8,9450000,9450000,2700,1,1,0,0.2,52.9,very thin,2025-12-15,2026-09-10,2026-10-01
8040,1050.0,3.6,1365000,1365000,1300,3,3,15,0.2,366.3,very thin,2025-12-15,2026-10-01,2026-10-01
8041,4320.0,23.9,12447000,12447000,2700,3,3,23,0.2,40.2,very thin,2025-12-15,2026-10-01,2026-10-01
8043,1570.0,88.2,256224000,256224000,163200,4,4,15,0.2,2.0,thin,2025-12-15,2026-09-23,2026-10-01
8045,2080.0,12.3,2080000,2080000,1000,1,1,0,0.2,240.4,very thin,2025-12-15,2026-09-08,2026-10-01
8046,1007.0,18.2,,,,0,0,0,0.2,,unknown,2025-12-15,2026-09-04,2026-10-01
8050,10560.0,851.1,5143716000,5143716000,523800,19,19,24,0.2,0.1,deep,2025-12-15,2026-10-01,2026-10-01
8051,2025.0,175.1,368607600,368607600,183400,19,19,24,0.2,1.4,thin,2025-10-16,2026-10-01,2026-10-01
8052,2990.0,54.0,262610100,262610100,90900,3,3,22,0.2,1.9,thin,2025-12-15,2026-10-01,2026-10-01
8053,1751.5,8499.0,17914897500,17914897500,9895000,19,19,24,0.2,0.03,deep,2025-12-15,2026-10-01,2026-10-01
8056,4675.0,463.4,1863039100,1863039100,388700,19,19,24,0.2,0.27,adequate,2025-12-15,2026-10-01,2026-10-01
8057,2239.0,110.8,427324000,427324000,188000,19,19,24,0.2,1.2,thin,2026-04-14,2026-10-01,2026-10-01
8058,4722.0,17797.0,37607465700,37607465700,7541100,19,19,24,0.2,0.01,deep,2025-12-15,2026-10-01,2026-10-01
8059,3585.0,94.3,,,,0,0,0,0.2,,unknown,2025-12-15,2026-08-14,2026-10-01
8060,3751.0,769.4,917056000,917056000,257600,19,19,24,0.2,0.55,thin,2025-12-15,2026-10-01,2026-10-01
8061,2966.0,108.4,335339500,335339500,108700,19,19,24,0.2,1.5,thin,2025-12-15,2026-10-01,2026-10-01
8065,3130.0,76.7,340544000,340544000,108800,1,1,0,0.2,1.5,thin,2025-12-15,2026-09-25,2026-10-01
8066,3600.0,270.1,94455250,94455250,26300,4,4,14,0.2,5.3,very thin,2025-12-15,2026-09-22,2026-10-01
8070,1012.0,22.2,118404000,118404000,117000,1,1,0,0.2,4.2,very thin,2025-12-15,2026-09-16,2026-10-01
8074,6240.0,135.8,207045000,207045000,32100,19,19,24,0.2,2.4,thin,2025-12-15,2026-10-01,2026-10-01
8075,3135.0,82.4,192489000,192489000,61400,1,1,0,0.2,2.6,very thin,2025-12-15,2026-09-29,2026-10-01
8076,2090.0,20.6,,,,0,0,0,0.2,,unknown,2025-12-15,2026-08-31,2026-10-01
8077,215.0,4.7,1257750,1257750,5850,2,2,1,0.2,397.5,very thin,2026-04-14,2026-09-09,2026-10-01
8078,1864.0,373.0,892269000,892269000,478100,19,19,24,0.2,0.56,thin,2025-12-15,2026-10-01,2026-10-01
8079,4345.0,73.9,157884000,157884000,35400,19,19,24,0.2,3.2,very thin,2026-04-17,2026-10-01,2026-10-01
8081,2610.0,51.5,112101000,112101000,43000,3,3,9,0.2,4.5,very thin,2025-12-15,2026-09-30,2026-10-01
8084,4810.0,102.5,198172000,198172000,41200,1,1,0,0.2,2.5,very thin,2025-12-15,2026-09-11,2026-10-01
8085,4200.0,21.4,2940000,2940000,700,1,1,0,0.2,170.1,very thin,2025-12-15,2026-09-10,2026-10-01
8086,1350.5,236.6,978797400,978797400,674800,19,19,24,0.2,0.51,thin,2025-12-15,2026-10-01,2026-10-01
8088,2018.0,491.8,1494329000,1494329000,712900,19,19,24,0.2,0.33,adequate,2025-12-15,2026-10-01,2026-10-01
8089,1916.0,22.7,2406000,2406000,1200,3,3,23,0.2,207.8,very thin,2025-12-15,2026-10-01,2026-10-01
8091,2405.0,19.5,29383750,29383750,12200,2,2,7,0.2,17.0,very thin,2025-12-15,2026-09-30,2026-10-01
8093,1816.0,,,,,0,0,0,0.2,,unknown,2025-12-15,2026-08-06,2026-10-01
8095,534.0,21.8,,,,0,0,0,0.2,,unknown,2025-12-15,2026-08-19,2026-10-01
8097,2421.0,153.7,360297000,360297000,147000,19,19,24,0.2,1.4,thin,2025-12-15,2026-10-01,2026-10-01
8098,4425.0,242.1,510097500,510097500,114500,19,19,24,0.2,0.98,thin,2025-12-15,2026-10-01,2026-10-01
8101,2643.0,33.6,75854100,75854100,28700,1,1,0,0.2,6.6,very thin,2025-12-15,2026-09-17,2026-10-01
8103,954.0,34.6,,,,0,0,0,0.2,,unknown,2025-10-16,2026-08-12,2026-10-01
8104,815.0,9.6,12315250,12315250,15800,2,2,19,0.2,40.6,very thin,2025-12-15,2026-09-29,2026-10-01
8105,78.0,5.0,106670600,106670600,1334300,4,4,17,0.2,4.7,very thin,2025-12-15,2026-09-24,2026-10-01
8107,30.0,8.3,4254000,4254000,141800,3,3,6,0.2,117.5,very thin,2025-12-15,2026-09-30,2026-10-01
8111,2116.0,298.5,1064738550,1064738550,501500,19,19,24,0.2,0.47,adequate,2025-12-15,2026-10-01,2026-10-01
8113,936.9,1646.3,3797907708,3797907708,3969800,19,19,24,0.2,0.13,adequate,2025-12-15,2026-10-01,2026-10-01
8115,1316.0,6.9,1192000,1192000,900,4,4,23,0.2,419.5,very thin,2025-12-15,2026-10-01,2026-10-01
8117,2143.0,120.6,673973500,673973500,314500,1,1,0,0.2,0.74,thin,2025-12-15,2026-09-30,2026-10-01
8118,1230.0,18.6,3328000,3328000,2725,2,2,15,0.2,150.2,very thin,2025-12-15,2026-09-30,2026-10-01
8119,793.0,7.5,,,,0,0,0,0.2,,unknown,2025-12-15,2026-09-04,2026-10-01
8123,1391.0,2.5,695500,695500,500,3,3,24,0.2,718.9,very thin,2025-12-15,2026-10-01,2026-10-01
8125,1924.0,98.1,225107000,225107000,114500,19,19,24,0.2,2.2,thin,2025-11-29,2026-10-01,2026-10-01
8127,520.0,10.9,3796000,3796000,7300,1,1,0,0.2,131.7,very thin,2025-12-15,2026-09-16,2026-10-01
8129,3745.0,262.8,416850500,416850500,104500,19,19,24,0.2,1.2,thin,2025-12-15,2026-10-01,2026-10-01
8130,3150.0,190.2,331788000,331788000,103200,19,19,24,0.2,1.5,thin,2025-12-15,2026-10-01,2026-10-01
8131,2472.0,108.8,120880800,120880800,48900,3,3,14,0.2,4.1,very thin,2025-12-15,2026-09-23,2026-10-01
8132,7810.0,76.6,,,,0,0,0,0.2,,unknown,2025-12-15,2026-08-27,2026-10-01
8133,2267.0,268.1,226638500,226638500,97900,19,19,24,0.2,2.2,thin,2025-12-15,2026-10-01,2026-10-01
8135,434.0,8.4,3515400,3515400,8100,3,3,23,0.2,142.2,very thin,2025-12-15,2026-10-01,2026-10-01
8136,1191.5,1467.0,21641571200,21641571200,17285600,19,19,24,0.2,0.02,deep,2025-12-15,2026-10-01,2026-10-01
8137,4705.0,75.7,200247500,200247500,46300,3,3,16,0.2,2.5,thin,2025-12-15,2026-09-24,2026-10-01
8138,4245.0,3.8,960625,960625,225,2,2,2,0.2,520.5,very thin,2025-12-15,2026-09-09,2026-10-01
8139,2238.0,34.3,6490200,6490200,2900,1,1,0,0.2,77.0,very thin,2025-12-15,2026-09-18,2026-10-01
8141,1570.0,44.7,80700500,80700500,51500,3,3,23,0.2,6.2,very thin,2025-12-15,2026-09-30,2026-10-01
8142,1426.0,41.5,89838000,89838000,63000,1,1,0,0.2,5.6,very thin,2026-04-14,2026-09-08,2026-10-01
8143,143.0,0.3,1144000,1144000,8000,1,1,0,0.2,437.1,very thin,2025-12-15,2026-09-11,2026-10-01
8144,1265.0,7.9,885500,885500,700,1,1,0,0.2,564.7,very thin,2025-12-15,2026-09-28,2026-10-01
8147,1461.0,7.3,927950,927950,650,2,2,8,0.2,538.8,very thin,2025-12-15,2026-09-15,2026-10-01
8150,3335.0,40.8,,,,0,0,0,0.2,,unknown,2026-04-16,2026-09-04,2026-10-01
8151,1972.0,38.5,,,,0,0,0,0.2,,unknown,2025-12-15,2026-08-25,2026-10-01
8152,7230.0,13.8,23859000,23859000,3300,1,1,0,0.2,21.0,very thin,2025-12-15,2026-09-08,2026-10-01
8153,3835.0,119.9,1056528000,1056528000,266800,19,19,24,0.2,0.47,adequate,2026-04-14,2026-10-01,2026-10-01
8154,5440.0,258.3,605696000,605696000,118300,19,19,24,0.2,0.83,thin,2025-12-15,2026-10-01,2026-10-01
8157,4240.0,,364424000,364424000,84950,2,2,2,0.2,1.4,thin,2025-12-15,2026-09-30,2026-10-01
8158,1404.0,32.0,,,,0,0,0,0.2,,unknown,2025-12-15,2026-09-04,2026-10-01
8159,4325.0,76.0,165024750,165024750,38950,4,4,24,0.2,3.0,very thin,2025-12-15,2026-10-01,2026-10-01
8160,2315.0,67.0,226004400,226004400,93700,19,19,24,0.2,2.2,thin,2025-12-15,2026-10-01,2026-10-01
8163,1565.0,59.3,,,,0,0,0,0.2,,unknown,2025-12-15,2026-08-25,2026-10-01
8165,100.0,5.2,15303000,15303000,149700,2,2,8,0.2,32.7,very thin,2025-12-15,2026-09-16,2026-10-01
8166,79.0,3.3,2262250,2262250,28750,2,2,7,0.2,221.0,very thin,2025-12-15,2026-09-18,2026-10-01
8167,1437.0,57.1,,,,0,0,0,0.2,,unknown,2025-12-15,2026-08-26,2026-10-01
8173,4310.0,115.3,732774000,732774000,167300,19,19,24,0.2,0.68,thin,2025-12-15,2026-10-01,2026-10-01
8174,945.2,328.4,768473500,768473500,249100,19,19,24,0.2,0.65,thin,2025-12-15,2026-10-01,2026-10-01
8179,1310.0,129.1,353045000,353045000,269100,19,19,24,0.2,1.4,thin,2025-12-15,2026-10-01,2026-10-01
8181,991.0,2.5,1982000,1982000,2000,1,1,0,0.2,252.3,very thin,2025-12-15,2026-09-21,2026-10-01
8185,986.0,34.6,91895200,91895200,93200,1,1,0,0.2,5.4,very thin,2025-12-15,2026-10-01,2026-10-01
8194,2634.0,234.7,624568800,624568800,236400,19,19,24,0.2,0.8,thin,2025-12-15,2026-10-01,2026-10-01
8198,3410.0,,59334000,59334000,17400,1,1,0,0.2,8.4,very thin,2025-12-15,2026-09-08,2026-10-01
8200,2297.0,58.6,168063000,168063000,74200,19,19,24,0.2,3.0,very thin,2025-12-15,2026-10-01,2026-10-01
8202,149.0,13.4,8090700,8090700,54300,1,1,0,0.2,61.8,very thin,2025-12-15,2026-09-25,2026-10-01
8203,739.0,26.3,35767600,35767600,48400,1,1,0,0.2,14.0,very thin,2025-12-15,2026-10-01,2026-10-01
8207,302.0,11.8,7419650,7419650,24650,4,4,20,0.2,67.4,very thin,2026-04-23,2026-09-28,2026-10-01
8209,310.0,,,,,0,0,0,0.2,,unknown,2025-11-29,2026-04-20,2026-10-01
8214,1686.0,146.7,297732000,297732000,173100,19,19,24,0.2,1.7,thin,2025-12-15,2026-10-01,2026-10-01
8217,805.0,32.5,48336600,48336600,60200,2,2,1,0.2,10.3,very thin,2025-12-15,2026-09-17,2026-10-01
8218,3740.0,182.2,347786000,347786000,90100,19,19,24,0.2,1.4,thin,2025-12-15,2026-10-01,2026-10-01
8219,727.0,108.0,515425300,515425300,677300,19,19,24,0.2,0.97,thin,2025-12-15,2026-10-01,2026-10-01
8225,3610.0,2.5,722000,722000,200,1,1,0,0.2,692.5,very thin,2025-12-15,2026-09-11,2026-10-01
8226,401.0,6.0,54748850,54748850,139350,2,2,16,0.2,9.1,very thin,2025-12-15,2026-09-24,2026-10-01
8227,3263.0,667.7,1892892800,1892892800,574300,19,19,24,0.2,0.26,adequate,2025-12-15,2026-10-01,2026-10-01
8230,310.0,5.6,2976000,2976000,9600,2,2,1,0.2,168.0,very thin,2025-12-15,2026-09-09,2026-10-01
8233,2083.5,625.6,2991861950,2991861950,1420300,19,19,24,0.2,0.17,adequate,2025-12-15,2026-10-01,2026-10-01
8237,2136.0,112.1,554378500,554378500,246500,19,19,24,0.2,0.9,thin,2025-12-15,2026-10-01,2026-10-01
8242,2735.0,321.3,863781700,863781700,304900,19,19,24,0.2,0.58,thin,2025-12-15,2026-10-01,2026-10-01
8244,1854.0,73.0,91587600,91587600,49400,1,1,0,0.2,5.5,very thin,2025-12-15,2026-09-08,2026-10-01
8247,357.0,1.6,2391900,2391900,6700,1,1,0,0.2,209.0,very thin,2025-12-15,2026-09-29,2026-10-01
8252,2772.5,502.9,2873448000,2873448000,1004000,19,19,24,0.2,0.17,adequate,2025-12-15,2026-10-01,2026-10-01
8253,4487.0,667.9,3100588500,3100588500,680700,19,19,24,0.2,0.16,adequate,2025-12-15,2026-10-01,2026-10-01
8254,312.0,1.9,23713100,23713100,79950,4,4,13,0.2,21.1,very thin,2025-12-15,2026-10-01,2026-10-01
8255,1344.0,116.7,256838400,256838400,191100,2,2,3,0.2,1.9,thin,2025-12-15,2026-09-21,2026-10-01
8260,384.0,,3190350,3190350,8300,2,2,2,0.2,156.7,very thin,2025-12-15,2026-09-16,2026-10-01
8267,1250.0,3596.6,13447204950,13447204950,9914200,19,19,24,0.2,0.04,deep,2025-12-15,2026-10-01,2026-10-01
8273,958.0,206.6,341002700,341002700,346900,19,19,24,0.2,1.5,thin,2025-12-15,2026-10-01,2026-10-01
8275,1003.0,26.6,31895400,31895400,31800,1,1,0,0.2,15.7,very thin,2025-12-15,2026-09-22,2026-10-01
8276,2564.0,132.7,234622500,234622500,87100,19,19,24,0.2,2.1,thin,2025-12-15,2026-10-01,2026-10-01
8278,2009.0,176.4,183920000,183920000,88000,19,19,24,0.2,2.7,very thin,2025-12-15,2026-10-01,2026-10-01
8281,1103.0,47.0,184613800,184613800,161800,19,19,24,0.2,2.7,very thin,2026-04-16,2026-10-01,2026-10-01
8282,1752.5,289.9,1521962400,1521962400,817600,19,19,24,0.2,0.33,adequate,2025-12-15,2026-10-01,2026-10-01
8283,6630.0,402.5,,,,0,0,0,0.2,,unknown,2025-12-15,2026-08-05,2026-10-01
8285,822.0,48.5,39538200,39538200,48100,1,1,0,0.2,12.6,very thin,2025-12-15,2026-09-28,2026-10-01
8289,952.0,21.9,,,,0,0,0,0.2,,unknown,2025-12-15,2026-07-03,2026-10-01
8291,541.0,33.2,,,,0,0,0,0.2,,unknown,2025-12-15,2026-08-19,2026-10-01
8301,23800.0,,2380000,2380000,100,1,1,0,0.2,210.1,very thin,2026-04-17,2026-10-01,2026-10-01
8303,1529.5,1436.0,5114294900,5114294900,3251300,19,19,24,0.2,0.1,deep,2025-12-17,2026-10-01,2026-10-01
8304,3491.0,4014.2,4226775000,4226775000,1212500,19,19,24,0.2,0.12,adequate,2025-12-15,2026-10-01,2026-10-01
8306,3586.0,41803.9,141405508400,141405508400,38746600,19,19,24,0.2,0.0,deep,2025-10-16,2026-10-01,2026-10-01
8308,2473.5,5686.7,22533356000,22533356000,8880800,19,19,24,0.2,0.02,deep,2025-12-15,2026-10-01,2026-10-01
8309,1778.5,4961.2,14603669100,14603669100,8236700,19,19,24,0.2,0.03,deep,2025-12-15,2026-10-01,2026-10-01
8316,3383.0,26288.8,70956887000,70956887000,10316500,19,19,24,0.2,0.01,deep,2025-12-15,2026-10-01,2026-10-01
8331,2826.5,1959.4,7291398400,7291398400,2672800,19,19,24,0.2,0.07,deep,2026-04-16,2026-10-01,2026-10-01
8334,3067.0,1214.2,3119531100,3119531100,1084300,19,19,24,0.2,0.16,adequate,2025-12-15,2026-10-01,2026-10-01
8336,2888.0,287.0,622437500,622437500,221700,19,19,24,0.2,0.8,thin,2025-12-15,2026-10-01,2026-10-01
8337,2775.0,159.4,256779200,256779200,96100,19,19,24,0.2,1.9,thin,2025-12-15,2026-10-01,2026-10-01
8338,802.0,51.3,1308051400,1308051400,1672700,3,3,15,0.2,0.38,adequate,2025-12-15,2026-10-01,2026-10-01
8341,4097.0,936.3,3089601900,3089601900,748800,19,19,24,0.2,0.16,adequate,2025-12-15,2026-10-01,2026-10-01
8343,9000.0,97.5,1170900000,1170900000,130100,1,1,0,0.2,0.43,adequate,2025-12-15,2026-09-08,2026-10-01
8344,4385.0,134.7,,,,0,0,0,0.2,,unknown,2025-12-15,2026-08-20,2026-10-01
8345,2591.0,142.1,844925100,844925100,326100,1,1,0,0.2,0.59,thin,2025-12-15,2026-09-07,2026-10-01
8346,1098.0,274.1,934195200,934195200,928400,19,19,24,0.2,0.54,thin,2025-12-15,2026-10-01,2026-10-01
8349,1638.0,15.2,48321000,48321000,29500,3,3,14,0.2,10.3,very thin,2025-12-15,2026-09-29,2026-10-01
8354,7788.0,1513.4,5771822400,5771822400,753600,19,19,24,0.2,0.09,deep,2025-12-15,2026-10-01,2026-10-01
8358,2974.0,486.7,2538178800,2538178800,897200,19,19,24,0.2,0.2,adequate,2025-12-15,2026-10-01,2026-10-01
8359,2809.5,1290.9,3917752750,3917752750,1457600,19,19,24,0.2,0.13,adequate,2025-12-15,2026-10-01,2026-10-01
8360,1509.0,233.8,982080000,982080000,137300,19,19,24,0.2,0.51,thin,2025-12-15,2026-10-01,2026-10-01
8361,1787.0,363.6,1673652000,1673652000,198300,19,19,24,0.2,0.3,adequate,2025-12-15,2026-10-01,2026-10-01
8362,8080.0,133.2,802777000,802777000,104850,2,2,14,0.2,0.62,thin,2025-12-15,2026-09-22,2026-10-01
8364,3280.0,36.3,125624000,125624000,38300,1,1,0,0.2,4.0,very thin,2025-12-15,2026-09-28,2026-10-01
8365,2422.0,12.7,14298000,14298000,6000,4,4,21,0.2,35.0,very thin,2025-12-15,2026-09-28,2026-10-01
8366,3050.0,694.2,1964925000,1964925000,670100,19,19,24,0.2,0.25,adequate,2025-12-15,2026-10-01,2026-10-01
8367,2023.0,327.9,896888800,896888800,438900,19,19,24,0.2,0.56,thin,2025-12-15,2026-10-01,2026-10-01
8368,2584.0,629.1,1949073600,1949073600,785600,19,19,24,0.2,0.26,adequate,2025-12-15,2026-10-01,2026-10-01
8370,1760.0,347.2,785349000,785349000,152400,19,19,24,0.2,0.64,thin,2025-12-15,2026-10-01,2026-10-01
8377,882.6,1050.2,3095912400,3095912400,375900,19,19,24,0.2,0.16,adequate,2025-11-29,2026-10-01,2026-10-01
8381,2585.0,397.2,935085000,935085000,366700,19,19,24,0.2,0.53,thin,2025-12-15,2026-10-01,2026-10-01
8383,1953.0,14.9,39841200,39841200,20400,1,1,0,0.2,12.5,very thin,2025-12-15,2026-09-29,2026-10-01
8386,3230.0,367.0,894809500,894809500,292900,19,19,24,0.2,0.56,thin,2025-12-15,2026-10-01,2026-10-01
8387,4370.0,194.1,1032556500,1032556500,242100,3,3,15,0.2,0.48,adequate,2025-12-15,2026-09-24,2026-10-01
8388,2234.0,429.2,1247676000,1247676000,126000,19,19,24,0.2,0.4,adequate,2025-12-15,2026-10-01,2026-10-01
8392,2991.0,176.4,,,,0,0,0,0.2,,unknown,2025-12-15,2026-09-04,2026-10-01
8393,2955.0,207.9,1044297000,1044297000,353400,1,1,0,0.2,0.48,adequate,2025-12-15,2026-09-28,2026-10-01
8395,6460.0,94.7,,,,0,0,0,0.2,,unknown,2025-12-15,2026-08-26,2026-10-01
8399,3270.0,140.7,553851000,553851000,168600,19,19,24,0.2,0.9,thin,2025-12-15,2026-10-01,2026-10-01
8410,341.7,404.9,1464340946,1464340946,4274200,19,19,24,0.2,0.34,adequate,2025-12-15,2026-10-01,2026-10-01
8411,8611.0,20880.2,66947467200,66947467200,7786400,19,19,24,0.2,0.01,deep,2025-12-15,2026-10-01,2026-10-01
8416,1172.0,11.4,41575000,41575000,36500,2,2,20,0.2,12.0,very thin,2025-12-15,2026-09-28,2026-10-01
8418,3502.0,718.3,1488753200,1488753200,432400,19,19,24,0.2,0.34,adequate,2025-12-15,2026-10-01,2026-10-01
8421,191000.0,1663.3,23302000,23302000,122,1,1,0,0.2,21.5,very thin,2025-12-15,2026-09-11,2026-10-01
8424,4374.0,412.9,881406900,881406900,194700,19,19,24,0.2,0.57,thin,2025-12-15,2026-10-01,2026-10-01
8425,1311.0,386.1,698026000,698026000,511000,19,19,24,0.2,0.72,thin,2025-12-15,2026-10-01,2026-10-01
8439,2624.0,1339.5,1522560600,1522560600,576400,19,19,24,0.2,0.33,adequate,2025-12-15,2026-10-01,2026-10-01
8473,3157.0,2131.8,11653180400,11653180400,3682700,19,19,24,0.2,0.04,deep,2025-12-15,2026-10-01,2026-10-01
8508,818.0,106.2,566479300,566479300,695350,4,4,17,0.2,0.88,thin,2025-12-15,2026-09-25,2026-10-01
8511,2431.0,203.7,447496000,447496000,183400,19,19,24,0.2,1.1,thin,2025-12-15,2026-10-01,2026-10-01
8515,459.0,,,,,0,0,0,0.2,,unknown,2026-04-30,2026-05-05,2026-10-01
8518,153.0,3.8,,,,0,0,0,0.2,,unknown,2025-12-15,2026-09-04,2026-10-01
8522,7220.0,367.5,625974000,625974000,86700,19,19,24,0.2,0.8,thin,2025-12-15,2026-10-01,2026-10-01
8524,1365.0,514.4,2201535700,2201535700,1610700,19,19,24,0.2,0.23,adequate,2025-12-15,2026-10-01,2026-10-01
8537,3430.0,26.1,120590500,120590500,37150,2,2,23,0.2,4.1,very thin,2025-12-15,2026-10-01,2026-10-01
8541,3185.0,109.2,515651500,515651500,161900,1,1,0,0.2,0.97,thin,2025-12-15,2026-09-08,2026-10-01
8542,1948.0,20.3,98179200,98179200,50400,1,1,0,0.2,5.1,very thin,2025-12-15,2026-10-01,2026-10-01
8544,2922.0,349.5,643171200,643171200,225200,19,19,24,0.2,0.78,thin,2025-12-15,2026-10-01,2026-10-01
8550,1168.0,99.0,1076662400,1076662400,921800,1,1,0,0.2,0.46,adequate,2025-12-15,2026-10-01,2026-10-01
8551,9060.0,43.1,439885500,439885500,50350,2,2,20,0.2,1.1,thin,2025-12-15,2026-09-28,2026-10-01
8558,1496.0,50.7,,,,0,0,0,0.2,,unknown,2025-12-15,2026-09-03,2026-10-01
8562,411.0,13.4,129653000,129653000,317000,3,3,20,0.2,3.9,very thin,2025-12-15,2026-10-01,2026-10-01
8563,1191.0,14.0,82179000,82179000,69000,1,1,0,0.2,6.1,very thin,2025-12-15,2026-09-16,2026-10-01
8566,6610.0,213.9,232900000,232900000,34000,19,19,24,0.2,2.1,thin,2025-12-15,2026-10-01,2026-10-01
8570,1518.0,350.2,886260800,886260800,546400,19,19,24,0.2,0.56,thin,2025-12-15,2026-10-01,2026-10-01
8572,458.0,762.5,554883157,554883157,1141500,19,19,24,0.2,0.9,thin,2025-12-15,2026-10-01,2026-10-01
8584,3520.0,167.9,400928000,400928000,107200,19,19,24,0.2,1.2,thin,2025-12-15,2026-10-01,2026-10-01
8585,802.0,145.0,338800000,338800000,400000,19,19,24,0.2,1.5,thin,2026-04-23,2026-10-01,2026-10-01
8591,5911.0,6417.8,21063416400,21063416400,3462100,19,19,24,0.2,0.02,deep,2025-12-15,2026-10-01,2026-10-01
8593,1325.0,1976.5,4981512450,4981512450,3611100,19,19,24,0.2,0.1,adequate,2025-12-15,2026-10-01,2026-10-01
8595,2220.5,120.5,673284000,673284000,295300,19,19,24,0.2,0.74,thin,2025-12-15,2026-10-01,2026-10-01
8596,1651.0,34.1,,,,0,0,0,0.2,,unknown,2025-12-15,2026-08-18,2026-10-01
8600,1187.0,235.7,588660800,588660800,497600,19,19,24,0.2,0.85,thin,2025-12-15,2026-10-01,2026-10-01
8601,1802.5,2562.6,8353655750,8353655750,4526500,19,19,24,0.2,0.06,deep,2025-12-15,2026-10-01,2026-10-01
8604,1548.5,4635.2,16805096250,16805096250,10852500,19,19,24,0.2,0.03,deep,2025-12-15,2026-10-01,2026-10-01
8609,1241.0,251.6,582998100,582998100,471300,19,19,24,0.2,0.86,thin,2025-12-15,2026-10-01,2026-10-01
8613,1249.0,85.9,312422000,312422000,242000,19,19,24,0.2,1.6,thin,2025-12-15,2026-10-01,2026-10-01
8614,706.0,44.8,355966600,355966600,492100,2,2,23,0.2,1.4,thin,2025-12-15,2026-10-01,2026-10-01
8616,889.0,230.0,694664700,694664700,777900,19,19,24,0.2,0.72,thin,2025-10-16,2026-10-01,2026-10-01
8617,607.0,5.2,1456800,1456800,2400,1,1,0,0.2,343.2,very thin,2025-12-15,2026-09-29,2026-10-01
8622,897.0,39.6,295658500,295658500,324100,2,2,15,0.2,1.7,thin,2025-12-15,2026-10-01,2026-10-01
8624,1789.0,53.2,,,,0,0,0,0.2,,unknown,2025-12-15,2026-08-31,2026-10-01
8628,1131.0,298.6,1034524400,1034524400,882700,19,19,24,0.2,0.48,adequate,2025-12-15,2026-10-01,2026-10-01
8630,6620.0,6108.2,15538515900,15538515900,2254900,19,19,24,0.2,0.03,deep,2025-12-15,2026-10-01,2026-10-01
8697,2327.0,2385.0,7100049600,7100049600,3189600,19,19,24,0.2,0.07,deep,2025-12-15,2026-10-01,2026-10-01
8698,707.0,183.2,853660200,853660200,1190600,19,19,24,0.2,0.59,thin,2025-12-15,2026-10-01,2026-10-01
8699,1129.0,33.6,46923850,46923850,41650,4,4,15,0.2,10.7,very thin,2025-12-15,2026-09-25,2026-10-01
8700,1950.0,7.8,,,,0,0,0,0.2,,unknown,2025-12-15,2026-08-17,2026-10-01
8704,1403.0,29.7,166957000,166957000,119000,1,1,0,0.2,3.0,very thin,2026-04-30,2026-09-10,2026-10-01
8705,225.0,10.3,17369350,17369350,77550,2,2,12,0.2,28.8,very thin,2025-12-15,2026-09-28,2026-10-01
8706,1787.0,59.1,268662400,268662400,142300,19,19,24,0.2,1.9,thin,2025-12-15,2026-10-01,2026-10-01
8707,4685.0,111.5,454945500,454945500,96900,19,19,24,0.2,1.1,thin,2026-04-30,2026-10-01,2026-10-01
8708,1783.0,55.6,212138300,212138300,118750,2,2,10,0.2,2.4,thin,2025-10-16,2026-09-18,2026-10-01
8713,2816.0,44.1,219446600,219446600,79150,2,2,9,0.2,2.3,thin,2025-12-15,2026-09-17,2026-10-01
8714,1130.0,317.1,815467400,815467400,760700,19,19,24,0.2,0.61,thin,2025-12-15,2026-10-01,2026-10-01
8715,1004.0,74.7,272783600,272783600,259300,19,19,24,0.2,1.8,thin,2025-12-15,2026-10-01,2026-10-01
8725,4886.0,7182.9,23999765100,23999765100,4600300,19,19,24,0.2,0.02,deep,2025-12-15,2026-10-01,2026-10-01
8729,153.2,1088.8,8178673750,8178673750,50330300,19,19,24,0.2,0.06,deep,2025-12-15,2026-10-01,2026-10-01
8737,614.0,20.7,19279600,19279600,31400,1,1,0,0.2,25.9,very thin,2025-12-15,2026-09-28,2026-10-01
8739,2679.0,101.0,506143550,506143550,191900,2,2,17,0.2,0.99,thin,2025-12-15,2026-09-28,2026-10-01
8742,590.0,6.6,3068000,3068000,5200,1,1,0,0.2,163.0,very thin,2025-12-15,2026-09-08,2026-10-01
8746,108.0,1.8,19224000,19224000,178000,2,2,2,0.2,26.0,very thin,2025-12-15,2026-09-23,2026-10-01
8747,2253.0,13.8,20792000,20792000,9200,3,3,6,0.2,24.0,very thin,2025-12-15,2026-10-01,2026-10-01
8750,1818.0,6869.4,14410148500,14410148500,7604300,19,19,24,0.2,0.03,deep,2025-12-15,2026-10-01,2026-10-01
8766,521.0,15183.0,45642840000,45642840000,5566200,19,19,24,0.2,0.01,deep,2025-12-15,2026-10-01,2026-10-01
8769,522.0,8.3,25056000,25056000,48000,3,3,13,0.2,20.0,very thin,2025-12-15,2026-09-24,2026-10-01
8771,1735.0,79.4,259722000,259722000,153500,19,19,24,0.2,1.9,thin,2025-12-15,2026-10-01,2026-10-01
8772,895.0,,6126850,6126850,6850,2,2,21,0.2,81.6,very thin,2025-12-15,2026-09-28,2026-10-01
8783,45.0,3.6,20349000,20349000,452200,3,3,21,0.2,24.6,very thin,2025-12-15,2026-10-01,2026-10-01
8789,173.0,24.2,,,,0,0,0,0.2,,unknown,2025-12-15,2026-08-20,2026-10-01
8793,4175.0,90.0,75567500,75567500,18100,1,1,0,0.2,6.6,very thin,2025-12-15,2026-09-11,2026-10-01
8795,4775.0,2301.0,6117922900,6117922900,1247500,19,19,24,0.2,0.08,deep,2025-12-15,2026-10-01,2026-10-01
8798,174.0,4.5,4501650,4501650,28200,2,2,7,0.2,111.1,very thin,2025-12-15,2026-09-22,2026-10-01
8801,1475.0,4058.5,12781996100,12781996100,8490200,19,19,24,0.2,0.04,deep,2025-12-15,2026-10-01,2026-10-01
8802,3592.0,4379.5,12238042800,12238042800,3328400,19,19,24,0.2,0.04,deep,2025-12-15,2026-10-01,2026-10-01
8803,2302.0,156.8,421260000,421260000,177000,19,19,24,0.2,1.2,thin,2025-12-15,2026-10-01,2026-10-01
8804,3255.0,687.7,2469452400,2469452400,739800,19,19,24,0.2,0.2,adequate,2025-12-15,2026-10-01,2026-10-01
8818,1096.0,84.7,,,,0,0,0,0.2,,unknown,2025-12-15,2026-08-18,2026-10-01
8830,3180.0,2962.0,9091698500,9091698500,2835900,19,19,24,0.2,0.05,deep,2025-12-15,2026-10-01,2026-10-01
8835,800.0,6.2,11760000,11760000,14700,1,1,0,0.2,42.5,very thin,2025-12-15,2026-09-08,2026-10-01
8836,28.0,2.7,,,,0,0,0,0.2,,unknown,2025-12-15,2026-08-24,2026-10-01
8841,1000.0,85.7,75100000,75100000,75100,1,1,0,0.2,6.7,very thin,2025-12-15,2026-09-09,2026-10-01
8844,1213.0,40.7,54463700,54463700,44900,1,1,0,0.2,9.2,very thin,2025-12-15,2026-09-24,2026-10-01
8848,1020.0,327.3,3109776000,3109776000,3048800,19,19,24,0.2,0.16,adequate,2025-12-15,2026-10-01,2026-10-01
8850,4640.0,226.3,229432500,229432500,49500,19,19,24,0.2,2.2,thin,2025-12-15,2026-10-01,2026-10-01
8860,730.0,27.1,36259600,36259600,49400,2,2,1,0.2,13.8,very thin,2025-12-15,2026-09-09,2026-10-01
8864,973.0,47.6,62197850,62197850,63800,2,2,14,0.2,8.0,very thin,2025-12-15,2026-09-22,2026-10-01
8869,812.0,21.5,44752400,44752400,54700,2,2,8,0.2,11.2,very thin,2025-11-07,2026-09-16,2026-10-01
8871,3075.0,107.0,147600000,147600000,48000,19,19,24,0.2,3.4,very thin,2025-12-15,2026-10-01,2026-10-01
8876,2287.5,351.6,1170666000,1170666000,513000,19,19,24,0.2,0.43,adequate,2025-12-15,2026-10-01,2026-10-01
8877,5450.0,78.5,,,,0,0,0,0.2,,unknown,2025-12-15,2026-08-24,2026-10-01
8881,654.0,31.2,71940000,71940000,110000,1,1,0,0.2,7.0,very thin,2025-12-15,2026-09-30,2026-10-01
8887,364.0,14.4,17290000,17290000,47500,1,1,0,0.2,28.9,very thin,2025-12-15,2026-09-15,2026-10-01
8891,2006.0,5.2,6820400,6820400,3400,1,1,0,0.2,73.3,very thin,2025-12-15,2026-09-08,2026-10-01
8892,1063.0,107.2,157995500,157995500,141700,19,19,24,0.2,3.2,very thin,2025-12-15,2026-10-01,2026-10-01
8894,15.0,3.3,15766800,15766800,750800,3,3,20,0.2,31.7,very thin,2026-04-15,2026-09-28,2026-10-01
8897,438.0,60.4,264825000,264825000,598200,19,19,24,0.2,1.9,thin,2025-12-15,2026-10-01,2026-10-01
8898,1133.0,,5098500,5098500,4500,1,1,0,0.2,98.1,very thin,2025-12-15,2026-09-08,2026-10-01
8904,823.0,11.9,8476900,8476900,10300,1,1,0,0.2,59.0,very thin,2025-12-15,2026-09-18,2026-10-01
8908,890.0,14.9,4450000,4450000,5000,1,1,0,0.2,112.4,very thin,2025-12-15,2026-09-30,2026-10-01
8912,158.0,2.8,7543650,7543650,47850,4,4,24,0.2,66.3,very thin,2025-12-15,2026-10-01,2026-10-01
8914,847.0,45.8,44975700,44975700,53100,1,1,0,0.2,11.1,very thin,2025-12-15,2026-10-01,2026-10-01
8917,1077.0,15.8,48465000,48465000,45000,3,3,17,0.2,10.3,very thin,2026-05-27,2026-10-01,2026-10-01
8918,11.0,16.9,,,,0,0,0,0.2,,unknown,2025-12-15,2026-09-04,2026-10-01
8919,3500.0,279.8,606252500,606252500,171500,19,19,24,0.2,0.82,thin,2025-11-07,2026-10-01,2026-10-01
8920,666.0,24.4,44671950,44671950,65450,2,2,23,0.2,11.2,very thin,2025-12-15,2026-10-01,2026-10-01
8921,2248.0,2.2,,,,0,0,0,0.2,,unknown,2026-04-16,2026-07-21,2026-10-01
8923,1733.0,167.0,228046500,228046500,135700,19,19,24,0.2,2.2,thin,2025-12-15,2026-10-01,2026-10-01
8927,501.0,15.3,78452200,78452200,156750,4,4,13,0.2,6.4,very thin,2026-04-14,2026-10-01,2026-10-01
8928,2309.0,23.9,7850600,7850600,3400,1,1,0,0.2,63.7,very thin,2025-12-15,2026-09-28,2026-10-01
8929,1379.0,30.3,76258700,76258700,55300,1,1,0,0.2,6.6,very thin,2025-12-15,2026-09-08,2026-10-01
8931,1314.0,14.9,3153600,3153600,2400,1,1,0,0.2,158.5,very thin,2025-12-15,2026-09-22,2026-10-01
8934,2275.0,137.7,316536000,316536000,132000,19,19,24,0.2,1.6,thin,2025-12-15,2026-10-01,2026-10-01
8935,1946.0,60.0,141085000,141085000,72500,1,1,0,0.2,3.5,very thin,2025-12-15,2026-09-29,2026-10-01
8938,326.0,3.2,662000,662000,2000,2,2,1,0.2,755.3,very thin,2025-12-15,2026-09-08,2026-10-01
8944,249.0,4.9,5179200,5179200,20800,1,1,0,0.2,96.5,very thin,2025-12-15,2026-09-16,2026-10-01
8945,1092.0,10.1,2286900,2286900,2100,2,2,21,0.2,218.6,very thin,2025-12-15,2026-09-29,2026-10-01
8946,75.0,2.0,6090000,6090000,81200,1,1,0,0.2,82.1,very thin,2025-12-15,2026-09-09,2026-10-01
8951,119100.0,1110.7,5589839400,5589839400,46934,1,1,0,0.2,0.09,deep,2026-04-20,2026-10-01,2026-10-01
8952,109100.0,868.2,2355032600,2355032600,21586,1,1,0,0.2,0.21,adequate,2025-12-15,2026-10-01,2026-10-01
8953,109600.0,820.0,1858799700,1858799700,16641,3,3,16,0.2,0.27,adequate,2025-12-15,2026-09-23,2026-10-01
8954,92800.0,509.5,1114560000,1114560000,11906,3,3,22,0.2,0.45,adequate,2025-12-15,2026-10-01,2026-10-01
8955,93700.0,379.3,513382300,513382300,5479,3,3,11,0.2,0.97,thin,2026-04-17,2026-09-28,2026-10-01
8956,131400.0,201.6,,,,0,0,0,0.2,,unknown,2026-04-23,2026-08-25,2026-10-01
8957,183400.0,177.7,,,,0,0,0,0.2,,unknown,2026-04-22,2026-08-19,2026-10-01
8958,107300.0,118.5,546455050,546455050,4904,4,4,22,0.2,0.91,thin,2025-12-15,2026-09-30,2026-10-01
8960,154000.0,512.6,1103699750,1103699750,7100,2,2,20,0.2,0.45,adequate,2026-04-27,2026-09-28,2026-10-01
8961,70300.0,250.3,362417900,362417900,5083,4,4,19,0.2,1.4,thin,2025-12-15,2026-09-28,2026-10-01
8963,61500.0,464.9,4201618500,4201618500,68319,1,1,0,0.2,0.12,adequate,2026-04-24,2026-09-16,2026-10-01
8964,74500.0,220.2,733974000,733974000,9852,1,1,0,0.2,0.68,thin,2026-04-22,2026-10-01,2026-10-01
8966,135100.0,184.8,,,,0,0,0,0.2,,unknown,2026-04-15,2026-07-09,2026-10-01
8967,94900.0,252.4,,,,0,0,0,0.2,,unknown,2026-05-04,2026-08-14,2026-10-01
8968,168600.0,147.8,223563600,223563600,1326,1,1,0,0.2,2.2,thin,2025-12-15,2026-10-01,2026-10-01
8972,159400.0,630.5,,,,0,0,0,0.2,,unknown,2026-04-23,2026-07-30,2026-10-01
8975,93200.0,143.2,452113200,452113200,4851,1,1,0,0.2,1.1,thin,2026-04-30,2026-10-01,2026-10-01
8976,311000.0,308.5,,,,0,0,0,0.2,,unknown,2026-04-16,2026-09-04,2026-10-01
8977,135000.0,104.0,,,,0,0,0,0.2,,unknown,2026-04-27,2026-09-04,2026-10-01
8979,184000.0,51.1,176640000,176640000,960,1,1,0,0.2,2.8,very thin,2026-04-30,2026-10-01,2026-10-01
8984,115300.0,545.2,1026837900,1026837900,8942,2,2,2,0.2,0.49,adequate,2025-12-15,2026-09-10,2026-10-01
8985,83400.0,477.0,1676678400,1676678400,20032,2,2,6,0.2,0.3,adequate,2026-04-22,2026-09-22,2026-10-01
8986,93100.0,226.7,545845300,545845300,5863,1,1,0,0.2,0.92,thin,2025-12-15,2026-09-16,2026-10-01
8987,138000.0,181.7,,,,0,0,0,0.2,,unknown,2026-04-27,2026-09-02,2026-10-01
8995,1951.0,1.7,182808700,182808700,93700,1,1,0,0.2,2.7,very thin,2025-12-15,2026-09-28,2026-10-01
8996,1067.0,4.1,1756800,1756800,1600,5,5,18,0.2,284.6,very thin,2025-12-15,2026-09-28,2026-10-01
8999,563.0,14.9,27834950,27834950,49400,2,2,14,0.2,18.0,very thin,2025-12-15,2026-09-29,2026-10-01
9000,10.0,,,,,0,0,0,0.2,,unknown,2026-05-01,2026-08-19,2026-10-01
9001,2797.5,580.7,1680178500,1680178500,559500,19,19,24,0.2,0.3,adequate,2025-12-15,2026-10-01,2026-10-01
9003,2482.5,253.1,817377000,817377000,310200,19,19,24,0.2,0.61,thin,2025-12-15,2026-10-01,2026-10-01
9005,1605.5,926.6,3731497000,3731497000,2254000,19,19,24,0.2,0.13,adequate,2025-12-15,2026-10-01,2026-10-01
9006,1532.0,408.4,1119346200,1119346200,725200,19,19,24,0.2,0.45,adequate,2025-12-15,2026-10-01,2026-10-01
9007,1718.0,609.9,2212820800,2212820800,1205300,19,19,24,0.2,0.23,adequate,2025-12-15,2026-10-01,2026-10-01
9008,753.0,460.3,1560097689,1560097689,1999100,19,19,24,0.2,0.32,adequate,2026-04-16,2026-10-01,2026-10-01
9009,1328.0,640.4,2558226000,2558226000,1868000,19,19,24,0.2,0.2,adequate,2025-12-15,2026-10-01,2026-10-01
9010,2654.0,139.0,477840000,477840000,181000,19,19,24,0.2,1.0,thin,2025-10-16,2026-10-01,2026-10-01
9012,2075.0,3.1,731500,731500,350,3,3,8,0.2,683.5,very thin,2025-12-15,2026-10-01,2026-10-01
9017,1993.0,7.7,,,,0,0,0,0.2,,unknown,2025-12-15,2026-08-10,2026-10-01
9020,3326.0,3906.6,9701108900,9701108900,2777300,19,19,24,0.2,0.05,deep,2025-12-15,2026-10-01,2026-10-01
9021,2902.0,1382.1,5420563200,5420563200,1778400,19,19,24,0.2,0.09,deep,2025-12-15,2026-10-01,2026-10-01
9022,3672.0,3586.8,7815365100,7815365100,2058300,19,19,24,0.2,0.06,deep,2025-12-15,2026-10-01,2026-10-01
9023,1466.0,892.1,2625940800,2625940800,1720800,19,19,24,0.2,0.19,adequate,2025-12-15,2026-10-01,2026-10-01
9024,3539.0,911.5,3664421600,3664421600,1027600,19,19,24,0.2,0.14,adequate,2025-12-15,2026-10-01,2026-10-01
9025,2798.0,156.6,245092000,245092000,86300,19,19,24,0.2,2.0,thin,2025-12-15,2026-10-01,2026-10-01
9028,3320.0,58.7,55112000,55112000,16600,1,1,0,0.2,9.1,very thin,2025-12-15,2026-09-16,2026-10-01
9029,1940.0,24.2,,,,0,0,0,0.2,,unknown,2025-12-15,2026-08-18,2026-10-01
9031,2855.0,236.1,965033600,965033600,310400,19,19,24,0.2,0.52,thin,2025-12-15,2026-10-01,2026-10-01
9033,633.0,19.0,3549900,3549900,5600,2,2,15,0.2,140.8,very thin,2025-12-15,2026-09-23,2026-10-01
9034,1622.0,15.3,,,,0,0,0,0.2,,unknown,2025-12-15,2026-08-25,2026-10-01
9036,1279.0,7.3,,,,0,0,0,0.2,,unknown,2025-11-07,2026-08-20,2026-10-01
9037,1790.0,139.1,181519100,181519100,100900,19,19,24,0.2,2.8,very thin,2025-12-15,2026-10-01,2026-10-01
9039,2933.0,124.0,271196000,271196000,89800,19,19,24,0.2,1.8,thin,2025-12-15,2026-10-01,2026-10-01
9041,3350.0,676.2,2231417700,2231417700,629100,19,19,24,0.2,0.22,adequate,2025-12-15,2026-10-01,2026-10-01
9042,4360.0,1040.3,2921410800,2921410800,623700,19,19,24,0.2,0.17,adequate,2025-12-15,2026-10-01,2026-10-01
9044,3016.0,351.0,1175172300,1175172300,369900,19,19,24,0.2,0.43,adequate,2025-12-15,2026-10-01,2026-10-01
9045,3131.0,324.6,915135000,915135000,285000,19,19,24,0.2,0.55,thin,2025-12-15,2026-10-01,2026-10-01
9046,2474.0,19.5,26073700,26073700,10550,2,2,6,0.2,19.2,very thin,2025-12-15,2026-09-28,2026-10-01
9048,1846.5,367.2,2388489000,2388489000,1253800,19,19,24,0.2,0.21,adequate,2025-12-15,2026-10-01,2026-10-01
9049,6600.0,,,,,0,0,0,0.2,,unknown,2025-12-15,2026-08-14,2026-10-01
9051,1215.0,6.5,2049900,2049900,1650,2,2,23,0.2,243.9,very thin,2025-12-15,2026-10-01,2026-10-01
9052,2008.0,44.5,,,,0,0,0,0.2,,unknown,2025-12-15,2026-08-18,2026-10-01
9057,3230.0,23.8,2596000,2596000,800,3,3,23,0.2,192.6,very thin,2025-12-15,2026-10-01,2026-10-01
9059,921.0,19.5,2352150,2352150,2550,2,2,7,0.2,212.6,very thin,2025-12-15,2026-09-23,2026-10-01
9060,4140.0,5.7,828000,828000,200,1,1,0,0.2,603.9,very thin,2025-12-15,2026-09-15,2026-10-01
9063,4225.0,8.7,2957500,2957500,700,1,1,0,0.2,169.1,very thin,2025-12-15,2026-09-08,2026-10-01
9064,1979.5,639.7,1971833500,1971833500,1004500,19,19,24,0.2,0.25,adequate,2025-12-15,2026-10-01,2026-10-01
9065,1591.5,412.4,1647512000,1647512000,202000,19,19,24,0.2,0.3,adequate,2025-12-15,2026-10-01,2026-10-01
9067,942.0,27.2,,,,0,0,0,0.2,,unknown,2025-12-15,2026-06-05,2026-10-01
9068,3580.0,142.1,157828000,157828000,21100,19,19,24,0.2,3.2,very thin,2025-12-15,2026-10-01,2026-10-01
9069,2289.5,398.5,730137000,730137000,308400,19,19,24,0.2,0.68,thin,2025-12-15,2026-10-01,2026-10-01
9072,4459.0,635.7,724162500,724162500,141300,19,19,24,0.2,0.69,thin,2025-12-15,2026-10-01,2026-10-01
9073,1275.0,3.6,382500,382500,300,3,3,22,0.2,1307.2,very thin,2025-12-15,2026-10-01,2026-10-01
9074,4925.0,17.5,14864250,14864250,3000,2,2,14,0.2,33.6,very thin,2025-12-15,2026-09-22,2026-10-01
9075,5860.0,223.3,425656000,425656000,68300,19,19,24,0.2,1.2,thin,2025-12-15,2026-10-01,2026-10-01
9076,2602.0,443.1,832978500,832978500,305400,19,19,24,0.2,0.6,thin,2025-12-15,2026-10-01,2026-10-01
9081,4055.0,40.7,40611250,40611250,10100,2,2,7,0.2,12.3,very thin,2025-12-15,2026-09-16,2026-10-01
9082,1956.0,9.0,,,,0,0,0,0.2,,unknown,2025-12-15,2026-08-27,2026-10-01
9083,1998.0,23.7,6352000,6352000,3200,5,5,20,0.2,78.7,very thin,2025-12-15,2026-09-28,2026-10-01
9087,2155.0,3.9,215500,215500,100,1,1,0,0.2,2320.2,very thin,2025-12-15,2026-09-28,2026-10-01
9090,856.0,121.8,473586500,473586500,523300,19,19,24,0.2,1.1,thin,2025-12-15,2026-10-01,2026-10-01
9101,7139.0,2972.2,19046627800,19046627800,2646100,19,19,24,0.2,0.03,deep,2025-12-15,2026-10-01,2026-10-01
9104,7053.0,2441.8,19017308000,19017308000,2626700,19,19,24,0.2,0.03,deep,2025-12-15,2026-10-01,2026-10-01
9107,3264.0,2046.8,13172389000,13172389000,3891400,19,19,24,0.2,0.04,deep,2025-12-15,2026-10-01,2026-10-01
9110,10510.0,247.7,896503000,896503000,85300,19,19,24,0.2,0.56,thin,2025-12-15,2026-10-01,2026-10-01
9115,1104.0,36.1,56856000,56856000,51500,1,1,0,0.2,8.8,very thin,2025-12-15,2026-09-07,2026-10-01
9119,1680.0,186.8,422427200,422427200,239200,19,19,24,0.2,1.2,thin,2025-12-15,2026-10-01,2026-10-01
9127,2780.0,4.3,,,,0,0,0,0.2,,unknown,2025-12-15,2026-07-27,2026-10-01
9130,1799.0,13.8,888166300,888166300,493700,1,1,0,0.2,0.56,thin,2025-12-15,2026-09-18,2026-10-01
9142,3410.0,544.4,2351165000,2351165000,662300,19,19,24,0.2,0.21,adequate,2025-12-15,2026-10-01,2026-10-01
9143,1415.5,895.1,1977760200,1977760200,1340400,19,19,24,0.2,0.25,adequate,2025-12-15,2026-10-01,2026-10-01
9145,590.0,14.0,,,,0,0,0,0.2,,unknown,2025-12-15,2026-08-26,2026-10-01
9146,4000.0,5.2,,,,0,0,0,0.2,,unknown,2026-04-17,2026-06-30,2026-10-01
9147,5749.0,1376.6,5051837700,5051837700,907900,19,19,24,0.2,0.1,deep,2025-12-15,2026-10-01,2026-10-01
9149,560.0,11.2,,,,0,0,0,0.2,,unknown,2026-04-15,2026-06-24,2026-10-01
9156,2670.0,0.5,,,,0,0,0,0.2,,unknown,2026-04-20,2026-06-25,2026-10-01
9158,793.0,23.9,31482100,31482100,39700,1,1,0,0.2,15.9,very thin,2025-12-15,2026-09-28,2026-10-01
9159,1888.0,4.9,,,,0,0,0,0.2,,unknown,2025-12-15,2026-08-03,2026-10-01
9160,333.0,7.1,13852800,13852800,41600,3,3,14,0.2,36.1,very thin,2025-12-15,2026-09-22,2026-10-01
9162,228.0,6.0,1760650,1760650,7700,2,2,20,0.2,284.0,very thin,2026-04-27,2026-09-28,2026-10-01
9163,2330.0,18.7,33552000,33552000,14400,1,1,0,0.2,14.9,very thin,2026-04-27,2026-09-08,2026-10-01
9165,1760.0,4.1,13167750,13167750,7550,2,2,6,0.2,38.0,very thin,2025-12-15,2026-09-14,2026-10-01
9166,650.0,120.2,668607700,668607700,1021650,2,2,1,0.2,0.75,thin,2026-04-16,2026-10-01,2026-10-01
9168,420.0,9.9,39144000,39144000,93200,1,1,0,0.2,12.8,very thin,2025-12-15,2026-09-08,2026-10-01
9169,1000.0,2.5,,,,0,0,0,0.2,,unknown,2026-04-22,2026-06-29,2026-10-01
9171,1506.0,20.4,,,,0,0,0,0.2,,unknown,2025-12-15,2026-08-20,2026-10-01
9173,2811.0,6.6,2811000,2811000,1000,1,1,0,0.2,177.9,very thin,2025-12-15,2026-09-28,2026-10-01
9193,873.0,8.8,4100250,4100250,4650,2,2,16,0.2,121.9,very thin,2025-12-15,2026-10-01,2026-10-01
9201,3022.0,1330.8,5961260800,5961260800,1992400,19,19,24,0.2,0.08,deep,2025-12-15,2026-10-01,2026-10-01
9202,2971.0,1307.5,7297370200,7297370200,2456200,19,19,24,0.2,0.07,deep,2025-12-15,2026-10-01,2026-10-01
9204,425.0,25.6,15470000,15470000,36400,1,1,0,0.2,32.3,very thin,2025-12-15,2026-09-18,2026-10-01
9206,1940.0,7.3,2716000,2716000,1400,1,1,0,0.2,184.1,very thin,2025-12-15,2026-09-21,2026-10-01
9211,1518.0,16.9,123762400,123762400,83700,2,2,20,0.2,4.0,very thin,2025-12-15,2026-09-28,2026-10-01
9212,313.0,3.1,16835400,16835400,59700,3,3,20,0.2,29.7,very thin,2026-04-30,2026-09-28,2026-10-01
9213,1037.0,1.4,1659200,1659200,1600,1,1,0,0.2,301.4,very thin,2025-12-15,2026-09-24,2026-10-01
9214,1300.0,1.7,1560000,1560000,1200,1,1,0,0.2,320.5,very thin,2025-12-15,2026-09-11,2026-10-01
9215,1007.0,1.7,1534750,1534750,1550,2,2,21,0.2,325.8,very thin,2025-12-15,2026-09-29,2026-10-01
9216,1704.0,23.8,38563500,38563500,23500,3,3,20,0.2,13.0,very thin,2025-12-15,2026-09-28,2026-10-01
9218,797.0,7.7,19367100,19367100,24300,1,1,0,0.2,25.8,very thin,2025-12-15,2026-09-28,2026-10-01
9219,884.0,4.9,,,,0,0,0,0.2,,unknown,2025-12-15,2026-08-31,2026-10-01
9220,1342.0,3.0,1207800,1207800,900,1,1,0,0.2,414.0,very thin,2025-12-15,2026-09-08,2026-10-01
9221,1191.0,14.4,,,,0,0,0,0.2,,unknown,2025-12-15,2026-08-17,2026-10-01
9222,50.0,0.1,,,,0,0,0,0.2,,unknown,2026-04-14,2026-08-26,2026-10-01
9223,440.0,4.9,,,,0,0,0,0.2,,unknown,2025-12-15,2026-08-14,2026-10-01
9225,967.0,2.0,727700,727700,750,2,2,23,0.2,687.1,very thin,2025-12-15,2026-10-01,2026-10-01
9226,1200.0,1.2,,,,0,0,0,0.2,,unknown,2026-04-17,2026-06-16,2026-10-01
9227,900.0,14.7,,,,0,0,0,0.2,,unknown,2025-12-15,2026-08-21,2026-10-01
9229,113.0,5.1,11523000,11523000,100200,3,3,13,0.2,43.4,very thin,2025-12-15,2026-09-21,2026-10-01
9233,1147.0,21.3,9634800,9634800,8400,1,1,0,0.2,51.9,very thin,2025-12-15,2026-09-23,2026-10-01
9235,400.0,4.2,16960000,16960000,42400,3,3,14,0.2,29.5,very thin,2026-04-17,2026-10-01,2026-10-01
9236,1371.0,1.8,2105250,2105250,1500,2,2,2,0.2,237.5,very thin,2026-04-17,2026-09-09,2026-10-01
9237,814.0,3.4,7229600,7229600,8000,2,2,21,0.2,69.2,very thin,2026-04-27,2026-09-29,2026-10-01
9238,385.0,0.9,,,,0,0,0,0.2,,unknown,2025-12-15,2026-09-04,2026-10-01
9239,500.0,1.5,,,,0,0,0,0.2,,unknown,2026-04-16,2026-07-31,2026-10-01
9240,380.0,2.2,18886000,18886000,49700,1,1,0,0.2,26.5,very thin,2026-04-14,2026-09-22,2026-10-01
9241,1267.0,1.1,1773800,1773800,1400,1,1,0,0.2,281.9,very thin,2025-12-15,2026-09-11,2026-10-01
9242,1943.0,2.3,,,,0,0,0,0.2,,unknown,2026-04-14,2026-09-04,2026-10-01
9243,480.0,0.4,,,,0,0,0,0.2,,unknown,2026-02-25,2026-09-25,2026-10-01
9244,1573.0,1.7,25482600,25482600,16200,2,2,3,0.2,19.6,very thin,2025-12-15,2026-09-28,2026-10-01
9245,1945.0,10.4,3890000,3890000,2000,1,1,0,0.2,128.5,very thin,2025-12-15,2026-09-11,2026-10-01
9246,1090.0,5.9,,,,0,0,0,0.2,,unknown,2025-12-15,2026-08-20,2026-10-01
9247,1721.0,85.0,391515000,391515000,215000,19,19,24,0.2,1.3,thin,2025-12-15,2026-10-01,2026-10-01
9248,1681.0,15.0,33451900,33451900,19900,1,1,0,0.2,14.9,very thin,2025-12-15,2026-09-24,2026-10-01
9249,1667.0,13.7,8207500,8207500,4900,3,3,14,0.2,60.9,very thin,2025-12-15,2026-09-23,2026-10-01
9250,1041.0,1.6,628200,628200,600,4,4,20,0.2,795.9,very thin,2025-12-15,2026-09-28,2026-10-01
9251,1602.0,19.7,54468000,54468000,34000,1,1,0,0.2,9.2,very thin,2026-05-08,2026-09-15,2026-10-01
9252,4160.0,9.2,35442750,35442750,8700,2,2,9,0.2,14.1,very thin,2025-12-15,2026-09-17,2026-10-01
9253,736.0,1.8,146975,146975,200,2,2,1,0.2,3401.9,very thin,2025-12-15,2026-09-09,2026-10-01
9254,1087.0,,927950,927950,850,2,2,8,0.2,538.8,very thin,2025-12-15,2026-09-22,2026-10-01
9256,1153.0,6.2,,,,0,0,0,0.2,,unknown,2025-12-15,2026-08-14,2026-10-01
9257,522.0,11.3,104400,104400,200,1,1,0,0.2,4789.3,very thin,2026-04-14,2026-09-07,2026-10-01
9258,311.0,1.9,497600,497600,1600,1,1,0,0.2,1004.8,very thin,2025-12-15,2026-09-07,2026-10-01
9259,850.0,4.8,,,,0,0,0,0.2,,unknown,2025-12-15,2026-08-20,2026-10-01
9262,680.0,7.2,10200000,10200000,15000,1,1,0,0.2,49.0,very thin,2026-04-27,2026-09-08,2026-10-01
9264,1598.0,7.3,15820200,15820200,9900,1,1,0,0.2,31.6,very thin,2025-12-15,2026-09-14,2026-10-01
9265,3655.0,8.4,1728250,1728250,475,2,2,6,0.2,289.3,very thin,2025-12-15,2026-09-22,2026-10-01
9267,3460.0,106.0,204282000,204282000,58200,19,19,24,0.2,2.4,thin,2025-12-15,2026-10-01,2026-10-01
9268,413.0,28.2,50332950,50332950,123700,2,2,8,0.2,9.9,very thin,2025-12-15,2026-09-24,2026-10-01
9270,1916.0,32.0,80318700,80318700,39900,3,3,22,0.2,6.2,very thin,2025-12-15,2026-09-30,2026-10-01
9271,959.0,8.1,,,,0,0,0,0.2,,unknown,2025-12-15,2026-09-04,2026-10-01
9272,1518.0,13.8,6831000,6831000,4500,1,1,0,0.2,73.2,very thin,2025-12-15,2026-09-30,2026-10-01
9273,746.0,32.0,34912800,34912800,46800,1,1,0,0.2,14.3,very thin,2025-12-15,2026-09-16,2026-10-01
9274,1137.0,71.8,440411400,440411400,389400,19,19,24,0.2,1.1,thin,2025-12-15,2026-10-01,2026-10-01
9278,2775.0,34.0,248917500,248917500,89700,1,1,0,0.2,2.0,thin,2025-12-15,2026-09-09,2026-10-01
9279,1982.0,106.5,587394550,587394550,280000,2,2,20,0.2,0.85,thin,2026-04-14,2026-09-28,2026-10-01
9282,30650.0,5.9,11988250,11988250,395,3,3,22,0.2,41.7,very thin,2026-05-01,2026-09-30,2026-10-01
9284,76300.0,32.7,106151150,106151150,1410,2,2,6,0.2,4.7,very thin,2026-04-14,2026-09-16,2026-10-01
9285,42000.0,7.5,,,,0,0,0,0.2,,unknown,2026-05-01,2026-08-28,2026-10-01
9286,44200.0,24.7,69864000,69864000,1558,2,2,21,0.2,7.2,very thin,2026-04-30,2026-09-28,2026-10-01
9301,1467.0,536.6,1314229200,1314229200,840300,19,19,24,0.2,0.38,adequate,2025-12-15,2026-10-01,2026-10-01
9302,3234.0,251.9,657628800,657628800,195200,19,19,24,0.2,0.76,thin,2025-12-15,2026-10-01,2026-10-01
9303,4080.0,317.3,362273000,362273000,87400,19,19,24,0.2,1.4,thin,2025-12-15,2026-10-01,2026-10-01
9304,2111.0,104.8,320688000,320688000,157200,5,5,23,0.2,1.6,thin,2025-12-15,2026-10-01,2026-10-01
9305,2121.0,44.4,103929000,103929000,49000,1,1,0,0.2,4.8,very thin,2025-12-15,2026-09-23,2026-10-01
9306,2015.0,15.0,5606900,5606900,2800,2,2,10,0.2,89.2,very thin,2025-12-15,2026-09-17,2026-10-01
9307,963.0,15.4,2792700,2792700,2900,1,1,0,0.2,179.0,very thin,2026-04-27,2026-09-08,2026-10-01
9308,2428.0,48.8,537802000,537802000,221500,1,1,0,0.2,0.93,thin,2025-11-07,2026-09-28,2026-10-01
9310,1423.0,86.3,125793200,125793200,88400,1,1,0,0.2,4.0,very thin,2025-12-15,2026-09-18,2026-10-01
9311,7540.0,10.8,3458000,3458000,450,2,2,6,0.2,144.6,very thin,2025-12-15,2026-09-30,2026-10-01
9312,3050.0,18.8,29585000,29585000,9700,3,3,12,0.2,16.9,very thin,2025-12-15,2026-09-28,2026-10-01
9313,1031.0,6.2,1237200,1237200,1200,1,1,0,0.2,404.1,very thin,2025-12-15,2026-09-08,2026-10-01
9319,1808.0,34.0,,,,0,0,0,0.2,,unknown,2025-12-15,2026-08-24,2026-10-01
9322,2490.0,18.5,,,,0,0,0,0.2,,unknown,2025-12-15,2026-08-27,2026-10-01
9324,2560.0,73.0,,,,0,0,0,0.2,,unknown,2025-12-15,2026-08-14,2026-10-01
9325,1059.0,11.5,8577900,8577900,8100,1,1,0,0.2,58.3,very thin,2025-12-15,2026-09-16,2026-10-01
9326,501.0,5.1,,,,0,0,0,0.2,,unknown,2025-12-15,2026-08-14,2026-10-01
9327,191.0,3.0,1738100,1738100,9100,1,1,0,0.2,287.7,very thin,2025-12-15,2026-09-28,2026-10-01
9330,880.0,1.2,1584000,1584000,1800,1,1,0,0.2,315.7,very thin,2025-12-15,2026-09-08,2026-10-01
9331,753.0,1.5,,,,0,0,0,0.2,,unknown,2025-12-15,2026-08-12,2026-10-01
9332,682.0,23.0,40988200,40988200,60100,1,1,0,0.2,12.2,very thin,2025-12-15,2026-09-24,2026-10-01
9334,1300.0,1.2,,,,0,0,0,0.2,,unknown,2026-04-20,2026-07-24,2026-10-01
9335,1406.0,2.8,,,,0,0,0,0.2,,unknown,2026-04-21,2026-08-31,2026-10-01
9336,3645.0,374.5,388854000,388854000,102600,19,19,24,0.2,1.3,thin,2025-12-15,2026-10-01,2026-10-01
9337,1439.0,4.8,19420250,19420250,13450,2,2,15,0.2,25.7,very thin,2025-12-15,2026-09-24,2026-10-01
9338,4530.0,,,,,0,0,0,0.2,,unknown,2025-12-15,2026-06-16,2026-10-01
9339,1432.0,2.9,859200,859200,600,1,1,0,0.2,581.9,very thin,2025-11-07,2026-09-08,2026-10-01
9340,826.0,8.1,9664200,9664200,11700,1,1,0,0.2,51.7,very thin,2025-12-15,2026-09-24,2026-10-01
9341,619.0,10.8,35423900,35423900,58000,2,2,21,0.2,14.1,very thin,2025-12-15,2026-10-01,2026-10-01
9342,995.0,2.4,,,,0,0,0,0.2,,unknown,2025-12-15,2026-08-28,2026-10-01
9343,785.0,14.2,38830250,38830250,49700,2,2,8,0.2,12.9,very thin,2025-12-15,2026-09-16,2026-10-01
9344,1299.0,4.6,24291300,24291300,18700,1,1,0,0.2,20.6,very thin,2025-12-15,2026-09-10,2026-10-01
9345,626.0,1.9,,,,0,0,0,0.2,,unknown,2025-12-15,2026-08-10,2026-10-01
9346,1830.0,6.2,4209000,4209000,2300,1,1,0,0.2,118.8,very thin,2025-12-15,2026-09-15,2026-10-01
9347,2850.0,95.8,368050500,368050500,123300,3,3,22,0.2,1.4,thin,2025-12-15,2026-09-30,2026-10-01
9348,416.0,60.9,192108800,192108800,461800,2,2,1,0.2,2.6,very thin,2025-12-15,2026-09-18,2026-10-01
9351,1920.0,13.3,5406800,5406800,2800,3,3,23,0.2,92.5,very thin,2025-12-15,2026-10-01,2026-10-01
9353,2990.0,4.5,,,,0,0,0,0.2,,unknown,2025-12-15,2026-09-04,2026-10-01
9355,2210.0,5.8,1105350,1105350,500,2,2,2,0.2,452.3,very thin,2025-12-15,2026-09-11,2026-10-01
9360,2815.0,8.4,1817750,1817750,650,2,2,22,0.2,275.1,very thin,2025-12-15,2026-10-01,2026-10-01
9361,2060.0,5.3,,,,0,0,0,0.2,,unknown,2025-12-15,2026-08-28,2026-10-01
9362,3755.0,4.4,4881500,4881500,1300,1,1,0,0.2,102.4,very thin,2025-12-15,2026-09-07,2026-10-01
9363,516.0,2.5,3122100,3122100,6100,4,4,23,0.2,160.1,very thin,2025-12-15,2026-10-01,2026-10-01
9364,4747.0,479.2,1354200000,1354200000,277500,19,19,24,0.2,0.37,adequate,2026-05-06,2026-10-01,2026-10-01
9365,1607.0,2.4,321400,321400,200,1,1,0,0.2,1555.7,very thin,2025-12-15,2026-10-01,2026-10-01
9366,1270.0,5.8,7620000,7620000,6000,3,3,23,0.2,65.6,very thin,2025-12-15,2026-10-01,2026-10-01
9367,2001.0,16.3,3007350,3007350,1500,2,2,9,0.2,166.3,very thin,2025-12-15,2026-09-25,2026-10-01
9368,930.0,37.0,28179000,28179000,30300,3,3,24,0.2,17.7,very thin,2025-12-15,2026-10-01,2026-10-01
9369,2956.0,73.5,114101600,114101600,38600,1,1,0,0.2,4.4,very thin,2025-12-15,2026-09-08,2026-10-01
9376,845.0,,2535000,2535000,3000,1,1,0,0.2,197.2,very thin,2025-12-15,2026-09-16,2026-10-01
9380,437.0,11.6,3873300,3873300,8850,2,2,5,0.2,129.1,very thin,2025-12-15,2026-09-15,2026-10-01
9381,2343.0,54.0,,,,0,0,0,0.2,,unknown,2025-12-15,2026-09-01,2026-10-01
9385,750.0,5.3,1950000,1950000,2600,1,1,0,0.2,256.4,very thin,2025-12-15,2026-09-21,2026-10-01
9399,13.0,2.8,6420128,6420128,493856,1,1,0,0.2,77.9,very thin,2026-05-04,2026-10-01,2026-10-01
9401,5818.0,890.3,1802257000,1802257000,308500,19,19,24,0.2,0.28,adequate,2025-12-15,2026-10-01,2026-10-01
9404,2821.0,715.0,1618268750,1618268750,550900,19,19,24,0.2,0.31,adequate,2025-12-15,2026-10-01,2026-10-01
9405,884.0,36.7,86211700,86211700,98000,2,2,2,0.2,5.8,very thin,2025-12-15,2026-09-18,2026-10-01
9408,2638.0,15.3,,,,0,0,0,0.2,,unknown,2025-12-15,2026-08-26,2026-10-01
9409,2986.0,312.7,590900000,590900000,190000,19,19,24,0.2,0.85,thin,2025-12-15,2026-10-01,2026-10-01
9412,2002.0,588.8,2955262200,2955262200,1411300,19,19,24,0.2,0.17,adequate,2025-12-15,2026-10-01,2026-10-01
9413,3300.0,91.8,228105000,228105000,66600,19,19,24,0.2,2.2,thin,2025-12-15,2026-10-01,2026-10-01
9414,903.0,16.3,20136900,20136900,22300,1,1,0,0.2,24.8,very thin,2025-12-15,2026-09-07,2026-10-01
9416,1051.0,51.5,274646400,274646400,257600,19,19,24,0.2,1.8,thin,2025-12-15,2026-10-01,2026-10-01
9417,345.0,3.3,,,,0,0,0,0.2,,unknown,2025-12-15,2026-09-04,2026-10-01
9418,1776.0,324.3,782284000,782284000,438500,19,19,24,0.2,0.64,thin,2025-12-15,2026-10-01,2026-10-01
9419,295.0,3.2,3156500,3156500,10700,1,1,0,0.2,158.4,very thin,2025-12-15,2026-09-07,2026-10-01
9421,514.0,2.6,,,,0,0,0,0.2,,unknown,2025-12-15,2026-09-04,2026-10-01
9423,104.0,2.5,10597600,10597600,101900,1,1,0,0.2,47.2,very thin,2025-12-15,2026-09-07,2026-10-01
9424,121.0,19.3,170827800,170827800,1411800,1,1,0,0.2,2.9,very thin,2025-12-15,2026-09-14,2026-10-01
9425,229.0,1.8,106072800,106072800,463200,1,1,0,0.2,4.7,very thin,2026-04-27,2026-09-24,2026-10-01
9428,1487.0,,1489400,1489400,1000,2,2,8,0.2,335.7,very thin,2025-12-15,2026-09-16,2026-10-01
9432,170.3,14299.9,35528940317,35528940317,205235500,19,19,24,0.2,0.01,deep,2025-12-15,2026-10-01,2026-10-01
9433,2931.0,11232.0,23464789600,23464789600,7741600,19,19,24,0.2,0.02,deep,2025-12-15,2026-10-01,2026-10-01
9434,240.8,11762.3,21172829711,21172829711,85339900,19,19,24,0.2,0.02,deep,2025-12-15,2026-10-01,2026-10-01
9435,36360.0,1668.0,2403984000,2403984000,63800,19,19,24,0.2,0.21,adequate,2025-12-15,2026-10-01,2026-10-01
9436,4100.0,367.6,,,,0,0,0,0.2,,unknown,2025-12-15,2026-08-26,2026-10-01
9438,605.0,30.7,18634000,18634000,30800,1,1,0,0.2,26.8,very thin,2025-12-15,2026-09-30,2026-10-01
9439,218.0,2.9,1365850,1365850,6250,4,4,20,0.2,366.1,very thin,2025-12-15,2026-09-28,2026-10-01
9441,2988.0,37.6,6573600,6573600,2200,1,1,0,0.2,76.1,very thin,2025-12-15,2026-09-16,2026-10-01
9444,258.0,1.5,2225100,2225100,8750,2,2,12,0.2,224.7,very thin,2026-06-01,2026-09-28,2026-10-01
9445,535.0,8.9,938400,938400,1700,3,3,10,0.2,532.8,very thin,2025-12-15,2026-10-01,2026-10-01
9446,697.0,5.2,1463700,1463700,2100,3,3,16,0.2,341.6,very thin,2025-12-15,2026-09-25,2026-10-01
9449,3979.0,374.4,1001196000,1001196000,257600,19,19,24,0.2,0.5,adequate,2025-12-15,2026-10-01,2026-10-01
9450,770.0,14.2,29624350,29624350,38000,2,2,6,0.2,16.9,very thin,2025-12-15,2026-10-01,2026-10-01
9466,245.0,3.2,,,,0,0,0,0.2,,unknown,2025-11-07,2026-09-04,2026-10-01
9467,1071.0,27.3,86858100,86858100,81100,3,3,6,0.2,5.8,very thin,2025-12-15,2026-09-29,2026-10-01
9468,3796.0,538.6,1010807000,1010807000,275800,19,19,24,0.2,0.49,adequate,2025-12-15,2026-10-01,2026-10-01
9470,1052.0,41.8,216678200,216678200,208350,2,2,6,0.2,2.3,thin,2025-12-15,2026-09-14,2026-10-01
9474,923.0,48.5,,,,0,0,0,0.2,,unknown,2025-12-15,2026-09-03,2026-10-01
9475,543.0,9.1,972650,972650,1800,4,4,18,0.2,514.1,very thin,2025-12-15,2026-09-28,2026-10-01
9476,994.0,4.0,309600,309600,300,3,3,6,0.2,1615.0,very thin,2025-12-15,2026-09-29,2026-10-01
9478,509.0,7.9,4921000,4921000,9500,3,3,19,0.2,101.6,very thin,2025-12-15,2026-09-28,2026-10-01
9501,518.5,836.8,18727421271,18727421271,34374800,19,19,24,0.2,0.03,deep,2025-12-15,2026-10-01,2026-10-01
9502,2647.5,2144.6,9848270400,9848270400,3380800,19,19,24,0.2,0.05,deep,2025-12-15,2026-10-01,2026-10-01
9503,2673.0,3074.8,12832421100,12832421100,4318100,19,19,24,0.2,0.04,deep,2025-12-15,2026-10-01,2026-10-01
9504,1013.5,377.7,2009892500,2009892500,1902000,19,19,24,0.2,0.25,adequate,2025-12-15,2026-10-01,2026-10-01
9505,1105.0,236.7,1104857000,1104857000,962000,19,19,24,0.2,0.45,adequate,2025-12-15,2026-10-01,2026-10-01
9506,1266.0,665.8,6504948000,6504948000,4724000,19,19,24,0.2,0.08,deep,2025-12-15,2026-10-01,2026-10-01
9507,2136.5,432.8,2922900600,2922900600,1311600,19,19,24,0.2,0.17,adequate,2025-12-15,2026-10-01,2026-10-01
9508,2098.0,974.6,5042747700,5042747700,2442600,19,19,24,0.2,0.1,deep,2025-12-15,2026-10-01,2026-10-01
9509,1109.0,229.1,2036812500,2036812500,1810500,19,19,24,0.2,0.25,adequate,2025-12-15,2026-10-01,2026-10-01
9511,1172.0,65.9,353894400,353894400,307200,19,19,24,0.2,1.4,thin,2025-12-15,2026-10-01,2026-10-01
9513,4029.0,723.2,1966615200,1966615200,480600,19,19,24,0.2,0.25,adequate,2025-12-15,2026-10-01,2026-10-01
9514,347.0,,67318000,67318000,194000,1,1,0,0.2,7.4,very thin,2025-12-15,2026-09-28,2026-10-01
9517,876.0,,129472800,129472800,147800,1,1,0,0.2,3.9,very thin,2025-12-15,2026-09-07,2026-10-01
9519,847.0,77.0,591714000,591714000,694500,19,19,24,0.2,0.85,thin,2025-12-15,2026-10-01,2026-10-01
9531,6110.0,2033.8,5845197600,5845197600,917700,19,19,24,0.2,0.09,deep,2025-12-15,2026-10-01,2026-10-01
9532,5696.0,2213.2,5679853000,5679853000,964700,19,19,24,0.2,0.09,deep,2025-12-15,2026-10-01,2026-10-01
9533,1230.5,446.7,906759800,906759800,685900,19,19,24,0.2,0.55,thin,2025-12-15,2026-10-01,2026-10-01
9534,927.0,67.5,345189500,345189500,369100,2,2,7,0.2,1.4,thin,2025-12-15,2026-09-15,2026-10-01
9535,441.0,30.5,35455950,35455950,80950,2,2,16,0.2,14.1,very thin,2025-12-15,2026-09-24,2026-10-01
9536,2459.0,84.8,398501400,398501400,149700,4,4,23,0.2,1.3,thin,2025-12-15,2026-10-01,2026-10-01
9537,4305.0,21.7,2152500,2152500,500,1,1,0,0.2,232.3,very thin,2025-12-15,2026-09-22,2026-10-01
9539,1364.0,46.9,6138000,6138000,4500,1,1,0,0.2,81.5,very thin,2025-12-15,2026-09-28,2026-10-01
9543,1292.0,103.3,189992000,189992000,139700,19,19,24,0.2,2.6,very thin,2025-12-15,2026-10-01,2026-10-01
9551,3065.0,137.1,274217000,274217000,88600,19,19,24,0.2,1.8,thin,2025-12-15,2026-10-01,2026-10-01
9552,1022.0,52.0,231082100,231082100,223700,19,19,24,0.2,2.2,thin,2025-12-15,2026-10-01,2026-10-01
9553,652.0,15.9,50322850,50322850,80500,2,2,20,0.2,9.9,very thin,2025-12-15,2026-09-28,2026-10-01
9554,1769.0,9.8,48392150,48392150,28050,2,2,7,0.2,10.3,very thin,2025-12-15,2026-09-21,2026-10-01
9556,2357.0,16.1,126099500,126099500,53500,1,1,0,0.2,4.0,very thin,2026-05-01,2026-09-28,2026-10-01
9557,256.0,2.1,4985800,4985800,19400,3,3,5,0.2,100.3,very thin,2025-12-15,2026-09-16,2026-10-01
9558,1967.0,7.9,10797150,10797150,5450,2,2,20,0.2,46.3,very thin,2025-12-15,2026-09-28,2026-10-01
9560,886.0,10.7,11872400,11872400,13400,1,1,0,0.2,42.1,very thin,2025-12-15,2026-09-16,2026-10-01
9561,436.0,3.5,4950400,4950400,11900,3,3,21,0.2,101.0,very thin,2025-12-15,2026-09-28,2026-10-01
9562,607.0,2.5,7318450,7318450,11700,2,2,13,0.2,68.3,very thin,2025-12-15,2026-09-29,2026-10-01
9563,339.0,2.2,2678100,2678100,7900,1,1,0,0.2,186.7,very thin,2025-12-15,2026-09-08,2026-10-01
9564,553.0,10.6,23115400,23115400,41800,1,1,0,0.2,21.6,very thin,2025-12-15,2026-10-01,2026-10-01
9565,652.0,1.9,717200,717200,1100,1,1,0,0.2,697.2,very thin,2026-04-14,2026-09-17,2026-10-01
9600,7536753664.0,,,,,0,0,0,0.2,,unknown,2026-01-26,2026-01-26,2026-10-01
9601,10740.0,149.5,420740000,420740000,38600,19,19,24,0.2,1.2,thin,2025-12-15,2026-10-01,2026-10-01
9602,1567.5,1314.3,4499508750,4499508750,2870500,19,19,24,0.2,0.11,adequate,2025-12-15,2026-10-01,2026-10-01
9603,1105.0,82.8,557262300,557262300,476700,19,19,24,0.2,0.9,thin,2026-04-24,2026-10-01,2026-10-01
9605,5920.0,374.9,285600000,285600000,48000,19,19,24,0.2,1.8,thin,2025-12-15,2026-10-01,2026-10-01
9610,122.0,1.2,189466000,189466000,1553000,1,1,0,0.2,2.6,very thin,2025-12-15,2026-09-08,2026-10-01
9612,1257.0,,63352800,63352800,50400,1,1,0,0.2,7.9,very thin,2025-12-15,2026-09-28,2026-10-01
9616,3274.0,296.4,2761327800,2761327800,861300,19,19,24,0.2,0.18,adequate,2025-12-15,2026-10-01,2026-10-01
9619,2697.0,50.6,101578800,101578800,37400,2,2,6,0.2,4.9,very thin,2025-12-15,2026-09-29,2026-10-01
9621,3345.0,89.6,185885000,185885000,56500,19,19,24,0.2,2.7,very thin,2025-12-15,2026-10-01,2026-10-01
9622,1418.0,35.5,79424400,79424400,54700,4,4,15,0.2,6.3,very thin,2025-12-15,2026-10-01,2026-10-01
9625,938.0,5.9,3376800,3376800,3600,3,3,8,0.2,148.1,very thin,2025-12-15,2026-09-16,2026-10-01
9627,5355.0,192.2,800359600,800359600,148600,19,19,24,0.2,0.62,thin,2026-05-08,2026-10-01,2026-10-01
9628,1280.0,30.1,66432000,66432000,51900,1,1,0,0.2,7.5,very thin,2025-12-15,2026-09-11,2026-10-01
9629,1550.0,28.7,,,,0,0,0,0.2,,unknown,2026-04-27,2026-08-14,2026-10-01
9632,3530.0,45.9,37771000,37771000,10700,1,1,0,0.2,13.2,very thin,2026-04-22,2026-09-16,2026-10-01
9633,1815.0,13.0,11835800,11835800,6200,3,3,15,0.2,42.2,very thin,2025-12-15,2026-10-01,2026-10-01
9635,2550.0,2.6,1086050,1086050,425,2,2,15,0.2,460.4,very thin,2025-12-15,2026-10-01,2026-10-01
9636,4225.0,11.7,13520000,13520000,3200,1,1,0,0.2,37.0,very thin,2026-04-15,2026-09-09,2026-10-01
9639,2403.0,50.2,12976200,12976200,5400,3,3,14,0.2,38.5,very thin,2025-12-15,2026-09-28,2026-10-01
9640,1989.0,33.4,10587950,10587950,5350,2,2,15,0.2,47.2,very thin,2025-12-15,2026-09-23,2026-10-01
9644,759.0,24.1,38724250,38724250,51050,2,2,2,0.2,12.9,very thin,2025-12-15,2026-09-25,2026-10-01
9647,6750.0,4.7,1687500,1687500,250,4,4,14,0.2,296.3,very thin,2025-12-15,2026-09-22,2026-10-01
9651,1965.0,,22468050,22468050,11350,2,2,20,0.2,22.3,very thin,2025-12-15,2026-09-28,2026-10-01
9656,601.0,,,,,0,0,0,0.2,,unknown,2025-12-15,2026-08-20,2026-10-01
9658,1090.0,,,,,0,0,0,0.2,,unknown,2025-12-15,2026-08-26,2026-10-01
9661,4170.0,54.2,34694000,34694000,8300,3,3,20,0.2,14.4,very thin,2025-12-15,2026-09-28,2026-10-01
9663,4770.0,82.5,198909000,198909000,41700,1,1,0,0.2,2.5,very thin,2025-12-15,2026-10-01,2026-10-01
9672,4750.0,127.6,255290000,255290000,52100,19,19,24,0.2,2.0,thin,2025-12-15,2026-10-01,2026-10-01
9678,5370.0,186.6,482380000,482380000,89000,19,19,24,0.2,1.0,thin,2026-04-20,2026-10-01,2026-10-01
9679,2299.0,9.8,1609300,1609300,700,1,1,0,0.2,310.7,very thin,2025-12-15,2026-09-16,2026-10-01
9682,1114.0,179.0,444585000,444585000,403100,19,19,24,0.2,1.1,thin,2025-12-15,2026-10-01,2026-10-01
9684,2887.0,1066.9,3287460150,3287460150,1097100,19,19,24,0.2,0.15,adequate,2025-12-15,2026-10-01,2026-10-01
9685,567.0,3.0,963900,963900,1700,1,1,0,0.2,518.7,very thin,2025-12-15,2026-09-28,2026-10-01
9686,1670.0,17.3,3097800,3097800,1800,3,3,22,0.2,161.4,very thin,2025-12-15,2026-09-30,2026-10-01
9687,4675.0,26.5,3272500,3272500,700,1,1,0,0.2,152.8,very thin,2025-12-15,2026-09-08,2026-10-01
9691,5150.0,18.0,,,,0,0,0,0.2,,unknown,2025-12-15,2026-08-26,2026-10-01
9692,2280.0,67.6,320112000,320112000,144000,19,19,24,0.2,1.6,thin,2026-04-30,2026-10-01,2026-10-01
9697,4359.0,1846.8,11362444000,11362444000,2573600,19,19,24,0.2,0.04,deep,2025-12-15,2026-10-01,2026-10-01
9698,1295.0,9.8,2595600,2595600,2000,2,2,22,0.2,192.6,very thin,2025-12-15,2026-09-29,2026-10-01
9699,4405.0,129.0,264787500,264787500,57500,19,19,24,0.2,1.9,thin,2025-12-15,2026-10-01,2026-10-01
9701,4535.0,14.7,4081500,4081500,900,1,1,0,0.2,122.5,very thin,2025-12-15,2026-09-24,2026-10-01
9702,2347.0,26.3,35909100,35909100,15300,1,1,0,0.2,13.9,very thin,2025-12-15,2026-09-08,2026-10-01
9704,26.0,8.5,12813550,12813550,480850,2,2,23,0.2,39.0,very thin,2026-04-27,2026-10-01,2026-10-01
9706,5405.0,514.7,3994149600,3994149600,722400,19,19,24,0.2,0.13,adequate,2025-12-15,2026-10-01,2026-10-01
9708,999.0,119.8,,,,0,0,0,0.2,,unknown,2025-12-15,2026-08-19,2026-10-01
9709,1252.0,18.2,7711200,7711200,6300,3,3,13,0.2,64.8,very thin,2025-12-15,2026-10-01,2026-10-01
9713,907.0,14.0,4758000,4758000,5200,3,3,15,0.2,105.1,very thin,2025-12-15,2026-09-29,2026-10-01
9715,3475.0,134.2,448275000,448275000,126500,19,19,24,0.2,1.1,thin,2025-12-15,2026-10-01,2026-10-01
9716,1233.0,138.0,328308000,328308000,261600,19,19,24,0.2,1.5,thin,2025-12-15,2026-10-01,2026-10-01
9720,6400.0,7.4,1612500,1612500,250,3,3,16,0.2,310.1,very thin,2025-12-15,2026-09-24,2026-10-01
9722,3000.0,163.9,1043341700,1043341700,370900,19,19,24,0.2,0.48,adequate,2025-12-15,2026-10-01,2026-10-01
9723,634.0,7.7,,,,0,0,0,0.2,,unknown,2025-12-15,2026-08-31,2026-10-01
9726,1962.0,51.5,,,,0,0,0,0.2,,unknown,2025-12-15,2026-08-20,2026-10-01
9729,2575.0,72.2,82400000,82400000,32000,1,1,0,0.2,6.1,very thin,2025-12-15,2026-09-28,2026-10-01
9731,3370.0,13.6,4219500,4219500,1250,2,2,1,0.2,118.5,very thin,2025-12-15,2026-10-01,2026-10-01
9733,2323.0,55.5,25717700,25717700,11100,2,2,1,0.2,19.4,very thin,2025-12-15,2026-09-25,2026-10-01
9735,6286.0,2550.0,7358140000,7358140000,1165000,19,19,24,0.2,0.07,deep,2025-12-15,2026-10-01,2026-10-01
9739,2631.0,37.4,68406000,68406000,26000,1,1,0,0.2,7.3,very thin,2025-12-15,2026-10-01,2026-10-01
9740,2747.0,39.3,,,,0,0,0,0.2,,unknown,2025-12-15,2026-08-19,2026-10-01
9742,2319.0,,,,,0,0,0,0.2,,unknown,2025-12-15,2026-08-12,2026-10-01
9743,1405.0,68.5,455650200,455650200,310600,19,19,24,0.2,1.1,thin,2026-05-28,2026-10-01,2026-10-01
9744,3275.0,270.5,1740651800,1740651800,499900,19,19,24,0.2,0.29,adequate,2025-12-15,2026-10-01,2026-10-01
9746,4080.0,201.9,285516000,285516000,69300,19,19,24,0.2,1.8,thin,2025-12-15,2026-10-01,2026-10-01
9753,1403.0,12.3,6374700,6374700,4500,2,2,24,0.2,78.4,very thin,2025-12-15,2026-10-01,2026-10-01
9755,2863.0,62.4,161337600,161337600,57600,3,3,20,0.2,3.1,very thin,2025-12-15,2026-09-28,2026-10-01
9757,1173.0,111.2,251723000,251723000,211000,19,19,24,0.2,2.0,thin,2025-12-15,2026-10-01,2026-10-01
9759,2964.0,222.1,729530250,729530250,259600,19,19,24,0.2,0.69,thin,2025-12-15,2026-10-01,2026-10-01
9760,116.0,2.0,3619000,3619000,30800,2,2,1,0.2,138.2,very thin,2025-12-15,2026-09-16,2026-10-01
9761,2436.0,7.9,,,,0,0,0,0.2,,unknown,2025-12-15,2026-09-04,2026-10-01
9763,1289.0,11.8,12483200,12483200,9750,2,2,15,0.2,40.1,very thin,2025-12-15,2026-09-25,2026-10-01
9765,1193.0,17.2,14059700,14059700,11800,2,2,6,0.2,35.6,very thin,2025-12-15,2026-09-23,2026-10-01
9766,22140.0,2883.3,9024637500,9024637500,436500,19,19,24,0.2,0.06,deep,2025-12-15,2026-10-01,2026-10-01
9767,1725.0,3.2,1649000,1649000,1000,5,5,21,0.2,303.2,very thin,2025-12-15,2026-09-29,2026-10-01
9768,3810.0,23.6,40487500,40487500,10650,2,2,23,0.2,12.3,very thin,2025-12-15,2026-10-01,2026-10-01
9769,2565.0,28.6,31806000,31806000,12400,1,1,0,0.2,15.7,very thin,2025-12-15,2026-09-08,2026-10-01
9778,5580.0,3.3,1116000,1116000,200,1,1,0,0.2,448.0,very thin,2025-12-15,2026-09-17,2026-10-01
9780,1130.0,8.2,4181000,4181000,3700,1,1,0,0.2,119.6,very thin,2025-12-15,2026-09-16,2026-10-01
9782,3240.0,17.9,125415750,125415750,36150,4,4,23,0.2,4.0,very thin,2025-12-15,2026-10-01,2026-10-01
9788,517.0,21.7,15251500,15251500,29500,1,1,0,0.2,32.8,very thin,2025-12-15,2026-09-16,2026-10-01
9790,2990.0,65.2,110133000,110133000,37100,4,4,23,0.2,4.5,very thin,2025-12-15,2026-10-01,2026-10-01
9791,1184.0,8.7,2787200,2787200,2350,2,2,20,0.2,179.4,very thin,2025-12-15,2026-09-28,2026-10-01
9793,3540.0,173.8,427596500,427596500,115100,19,19,24,0.2,1.2,thin,2025-12-15,2026-10-01,2026-10-01
9795,2289.0,34.9,36624000,36624000,16000,1,1,0,0.2,13.7,very thin,2025-12-15,2026-09-16,2026-10-01
9799,962.0,15.8,,,,0,0,0,0.2,,unknown,2025-12-15,2026-09-04,2026-10-01
9812,242.0,1.5,701800,701800,2900,1,1,0,0.2,712.5,very thin,2025-12-15,2026-09-08,2026-10-01
9816,253.0,2.2,1990000,1990000,7900,2,2,14,0.2,251.3,very thin,2025-12-15,2026-09-22,2026-10-01
9818,1579.0,11.6,2909950,2909950,1850,2,2,21,0.2,171.8,very thin,2025-12-15,2026-09-29,2026-10-01
9820,3890.0,3.9,2723000,2723000,700,1,1,0,0.2,183.6,very thin,2025-12-15,2026-09-07,2026-10-01
9823,1005.0,52.0,86731500,86731500,86300,1,1,0,0.2,5.8,very thin,2025-12-15,2026-09-16,2026-10-01
9824,8170.0,135.2,519520000,519520000,68000,19,19,24,0.2,0.96,thin,2026-04-17,2026-10-01,2026-10-01
9827,630.0,7.8,4630500,4630500,7350,2,2,4,0.2,108.0,very thin,2025-12-15,2026-09-15,2026-10-01
9828,3225.0,59.2,234264000,234264000,68800,19,19,24,0.2,2.1,thin,2025-12-15,2026-10-01,2026-10-01
9830,2399.0,161.4,216180300,216180300,91100,19,19,24,0.2,2.3,thin,2026-04-20,2026-10-01,2026-10-01
9831,712.8,478.4,2711346752,2711346752,3768900,19,19,24,0.2,0.18,adequate,2025-12-15,2026-10-01,2026-10-01
9832,1551.0,127.2,641037000,641037000,399400,19,19,24,0.2,0.78,thin,2025-12-15,2026-10-01,2026-10-01
9835,515.0,4.2,,,,0,0,0,0.2,,unknown,2025-12-15,2026-08-25,2026-10-01
9837,1809.0,46.0,,,,0,0,0,0.2,,unknown,2025-10-16,2026-09-02,2026-10-01
9842,1865.0,119.1,284360800,284360800,152800,19,19,24,0.2,1.8,thin,2025-12-15,2026-10-01,2026-10-01
9843,2953.0,1737.5,10818840600,10818840600,3320700,19,19,24,0.2,0.05,deep,2025-12-15,2026-10-01,2026-10-01
9845,1395.0,33.9,,,,0,0,0,0.2,,unknown,2025-12-15,2026-08-18,2026-10-01
9846,981.0,11.3,4368950,4368950,4450,2,2,11,0.2,114.4,very thin,2025-12-15,2026-09-29,2026-10-01
9849,4465.0,3.0,1791500,1791500,400,2,2,21,0.2,279.1,very thin,2025-12-15,2026-09-29,2026-10-01
9850,953.0,22.5,54892800,54892800,57600,1,1,0,0.2,9.1,very thin,2025-12-15,2026-10-01,2026-10-01
9853,909.0,5.5,1542500,1542500,1700,4,4,20,0.2,324.1,very thin,2025-12-15,2026-09-28,2026-10-01
9854,266.0,5.6,10906000,10906000,41000,1,1,0,0.2,45.8,very thin,2025-12-15,2026-10-01,2026-10-01
9856,1215.0,38.1,31737600,31737600,26100,3,3,2,0.2,15.8,very thin,2025-12-15,2026-09-11,2026-10-01
9857,2644.0,16.8,2383200,2383200,900,3,3,23,0.2,209.8,very thin,2025-12-15,2026-09-30,2026-10-01
9861,3688.0,229.7,1254727200,1254727200,343200,19,19,24,0.2,0.4,adequate,2025-12-15,2026-10-01,2026-10-01
9867,10550.0,8.9,,,,0,0,0,0.2,,unknown,2025-12-15,2026-08-18,2026-10-01
9869,6560.0,206.8,183456000,183456000,27300,19,19,24,0.2,2.7,very thin,2025-12-15,2026-10-01,2026-10-01
9872,963.0,8.8,5007600,5007600,5200,1,1,0,0.2,99.8,very thin,2025-12-15,2026-09-29,2026-10-01
9876,218.0,6.2,3880400,3880400,17800,1,1,0,0.2,128.9,very thin,2025-12-15,2026-09-23,2026-10-01
9878,412.0,1.3,2801600,2801600,6800,1,1,0,0.2,178.5,very thin,2025-12-15,2026-09-08,2026-10-01
9880,3635.0,40.7,473415250,473415250,137750,2,2,22,0.2,1.1,thin,2025-12-15,2026-09-30,2026-10-01
9882,1665.0,146.5,352794400,352794400,203000,19,19,24,0.2,1.4,thin,2025-12-15,2026-10-01,2026-10-01
9885,336.0,5.0,,,,0,0,0,0.2,,unknown,2025-12-15,2026-08-25,2026-10-01
9887,5150.0,105.7,249194000,249194000,48400,19,19,24,0.2,2.0,thin,2025-12-15,2026-10-01,2026-10-01
9888,1247.0,10.0,79932700,79932700,64100,1,1,0,0.2,6.3,very thin,2025-12-15,2026-10-01,2026-10-01
9889,1744.0,102.0,300740400,300740400,180300,19,19,24,0.2,1.7,thin,2025-12-15,2026-10-01,2026-10-01
9890,1468.0,12.0,9395200,9395200,6400,1,1,0,0.2,53.2,very thin,2025-12-15,2026-09-16,2026-10-01
9895,1285.0,2.2,642500,642500,500,1,1,0,0.2,778.2,very thin,2025-12-15,2026-09-21,2026-10-01
9896,1410.0,37.7,,,,0,0,0,0.2,,unknown,2025-12-15,2026-08-25,2026-10-01
9900,1087.0,66.8,266825400,266825400,240600,19,19,24,0.2,1.9,thin,2025-12-15,2026-10-01,2026-10-01
9902,3025.0,82.4,128260000,128260000,42400,1,1,0,0.2,3.9,very thin,2025-12-15,2026-09-08,2026-10-01
9903,895.0,,,,,0,0,0,0.2,,unknown,2025-12-15,2026-08-18,2026-10-01
9904,236.0,6.3,2891400,2891400,12000,2,2,21,0.2,172.9,very thin,2025-12-15,2026-09-30,2026-10-01
9906,4285.0,36.1,10619000,10619000,2450,2,2,16,0.2,47.1,very thin,2025-12-15,2026-09-24,2026-10-01
9908,2835.0,29.1,52447500,52447500,18500,1,1,0,0.2,9.5,very thin,2025-12-15,2026-09-08,2026-10-01
9913,3610.0,,4897500,4897500,1350,2,2,8,0.2,102.1,very thin,2025-12-15,2026-09-16,2026-10-01
9914,736.0,1.6,297000,297000,400,2,2,14,0.2,1683.5,very thin,2025-12-15,2026-09-22,2026-10-01
9927,963.0,8.4,,,,0,0,0,0.2,,unknown,2025-12-15,2026-06-17,2026-10-01
9928,2086.0,51.6,82008000,82008000,40800,3,3,20,0.2,6.1,very thin,2025-12-15,2026-09-28,2026-10-01
9929,471.0,4.4,612300,612300,1300,1,1,0,0.2,816.6,very thin,2025-12-15,2026-09-08,2026-10-01
9930,395.0,7.4,2488500,2488500,6300,3,3,10,0.2,200.9,very thin,2025-12-15,2026-10-01,2026-10-01
9932,1305.0,21.3,51286500,51286500,39300,1,1,0,0.2,9.7,very thin,2025-12-15,2026-09-29,2026-10-01
9934,3139.0,352.2,559627900,559627900,180700,19,19,24,0.2,0.89,thin,2025-12-15,2026-10-01,2026-10-01
9936,2887.0,153.7,850510200,850510200,292000,19,19,24,0.2,0.59,thin,2025-12-15,2026-10-01,2026-10-01
9941,1079.0,2.6,27406600,27406600,25400,3,3,17,0.2,18.2,very thin,2025-12-15,2026-09-25,2026-10-01
9946,1792.0,52.3,79206400,79206400,44200,1,1,0,0.2,6.3,very thin,2025-12-15,2026-09-17,2026-10-01
9948,3590.0,199.0,355828500,355828500,96300,19,19,24,0.2,1.4,thin,2025-12-15,2026-10-01,2026-10-01
9950,3335.0,9.8,24455000,24455000,7300,3,3,8,0.2,20.4,very thin,2025-12-15,2026-09-29,2026-10-01
9955,2820.0,34.8,2538000,2538000,900,1,1,0,0.2,197.0,very thin,2025-12-15,2026-09-14,2026-10-01
9956,1632.0,195.7,629062500,629062500,187500,19,19,24,0.2,0.79,thin,2025-12-15,2026-10-01,2026-10-01
9959,920.0,13.6,5529450,5529450,6000,2,2,2,0.2,90.4,very thin,2025-12-15,2026-10-01,2026-10-01
9960,4195.0,180.4,372696000,372696000,84800,19,19,24,0.2,1.3,thin,2025-12-15,2026-10-01,2026-10-01
9962,3974.0,1025.7,5584029000,5584029000,1538300,19,19,24,0.2,0.09,deep,2025-12-15,2026-10-01,2026-10-01
9969,238.0,3.6,1035300,1035300,4350,2,2,22,0.2,483.0,very thin,2026-01-26,2026-09-30,2026-10-01
9972,285.0,3.8,,,,0,0,0,0.2,,unknown,2025-12-15,2026-08-24,2026-10-01
9973,19.0,5.9,8336450,8336450,423400,2,2,15,0.2,60.0,very thin,2025-12-15,2026-10-01,2026-10-01
9974,6610.0,142.5,227500000,227500000,32500,19,19,24,0.2,2.2,thin,2025-12-15,2026-10-01,2026-10-01
9976,1052.0,5.7,,,,0,0,0,0.2,,unknown,2025-12-15,2026-08-31,2026-10-01
9978,44.0,2.0,1201200,1201200,27300,1,1,0,0.2,416.3,very thin,2025-12-15,2026-09-16,2026-10-01
9979,1002.0,21.8,78597500,78597500,74500,3,3,23,0.2,6.4,very thin,2025-12-15,2026-10-01,2026-10-01
9980,95.0,8.6,,,,0,0,0,0.2,,unknown,2025-10-16,2026-09-03,2026-10-01
9982,2650.0,23.6,11776900,11776900,4450,2,2,20,0.2,42.5,very thin,2025-12-15,2026-09-28,2026-10-01
9983,72750.0,21056.1,68751956000,68751956000,994100,19,19,24,0.2,0.01,deep,2025-12-15,2026-10-01,2026-10-01
9984,6701.0,35048.4,424360422000,424360422000,67198800,19,19,24,0.2,0.0,deep,2025-12-15,2026-10-01,2026-10-01
9986,2484.0,13.5,3503500,3503500,1400,4,4,23,0.2,142.7,very thin,2025-12-15,2026-09-30,2026-10-01
9987,2615.0,359.2,858967200,858967200,165800,19,19,24,0.2,0.58,thin,2025-12-15,2026-10-01,2026-10-01
9989,3573.0,429.1,1758409000,1758409000,479000,19,19,24,0.2,0.28,adequate,2025-12-15,2026-10-01,2026-10-01
9990,752.0,22.2,,,,0,0,0,0.2,,unknown,2025-12-15,2026-08-13,2026-10-01
9991,1827.0,52.2,53713800,53713800,29400,3,3,13,0.2,9.3,very thin,2025-12-15,2026-09-23,2026-10-01
9993,1160.0,11.9,5684000,5684000,4900,1,1,0,0.2,88.0,very thin,2025-12-15,2026-09-28,2026-10-01
9994,2047.0,22.6,,,,0,0,0,0.2,,unknown,2025-12-15,2026-09-03,2026-10-01
9996,1993.0,17.3,1015000,1015000,500,3,3,23,0.2,492.6,very thin,2025-12-15,2026-10-01,2026-10-01
9997,1063.0,106.1,360612000,360612000,333900,19,19,24,0.2,1.4,thin,2025-12-15,2026-10-01,2026-10-01
