Code,Name,NameEN,Title,TitleEN,PubDateTime,DocUrl,EngUrl
4735,京進,,株式会社京進　中長期経営方針（2035年のありたい姿）に関するQ&amp;A,"Kyoshin Co., Ltd. Q&A regarding medium- to long-term management policy (desire for 2035)",2026-08-07 20:00,https://www.release.tdnet.info/inbs/140120260807515831.pdf,
7567,栄電子,,2027年3月期第2四半期（中間期）および通期業績予想の修正に関するお知らせ,"Notice regarding revisions to second quarter (interim) and full-year earnings forecasts for the fiscal year ending March 31, 2027",2026-08-07 19:50,https://www.release.tdnet.info/inbs/140120260807515819.pdf,
7567,栄電子,,2027年3月期 第1四半期 決算短信〔日本基準〕（連結）,"Summary of financial results for the first quarter of the fiscal year ending March 31, 2027 [Japanese GAAP] (consolidated)",2026-08-07 19:50,https://www.release.tdnet.info/inbs/140120260807515828.pdf,
7567,栄電子,,2027年3月期 第1四半期 決算補足説明資料,Supplementary materials for the first quarter of the fiscal year ending March 2027,2026-08-07 19:50,https://www.release.tdnet.info/inbs/140120260807515834.pdf,
7567,栄電子,,2027年3月期 第1四半期 決算補足説明資料（データシート）,Supplementary materials for financial results (data sheet) for the first quarter of the fiscal year ending March 2027,2026-08-07 19:50,https://www.release.tdnet.info/inbs/140120260807515839.pdf,
3948,光ビジネス,,（訂正）「2026年12月期 第２四半期決算短信〔日本基準〕（非連結）」の一部訂正について,(Correction) Regarding a partial correction to “Summary of Financial Results for the Second Quarter of the Fiscal Year Ending December 2026 [Japanese Standards] (Unconsolidated)”,2026-08-07 19:30,https://www.release.tdnet.info/inbs/140120260807515845.pdf,
4053,サンアスタリスク,Sun* Inc.,2026年12月期半期報告書の提出期限延長に係る承認申請の検討に関するお知らせ,Notice Regarding Consideration of Application for Approval for Extension of Submission Deadline for the Semi-Annual Report for FY2026,2026-08-07 19:15,https://www.release.tdnet.info/inbs/140120260807515835.pdf,https://www.release.tdnet.info/inbs/ek/140120260807515842.pdf
4335,ＩＰＳＨＤ,,個別業績予想と実績値との差異に関するお知らせ,Notice regarding differences between individual performance forecasts and actual values,2026-08-07 18:30,https://www.release.tdnet.info/inbs/140120260807515760.pdf,
4335,ＩＰＳＨＤ,,2026年６月期 決算短信〔日本基準〕（連結）,Summary of financial results for the fiscal year ending June 2026 [Japanese standards] (consolidated),2026-08-07 18:30,https://www.release.tdnet.info/inbs/140120260807515764.pdf,
7906,ヨネックス,"YONEX CO.,LTD.",台湾子会社における不正アクセスの発生に関するお知らせ,Notice Regarding Unauthorized Access to Systems at Taiwan Subsidiary,2026-08-07 18:30,https://www.release.tdnet.info/inbs/140120260807515056.pdf,https://www.release.tdnet.info/inbs/ek/140120260807515714.pdf
6227,ＡＩメカテック,,（数値データ訂正）「2026年６月期 決算短信〔日本基準〕（連結）」の一部訂正について,(Numerical data correction) Regarding some corrections to “Summary of financial results for the fiscal year ending June 2026 [Japanese GAAP] (consolidated)”,2026-08-07 18:10,https://www.release.tdnet.info/inbs/140120260807515672.pdf,
6867,リーダ電子,,2027年３月期第１四半期 決算補足説明資料,Supplementary materials for the first quarter of the fiscal year ending March 2027,2026-08-07 18:05,https://www.release.tdnet.info/inbs/140120260807515710.pdf,
2721,ＪＨＤ,,臨時株主総会の開催日時及び検査役の選任に関するお知らせ,Notice regarding the date and time of the extraordinary general meeting of shareholders and the appointment of inspectors,2026-08-07 18:00,https://www.release.tdnet.info/inbs/140120260807515571.pdf,
3948,光ビジネス,,2026年12月期 第２四半期（中間期）決算短信〔日本基準〕（非連結）,Summary of financial results for the second quarter (interim period) of the fiscal year ending December 2026 [Japanese GAAP] (non-consolidated),2026-08-07 18:00,https://www.release.tdnet.info/inbs/140120260806513285.pdf,
9274,ＫＰＰグループＨＤ,"KPP GROUP HOLDINGS CO.,LTD.",2027年３月期第１四半期決算短信〔日本基準〕(連結),"[Summary] Financial Results for the Three Months Ended June 30, 2026",2026-08-07 18:00,https://www.release.tdnet.info/inbs/140120260807515643.pdf,https://www.release.tdnet.info/inbs/ek/140120260807515664.pdf
7238,曙ブレーキ,"AKEBONO BRAKE INDUSTRY CO.,LTD.",株式報酬型ストックオプション（新株予約権）の発行内容の確定に関するお知らせ,Announcement Regarding Final Conditions of Share-based Payment Stock Options (Share acquisition rights),2026-08-07 17:35,https://www.release.tdnet.info/inbs/140120260807515546.pdf,https://www.release.tdnet.info/inbs/ek/140120260807515712.pdf
4417,Ｇ－グローバルセキュ,,譲渡制限付株式報酬としての自己株式の処分の払込完了に関するお知らせ,Notice regarding completion of payment for disposal of treasury stock as restricted stock compensation,2026-08-07 17:30,https://www.release.tdnet.info/inbs/140120260807515688.pdf,
5105,ＴＯＹＯ　ＴＩＲＥ,Toyo Tire Corporation,自己株式の取得枠設定及び自己株式の消却に関するお知らせ,Notice Concerning Termination of Capital and Business Alliance with Mitsubishi Corporation,2026-08-07 17:30,https://www.release.tdnet.info/inbs/140120260807515286.pdf,https://www.release.tdnet.info/inbs/ek/140120260807515538.pdf
5105,ＴＯＹＯ　ＴＩＲＥ,Toyo Tire Corporation,自己株式の取得及び自己株式立会外買付取引（ToSTNeT-3）による自己株式の買付けに関するお知らせ,Notice Concerning Termination of Capital and Business Alliance with Mitsubishi Corporation,2026-08-07 17:30,https://www.release.tdnet.info/inbs/140120260807515291.pdf,https://www.release.tdnet.info/inbs/ek/140120260807515538.pdf
5105,ＴＯＹＯ　ＴＩＲＥ,Toyo Tire Corporation,三菱商事株式会社との資本業務提携解消に関するお知らせ,Notice Concerning Termination of Capital and Business Alliance with Mitsubishi Corporation,2026-08-07 17:30,https://www.release.tdnet.info/inbs/140120260807515301.pdf,https://www.release.tdnet.info/inbs/ek/140120260807515538.pdf
6838,多摩川ＨＤ,,当社子会社における固定資産取得に関する進捗のお知らせ（系統用蓄電所の事業用地・発電権利購入),Announcement of progress regarding acquisition of fixed assets at our subsidiary (purchase of business land and power generation rights for power grid storage station),2026-08-07 17:30,https://www.release.tdnet.info/inbs/140120260807515491.pdf,
7270,ＳＵＢＡＲＵ,SUBARU CORPORATION,譲渡制限付株式報酬としての自己株式の処分の払込完了に関するお知らせ,Notice Regarding Completion of Payment for Disposal of Own Shares,2026-08-07 17:30,https://www.release.tdnet.info/inbs/140120260806511599.pdf,https://www.release.tdnet.info/inbs/ek/140120260806511512.pdf
8383,鳥取銀,,2027年3月期　第1四半期末自己資本比率について,Regarding equity ratio at the end of the first quarter of the fiscal year ending March 2027,2026-08-07 17:30,https://www.release.tdnet.info/inbs/140120260806513480.pdf,
4847,ＩＷＩ,INTELLIGENT WAVE INC.,2026年6月期第3四半期 決算説明会資料,Financial Results for FY06/26,2026-08-07 17:15,https://www.release.tdnet.info/inbs/140120260807515661.pdf,https://www.release.tdnet.info/inbs/ek/140120260807515667.pdf
8304,あおぞら,,（訂正）「特定子会社の異動に関するお知らせ」の一部訂正について,(Correction) Regarding partial correction of “Notice regarding change in specified subsidiary”,2026-08-07 17:05,https://www.release.tdnet.info/inbs/140120260807515644.pdf,
8304,あおぞら,,（訂正）「特定子会社の異動に関するお知らせ」の一部訂正について,(Correction) Regarding partial correction of “Notice regarding change in specified subsidiary”,2026-08-07 17:05,https://www.release.tdnet.info/inbs/140120260807515652.pdf,
1786,オリエンタル白石,Oriental Shiraishi Corporation,2027年３月期第１四半期決算短信〔日本基準〕(連結),"Notice Concerning Execution of Joint Venture Agreement on Collaboration in Taiwan and Establishment of Joint Venture with Kedge Construction Co., Ltd.",2026-08-07 17:00,https://www.release.tdnet.info/inbs/140120260805510040.pdf,https://www.release.tdnet.info/inbs/ek/140120260807513784.pdf
1786,オリエンタル白石,Oriental Shiraishi Corporation,（開示事項の経過）根基営造股イ分有限公司との台湾における協業及び合弁会社設立に係る合弁契約締結の決定に関するお知らせ,"Notice Concerning Execution of Joint Venture Agreement on Collaboration in Taiwan and Establishment of Joint Venture with Kedge Construction Co., Ltd.",2026-08-07 17:00,https://www.release.tdnet.info/inbs/140120260805510035.pdf,https://www.release.tdnet.info/inbs/ek/140120260807513784.pdf
2311,エプコ,,自己株式の取得および自己株式立会外買付取引（ToSTNeT-３）による自己株式の買付けの決定に関するお知らせ,Notice regarding acquisition of treasury stock and decision to purchase treasury stock through off-auction treasury stock repurchase transaction (ToSTNeT-3),2026-08-07 17:00,https://www.release.tdnet.info/inbs/140120260807515653.pdf,
2330,フォーサイド,,特別調査委員会の調査報告書公表に関するお知らせ,Notice regarding the publication of the investigation report of the Special Investigation Committee,2026-08-07 17:00,https://www.release.tdnet.info/inbs/140120260807515331.pdf,
3221,ヨシックスＨＤ,"Yossix Holdings Co.,Ltd.",自己株式の取得状況に関するお知らせ （会社法第165条第２項の規定による定款の定めに基づく自己株式の取得）,Notice Regarding Acquisition of Treasury Shares,2026-08-07 17:00,https://www.release.tdnet.info/inbs/140120260807515627.pdf,https://www.release.tdnet.info/inbs/ek/140120260807515633.pdf
3719,ＡＩストーム,,第10回新株予約権（行使価格修正条項付）の取得に関するお知らせ,Notice regarding acquisition of 10th stock acquisition rights (with exercise price revision clause),2026-08-07 17:00,https://www.release.tdnet.info/inbs/140120260807515587.pdf,
4241,アテクト,,2027年３月期第１四半期決算短信〔日本基準〕(連結),Summary of financial results for the first quarter of the fiscal year ending March 2027 [Japanese GAAP] (consolidated),2026-08-07 17:00,https://www.release.tdnet.info/inbs/140120260731505623.pdf,
4241,アテクト,,2027年３月期第１四半期連結決算説明資料,First quarter consolidated financial results explanatory material for the fiscal year ending March 2027,2026-08-07 17:00,https://www.release.tdnet.info/inbs/140120260807515593.pdf,
4263,Ｇ－サスメド,,ストック・オプション（新株予約権）の発行内容確定に関するお知らせ,Notice regarding confirmation of issuance details of stock options (stock acquisition rights),2026-08-07 17:00,https://www.release.tdnet.info/inbs/140120260807515597.pdf,
4564,Ｇ－ＯＴＳ,,2027年3月期第1四半期決算短信〔日本基準〕（連結）,"Summary of financial results for the first quarter of the fiscal year ending March 31, 2027 [Japanese GAAP] (consolidated)",2026-08-07 17:00,https://www.release.tdnet.info/inbs/140120260806512145.pdf,
6239,ナガオカ,,貸倒引当金繰入額（販売費及び一般管理費）の計上に関するお知らせ,"Notice regarding recording of allowance for doubtful accounts (selling, general and administrative expenses)",2026-08-07 17:00,https://www.release.tdnet.info/inbs/140120260807513692.pdf,
6239,ナガオカ,,2026年６月期 決算短信〔日本基準〕（連結）,Summary of financial results for the fiscal year ending June 2026 [Japanese standards] (consolidated),2026-08-07 17:00,https://www.release.tdnet.info/inbs/140120260807513664.pdf,
6239,ナガオカ,,子会社による大口受注に関するお知らせ,Notice regarding large order received by subsidiary,2026-08-07 17:00,https://www.release.tdnet.info/inbs/140120260807513707.pdf,
6444,サンデン,SANDEN CORPORATION,第三者割当による新株式の発行に関するお知らせ,Notice of Issuance of New Shares through Third-Party Allotment,2026-08-07 17:00,https://www.release.tdnet.info/inbs/140120260807513057.pdf,https://www.release.tdnet.info/inbs/ek/140120260807513058.pdf
6850,チノー,Chino Corporation,譲渡制限付株式報酬としての自己株式の処分の払込完了に関するお知らせ,Notice Regarding Completion of Payment for Disposal of Treasury Shares as Restricted Stock Compensation,2026-08-07 17:00,https://www.release.tdnet.info/inbs/140120260806511408.pdf,https://www.release.tdnet.info/inbs/ek/140120260806511414.pdf
6986,双葉電子,FUTABA CORPORATION,2027年３月期 第１四半期決算短信〔日本基準〕（連結）,Notice Regarding the Dissolution of Korean Subsidiary,2026-08-07 17:00,https://www.release.tdnet.info/inbs/140120260806512567.pdf,https://www.release.tdnet.info/inbs/ek/140120260806513297.pdf
6986,双葉電子,FUTABA CORPORATION,特別損失の計上に関するお知らせ,Notice Regarding the Dissolution of Korean Subsidiary,2026-08-07 17:00,https://www.release.tdnet.info/inbs/140120260806513108.pdf,https://www.release.tdnet.info/inbs/ek/140120260806513297.pdf
6986,双葉電子,FUTABA CORPORATION,韓国子会社の解散に関するお知らせ,Notice Regarding the Dissolution of Korean Subsidiary,2026-08-07 17:00,https://www.release.tdnet.info/inbs/140120260806513292.pdf,https://www.release.tdnet.info/inbs/ek/140120260806513297.pdf
7021,ニッチツ,,2027年3月期第1四半期決算短信〔日本基準〕（連結）,"Summary of financial results for the first quarter of the fiscal year ending March 31, 2027 [Japanese GAAP] (consolidated)",2026-08-07 17:00,https://www.release.tdnet.info/inbs/140120260723598444.pdf,
7874,レック,"LEC,INC.",2027年３月期第１四半期決算短信〔日本基準〕(連結),Notice Concerning the Status of Acquisition of Own Shares,2026-08-07 17:00,https://www.release.tdnet.info/inbs/140120260807514017.pdf,https://www.release.tdnet.info/inbs/ek/140120260807514276.pdf
7874,レック,"LEC,INC.",自己株式の取得状況に関するお知らせ,Notice Concerning the Status of Acquisition of Own Shares,2026-08-07 17:00,https://www.release.tdnet.info/inbs/140120260807514153.pdf,https://www.release.tdnet.info/inbs/ek/140120260807514276.pdf
8616,東海東京,"Tokai Tokyo Financial Holdings,Inc.",2027年３月期 第１四半期決算短信〔日本基準〕(連結)(公認会計士等による期中レビューの完了),"［Updated］ Consolidated Financial Summary (for the three months ended June 30, 2026)",2026-08-07 17:00,https://www.release.tdnet.info/inbs/140120260805510822.pdf,https://www.release.tdnet.info/inbs/ek/140120260807513743.pdf
8897,ミラースＨＤ,"MIRARTH HOLDINGS,Inc.",株主優待制度の導入に関するお知らせ,"FACTBOOK Three Months Ended June 30, 2026",2026-08-07 17:00,https://www.release.tdnet.info/inbs/140120260806512870.pdf,https://www.release.tdnet.info/inbs/ek/140120260806512847.pdf
8897,ミラースＨＤ,"MIRARTH HOLDINGS,Inc.",2027年３月期 第１四半期決算短信〔日本基準〕（連結）,"FACTBOOK Three Months Ended June 30, 2026",2026-08-07 17:00,https://www.release.tdnet.info/inbs/140120260806512794.pdf,https://www.release.tdnet.info/inbs/ek/140120260806512847.pdf
8897,ミラースＨＤ,"MIRARTH HOLDINGS,Inc.",FACTBOOK 2027年３月期 第１四半期,"FACTBOOK Three Months Ended June 30, 2026",2026-08-07 17:00,https://www.release.tdnet.info/inbs/140120260806512844.pdf,https://www.release.tdnet.info/inbs/ek/140120260806512847.pdf
9165,Ｇ－クオルテック,,事業計画及び成長可能性に関する事項,Matters related to business plans and growth potential,2026-08-07 17:00,https://www.release.tdnet.info/inbs/140120260806513148.pdf,
9360,鈴与シンワ,,投資有価証券売却益（特別利益）の計上に関するお知らせ,Notice regarding recording of gain on sale of investment securities (extraordinary profit),2026-08-07 17:00,https://www.release.tdnet.info/inbs/140120260807515626.pdf,
9360,鈴与シンワ,,2027年３月期 第１四半期決算短信〔日本基準〕(連結),"Summary of financial results for the first quarter of the fiscal year ending March 31, 2027 [Japanese GAAP] (consolidated)",2026-08-07 17:00,https://www.release.tdnet.info/inbs/140120260807514297.pdf,
9956,バローＨＤ,"VALOR HOLDINGS CO.,LTD.",第三者割当増資における発行株式数の確定に関するお知らせ,Notice Regarding the Determination of the Number of New Shares to be Issued by way of Third-Party Allotment,2026-08-07 16:55,https://www.release.tdnet.info/inbs/140120260729502527.pdf,https://www.release.tdnet.info/inbs/ek/140120260807515639.pdf
1738,ＮＩＴＴＯＨ,,2027年3月期 第1四半期決算短信〔日本基準〕(連結),"Summary of financial results for the first quarter of the fiscal year ending March 31, 2027 [Japanese GAAP] (consolidated)",2026-08-07 16:50,https://www.release.tdnet.info/inbs/140120260806512240.pdf,
6932,遠藤照明,,譲渡制限付株式報酬としての自己株式の処分の払込完了に関するお知らせ,Notice regarding completion of payment for disposal of treasury stock as restricted stock compensation,2026-08-07 16:50,https://www.release.tdnet.info/inbs/140120260806513429.pdf,
7244,市光工,"ICHIKOH INDUSTRIES,LTD.",業績予想と実績値との差異に関するお知らせ,"[Summary]Consolidated Financial Results for the Six Months of the Fiscal Year Ending December 31, 2026 (Under Japanese GAAP)",2026-08-07 16:50,https://www.release.tdnet.info/inbs/140120260806512419.pdf,https://www.release.tdnet.info/inbs/ek/140120260806512397.pdf
7244,市光工,"ICHIKOH INDUSTRIES,LTD.",剰余金の配当（中間配当）に関するお知らせ,"[Summary]Consolidated Financial Results for the Six Months of the Fiscal Year Ending December 31, 2026 (Under Japanese GAAP)",2026-08-07 16:50,https://www.release.tdnet.info/inbs/140120260806512478.pdf,https://www.release.tdnet.info/inbs/ek/140120260806512397.pdf
7244,市光工,"ICHIKOH INDUSTRIES,LTD.",2026年12月期 第2四半期(中間期)決算短信〔日本基準〕(連結),"[Summary]Consolidated Financial Results for the Six Months of the Fiscal Year Ending December 31, 2026 (Under Japanese GAAP)",2026-08-07 16:50,https://www.release.tdnet.info/inbs/140120260806512389.pdf,https://www.release.tdnet.info/inbs/ek/140120260806512397.pdf
2814,佐藤食品,,2027年3月期第1四半期決算短信〔日本基準〕(非連結),"Summary of financial results for the first quarter of the fiscal year ending March 31, 2027 [Japanese GAAP] (non-consolidated)",2026-08-07 16:45,https://www.release.tdnet.info/inbs/140120260806513147.pdf,
5194,相模ゴム,,2027年３月期　第１四半期決算短信〔日本基準〕（連結）,"First quarter financial results for the fiscal year ending March 31, 2027 [Japanese standards] (consolidated)",2026-08-07 16:45,https://www.release.tdnet.info/inbs/140120260807513940.pdf,
5194,相模ゴム,,営業外収益（為替差益）に関するお知らせ,Notice regarding non-operating income (foreign exchange gain),2026-08-07 16:45,https://www.release.tdnet.info/inbs/140120260807513982.pdf,
5258,Ｇ－ＴＭＮ,,第７回新株予約権（有償ストック・オプション）の発行に係る払込完了に関するお知らせ,Notice regarding completion of payment for issuance of 7th stock acquisition rights (paid stock options),2026-08-07 16:45,https://www.release.tdnet.info/inbs/140120260803507272.pdf,
8771,Ｅギャランティ,"eGuarantee,Inc.",2027年3月期 第1四半期決算短信〔日本基準〕(連結),"Financial Results For the Three Months Ended June 30, 2026Supplementary Briefing Materials",2026-08-07 16:45,https://www.release.tdnet.info/inbs/140120260807514723.pdf,https://www.release.tdnet.info/inbs/ek/140120260807515152.pdf
8771,Ｅギャランティ,"eGuarantee,Inc.",2027年3月期第1四半期 決算説明資料,"Financial Results For the Three Months Ended June 30, 2026Supplementary Briefing Materials",2026-08-07 16:45,https://www.release.tdnet.info/inbs/140120260807515120.pdf,https://www.release.tdnet.info/inbs/ek/140120260807515152.pdf
3442,ＭＩＥコーポ,,2027年3月期 第1四半期決算短信〔日本基準〕(連結),"Summary of financial results for the first quarter of the fiscal year ending March 31, 2027 [Japanese GAAP] (consolidated)",2026-08-07 16:40,https://www.release.tdnet.info/inbs/140120260729501730.pdf,
6655,洋電機,,2027年３月期 第１四半期決算短信〔日本基準〕（連結）,"Summary of financial results for the first quarter of the fiscal year ending March 31, 2027 [Japanese GAAP] (consolidated)",2026-08-07 16:40,https://www.release.tdnet.info/inbs/140120260807513947.pdf,
6772,コスモス電,"Tokyo Cosmos Electric Co.,Ltd.",2027年3月期 第1四半期決算説明資料,Notice Regarding Revisions to Consolidated Earnings Forecast and Dividend Forecast,2026-08-07 16:40,https://www.release.tdnet.info/inbs/140120260807515559.pdf,https://www.release.tdnet.info/inbs/ek/140120260807515598.pdf
7476,アズワン,AS ONE CORPORATION,2026年７月度単体月次業績（速報）のお知らせ,July 2026 Operating Results (Flash Report),2026-08-07 16:35,https://www.release.tdnet.info/inbs/140120260806513228.pdf,https://www.release.tdnet.info/inbs/ek/140120260806513231.pdf
1951,エクシオグループ,"EXEO Group,Inc.",従業員持株会向け譲渡制限付株式インセンティブとしての自己株式の処分に関するお知らせ,Notice of Disposition of Treasury Shares as Restricted Share Incentive for Employee Shareholding Association,2026-08-07 16:30,https://www.release.tdnet.info/inbs/140120260807514532.pdf,https://www.release.tdnet.info/inbs/ek/140120260807514614.pdf
1952,新日空調,"Shin Nippon Air Technologies Co.,Ltd.",従業員持株会向け譲渡制限付株式インセンティブとしての自己株式の処分に関するお知らせ,Notice Concerning Disposal of Treasury Stock as Restricted Stock Incentive for the Employee Shareholders Association,2026-08-07 16:30,https://www.release.tdnet.info/inbs/140120260805509501.pdf,https://www.release.tdnet.info/inbs/ek/140120260805509543.pdf
2338,クオンタムＳ,,第三者割当による新株式及び第16回新株予約権並びに第17回新株予約権、第６回新株予約権付社債（転換価額修正条項付）の発行に関するお知らせ,"Notice regarding the issuance of new shares and 16th stock acquisition rights, 17th stock acquisition rights, and 6th stock acquisition rights bonds (with conversion price revision clause) through third-party allotment",2026-08-07 16:30,https://www.release.tdnet.info/inbs/140120260806512757.pdf,
2338,クオンタムＳ,,第13回新株予約権及び第14回新株予約権の行使価額調整、第４回転換社債型新株予約権付社債の転換価額調整、第14回新株予約権の支出予定金額の変更,"Adjustment of the exercise price of the 13th stock acquisition rights and 14th stock acquisition rights, 4th adjustment of the conversion price of convertible bonds with stock acquisition rights, and change in the scheduled expenditure amount for the 14th stock acquisition rights.",2026-08-07 16:30,https://www.release.tdnet.info/inbs/140120260806512674.pdf,
2338,クオンタムＳ,,税制適格ストックオプション（新株予約権）の募集事項の決定に関するお知らせ,Announcement regarding the decision to offer tax-qualified stock options (stock acquisition rights),2026-08-07 16:30,https://www.release.tdnet.info/inbs/140120260723598530.pdf,
2818,ピエトロ,,譲渡制限付き株式報酬としての自己株式の処分の払込完了に関するお知らせ,Notice regarding completion of payment for disposal of treasury stock as restricted stock compensation,2026-08-07 16:30,https://www.release.tdnet.info/inbs/140120260807514260.pdf,
2911,旭松食品,,自己株式の取得及び自己株式立会外買付取引（ＴｏＳＴＮｅＴ－３）による自己株式の買付けに関するお知らせ,Notice regarding acquisition of treasury stock and purchase of treasury stock through off-auction treasury stock repurchase transaction (ToSTNeT-3),2026-08-07 16:30,https://www.release.tdnet.info/inbs/140120260805509206.pdf,
3063,Ｇ－ｊＧｒｏｕｐ,,第三者割当による第６回新株予約権（行使価額修正条項付）及び第７回新株予約権（行使価額修正条項付）の発行に関するお知らせ,Announcement regarding the issuance of the 6th stock acquisition rights (with provisions for revising the exercise price) and the 7th stock acquisition rights (with provisions for revising the exercise price) through third-party allotment,2026-08-07 16:30,https://www.release.tdnet.info/inbs/140120260807514967.pdf,
3291,飯田ＧＨＤ,"Iida Group Holdings Co.,Ltd.",2027年３月期 第１四半期決算短信〔ＩＦＲＳ〕（連結）,"Consolidated Financial Results for the Three Months Ended June 30, 2026(Under IFRS)",2026-08-07 16:30,https://www.release.tdnet.info/inbs/140120260807514119.pdf,https://www.release.tdnet.info/inbs/ek/140120260807515469.pdf
3687,フィックスターズ,Fixstars Corporation,2026年9月期 第3四半期決算短信〔日本基準〕（連結）,FY2026 Third Quarter Consolidated Financial Results,2026-08-07 16:30,https://www.release.tdnet.info/inbs/140120260807515254.pdf,https://www.release.tdnet.info/inbs/ek/140120260807515269.pdf
3687,フィックスターズ,Fixstars Corporation,2026年9月期 第3四半期決算 補足説明資料,FY2026 Third Quarter Consolidated Financial Results,2026-08-07 16:30,https://www.release.tdnet.info/inbs/140120260807515263.pdf,https://www.release.tdnet.info/inbs/ek/140120260807515269.pdf
3708,特種東海,"Tokushu Tokai Paper Co.,Ltd.",自己株式の取得及び自己株式立会外買付取引（ToSTNeT-3）による自己株式の買付けならびに自己株式の消却に関するお知らせ,"Notice Regarding Repurchase of Treasury Shares, Purchase of Treasury Shares through Off-Auction Own Share Repurchase Trading (ToSTNeT-3), and Cancella",2026-08-07 16:30,https://www.release.tdnet.info/inbs/140120260807515547.pdf,https://www.release.tdnet.info/inbs/ek/140120260807515555.pdf
3708,特種東海,"Tokushu Tokai Paper Co.,Ltd.",2027年3月期第1四半期決算説明資料,"Notice Regarding Repurchase of Treasury Shares, Purchase of Treasury Shares through Off-Auction Own Share Repurchase Trading (ToSTNeT-3), and Cancella",2026-08-07 16:30,https://www.release.tdnet.info/inbs/140120260807515570.pdf,https://www.release.tdnet.info/inbs/ek/140120260807515555.pdf
3958,笹徳印刷,,2026年６月期 決算短信〔日本基準〕（連結）,Summary of financial results for the fiscal year ending June 2026 [Japanese standards] (consolidated),2026-08-07 16:30,https://www.release.tdnet.info/inbs/140120260806512825.pdf,
3958,笹徳印刷,,2026年６月期通期連結業績予想値と実績値の差異に関するお知らせ,Notice regarding the difference between the full-year consolidated results forecast and actual results for the fiscal year ending June 2026,2026-08-07 16:30,https://www.release.tdnet.info/inbs/140120260731505255.pdf,
3958,笹徳印刷,,剰余金の配当（増配）に関するお知らせ,Notice regarding dividends (increase in dividends) from surplus,2026-08-07 16:30,https://www.release.tdnet.info/inbs/140120260731505232.pdf,
3958,笹徳印刷,,配当方針の変更に関するお知らせ,Notice regarding changes in dividend policy,2026-08-07 16:30,https://www.release.tdnet.info/inbs/140120260731505266.pdf,
3958,笹徳印刷,,2026年６月期 決算説明資料,Financial results briefing materials for the fiscal year ending June 2026,2026-08-07 16:30,https://www.release.tdnet.info/inbs/140120260731505318.pdf,
3958,笹徳印刷,,2030年 中期経営計画の策定に関するお知らせ,Notice regarding the formulation of the 2030 medium-term management plan,2026-08-07 16:30,https://www.release.tdnet.info/inbs/140120260731505275.pdf,
4377,Ｇ－ワンキャリア,,（開示事項の中止）連結子会社からの配当金受領の中止に関するお知らせ,(Cancellation of disclosure) Notice regarding suspension of receiving dividends from consolidated subsidiaries,2026-08-07 16:30,https://www.release.tdnet.info/inbs/140120260807515561.pdf,
4623,アサヒペン,,自己株式取得に係る事項の決定に関するお知らせ,Notice regarding decisions regarding matters related to treasury stock acquisition,2026-08-07 16:30,https://www.release.tdnet.info/inbs/140120260803507411.pdf,
4623,アサヒペン,,自己株式の消却に関するお知らせ,Notice regarding cancellation of treasury stock,2026-08-07 16:30,https://www.release.tdnet.info/inbs/140120260803507413.pdf,
4623,アサヒペン,,自己株式立会外買付取引（ToSTNeT-3）による自己株式の買付けに関するお知らせ,Notice regarding purchase of treasury stock through off-auction treasury stock repurchase transaction (ToSTNeT-3),2026-08-07 16:30,https://www.release.tdnet.info/inbs/140120260803507408.pdf,
4634,ａｒｔｉｅｎｃｅ,"artience Co.,Ltd.",2026年12月期 第2四半期(中間期)決算短信〔日本基準〕(連結),Notice Concerning Retirement of Treasury Shares,2026-08-07 16:30,https://www.release.tdnet.info/inbs/140120260806512451.pdf,https://www.release.tdnet.info/inbs/ek/140120260805510159.pdf
4634,ａｒｔｉｅｎｃｅ,"artience Co.,Ltd.",2026年12月期 上半期 決算補足説明資料,Notice Concerning Retirement of Treasury Shares,2026-08-07 16:30,https://www.release.tdnet.info/inbs/140120260806512339.pdf,https://www.release.tdnet.info/inbs/ek/140120260805510159.pdf
4634,ａｒｔｉｅｎｃｅ,"artience Co.,Ltd.",自己株式の消却に関するお知らせ,Notice Concerning Retirement of Treasury Shares,2026-08-07 16:30,https://www.release.tdnet.info/inbs/140120260805510135.pdf,https://www.release.tdnet.info/inbs/ek/140120260805510159.pdf
5331,ノリタケ,"NORITAKE CO.,LIMITED",2027年３月期 第１四半期決算短信〔日本基準〕（連結）,Notice Concerning Revisions to Dividend Forecasts,2026-08-07 16:30,https://www.release.tdnet.info/inbs/140120260710591649.pdf,https://www.release.tdnet.info/inbs/ek/140120260728500990.pdf
5331,ノリタケ,"NORITAKE CO.,LIMITED",2027年3月期 連結業績予想の修正に関するお知らせ,Notice Concerning Revisions to Dividend Forecasts,2026-08-07 16:30,https://www.release.tdnet.info/inbs/140120260728500987.pdf,https://www.release.tdnet.info/inbs/ek/140120260728500990.pdf
5331,ノリタケ,"NORITAKE CO.,LIMITED",2027年3月期 配当予想の修正に関するお知らせ,Notice Concerning Revisions to Dividend Forecasts,2026-08-07 16:30,https://www.release.tdnet.info/inbs/140120260728500984.pdf,https://www.release.tdnet.info/inbs/ek/140120260728500990.pdf
5356,美濃窯業,,自己株式の取得及び自己株式立会外買付取引（ＴｏＳＴＮｅＴ－３）による自己株式の買付けに関するお知らせ,Notice regarding acquisition of treasury stock and purchase of treasury stock through off-auction treasury stock repurchase transaction (ToSTNeT-3),2026-08-07 16:30,https://www.release.tdnet.info/inbs/140120260724599511.pdf,
5356,美濃窯業,,業績連動型株式報酬制度に係る追加拠出に伴う自己株式の処分に関するお知らせ,Notice regarding disposal of treasury stock due to additional contribution related to performance-based stock compensation plan,2026-08-07 16:30,https://www.release.tdnet.info/inbs/140120260804508260.pdf,
5831,しずおかＦＧ,"Shizuoka Financial Group,Inc.",自己株式立会外買付取引（ToSTNeT-3）による自己株式の買付けに関するお知らせ,Notice Concerning Acquisition of Own Shares through the Off-Auction Own Share Repurchase Trading System (ToSTNeT-3),2026-08-07 16:30,https://www.release.tdnet.info/inbs/140120260806512690.pdf,https://www.release.tdnet.info/inbs/ek/140120260807513653.pdf
5952,アマテイ,,2027年３月期 第１四半期決算短信〔日本基準〕(連結),"Summary of financial results for the first quarter of the fiscal year ending March 31, 2027 [Japanese GAAP] (consolidated)",2026-08-07 16:30,https://www.release.tdnet.info/inbs/140120260806512247.pdf,
6158,和井田,,譲渡制限付株式報酬としての自己株式の処分の払込完了に関するお知らせ,Notice regarding completion of payment for disposal of treasury stock as restricted stock compensation,2026-08-07 16:30,https://www.release.tdnet.info/inbs/140120260807515575.pdf,
6369,トーヨーカネツ,TOYO KANETSU K.K.,2027年３月期 第１四半期決算短信〔日本基準〕（連結）,"[Summary] Consolidated Financial Results for the Three Months Ended June 30, 2026 (Under Japanese GAAP)",2026-08-07 16:30,https://www.release.tdnet.info/inbs/140120260806512336.pdf,https://www.release.tdnet.info/inbs/ek/140120260807515381.pdf
6369,トーヨーカネツ,TOYO KANETSU K.K.,2027年３月期 第１四半期決算概要,"[Summary] Consolidated Financial Results for the Three Months Ended June 30, 2026 (Under Japanese GAAP)",2026-08-07 16:30,https://www.release.tdnet.info/inbs/140120260806512621.pdf,https://www.release.tdnet.info/inbs/ek/140120260807515381.pdf
6568,Ｇ－神戸天然物化学,,自己株式の取得及び自己株式立会外買付取引（ToSTNeT-3）による 自己株式の買付けに関するお知らせ,Notice regarding acquisition of treasury stock and purchase of treasury stock through off-auction treasury stock repurchase transaction (ToSTNeT-3),2026-08-07 16:30,https://www.release.tdnet.info/inbs/140120260807514388.pdf,
6743,大同信号,,2027年3月期　第1四半期決算短信〔日本基準〕(連結),"First quarter financial results for the fiscal year ending March 31, 2027 [Japanese standards] (consolidated)",2026-08-07 16:30,https://www.release.tdnet.info/inbs/140120260803506964.pdf,
6743,大同信号,,自己株式の取得及び自己株式立会外買付取引（ToSTNeT-3）による自己株式の買付け並びに自己株式の消却に関するお知らせ,"Notice regarding acquisition of treasury stock, purchase of treasury stock through off-auction treasury stock repurchase transaction (ToSTNeT-3), and cancellation of treasury stock",2026-08-07 16:30,https://www.release.tdnet.info/inbs/140120260803506951.pdf,
6775,ＴＢグループ,,2027年3月期第１四半期決算短信〔日本基準］（連結）,"Summary of financial results for the first quarter of the fiscal year ending March 31, 2027 [Japanese GAAP] (consolidated)",2026-08-07 16:30,https://www.release.tdnet.info/inbs/140120260801505984.pdf,
6993,大黒屋,,2027年３月期第１四半期決算短信〔日本基準〕（連結）,Summary of financial results for the first quarter of the fiscal year ending March 2027 [Japanese GAAP] (consolidated),2026-08-07 16:30,https://www.release.tdnet.info/inbs/140120260807514740.pdf,
6993,大黒屋,,（開示事項の変更）「当社連結子会社における事業の譲受及び新たな事業の開始に関するお知らせ」の一部変更について,(Changes in disclosure matters) Regarding partial changes to “Notice regarding acquisition of business and start of new business at our consolidated subsidiary”,2026-08-07 16:30,https://www.release.tdnet.info/inbs/140120260807514979.pdf,
7305,新家工,,2027年3月期　第1四半期決算短信[日本基準]　（連結）,"First quarter financial results for the fiscal year ending March 31, 2027 [Japanese GAAP] (consolidated)",2026-08-07 16:30,https://www.release.tdnet.info/inbs/140120260805509739.pdf,
7722,国際計測,,2027年３月期第１四半期決算短信〔日本基準〕(連結),Summary of financial results for the first quarter of the fiscal year ending March 2027 [Japanese GAAP] (consolidated),2026-08-07 16:30,https://www.release.tdnet.info/inbs/140120260807513758.pdf,
7746,岡本硝子,,行使価額修正条項付新株予約権の大量行使に関するお知らせ,Notice regarding large-scale exercise of stock acquisition rights with exercise price amendment clause,2026-08-07 16:30,https://www.release.tdnet.info/inbs/140120260807515230.pdf,
7871,フクビ化学工業,,自己株式の取得及び自己株式立会外買付取引（ToSTNeT-3）による自己株式の買付けに関するお知らせ,Notice regarding acquisition of treasury stock and purchase of treasury stock through off-auction treasury stock repurchase transaction (ToSTNeT-3),2026-08-07 16:30,https://www.release.tdnet.info/inbs/140120260807515352.pdf,
8377,ほくほく,"Hokuhoku Financial Group, Inc.",2027年3月期第1四半期末の自己資本比率について,"Capital Adequacy Ratio for the First Quarter of the Year Ending March 31, 2027",2026-08-07 16:30,https://www.release.tdnet.info/inbs/140120260805510680.pdf,https://www.release.tdnet.info/inbs/ek/140120260807514653.pdf
9049,京福電鉄,,2027年3月期 第1四半期決算短信〔日本基準〕（連結）,"Summary of financial results for the first quarter of the fiscal year ending March 31, 2027 [Japanese GAAP] (consolidated)",2026-08-07 16:30,https://www.release.tdnet.info/inbs/140120260722597613.pdf,
9706,日空ビル,"Japan Airport Terminal Co.,ltd.",2027年３月期 第１四半期 決算短信〔日本基準〕（連結）,"Financial Report for the First Quarter of the Fiscal Year Ending March 31,2027(FY2026))〔J-GAAP〕(Consolidated))",2026-08-07 16:30,https://www.release.tdnet.info/inbs/140120260807514551.pdf,https://www.release.tdnet.info/inbs/ek/140120260807514698.pdf
9799,旭情報,,2027年3月期　第１四半期決算短信〔日本基準〕（非連結）,"First quarter financial results for the fiscal year ending March 31, 2027 [Japanese GAAP] (non-consolidated)",2026-08-07 16:30,https://www.release.tdnet.info/inbs/140120260807515266.pdf,
5342,ジャニス工,,2027年3月期　第1四半期決算短信〔日本基準〕(連結),"First quarter financial results for the fiscal year ending March 31, 2027 [Japanese standards] (consolidated)",2026-08-07 16:20,https://www.release.tdnet.info/inbs/140120260804508558.pdf,
5342,ジャニス工,,営業外費用（デリバティブ評価損）の計上に関するお知らせ,Notice regarding recording of non-operating expenses (derivative valuation loss),2026-08-07 16:20,https://www.release.tdnet.info/inbs/140120260804508453.pdf,
6662,ユビテック,,2026年６月期決算短信〔日本基準〕(連結),Summary of financial results for the fiscal year ending June 2026 [Japanese standards] (consolidated),2026-08-07 16:15,https://www.release.tdnet.info/inbs/140120260807515566.pdf,
6662,ユビテック,,2026年6月期実績と前期実績との差異に関するお知らせ,Notice regarding the difference between the results for the fiscal year ending June 2026 and the previous fiscal year,2026-08-07 16:15,https://www.release.tdnet.info/inbs/140120260807515574.pdf,
6662,ユビテック,,取締役候補者の決定について,Regarding the determination of director candidates,2026-08-07 16:15,https://www.release.tdnet.info/inbs/140120260807515580.pdf,
6662,ユビテック,,剰余金配当に関するお知らせ,Notice regarding surplus dividends,2026-08-07 16:15,https://www.release.tdnet.info/inbs/140120260807515582.pdf,
8591,オリックス,,当社連結子会社（株）ユビテックの2026年6月期通期実績と前期実績との差異に関するお知らせ,"Notice regarding the difference between our consolidated subsidiary Ubitec Co., Ltd.'s full-year results for the fiscal year ending June 2026 and the previous year's results",2026-08-07 16:15,https://www.release.tdnet.info/inbs/140120260807514860.pdf,
1518,三井松島ＨＤ,"MITSUI MATSUSHIMA HOLDINGS CO.,LTD.",株式会社コウナンの株式取得（子会社化）に関するお知らせ,"[Summary] Consolidated Financial Results for the Three Months Ended June 30, 2026 (Under Japanese GAAP)",2026-08-07 16:00,https://www.release.tdnet.info/inbs/140120260807514898.pdf,https://www.release.tdnet.info/inbs/ek/140120260807514610.pdf
1518,三井松島ＨＤ,"MITSUI MATSUSHIMA HOLDINGS CO.,LTD.",2027年３月期第１四半期決算短信〔日本基準〕(連結),"[Summary] Consolidated Financial Results for the Three Months Ended June 30, 2026 (Under Japanese GAAP)",2026-08-07 16:00,https://www.release.tdnet.info/inbs/140120260806513261.pdf,https://www.release.tdnet.info/inbs/ek/140120260807514610.pdf
1717,明豊ファシリティ,Meiho Facility Works Ltd.,2027年３月期第１四半期決算短信〔日本基準〕(非連結),"[Summary] Financial Results for the Three Months Ended June 30, 2026",2026-08-07 16:00,https://www.release.tdnet.info/inbs/140120260807514716.pdf,https://www.release.tdnet.info/inbs/ek/140120260807515293.pdf
1833,奥村組,OKUMURA CORPORATION,2027年３月期　第１四半期決算短信〔日本基準〕（連結）,Notice Concerning the Recording of Non-Operating Income(Valuation Gains on Forward Exchange Contracts),2026-08-07 16:00,https://www.release.tdnet.info/inbs/140120260806512706.pdf,https://www.release.tdnet.info/inbs/ek/140120260806512853.pdf
1833,奥村組,OKUMURA CORPORATION,2027年３月期　第１四半期決算補足資料,Notice Concerning the Recording of Non-Operating Income(Valuation Gains on Forward Exchange Contracts),2026-08-07 16:00,https://www.release.tdnet.info/inbs/140120260806512738.pdf,https://www.release.tdnet.info/inbs/ek/140120260806512853.pdf
1833,奥村組,OKUMURA CORPORATION,営業外収益（為替予約評価益）の計上に関するお知らせ,Notice Concerning the Recording of Non-Operating Income(Valuation Gains on Forward Exchange Contracts),2026-08-07 16:00,https://www.release.tdnet.info/inbs/140120260806512751.pdf,https://www.release.tdnet.info/inbs/ek/140120260806512853.pdf
1848,富士ピー・エス,,2027年３月期　第１四半期決算短信〔日本基準〕（連結）,"First quarter financial results for the fiscal year ending March 31, 2027 [Japanese standards] (consolidated)",2026-08-07 16:00,https://www.release.tdnet.info/inbs/140120260807513949.pdf,
2112,塩水糖,,2027年３月期第１四半期決算短信〔日本基準〕(連結),Summary of financial results for the first quarter of the fiscal year ending March 2027 [Japanese GAAP] (consolidated),2026-08-07 16:00,https://www.release.tdnet.info/inbs/140120260807514609.pdf,
2139,中広,,2027年３月期　第１四半期決算短信〔日本基準〕(連結),"First quarter financial results for the fiscal year ending March 31, 2027 [Japanese GAAP] (consolidated)",2026-08-07 16:00,https://www.release.tdnet.info/inbs/140120260805509560.pdf,
2146,ＵＴグループ,"UT Group Co.,Ltd.",主要株主及び主要株主である筆頭株主の異動（予定）及び 公開買付けに準ずる行為として政令で定める買い集め行為に関するお知らせ,"1Q of Fiscal Year Ending March 31, 2027 Financial Results",2026-08-07 16:00,https://www.release.tdnet.info/inbs/140120260807515157.pdf,https://www.release.tdnet.info/inbs/ek/140120260807515264.pdf
2146,ＵＴグループ,"UT Group Co.,Ltd.",自己株式の取得状況及び取得終了に関するお知らせ,"1Q of Fiscal Year Ending March 31, 2027 Financial Results",2026-08-07 16:00,https://www.release.tdnet.info/inbs/140120260807515180.pdf,https://www.release.tdnet.info/inbs/ek/140120260807515264.pdf
2146,ＵＴグループ,"UT Group Co.,Ltd.",2027年３月期第１四半期決算短信〔日本基準〕(連結),"1Q of Fiscal Year Ending March 31, 2027 Financial Results",2026-08-07 16:00,https://www.release.tdnet.info/inbs/140120260805510413.pdf,https://www.release.tdnet.info/inbs/ek/140120260807515264.pdf
2146,ＵＴグループ,"UT Group Co.,Ltd.",自己株式取得に係る事項の決定に関するお知らせ,"1Q of Fiscal Year Ending March 31, 2027 Financial Results",2026-08-07 16:00,https://www.release.tdnet.info/inbs/140120260807515231.pdf,https://www.release.tdnet.info/inbs/ek/140120260807515264.pdf
2146,ＵＴグループ,"UT Group Co.,Ltd.",2027年３月期 剰余金の配当（2027年３月期第１四半期末）に関するお知らせ,"1Q of Fiscal Year Ending March 31, 2027 Financial Results",2026-08-07 16:00,https://www.release.tdnet.info/inbs/140120260807515246.pdf,https://www.release.tdnet.info/inbs/ek/140120260807515264.pdf
2146,ＵＴグループ,"UT Group Co.,Ltd.",2027年３月期 第１四半期 決算説明資料,"1Q of Fiscal Year Ending March 31, 2027 Financial Results",2026-08-07 16:00,https://www.release.tdnet.info/inbs/140120260807515256.pdf,https://www.release.tdnet.info/inbs/ek/140120260807515264.pdf
2181,パーソルＨＤ,"PERSOL HOLDINGS CO.,LTD.",第三者割当による自己株式処分に関するお知らせ,Notification of Disposal of Treasury Shares Through Third-Party Allotment,2026-08-07 16:00,https://www.release.tdnet.info/inbs/140120260807514841.pdf,https://www.release.tdnet.info/inbs/ek/140120260807514877.pdf
2321,Ｇ－ソフトフロントＨ,,（開示事項の経過）販売用「サーバー向けGPU（RTX PRO 6000 Blackwell Server Edition)」の取得に関するお知らせ,"(Progress of disclosure) Notice regarding acquisition of ""GPU for servers (RTX PRO 6000 Blackwell Server Edition)"" for sale",2026-08-07 16:00,https://www.release.tdnet.info/inbs/140120260807515163.pdf,
2464,Ａｏｂａ‐ＢＢＴ,,2027年３月期 第１四半期決算短信〔日本基準〕（連結）,"Summary of financial results for the first quarter of the fiscal year ending March 31, 2027 [Japanese GAAP] (consolidated)",2026-08-07 16:00,https://www.release.tdnet.info/inbs/140120260807515205.pdf,
2464,Ａｏｂａ‐ＢＢＴ,,自己株式取得に係る事項の決定に関するお知らせ,Notice regarding decisions regarding matters related to treasury stock acquisition,2026-08-07 16:00,https://www.release.tdnet.info/inbs/140120260807515309.pdf,
2475,ＷＤＢ,"WDB HOLDINGS CO.,LTD.",2027年3月期　第1四半期決算短信[日本基準]（連結）,FY2026 1Q Financial Report,2026-08-07 16:00,https://www.release.tdnet.info/inbs/140120260807515253.pdf,https://www.release.tdnet.info/inbs/ek/140120260807515298.pdf
2475,ＷＤＢ,"WDB HOLDINGS CO.,LTD.",2027年3月期1Q　決算説明資料,FY2026 1Q Financial Report,2026-08-07 16:00,https://www.release.tdnet.info/inbs/140120260807515289.pdf,https://www.release.tdnet.info/inbs/ek/140120260807515298.pdf
2587,サントリーＢＦ,Suntory Beverage & Food Limited,親会社等の決算に関するお知らせ,Notification Concerning Content of Parent Company Financial as of June 30 2026,2026-08-07 16:00,https://www.release.tdnet.info/inbs/140120260807514289.pdf,https://www.release.tdnet.info/inbs/ek/140120260807514859.pdf
2904,一正蒲鉾,,2026年６月期決算短信〔日本基準〕(連結),Summary of financial results for the fiscal year ending June 2026 [Japanese standards] (consolidated),2026-08-07 16:00,https://www.release.tdnet.info/inbs/140120260806513184.pdf,
2904,一正蒲鉾,,2026年６月期 決算補足説明資料,Supplementary materials for financial results for the fiscal year ending June 2026,2026-08-07 16:00,https://www.release.tdnet.info/inbs/140120260806513270.pdf,
2904,一正蒲鉾,,ICHIMASA30 ビジョン 2nd Stage2026-2035 「第三次中期経営計画2026-2030」策定に関するお知らせ,ICHIMASA30 Vision 2nd Stage2026-2035 Notice regarding the formulation of “Third Medium-Term Management Plan 2026-2030”,2026-08-07 16:00,https://www.release.tdnet.info/inbs/140120260806513293.pdf,
2904,一正蒲鉾,,定款一部変更に関するお知らせ,Notice regarding partial changes to the articles of incorporation,2026-08-07 16:00,https://www.release.tdnet.info/inbs/140120260806513325.pdf,
2904,一正蒲鉾,,会社分割による持株会社体制への移行に伴う吸収分割契約締結及び定款変更（商号及び事業目的の一部変更）に関するお知らせ,Notice regarding the conclusion of an absorption-type company split agreement and changes to the articles of incorporation (partial change in trade name and business purpose) due to the transition to a holding company structure due to company split,2026-08-07 16:00,https://www.release.tdnet.info/inbs/140120260806513339.pdf,
2961,日本調理機,,2026年９月期　第３四半期決算短信[日本基準]（非連結）,Summary of financial results for the third quarter of the fiscal year ending September 2026 [Japanese GAAP] (non-consolidated),2026-08-07 16:00,https://www.release.tdnet.info/inbs/140120260805509349.pdf,
2974,大英産業,,2026年９月期 第３四半期決算短信〔日本基準〕（連結）,Summary of financial results for the third quarter of the fiscal year ending September 2026 [Japanese GAAP] (consolidated),2026-08-07 16:00,https://www.release.tdnet.info/inbs/140120260807513843.pdf,
2974,大英産業,,2026年９月期第３四半期決算説明資料,Financial results briefing for the third quarter of the fiscal year ending September 2026,2026-08-07 16:00,https://www.release.tdnet.info/inbs/140120260807513882.pdf,
3069,ＪＦＬＡＨＤ,,2027年３月期　第１四半期決算短信〔日本基準〕(連結),"First quarter financial results for the fiscal year ending March 31, 2027 [Japanese GAAP] (consolidated)",2026-08-07 16:00,https://www.release.tdnet.info/inbs/140120260806513138.pdf,
3156,レスター,Restar Corporation,2027年３月期第１四半期決算短信〔日本基準〕(連結),"Notice Concerning Upward Revisions to the Full-Year Consolidated Financial Forecast and Dividend Forecast for the Fiscal Year Ending March 31, 2027",2026-08-07 16:00,https://www.release.tdnet.info/inbs/140120260806512436.pdf,https://www.release.tdnet.info/inbs/ek/140120260806513244.pdf
3156,レスター,Restar Corporation,2027年３月期通期連結業績予想の修正（上方修正）並びに配当予想の修正（増配）に関するお知らせ,"Notice Concerning Upward Revisions to the Full-Year Consolidated Financial Forecast and Dividend Forecast for the Fiscal Year Ending March 31, 2027",2026-08-07 16:00,https://www.release.tdnet.info/inbs/140120260806512484.pdf,https://www.release.tdnet.info/inbs/ek/140120260806513244.pdf
3179,シュッピン,"Syuppin Co.,Ltd.",2027年３月期第１四半期決算短信〔日本基準〕(非連結),"[Summary] Financial Results for the Three Months Ended June 30, 2026",2026-08-07 16:00,https://www.release.tdnet.info/inbs/140120260807515199.pdf,https://www.release.tdnet.info/inbs/ek/140120260807515521.pdf
3179,シュッピン,"Syuppin Co.,Ltd.",2027年３月期 第１四半期決算補足資料,"[Summary] Financial Results for the Three Months Ended June 30, 2026",2026-08-07 16:00,https://www.release.tdnet.info/inbs/140120260807515225.pdf,https://www.release.tdnet.info/inbs/ek/140120260807515521.pdf
3189,ＡＮＡＰ,,主要株主の異動に関するお知らせ,Notice regarding changes in major shareholders,2026-08-07 16:00,https://www.release.tdnet.info/inbs/140120260807514724.pdf,
3276,ＪＰＭＣ,"Japan Property Management Center Co.,Ltd.",2026年12月期 7月度月次情報,JPMC Group Supplementary Materials for Financial Results for the Second Quarter of the Fiscal Period Ending Dec. 2026,2026-08-07 16:00,https://www.release.tdnet.info/inbs/140120260807514917.pdf,https://www.release.tdnet.info/inbs/ek/140120260807515071.pdf
3276,ＪＰＭＣ,"Japan Property Management Center Co.,Ltd.",2026年12月期 第２四半期（中間期）決算短信〔日本基準〕（連結）,JPMC Group Supplementary Materials for Financial Results for the Second Quarter of the Fiscal Period Ending Dec. 2026,2026-08-07 16:00,https://www.release.tdnet.info/inbs/140120260807514572.pdf,https://www.release.tdnet.info/inbs/ek/140120260807515071.pdf
3276,ＪＰＭＣ,"Japan Property Management Center Co.,Ltd.",2026年12月期 第２四半期（中間期）決算補足説明資料,JPMC Group Supplementary Materials for Financial Results for the Second Quarter of the Fiscal Period Ending Dec. 2026,2026-08-07 16:00,https://www.release.tdnet.info/inbs/140120260807514810.pdf,https://www.release.tdnet.info/inbs/ek/140120260807515071.pdf
3284,フージャース,"Hoosiers Holdings Co.,Ltd.",2027年３月期　第１四半期決算短信〔日本基準〕(連結),"First Quarter Fiscal Year Ending March 31, 2027 FACT BOOK",2026-08-07 16:00,https://www.release.tdnet.info/inbs/140120260807513967.pdf,https://www.release.tdnet.info/inbs/ek/140120260807514088.pdf
3284,フージャース,"Hoosiers Holdings Co.,Ltd.",FACT BOOK 2027年3月期 第1四半期,"First Quarter Fiscal Year Ending March 31, 2027 FACT BOOK",2026-08-07 16:00,https://www.release.tdnet.info/inbs/140120260807514069.pdf,https://www.release.tdnet.info/inbs/ek/140120260807514088.pdf
3443,川田ＴＥＣＨ,"KAWADA TECHNOLOGIES,INC.",2027年３月期　第１四半期決算短信〔日本基準〕（連結）,"[Summary] Consolidated Financial Results for the Three Months Ended June 30, 2026 (Based on Japanese GAAP)",2026-08-07 16:00,https://www.release.tdnet.info/inbs/140120260807514013.pdf,https://www.release.tdnet.info/inbs/ek/140120260807514048.pdf
3547,ユニシアＨＤ,,月次速報（2026年7月度）,Monthly report (July 2026),2026-08-07 16:00,https://www.release.tdnet.info/inbs/140120260807515351.pdf,
3559,ピーバンドットコム,,譲渡制限付株式報酬としての自己株式の処分の払込完了に関するお知らせ,Notice regarding completion of payment for disposal of treasury stock as restricted stock compensation,2026-08-07 16:00,https://www.release.tdnet.info/inbs/140120260807515313.pdf,
3583,オーベクス,,2027年３月期 第１四半期決算短信〔日本基準〕（連結）,"Summary of financial results for the first quarter of the fiscal year ending March 31, 2027 [Japanese GAAP] (consolidated)",2026-08-07 16:00,https://www.release.tdnet.info/inbs/140120260805510854.pdf,
3583,オーベクス,,2027年３月期 第１四半期 決算補足説明資料,"Supplementary materials for financial results for the first quarter of the fiscal year ending March 31, 2027",2026-08-07 16:00,https://www.release.tdnet.info/inbs/140120260805510864.pdf,
3772,ウェルス,,2027年３月期 第１四半期決算短信〔日本基準〕（連結）,"Summary of financial results for the first quarter of the fiscal year ending March 31, 2027 [Japanese GAAP] (consolidated)",2026-08-07 16:00,https://www.release.tdnet.info/inbs/140120260721596669.pdf,
3808,オーケーウェブ,,投資家向けオンライン説明会開催のお知らせ,Announcement of online briefing session for investors,2026-08-07 16:00,https://www.release.tdnet.info/inbs/140120260807514995.pdf,
3842,ネクストジェン,,2027年３月期 第１四半期決算短信〔日本基準〕（非連結）,Summary of financial results for the first quarter of the fiscal year ending March 2027 [Japanese GAAP] (non-consolidated),2026-08-07 16:00,https://www.release.tdnet.info/inbs/140120260710591705.pdf,
3943,大石産業,,2027年３月期　第１四半期決算短信〔日本基準〕（連結）,"First quarter financial results for the fiscal year ending March 31, 2027 [Japanese standards] (consolidated)",2026-08-07 16:00,https://www.release.tdnet.info/inbs/140120260806511314.pdf,
3945,スパバック,,2027年３月期 第１四半期決算短信〔日本基準〕(連結),"Summary of financial results for the first quarter of the fiscal year ending March 31, 2027 [Japanese GAAP] (consolidated)",2026-08-07 16:00,https://www.release.tdnet.info/inbs/140120260722597319.pdf,
4027,テイカ,TAYCA CORPORATION,2027年３月期第２四半期累計期間連結業績予想の修正に関するお知らせ,"[Summary] Consolidated Financial Results for the Three Months Ended June 30, 2026 (Under Japanese GAAP)",2026-08-07 16:00,https://www.release.tdnet.info/inbs/140120260806511106.pdf,https://www.release.tdnet.info/inbs/ek/140120260806511121.pdf
4027,テイカ,TAYCA CORPORATION,2027年３月期  第１四半期決算短信〔日本基準〕（連結）,"[Summary] Consolidated Financial Results for the Three Months Ended June 30, 2026 (Under Japanese GAAP)",2026-08-07 16:00,https://www.release.tdnet.info/inbs/140120260806511115.pdf,https://www.release.tdnet.info/inbs/ek/140120260806511121.pdf
4046,大阪ソーダ,"OSAKA SODA CO.,LTD.",2027年３月期 第１四半期決算短信〔日本基準〕（連結）,Notice Concerning Revisions to Financial Results Forecasts and the Interim Dividend and the Year-End Dividend Forecasts,2026-08-07 16:00,https://www.release.tdnet.info/inbs/140120260803507548.pdf,https://www.release.tdnet.info/inbs/ek/140120260803507596.pdf
4046,大阪ソーダ,"OSAKA SODA CO.,LTD.",業績予想及び配当予想の修正に関するお知らせ,Notice Concerning Revisions to Financial Results Forecasts and the Interim Dividend and the Year-End Dividend Forecasts,2026-08-07 16:00,https://www.release.tdnet.info/inbs/140120260803507553.pdf,https://www.release.tdnet.info/inbs/ek/140120260803507596.pdf
4064,カーバイド,"Nippon Carbide Industries Company,Incorporated",2027年３月期 第１四半期決算短信〔日本基準〕（連結）,"[Summary] Consolidated Financial Results for the Three Months Ended June 30, 2026 (Under Japanese GAAP)",2026-08-07 16:00,https://www.release.tdnet.info/inbs/140120260806513317.pdf,https://www.release.tdnet.info/inbs/ek/140120260806513389.pdf
4095,日パーカライ,"NIHON PARKERIZING CO.,LTD.",2027年3月期第1四半期決算短信〔日本基準〕(連結),"[Summary]　Consolidated Financial Resultsfor the First Quarter of Fiscal Year Ended March 31, 2027 [Japan GAAP]",2026-08-07 16:00,https://www.release.tdnet.info/inbs/140120260807514947.pdf,https://www.release.tdnet.info/inbs/ek/140120260807515004.pdf
4125,三和油化工業,,（訂正・数値データ訂正）「2026年３月期決算短信〔日本基準〕（連結）」の一部訂正について,(Correction/Numerical data correction) Regarding some corrections to “Summary of Financial Results for the Fiscal Year Ending March 2026 [Japanese Standards] (Consolidated)”,2026-08-07 16:00,https://www.release.tdnet.info/inbs/140120260806513566.pdf,
4125,三和油化工業,,2027年３月期　第１四半期決算短信〔日本基準〕（連結）,"First quarter financial results for the fiscal year ending March 31, 2027 [Japanese standards] (consolidated)",2026-08-07 16:00,https://www.release.tdnet.info/inbs/140120260805509914.pdf,
4125,三和油化工業,,2027年３月期　第１四半期決算補足説明資料,"Supplementary materials for first quarter financial results for the fiscal year ending March 31, 2027",2026-08-07 16:00,https://www.release.tdnet.info/inbs/140120260805510044.pdf,
4351,山田債権,,2026年12月期 第２四半期（中間期）決算短信〔日本基準〕（連結）,Summary of financial results for the second quarter (interim period) of the fiscal year ending December 2026 [Japanese GAAP] (consolidated),2026-08-07 16:00,https://www.release.tdnet.info/inbs/140120260707588748.pdf,
4360,マナック・ケミカルＰ,,2027年３月期 第１四半期決算短信〔日本基準〕（連結）,"Summary of financial results for the first quarter of the fiscal year ending March 31, 2027 [Japanese GAAP] (consolidated)",2026-08-07 16:00,https://www.release.tdnet.info/inbs/140120260706588494.pdf,
4368,扶桑化学,"FUSO CHEMICAL CO.,LTD.",2027年3月期 第1四半期決算短信〔日本基準〕（連結）,"Summary of Consolidated Financial Results for the Three Months Ended June 30, 2026 (Based on Japanese GAAP)",2026-08-07 16:00,https://www.release.tdnet.info/inbs/140120260807515047.pdf,https://www.release.tdnet.info/inbs/ek/140120260807515109.pdf
4526,理研ビタミン,"RIKEN VITAMIN CO.,LTD.",2027年3月期 第1四半期 決算短信〔日本基準〕（連結）,Q1 FY2026 Financial Results Supplementary Materials,2026-08-07 16:00,https://www.release.tdnet.info/inbs/140120260806512291.pdf,https://www.release.tdnet.info/inbs/ek/140120260806512394.pdf
4526,理研ビタミン,"RIKEN VITAMIN CO.,LTD.",2027年3月期 第1四半期決算補足資料,Q1 FY2026 Financial Results Supplementary Materials,2026-08-07 16:00,https://www.release.tdnet.info/inbs/140120260806512385.pdf,https://www.release.tdnet.info/inbs/ek/140120260806512394.pdf
4584,Ｇ－キッズ・バイオ,,株式報酬型ストック・オプション（新株予約権）の発行に関するお知らせ,Notice regarding the issuance of stock compensation-type stock options (stock acquisition rights),2026-08-07 16:00,https://www.release.tdnet.info/inbs/140120260807514953.pdf,
4674,クレスコ,CRESCO LTD.,譲渡制限付株式報酬としての自己株式の処分の払込完了に関するお知らせ,Notice Concerning Completion of Payment for Disposal of Treasury Shares as Restricted Shares Remuneration,2026-08-07 16:00,https://www.release.tdnet.info/inbs/140120260807514483.pdf,https://www.release.tdnet.info/inbs/ek/140120260807514555.pdf
4686,ジャストシステム,JUSTSYSTEMS CORPORATION,2027年３月期 第１四半期決算短信〔日本基準〕（連結）,"[Summary] Consolidated Financial Results for the Three Months Ended June 30, 2026",2026-08-07 16:00,https://www.release.tdnet.info/inbs/140120260714593452.pdf,https://www.release.tdnet.info/inbs/ek/140120260805509714.pdf
4751,サイバーエージェント,"CyberAgent,Inc.",2026年９月期 第３四半期決算説明会資料,FY2026 3Q Presentation Material,2026-08-07 16:00,https://www.release.tdnet.info/inbs/140120260807515273.pdf,https://www.release.tdnet.info/inbs/ek/140120260807515305.pdf
4801,セントラルＳＰ,"CENTRAL SPORTS CO.,LTD.",2027年3月期第1四半期決算短信 〔日本基準〕 （連結）,"[Summary] Consolidated Financial Results for the Three Months Ended June 30, 2026",2026-08-07 16:00,https://www.release.tdnet.info/inbs/140120260807514372.pdf,https://www.release.tdnet.info/inbs/ek/140120260807514441.pdf
4935,リベルタ,,2026年12月期第２四半期（中間期）連結業績予想値と実績値との差異および減損損失の計上に関するお知らせ,Notice regarding the difference between the consolidated performance forecast and actual results for the second quarter (interim period) of the fiscal year ending December 2026 and the recording of impairment loss,2026-08-07 16:00,https://www.release.tdnet.info/inbs/140120260807515102.pdf,
4935,リベルタ,,2026年12月期第２四半期（中間期）決算短信〔日本基準〕(連結),Summary of financial results for the second quarter (interim period) of the fiscal year ending December 2026 [Japanese GAAP] (consolidated),2026-08-07 16:00,https://www.release.tdnet.info/inbs/140120260807514718.pdf,
4935,リベルタ,,2026年12月期第２四半期決算説明資料,Financial results briefing for the second quarter of the fiscal year ending December 2026,2026-08-07 16:00,https://www.release.tdnet.info/inbs/140120260807515149.pdf,
4970,東洋合成,,業績予想の修正に関するお知らせ,Notice regarding revisions to performance forecasts,2026-08-07 16:00,https://www.release.tdnet.info/inbs/140120260807515474.pdf,
4970,東洋合成,,2027年３月期　第１四半期決算短信〔日本基準〕(非連結),"First quarter financial results for the fiscal year ending March 31, 2027 [Japanese GAAP] (non-consolidated)",2026-08-07 16:00,https://www.release.tdnet.info/inbs/140120260807515471.pdf,
5122,オカモト,"OKAMOTO INDUSTRIES,INC.",2027年３月期　第１四半期決算短信〔日本基準〕（連結）,"Notice Regarding Revisions to the Forecasts for the Six Months Ending March 31, 2027 (Interim) and the Full Fiscal Year, as well as to the Dividend Fo",2026-08-07 16:00,https://www.release.tdnet.info/inbs/140120260701585378.pdf,https://www.release.tdnet.info/inbs/ek/140120260807514648.pdf
5122,オカモト,"OKAMOTO INDUSTRIES,INC.",2027年３月期第２四半期（中間期）及び通期業績予想並びに配当予想の修正（増配）に関するお知らせ,"Notice Regarding Revisions to the Forecasts for the Six Months Ending March 31, 2027 (Interim) and the Full Fiscal Year, as well as to the Dividend Fo",2026-08-07 16:00,https://www.release.tdnet.info/inbs/140120260807514380.pdf,https://www.release.tdnet.info/inbs/ek/140120260807514648.pdf
5357,ヨータイ,"YOTAI REFRACTORIES CO.,LTD.",2027年３月期第１四半期決算短信〔日本基準〕(連結),Notice Regarding Completion of Payment for Disposal of Treasury Shares as Restricted Stock Remuneration,2026-08-07 16:00,https://www.release.tdnet.info/inbs/140120260806513185.pdf,https://www.release.tdnet.info/inbs/ek/140120260806513222.pdf
5357,ヨータイ,"YOTAI REFRACTORIES CO.,LTD.",譲渡制限付株式報酬としての自己株式の処分の払込完了に関するお知らせ,Notice Regarding Completion of Payment for Disposal of Treasury Shares as Restricted Stock Remuneration,2026-08-07 16:00,https://www.release.tdnet.info/inbs/140120260806513217.pdf,https://www.release.tdnet.info/inbs/ek/140120260806513222.pdf
5381,マイポックス,Mipox Corporation,2027年３月期通期業績予想に関するお知らせ,"Consolidated Financial Results for the Three Months Ended June 30, 2026 (Under Japanese GAAP)",2026-08-07 16:00,https://www.release.tdnet.info/inbs/140120260807514999.pdf,https://www.release.tdnet.info/inbs/ek/140120260807514904.pdf
5381,マイポックス,Mipox Corporation,2027年３月期 第１四半期決算短信〔日本基準〕(連結),"Consolidated Financial Results for the Three Months Ended June 30, 2026 (Under Japanese GAAP)",2026-08-07 16:00,https://www.release.tdnet.info/inbs/140120260807514773.pdf,https://www.release.tdnet.info/inbs/ek/140120260807514904.pdf
5695,パウダテック,,2027年３月期第１四半期決算短信〔日本基準〕(連結),Summary of financial results for the first quarter of the fiscal year ending March 2027 [Japanese GAAP] (consolidated),2026-08-07 16:00,https://www.release.tdnet.info/inbs/140120260807515013.pdf,
5695,パウダテック,,2027年3月期第1四半期 決算補足説明資料,Supplementary materials for the first quarter of the fiscal year ending March 2027,2026-08-07 16:00,https://www.release.tdnet.info/inbs/140120260807515067.pdf,
5695,パウダテック,,2025-2027年度 中期経営計画（25中計） 進捗状況,2025-2027 Medium-term Management Plan (25th Medium-term Plan) Progress Status,2026-08-07 16:00,https://www.release.tdnet.info/inbs/140120260807515110.pdf,
5726,大阪チタ,"OSAKA Titanium technologies Co.,Ltd.",2027年3月期第1四半期決算短信〔日本基準〕（非連結）,"Notice Concerning Revision of Earnings Forecast for the First Half and Full Year of Fiscal Year Ending March 31, 2027",2026-08-07 16:00,https://www.release.tdnet.info/inbs/140120260714593338.pdf,https://www.release.tdnet.info/inbs/ek/140120260805510869.pdf
5726,大阪チタ,"OSAKA Titanium technologies Co.,Ltd.",2027年３月期第２四半期（中間期）および通期業績予想の修正に関するお知らせ,"Notice Concerning Revision of Earnings Forecast for the First Half and Full Year of Fiscal Year Ending March 31, 2027",2026-08-07 16:00,https://www.release.tdnet.info/inbs/140120260805510221.pdf,https://www.release.tdnet.info/inbs/ek/140120260805510869.pdf
5820,三ッ星,,2027年3月期第1四半期決算短信〔日本基準〕（連結）,"Summary of financial results for the first quarter of the fiscal year ending March 31, 2027 [Japanese GAAP] (consolidated)",2026-08-07 16:00,https://www.release.tdnet.info/inbs/140120260727500357.pdf,
5901,洋缶ＨＤ,"Toyo Seikan Group Holdings,Ltd.",業績連動型株式報酬制度に係る自己株式の処分に関するお知らせ,Resolution on Matters Related to Acquisition of Shares under Performance-Linked Equity Compensation Plan,2026-08-07 16:00,https://www.release.tdnet.info/inbs/140120260807513957.pdf,https://www.release.tdnet.info/inbs/ek/140120260807513877.pdf
5901,洋缶ＨＤ,"Toyo Seikan Group Holdings,Ltd.",業績連動型株式報酬制度における株式取得に係る事項の決定に関するお知らせ,Resolution on Matters Related to Acquisition of Shares under Performance-Linked Equity Compensation Plan,2026-08-07 16:00,https://www.release.tdnet.info/inbs/140120260807513860.pdf,https://www.release.tdnet.info/inbs/ek/140120260807513877.pdf
5902,ホッカンＨＤ,HOKKAN HOLDINGS LIMITED,2027年３月期第１四半期決算短信〔日本基準〕(連結),"Consolidated Financial Results for the Three Months Ended June 30, 2026 (Under Japanese GAAP)",2026-08-07 16:00,https://www.release.tdnet.info/inbs/140120260807514753.pdf,https://www.release.tdnet.info/inbs/ek/140120260807514759.pdf
5922,那須鉄,,2027年３月期 第１四半期決算短信〔日本基準〕（連結）,"Summary of financial results for the first quarter of the fiscal year ending March 31, 2027 [Japanese GAAP] (consolidated)",2026-08-07 16:00,https://www.release.tdnet.info/inbs/140120260806513374.pdf,
5922,那須鉄,,中期経営計画の進捗状況について,Regarding the progress of the medium-term management plan,2026-08-07 16:00,https://www.release.tdnet.info/inbs/140120260807514326.pdf,
5953,昭和鉄,,2027年３月期第１四半期決算短信〔日本基準〕(連結),Summary of financial results for the first quarter of the fiscal year ending March 2027 [Japanese GAAP] (consolidated),2026-08-07 16:00,https://www.release.tdnet.info/inbs/140120260807514133.pdf,
5975,東プレ,Topre Corporation,2027年3月期第2四半期(中間期)業績予想の公表に関するお知らせ,"Flash Report of Financial Results for the First Quarter of the Year Ending March 31, 2027 (Japanese Standards) (Consolidated)",2026-08-07 16:00,https://www.release.tdnet.info/inbs/140120260804508011.pdf,https://www.release.tdnet.info/inbs/ek/140120260804507965.pdf
5975,東プレ,Topre Corporation,2027年3月期 第1四半期決算短信[日本基準](連結),"Flash Report of Financial Results for the First Quarter of the Year Ending March 31, 2027 (Japanese Standards) (Consolidated)",2026-08-07 16:00,https://www.release.tdnet.info/inbs/140120260728500765.pdf,https://www.release.tdnet.info/inbs/ek/140120260804507965.pdf
5998,アドバネクス,,2027年3月期第１四半期決算補足資料,Supplementary materials for the first quarter of the fiscal year ending March 2027,2026-08-07 16:00,https://www.release.tdnet.info/inbs/140120260807515265.pdf,
5998,アドバネクス,,海外子会社の固定資産譲渡のお知らせ,Notice of transfer of fixed assets of overseas subsidiary,2026-08-07 16:00,https://www.release.tdnet.info/inbs/140120260807515492.pdf,
5998,アドバネクス,,2027年３月期　第１四半期決算短信〔日本基準〕（連結）,"First quarter financial results for the fiscal year ending March 31, 2027 [Japanese standards] (consolidated)",2026-08-07 16:00,https://www.release.tdnet.info/inbs/140120260806511183.pdf,
6072,地盤ネットＨＤ,,2027年３月期第１四半期決算決算短信〔日本基準〕（連結）,Summary of financial results for the first quarter of the fiscal year ending March 2027 [Japanese GAAP] (consolidated),2026-08-07 16:00,https://www.release.tdnet.info/inbs/140120260807515388.pdf,
6072,地盤ネットＨＤ,,2027年３月期第１四半期決算決算補足説明資料,Supplementary explanatory material for the first quarter of the fiscal year ending March 2027,2026-08-07 16:00,https://www.release.tdnet.info/inbs/140120260807515416.pdf,
6072,地盤ネットＨＤ,,投資委員会の設置及び投資に関する基本方針策定のお知らせ,Notice of establishment of investment committee and formulation of basic policy regarding investment,2026-08-07 16:00,https://www.release.tdnet.info/inbs/140120260807515425.pdf,
6087,アビスト,"ABIST Co.,Ltd.",2026年9月期 第3四半期決算短信〔日本基準〕(非連結),"[Summary]Financial Results for the First Nine Months of the Fiscal Year Ending September 30, 2026",2026-08-07 16:00,https://www.release.tdnet.info/inbs/140120260806513023.pdf,https://www.release.tdnet.info/inbs/ek/140120260807514844.pdf
6118,アイダ,"AIDA ENGINEERING,LTD.",株式給付信託（BBT）に係る追加拠出に伴う自己株式の処分に関するお知らせ,Notice Regarding Disposal of Treasury Stock in Connection with an Additional Contribution to the Board Benefit Trust (BBT),2026-08-07 16:00,https://www.release.tdnet.info/inbs/140120260806513538.pdf,https://www.release.tdnet.info/inbs/ek/140120260806513540.pdf
6146,ディスコ,DISCO CORPORATION,譲渡制限付株式報酬としての新株式の発行の払込完了に関するお知らせ,Notice Concerning Finalization of Details Regarding Issuance of Stock Options (Share Acquisition Rights) to the Company’s Executive Officers,2026-08-07 16:00,https://www.release.tdnet.info/inbs/140120260807514725.pdf,https://www.release.tdnet.info/inbs/ek/140120260807514705.pdf
6146,ディスコ,DISCO CORPORATION,当社執行役に対するストックオプション（新株予約権）の発行内容確定に関するお知らせ,Notice Concerning Finalization of Details Regarding Issuance of Stock Options (Share Acquisition Rights) to the Company’s Executive Officers,2026-08-07 16:00,https://www.release.tdnet.info/inbs/140120260806513393.pdf,https://www.release.tdnet.info/inbs/ek/140120260807514705.pdf
6147,ヤマザキ,,2027年3月期　第1四半期決算短信〔日本基準〕（連結）,"First quarter financial results for the fiscal year ending March 31, 2027 [Japanese standards] (consolidated)",2026-08-07 16:00,https://www.release.tdnet.info/inbs/140120260805509994.pdf,
6147,ヤマザキ,,特別利益（固定資産売却益）の発生に関するお知らせ,Notice regarding the occurrence of extraordinary profit (gain on sale of fixed assets),2026-08-07 16:00,https://www.release.tdnet.info/inbs/140120260805510009.pdf,
6165,パンチ,,連結業績予想及び配当予想の修正に関するお知らせ,Notice regarding revisions to consolidated performance forecasts and dividend forecasts,2026-08-07 16:00,https://www.release.tdnet.info/inbs/140120260804508877.pdf,
6165,パンチ,,2027年３月期 第１四半期決算短信［日本基準］(連結）,"Summary of financial results for the first quarter of the fiscal year ending March 31, 2027 [Japanese GAAP] (consolidated)",2026-08-07 16:00,https://www.release.tdnet.info/inbs/140120260806513176.pdf,
6165,パンチ,,譲渡制限付株式報酬としての自己株式の処分の払込完了に関するお知らせ,Notice regarding completion of payment for disposal of treasury stock as restricted stock compensation,2026-08-07 16:00,https://www.release.tdnet.info/inbs/140120260804508902.pdf,
6209,リケンＮＰＲ,NPR-RIKEN CORPORATION,2027年３月期　第１四半期決算短信〔日本基準〕（連結）,"[Summary]Consolidated Financial Results for the Three Months Ended June 30, 2026 (Under Japanese GAAP)",2026-08-07 16:00,https://www.release.tdnet.info/inbs/140120260805510719.pdf,https://www.release.tdnet.info/inbs/ek/140120260805510747.pdf
6231,木村工機,,2027年３月期 第１四半期決算短信〔日本基準〕（非連結）,Summary of financial results for the first quarter of the fiscal year ending March 2027 [Japanese GAAP] (non-consolidated),2026-08-07 16:00,https://www.release.tdnet.info/inbs/140120260807515086.pdf,
6237,イワキポンプ,"IWAKI CO.,LTD.",2027年３月期 第１四半期決算短信〔日本基準〕（連結）,"Summary of Consolidated Financial Results for the First Quarter of Fiscal Year Ending March 31, 2027",2026-08-07 16:00,https://www.release.tdnet.info/inbs/140120260804508811.pdf,https://www.release.tdnet.info/inbs/ek/140120260805510678.pdf
6238,フリュー,FURYU CORPORATION,2027年３月期 第１四半期決算短信〔日本基準〕（連結）,Material for Briefing Financial Results 1Q Term ended June 2026,2026-08-07 16:00,https://www.release.tdnet.info/inbs/140120260806511589.pdf,https://www.release.tdnet.info/inbs/ek/140120260806512898.pdf
6238,フリュー,FURYU CORPORATION,2026年7月度 月次概況（速報）のお知らせ,Material for Briefing Financial Results 1Q Term ended June 2026,2026-08-07 16:00,https://www.release.tdnet.info/inbs/140120260806512980.pdf,https://www.release.tdnet.info/inbs/ek/140120260806512898.pdf
6238,フリュー,FURYU CORPORATION,業績連動型株式報酬制度に係る追加拠出に伴う自己株式の処分に関するお知らせ,Material for Briefing Financial Results 1Q Term ended June 2026,2026-08-07 16:00,https://www.release.tdnet.info/inbs/140120260807513948.pdf,https://www.release.tdnet.info/inbs/ek/140120260806512898.pdf
6238,フリュー,FURYU CORPORATION,2027年3月期 第1四半期決算説明資料,Material for Briefing Financial Results 1Q Term ended June 2026,2026-08-07 16:00,https://www.release.tdnet.info/inbs/140120260806512896.pdf,https://www.release.tdnet.info/inbs/ek/140120260806512898.pdf
6246,テクノスマート,,2027年３月期 第１四半期決算短信〔日本基準〕（非連結）,Summary of financial results for the first quarter of the fiscal year ending March 2027 [Japanese GAAP] (non-consolidated),2026-08-07 16:00,https://www.release.tdnet.info/inbs/140120260807514606.pdf,
6246,テクノスマート,,業績連動型株式報酬としての自己株式の処分の払込完了に関するお知らせ,Notice regarding completion of payment for disposal of treasury stock as performance-linked stock compensation,2026-08-07 16:00,https://www.release.tdnet.info/inbs/140120260807514639.pdf,
6324,ハーモニック,Harmonic Drive Systems Inc.,2027年３月期　第１四半期決算短信〔日本基準〕(連結),Notice Regarding Revisions to the Financial Results Forecast,2026-08-07 16:00,https://www.release.tdnet.info/inbs/140120260804507706.pdf,https://www.release.tdnet.info/inbs/ek/140120260807514117.pdf
6324,ハーモニック,Harmonic Drive Systems Inc.,業績予想の修正に関するお知らせ,Notice Regarding Revisions to the Financial Results Forecast,2026-08-07 16:00,https://www.release.tdnet.info/inbs/140120260804507876.pdf,https://www.release.tdnet.info/inbs/ek/140120260807514117.pdf
6324,ハーモニック,Harmonic Drive Systems Inc.,2027年３月期 第１四半期 決算説明資料,Notice Regarding Revisions to the Financial Results Forecast,2026-08-07 16:00,https://www.release.tdnet.info/inbs/140120260807515115.pdf,https://www.release.tdnet.info/inbs/ek/140120260807514117.pdf
6334,明治機,,2027年３月期 第１四半期決算短信〔日本基準〕（連結）,"Summary of financial results for the first quarter of the fiscal year ending March 31, 2027 [Japanese GAAP] (consolidated)",2026-08-07 16:00,https://www.release.tdnet.info/inbs/140120260807515207.pdf,
6360,東自機,,2027年３月期第１四半期決算短信〔日本基準〕(非連結),Summary of financial results for the first quarter of the fiscal year ending March 2027 [Japanese GAAP] (non-consolidated),2026-08-07 16:00,https://www.release.tdnet.info/inbs/140120260806512606.pdf,
6378,木村化工,,2027年３月期 第１四半期決算短信〔日本基準〕（連結）,"Summary of financial results for the first quarter of the fiscal year ending March 31, 2027 [Japanese GAAP] (consolidated)",2026-08-07 16:00,https://www.release.tdnet.info/inbs/140120260806512322.pdf,
6425,ユニバーサル,Universal Entertainment Corporation,2026年12月期 第２四半期（中間期）決算短信〔日本基準〕（連結）,"Financial Data and Business Results for the Second Quarter of the Fiscal Year Ending December 31, 2026(JP GAAP, Consolidated)",2026-08-07 16:00,https://www.release.tdnet.info/inbs/140120260807515421.pdf,https://www.release.tdnet.info/inbs/ek/140120260807515451.pdf
6428,オーイズミ,OIZUMI Corporation,2027年３月期　第１四半期決算短信〔日本基準〕(連結),"[Summary] Financial Results for the Three Months Ended June 30, 2026",2026-08-07 16:00,https://www.release.tdnet.info/inbs/140120260804508679.pdf,https://www.release.tdnet.info/inbs/ek/140120260807514774.pdf
6444,サンデン,SANDEN CORPORATION,2026年12月期第２四半期（中間期）決算短信〔日本基準〕(連結),Notice Regarding the Transfer of Real Estate,2026-08-07 16:00,https://www.release.tdnet.info/inbs/140120260804508780.pdf,https://www.release.tdnet.info/inbs/ek/140120260805510329.pdf
6444,サンデン,SANDEN CORPORATION,営業外収益の計上に関するお知らせ,Notice Regarding the Transfer of Real Estate,2026-08-07 16:00,https://www.release.tdnet.info/inbs/140120260804508806.pdf,https://www.release.tdnet.info/inbs/ek/140120260805510329.pdf
6444,サンデン,SANDEN CORPORATION,当社保有不動産の譲渡に関するお知らせ,Notice Regarding the Transfer of Real Estate,2026-08-07 16:00,https://www.release.tdnet.info/inbs/140120260805510324.pdf,https://www.release.tdnet.info/inbs/ek/140120260805510329.pdf
6466,ＴＶＥ,,2026年９月期 第３四半期決算短信〔日本基準〕（連結）,Summary of financial results for the third quarter of the fiscal year ending September 2026 [Japanese GAAP] (consolidated),2026-08-07 16:00,https://www.release.tdnet.info/inbs/140120260807515211.pdf,
6466,ＴＶＥ,,業績予想及び配当予想の修正に関するお知らせ,Notice regarding revisions to performance forecasts and dividend forecasts,2026-08-07 16:00,https://www.release.tdnet.info/inbs/140120260807515200.pdf,
6466,ＴＶＥ,,組織変更、取締役の委嘱及び人事異動に関するお知らせ,"Notice regarding organizational changes, appointment of directors, and personnel changes",2026-08-07 16:00,https://www.release.tdnet.info/inbs/140120260807514345.pdf,
6549,ディーエムソリュ,,2027年３月期　第１四半期決算短信〔日本基準〕（連結）,"First quarter financial results for the fiscal year ending March 31, 2027 [Japanese standards] (consolidated)",2026-08-07 16:00,https://www.release.tdnet.info/inbs/140120260807515036.pdf,
6549,ディーエムソリュ,,2027年３月期　第１四半期決算説明資料,First quarter financial results explanatory material for the fiscal year ending March 2027,2026-08-07 16:00,https://www.release.tdnet.info/inbs/140120260807515060.pdf,
6584,三桜工,"Sanoh Industrial Co.,Ltd.",2027年３月期 第１四半期決算短信〔日本基準〕（連結）,"Financial Year Ending March 31, 2027 - First Quarter Explanatory Material",2026-08-07 16:00,https://www.release.tdnet.info/inbs/140120260807513888.pdf,https://www.release.tdnet.info/inbs/ek/140120260807513955.pdf
6584,三桜工,"Sanoh Industrial Co.,Ltd.",2027年3月期　第１四半期　決算補足説明資料,"Financial Year Ending March 31, 2027 - First Quarter Explanatory Material",2026-08-07 16:00,https://www.release.tdnet.info/inbs/140120260807513912.pdf,https://www.release.tdnet.info/inbs/ek/140120260807513955.pdf
6633,ＣＧＳＨＤ,,2026年12月期 第２四半期（中間期）決算短信〔日本基準〕(連結),Summary of financial results for the second quarter (interim period) of the fiscal year ending December 2026 [Japanese GAAP] (consolidated),2026-08-07 16:00,https://www.release.tdnet.info/inbs/140120260728500742.pdf,
6633,ＣＧＳＨＤ,,第２四半期（中間期）連結業績予想値と実績値との差異に関するお知らせ,Notice regarding the difference between the second quarter (interim period) consolidated performance forecast and actual results,2026-08-07 16:00,https://www.release.tdnet.info/inbs/140120260728500737.pdf,
6706,電気興,"DKK Co.,Ltd.",2027年3月期　第1四半期決算短信〔日本基準〕（連結）,Supplementary Briefing Materials on Annual Financial Results for the First Quarter Fiscal Year Ending March 31 2027,2026-08-07 16:00,https://www.release.tdnet.info/inbs/140120260806513179.pdf,https://www.release.tdnet.info/inbs/ek/140120260807514799.pdf
6706,電気興,"DKK Co.,Ltd.",株主優待制度の導入に関するお知らせ,Supplementary Briefing Materials on Annual Financial Results for the First Quarter Fiscal Year Ending March 31 2027,2026-08-07 16:00,https://www.release.tdnet.info/inbs/140120260806513212.pdf,https://www.release.tdnet.info/inbs/ek/140120260807514799.pdf
6706,電気興,"DKK Co.,Ltd.",2027年3月期 第1四半期決算補足説明資料,Supplementary Briefing Materials on Annual Financial Results for the First Quarter Fiscal Year Ending March 31 2027,2026-08-07 16:00,https://www.release.tdnet.info/inbs/140120260806513204.pdf,https://www.release.tdnet.info/inbs/ek/140120260807514799.pdf
6731,ピクセラ,,第13回無担保普通社債、第14回無担保普通社債及び第15回無担保普通社債に係る資金使途及び支出予定時期の変更に関するお知らせ,"Notice regarding changes in the use of funds and scheduled payment timing for the 13th unsecured straight corporate bonds, 14th unsecured straight corporate bonds, and 15th unsecured straight corporate bonds",2026-08-07 16:00,https://www.release.tdnet.info/inbs/140120260806511379.pdf,
6804,ホシデン,Hosiden Corporation,2027年３月期　第１四半期決算短信〔日本基準〕（連結）,"Consolidated Financial Results for the Three Months Ended June 30, 2026",2026-08-07 16:00,https://www.release.tdnet.info/inbs/140120260806513437.pdf,https://www.release.tdnet.info/inbs/ek/140120260807515011.pdf
6836,プラット,,2027年３月期 第１四半期決算短信〔日本基準〕（連結）,"Summary of financial results for the first quarter of the fiscal year ending March 31, 2027 [Japanese GAAP] (consolidated)",2026-08-07 16:00,https://www.release.tdnet.info/inbs/140120260806513271.pdf,
6836,プラット,,2027年３月期第２四半期（中間期）業績予想の修正に関するお知らせ,Notice Regarding Revisions to Earnings Forecasts for the Second Quarter (Interim Period) of the Fiscal Year Ending March 2027,2026-08-07 16:00,https://www.release.tdnet.info/inbs/140120260806513282.pdf,
6837,京写,,2027年３月期第１四半期決算短信〔日本基準〕(連結),Summary of financial results for the first quarter of the fiscal year ending March 2027 [Japanese GAAP] (consolidated),2026-08-07 16:00,https://www.release.tdnet.info/inbs/140120260807515210.pdf,
6837,京写,,2027年３月期第1四半期 決算補足資料,Supplementary materials for the first quarter of the fiscal year ending March 2027,2026-08-07 16:00,https://www.release.tdnet.info/inbs/140120260807515363.pdf,
6855,電子材料,,2027年３月期　第１四半期決算短信［日本基準］(連結),First quarter financial results for the fiscal year ending March 2027 [Japanese GAAP] (consolidated),2026-08-07 16:00,https://www.release.tdnet.info/inbs/140120260805510233.pdf,
6855,電子材料,,2027年３月期 第２四半期連結累計期間及び通期連結業績予想 並びに剰余金の配当（中間配当）予想の修正に関するお知らせ,"Notice regarding revisions to forecasts for second quarter consolidated cumulative period and full year consolidated results for the fiscal year ending March 31, 2027, and forecasts for dividends from surplus (interim dividends)",2026-08-07 16:00,https://www.release.tdnet.info/inbs/140120260805510578.pdf,
6863,ニレコ,,2027年３月期 第１四半期決算短信〔日本基準〕（連結）,"Summary of financial results for the first quarter of the fiscal year ending March 31, 2027 [Japanese GAAP] (consolidated)",2026-08-07 16:00,https://www.release.tdnet.info/inbs/140120260807514601.pdf,
6899,ＡＳＴＩ,,2027年3月期　第1四半期決算短信〔日本基準〕（連結）,"First quarter financial results for the fiscal year ending March 31, 2027 [Japanese standards] (consolidated)",2026-08-07 16:00,https://www.release.tdnet.info/inbs/140120260729501393.pdf,
6907,ジオマテック,,業績予想の修正に関するお知らせ,Notice regarding revisions to performance forecasts,2026-08-07 16:00,https://www.release.tdnet.info/inbs/140120260807513687.pdf,
6907,ジオマテック,,2027年３月期 第１四半期決算短信〔日本基準〕（非連結）,Summary of financial results for the first quarter of the fiscal year ending March 2027 [Japanese GAAP] (non-consolidated),2026-08-07 16:00,https://www.release.tdnet.info/inbs/140120260807513699.pdf,
6964,サンコー,,2027年３月期 第１四半期決算短信〔日本基準〕（連結）,"Summary of financial results for the first quarter of the fiscal year ending March 31, 2027 [Japanese GAAP] (consolidated)",2026-08-07 16:00,https://www.release.tdnet.info/inbs/140120260728500464.pdf,
6964,サンコー,,2027年３月期第２四半期（中間期）連結業績予想の修正に関するお知らせ,"Notice regarding revisions to consolidated earnings forecasts for the second quarter (interim period) of the fiscal year ending March 31, 2027",2026-08-07 16:00,https://www.release.tdnet.info/inbs/140120260805510538.pdf,
7043,Ｇ－アルー,,2026年12月期第２四半期（中間期）決算説明資料,Financial results briefing for the second quarter (interim period) of the fiscal year ending December 2026,2026-08-07 16:00,https://www.release.tdnet.info/inbs/140120260731504976.pdf,
7043,Ｇ－アルー,,2026年12月期第２四半期（中間期）決算短信〔日本基準〕(連結),Summary of financial results for the second quarter (interim period) of the fiscal year ending December 2026 [Japanese GAAP] (consolidated),2026-08-07 16:00,https://www.release.tdnet.info/inbs/140120260731504293.pdf,
7079,Ｇ－ＷＤＢココ,,2027年３月期第１四半期決算短信〔日本基準〕(非連結),Summary of financial results for the first quarter of the fiscal year ending March 2027 [Japanese GAAP] (non-consolidated),2026-08-07 16:00,https://www.release.tdnet.info/inbs/140120260807514050.pdf,
7079,Ｇ－ＷＤＢココ,,2027年3月期第1四半期決算説明資料,Financial results briefing for the first quarter of the fiscal year ending March 2027,2026-08-07 16:00,https://www.release.tdnet.info/inbs/140120260807514128.pdf,
7132,Ｐ－フローバル,,自己株式立会外買付取引（ToSTNeT-3）による自己株式の買付けに関するお知らせ,Notice regarding purchase of treasury stock through off-auction treasury stock repurchase transaction (ToSTNeT-3),2026-08-07 16:00,https://www.release.tdnet.info/inbs/140120260806513611.pdf,
7217,テイン,"TEIN,INC.",2027年３月期 第１四半期決算短信〔日本基準〕(連結),"[Summary] Financial Results for the Three Months Ended June 30, 2026",2026-08-07 16:00,https://www.release.tdnet.info/inbs/140120260807513953.pdf,https://www.release.tdnet.info/inbs/ek/140120260807514094.pdf
7235,東ラヂエタ,"TOKYO RADIATOR MFG.CO.,LTD.",2027年３月期  第１四半期決算短信〔日本基準〕（連結）,"Supplementary Materials, First-Quarter Financial Results for Fiscal Year 2026, Ending March 31, 2027(April 1, 2026 - June 30, 2026)",2026-08-07 16:00,https://www.release.tdnet.info/inbs/140120260807514199.pdf,https://www.release.tdnet.info/inbs/ek/140120260807514229.pdf
7235,東ラヂエタ,"TOKYO RADIATOR MFG.CO.,LTD.",2027年3月期 第１四半期決算　補足説明資料,"Supplementary Materials, First-Quarter Financial Results for Fiscal Year 2026, Ending March 31, 2027(April 1, 2026 - June 30, 2026)",2026-08-07 16:00,https://www.release.tdnet.info/inbs/140120260807514217.pdf,https://www.release.tdnet.info/inbs/ek/140120260807514229.pdf
7266,今仙電機,,2027年3月期 第1四半期決算短信〔日本基準〕（連結）,"Summary of financial results for the first quarter of the fiscal year ending March 31, 2027 [Japanese GAAP] (consolidated)",2026-08-07 16:00,https://www.release.tdnet.info/inbs/140120260716595342.pdf,
7299,フジオーゼ,,従業員持株会向け譲渡制限付株式インセンティブとして自己株式処分の払込完了及び一部失権に関するお知らせ,Notice regarding completion of payment and partial forfeiture of treasury stock disposal as restricted stock incentive for employee stock ownership plan,2026-08-07 16:00,https://www.release.tdnet.info/inbs/140120260807515028.pdf,
7377,ＤＮホールディングス,,2026年６月期決算短信〔日本基準〕（連結）,Summary of financial results for the fiscal year ending June 2026 [Japanese standards] (consolidated),2026-08-07 16:00,https://www.release.tdnet.info/inbs/140120260807515017.pdf,
7377,ＤＮホールディングス,,2026年６月期決算補足資料,Supplementary materials for financial results for the period ending June 2026,2026-08-07 16:00,https://www.release.tdnet.info/inbs/140120260807515074.pdf,
7377,ＤＮホールディングス,,2026年６月期通期連結業績予想と実績値との差異に関するお知らせ,Notice regarding the difference between the full-year consolidated performance forecast and actual results for the fiscal year ending June 2026,2026-08-07 16:00,https://www.release.tdnet.info/inbs/140120260807515093.pdf,
7377,ＤＮホールディングス,,剰余金の配当に関するお知らせ,Notice regarding dividend of surplus,2026-08-07 16:00,https://www.release.tdnet.info/inbs/140120260807514857.pdf,
7377,ＤＮホールディングス,,代表取締役の異動及び取締役候補者の選任に関するお知らせ,Notice regarding change of representative director and appointment of director candidates,2026-08-07 16:00,https://www.release.tdnet.info/inbs/140120260807515134.pdf,
7377,ＤＮホールディングス,,子会社役員の異動に関するお知らせ,Notice regarding changes in subsidiary officers,2026-08-07 16:00,https://www.release.tdnet.info/inbs/140120260807515139.pdf,
7377,ＤＮホールディングス,,当社取締役会の実効性に関する評価結果の概要について,Summary of evaluation results regarding the effectiveness of the Company's Board of Directors,2026-08-07 16:00,https://www.release.tdnet.info/inbs/140120260807515146.pdf,
7399,ナンシン,,2027年３月期第１四半期決算短信〔日本基準〕(連結),Summary of financial results for the first quarter of the fiscal year ending March 2027 [Japanese GAAP] (consolidated),2026-08-07 16:00,https://www.release.tdnet.info/inbs/140120260805510906.pdf,
7425,初穂商事,,2026年12月期　第2四半期（中間期）決算短信〔日本基準〕(連結),Summary of financial results for the second quarter (interim period) of the fiscal year ending December 2026 [Japanese GAAP] (consolidated),2026-08-07 16:00,https://www.release.tdnet.info/inbs/140120260609566598.pdf,
7425,初穂商事,,2026年12月期　第2四半期（中間期）決算補足説明資料,Supplementary explanatory materials for the second quarter (interim period) of the fiscal year ending December 2026,2026-08-07 16:00,https://www.release.tdnet.info/inbs/140120260618574062.pdf,
7456,松田産,"MATSUDA SANGYO Co.,Ltd.",業績予想及び配当予想の修正に関するお知らせ,Presentation Material for Financial Results (Q1 / FY2027),2026-08-07 16:00,https://www.release.tdnet.info/inbs/140120260807513794.pdf,https://www.release.tdnet.info/inbs/ek/140120260807513757.pdf
7456,松田産,"MATSUDA SANGYO Co.,Ltd.",2027年３月期 第１四半期決算短信〔日本基準〕(連結),Presentation Material for Financial Results (Q1 / FY2027),2026-08-07 16:00,https://www.release.tdnet.info/inbs/140120260807513934.pdf,https://www.release.tdnet.info/inbs/ek/140120260807513757.pdf
7456,松田産,"MATSUDA SANGYO Co.,Ltd.",2027年３月期 第１四半期 決算説明資料,Presentation Material for Financial Results (Q1 / FY2027),2026-08-07 16:00,https://www.release.tdnet.info/inbs/140120260807514037.pdf,https://www.release.tdnet.info/inbs/ek/140120260807513757.pdf
7476,アズワン,AS ONE CORPORATION,自己株式の取得及び自己株式の公開買付けに関するお知らせ,Supplementary Materials on the Acquisition  of Own Shares and Tender Offer for Own Shares,2026-08-07 16:00,https://www.release.tdnet.info/inbs/140120260806513237.pdf,https://www.release.tdnet.info/inbs/ek/140120260806513245.pdf
7476,アズワン,AS ONE CORPORATION,自己株式の取得及び 自己株式の公開買付けに関する補足説明資料,Supplementary Materials on the Acquisition  of Own Shares and Tender Offer for Own Shares,2026-08-07 16:00,https://www.release.tdnet.info/inbs/140120260806513242.pdf,https://www.release.tdnet.info/inbs/ek/140120260806513245.pdf
7527,システムソフト,,2026年9月期 第3四半期決算短信[日本基準](連結),Summary of financial results for the third quarter of the fiscal year ending September 2026 [Japanese GAAP] (consolidated),2026-08-07 16:00,https://www.release.tdnet.info/inbs/140120260807514254.pdf,
7610,テイツー,,2026年7月の月次売上概況のお知らせ,Notice of monthly sales summary for July 2026,2026-08-07 16:00,https://www.release.tdnet.info/inbs/140120260807515245.pdf,
7727,オーバル,OVAL Corporation,2027年３月期第１四半期決算短信〔日本基準〕（連結）,"Consolidated Financial Results for the Three Months Ended June 30, 2026 [Japanese GAAP]",2026-08-07 16:00,https://www.release.tdnet.info/inbs/140120260806513300.pdf,https://www.release.tdnet.info/inbs/ek/140120260806513409.pdf
7740,タムロン,"Tamron Co.,Ltd.",2026年12月期 第２四半期決算説明会資料,2nd Quarter FY2026 Financial results presentation material,2026-08-07 16:00,https://www.release.tdnet.info/inbs/140120260805509301.pdf,https://www.release.tdnet.info/inbs/ek/140120260805509193.pdf
7749,メディキット,,2027年３月期 第１四半期決算短信〔日本基準〕（連結）,"Summary of financial results for the first quarter of the fiscal year ending March 31, 2027 [Japanese GAAP] (consolidated)",2026-08-07 16:00,https://www.release.tdnet.info/inbs/140120260728500883.pdf,
7769,リズム,"RHYTHM CO.,LTD.",2027年３月期第１四半期決算短信〔日本基準〕(連結),"[Summary]Consolidated Financial Results for the Three Months Ended June 30, 2026 (Under Japanese GAAP)",2026-08-07 16:00,https://www.release.tdnet.info/inbs/140120260806513399.pdf,https://www.release.tdnet.info/inbs/ek/140120260807514362.pdf
7771,日本精密,,令和９年３月期　第１四半期決算短信〔日本基準〕(連結),"First quarter financial results for the fiscal year ending March 31, 2020 [Japanese standards] (consolidated)",2026-08-07 16:00,https://www.release.tdnet.info/inbs/140120260804508400.pdf,
7813,プラッツ,"PLATZ Co.,Ltd.",2026年６月期 決算短信〔日本基準〕（連結）,"[Summary] Financial Results for the Year Ended June 30, 2026",2026-08-07 16:00,https://www.release.tdnet.info/inbs/140120260612569502.pdf,https://www.release.tdnet.info/inbs/ek/140120260807514159.pdf
7813,プラッツ,"PLATZ Co.,Ltd.",中期経営計画策定（ローリング）に関するお知らせ,"[Summary] Financial Results for the Year Ended June 30, 2026",2026-08-07 16:00,https://www.release.tdnet.info/inbs/140120260804508200.pdf,https://www.release.tdnet.info/inbs/ek/140120260807514159.pdf
7813,プラッツ,"PLATZ Co.,Ltd.",通期個別業績の前期実績との差異に関するお知らせ,"[Summary] Financial Results for the Year Ended June 30, 2026",2026-08-07 16:00,https://www.release.tdnet.info/inbs/140120260806511142.pdf,https://www.release.tdnet.info/inbs/ek/140120260807514159.pdf
7813,プラッツ,"PLATZ Co.,Ltd.",営業外収益の計上に関するお知らせ,"[Summary] Financial Results for the Year Ended June 30, 2026",2026-08-07 16:00,https://www.release.tdnet.info/inbs/140120260804508207.pdf,https://www.release.tdnet.info/inbs/ek/140120260807514159.pdf
7822,永大産業,,2027年３月期 第１四半期決算短信〔日本基準〕（連結）,"Summary of financial results for the first quarter of the fiscal year ending March 31, 2027 [Japanese GAAP] (consolidated)",2026-08-07 16:00,https://www.release.tdnet.info/inbs/140120260806511555.pdf,
7840,フラベッドＨ,"FRANCE BED HOLDINGS CO.,LTD.",2027年３月期  第１四半期決算短信〔日本基準〕（連結）,"[Summary] Consolidated Financial Results for the Three Months Ended June 30, 2026 (Under Japanese GAAP)",2026-08-07 16:00,https://www.release.tdnet.info/inbs/140120260804508490.pdf,https://www.release.tdnet.info/inbs/ek/140120260806513459.pdf
7871,フクビ化学工業,,2027年３月期　第１四半期決算短信〔日本基準〕(連結),"First quarter financial results for the fiscal year ending March 31, 2027 [Japanese GAAP] (consolidated)",2026-08-07 16:00,https://www.release.tdnet.info/inbs/140120260807514516.pdf,
7871,フクビ化学工業,,2027年３月期第１四半期連結業績予想値と実績値の差異並びに第２四半期（中間期）および通期連結業績予想に関するお知らせ,"Notice regarding the difference between the first quarter consolidated results forecast and actual results for the fiscal year ending March 31, 2027, and the second quarter (interim period) and full year consolidated results forecast",2026-08-07 16:00,https://www.release.tdnet.info/inbs/140120260807514556.pdf,
7887,南海プライウッド,,2027年３月期第１四半期決算短信〔日本基準〕（連結）,Summary of financial results for the first quarter of the fiscal year ending March 2027 [Japanese GAAP] (consolidated),2026-08-07 16:00,https://www.release.tdnet.info/inbs/140120260806512995.pdf,
7887,南海プライウッド,,個別決算における貸倒引当金繰入額及び貸倒引当金戻入額の計上に関するお知らせ,Notice regarding posting of allowance for doubtful accounts and reversal of allowance for doubtful accounts in individual financial statements,2026-08-07 16:00,https://www.release.tdnet.info/inbs/140120260721596586.pdf,
7916,光村印,,2027年３月期第１四半期決算短信〔日本基準〕（連結）,Summary of financial results for the first quarter of the fiscal year ending March 2027 [Japanese GAAP] (consolidated),2026-08-07 16:00,https://www.release.tdnet.info/inbs/140120260807513772.pdf,
8032,紙パル商,JAPAN PULP AND PAPER COMPANY LIMITED,2027年３月期 第１四半期決算短信〔日本基準〕(連結),Notice Regarding Decision on Acquisition of Treasury Shares,2026-08-07 16:00,https://www.release.tdnet.info/inbs/140120260804508130.pdf,https://www.release.tdnet.info/inbs/ek/140120260805509532.pdf
8032,紙パル商,JAPAN PULP AND PAPER COMPANY LIMITED,自己株式取得に係る事項の決定に関するお知らせ,Notice Regarding Decision on Acquisition of Treasury Shares,2026-08-07 16:00,https://www.release.tdnet.info/inbs/140120260805509342.pdf,https://www.release.tdnet.info/inbs/ek/140120260805509532.pdf
8091,ニチモウ,"NICHIMO CO.,LTD.",2027年3月期 第1四半期決算短信［日本基準］ （連結）,Q1 of FYE3/2027 Earnings Presentation,2026-08-07 16:00,https://www.release.tdnet.info/inbs/140120260803506548.pdf,https://www.release.tdnet.info/inbs/ek/140120260806513028.pdf
8091,ニチモウ,"NICHIMO CO.,LTD.",2027年3月期 第1四半期決算短信補足説明資料,Q1 of FYE3/2027 Earnings Presentation,2026-08-07 16:00,https://www.release.tdnet.info/inbs/140120260806513012.pdf,https://www.release.tdnet.info/inbs/ek/140120260806513028.pdf
8131,ミツウロコＧＨＤ,,2027年３月期 第１四半期決算短信〔日本基準〕（連結）,"Summary of financial results for the first quarter of the fiscal year ending March 31, 2027 [Japanese GAAP] (consolidated)",2026-08-07 16:00,https://www.release.tdnet.info/inbs/140120260807514731.pdf,
8308,りそなＨＤ,"Resona Holdings, Inc.",2027年3月期 第1四半期末の自己資本比率について,"Capital Adequacy Ratio as of June 30, 2026",2026-08-07 16:00,https://www.release.tdnet.info/inbs/140120260806513586.pdf,https://www.release.tdnet.info/inbs/ek/140120260806513591.pdf
8361,大垣銀,"The Ogaki Kyoritsu Bank,Ltd.",2027年3月期 第1四半期決算短信〔日本基準〕（連結）,"[Summary]Consolidated Financial Results for the Three Months Ended June 30,2026(Under Japanese GAAP)",2026-08-07 16:00,https://www.release.tdnet.info/inbs/140120260805509726.pdf,https://www.release.tdnet.info/inbs/ek/140120260806512744.pdf
8421,Ｙ－信中金,,自己優先出資の取得状況に関するお知らせ,Notice regarding acquisition status of self-preferred investment,2026-08-07 16:00,https://www.release.tdnet.info/inbs/140120260807514702.pdf,
8508,Ｊトラスト,,2026年12月期 第2四半期（中間期）決算短信〔IFRS〕（連結）,Summary of financial results for the second quarter (interim period) of the fiscal year ending December 2026 [IFRS] (consolidated),2026-08-07 16:00,https://www.release.tdnet.info/inbs/140120260806511462.pdf,
8508,Ｊトラスト,,2026年12月期 第2四半期（中間期）決算補足説明資料,Supplementary materials for the second quarter (interim period) of the fiscal year ending December 2026,2026-08-07 16:00,https://www.release.tdnet.info/inbs/140120260806511533.pdf,
8508,Ｊトラスト,,自己株式取得に係る事項の決定に関するお知らせ,Notice regarding decisions regarding matters related to treasury stock acquisition,2026-08-07 16:00,https://www.release.tdnet.info/inbs/140120260806511505.pdf,
8508,Ｊトラスト,,スピンオフに関する検討開始のお知らせ,Notice of start of consideration regarding spin-off,2026-08-07 16:00,https://www.release.tdnet.info/inbs/140120260806511569.pdf,
8739,スパークス,"SPARX Group Co.,Ltd.",2026年7月度（速報値）月末運用資産残高のお知らせ,SPARX Group Announces Assets Under Management for July 2026,2026-08-07 16:00,https://www.release.tdnet.info/inbs/140120260807513776.pdf,https://www.release.tdnet.info/inbs/ek/140120260807513781.pdf
8891,ＡＭＧＨＤ,,2027年３月期　第１四半期決算短信〔日本基準〕（連結）,"First quarter financial results for the fiscal year ending March 31, 2027 [Japanese standards] (consolidated)",2026-08-07 16:00,https://www.release.tdnet.info/inbs/140120260804508621.pdf,
8891,ＡＭＧＨＤ,,業績予想の修正に関するお知らせ,Notice regarding revisions to performance forecasts,2026-08-07 16:00,https://www.release.tdnet.info/inbs/140120260807513841.pdf,
8894,ＲＥＶＯＬＵＴＩＯＮ,,販売用不動産の取得に関するお知らせ,Notice regarding acquisition of real estate for sale,2026-08-07 16:00,https://www.release.tdnet.info/inbs/140120260807514256.pdf,
8952,Ｒ－ジャパン,Japan Real Estate Investment Corporation,借入金の期限前弁済に関するお知らせ,Announcement of Loan Prepayment,2026-08-07 16:00,https://www.release.tdnet.info/inbs/140120260807515424.pdf,https://www.release.tdnet.info/inbs/ek/140120260807515434.pdf
8995,誠建設,,2027年３月期　第１四半期決算短信[日本基準]（連結）,First quarter financial results for the fiscal year ending March 2027 [Japanese GAAP] (consolidated),2026-08-07 16:00,https://www.release.tdnet.info/inbs/140120260806511260.pdf,
8996,ハウスフリーダム,,2026年12月期　第２四半期（中間期）決算短信〔日本基準〕（連結）,Summary of financial results for the second quarter (interim period) of the fiscal year ending December 2026 [Japanese GAAP] (consolidated),2026-08-07 16:00,https://www.release.tdnet.info/inbs/140120260806512399.pdf,
8996,ハウスフリーダム,,2026年12月期　第２四半期（中間期）決算説明資料,2nd quarter (interim period) financial results explanatory material for the fiscal year ending December 2026,2026-08-07 16:00,https://www.release.tdnet.info/inbs/140120260806512417.pdf,
9256,Ｇ－サクシード,,2027年３月期第１四半期決算短信〔日本基準〕(連結),Summary of financial results for the first quarter of the fiscal year ending March 2027 [Japanese GAAP] (consolidated),2026-08-07 16:00,https://www.release.tdnet.info/inbs/140120260806513525.pdf,
9256,Ｇ－サクシード,,2027年３月期第１四半期決算説明補助資料,Supplementary material for the first quarter of the fiscal year ending March 2027,2026-08-07 16:00,https://www.release.tdnet.info/inbs/140120260806513547.pdf,
9305,ヤマタネ,Yamatane Corporation,2027年３月期第１四半期決算短信〔日本基準〕(連結),"[Summary]Consolidated Financial Results for the Three Months Ended June 30, 2026 [Japanese GAAP]",2026-08-07 16:00,https://www.release.tdnet.info/inbs/140120260807514688.pdf,https://www.release.tdnet.info/inbs/ek/140120260807514567.pdf
9319,中央倉庫,"Chuo Warehouse Co.,Ltd.",2027年３月期　第１四半期決算短信〔日本基準〕（連結）,"[Summary]Consolidated Financial Results for the Three Months Ended June 30, 2026 (Under Japanese GAAP)",2026-08-07 16:00,https://www.release.tdnet.info/inbs/140120260807513872.pdf,https://www.release.tdnet.info/inbs/ek/140120260807513993.pdf
9339,コーチ・エィ,,2026年12月期 第2四半期(中間期)決算短信〔日本基準〕(連結),Summary of financial results for the second quarter (interim period) of the fiscal year ending December 2026 [Japanese GAAP] (consolidated),2026-08-07 16:00,https://www.release.tdnet.info/inbs/140120260806513101.pdf,
9339,コーチ・エィ,,2026年12月期上期 決算説明資料,Financial results briefing materials for the first half of the fiscal year ending December 2026,2026-08-07 16:00,https://www.release.tdnet.info/inbs/140120260807514657.pdf,
9366,サンリツ,SANRITSU CORPORATION,2027年3月期 第1四半期決算短信[日本基準](連結),"Summary of Consolidated Financial Results for the Three Months Ended June 30, 2026 (Based on Japanese GAAP)",2026-08-07 16:00,https://www.release.tdnet.info/inbs/140120260806511315.pdf,https://www.release.tdnet.info/inbs/ek/140120260806511336.pdf
9381,エーアイテイー,AIT CORPORATION,非上場の親会社等（その他の関係会社）の決算情報に関するお知らせ,[Summary]Notice Regarding Financial Results of Non-listed Other Affiliated Company,2026-08-07 16:00,https://www.release.tdnet.info/inbs/140120260804507696.pdf,https://www.release.tdnet.info/inbs/ek/140120260804507698.pdf
9409,テレビ朝日ＨＤ,TV Asahi Holdings Corporation,2027年3月期第1四半期 決算補足資料,"[Summary]TV Asahi Holdings Corporation Consolidated Financial Results for the Three Months Ended June 30, 2026 (Under Japanese GAAP)",2026-08-07 16:00,https://www.release.tdnet.info/inbs/140120260807513884.pdf,https://www.release.tdnet.info/inbs/ek/140120260807513900.pdf
9409,テレビ朝日ＨＤ,TV Asahi Holdings Corporation,2027年3月期 第1四半期決算短信〔日本基準〕(連結),"[Summary]TV Asahi Holdings Corporation Consolidated Financial Results for the Three Months Ended June 30, 2026 (Under Japanese GAAP)",2026-08-07 16:00,https://www.release.tdnet.info/inbs/140120260731505769.pdf,https://www.release.tdnet.info/inbs/ek/140120260807513900.pdf
9421,エヌジェイＨＤ,NJ Holdings Inc.,業績予想と実績の差異、貸倒引当金戻入額、営業外収益及び特別損失の計上、並びに剰余金の配当（無配）に関するお知らせ,"[Summary] Financial Results for the Year Ended June 30, 2026",2026-08-07 16:00,https://www.release.tdnet.info/inbs/140120260807514369.pdf,https://www.release.tdnet.info/inbs/ek/140120260807515206.pdf
9421,エヌジェイＨＤ,NJ Holdings Inc.,2026年6月期 決算短信〔日本基準〕（連結）,"[Summary] Financial Results for the Year Ended June 30, 2026",2026-08-07 16:00,https://www.release.tdnet.info/inbs/140120260807514453.pdf,https://www.release.tdnet.info/inbs/ek/140120260807515206.pdf
9446,サカイＨＤ,,2026年9月期 第3四半期決算短信〔日本基準〕（連結）,Summary of financial results for the third quarter of the fiscal year ending September 2026 [Japanese GAAP] (consolidated),2026-08-07 16:00,https://www.release.tdnet.info/inbs/140120260728500788.pdf,
9446,サカイＨＤ,,特別損失の計上に関するお知らせ,Notice regarding recording of extraordinary loss,2026-08-07 16:00,https://www.release.tdnet.info/inbs/140120260803507396.pdf,
9502,中部電力,"Chubu Electric Power Company,Incorporated",2027年3月期　第1四半期決算短信〔日本基準〕(連結)(開示事項の追加及び監査法人による期中レビューの完了),1st Quarter Financial Report (Addition of disclosures and completion of auditor's review),2026-08-07 16:00,https://www.release.tdnet.info/inbs/140120260806511977.pdf,https://www.release.tdnet.info/inbs/ek/140120260806511992.pdf
9635,武蔵野興,,2027年３月期第１四半期決算短信〔日本基準〕（連結）,Summary of financial results for the first quarter of the fiscal year ending March 2027 [Japanese GAAP] (consolidated),2026-08-07 16:00,https://www.release.tdnet.info/inbs/140120260806511848.pdf,
9643,中日興,,令和９年３月期 第１四半期決算短信〔日本基準〕(非連結）,"Summary of financial results for the first quarter of the fiscal year ending March 31, 2020 [Japanese standards] (non-consolidated)",2026-08-07 16:00,https://www.release.tdnet.info/inbs/140120260803507520.pdf,
9664,御園座,,令和９年３月期 第１四半期決算短信〔日本基準〕(非連結),"Summary of financial results for the first quarter of the fiscal year ending March 31, 2020 [Japanese standards] (non-consolidated)",2026-08-07 16:00,https://www.release.tdnet.info/inbs/140120260806512786.pdf,
9702,アイエスビー,ISB CORPORATION,2026年12月期第2四半期決算説明資料,"［Summary］Consolidated Financial Results for the Six Months Ended June 30, 2026",2026-08-07 16:00,https://www.release.tdnet.info/inbs/140120260807515190.pdf,https://www.release.tdnet.info/inbs/ek/140120260806512933.pdf
9702,アイエスビー,ISB CORPORATION,2026年12月期 第2四半期（中間期）決算短信〔日本基準〕（連結）,"［Summary］Consolidated Financial Results for the Six Months Ended June 30, 2026",2026-08-07 16:00,https://www.release.tdnet.info/inbs/140120260806512792.pdf,https://www.release.tdnet.info/inbs/ek/140120260806512933.pdf
9723,京都ホテル,,2027年度３月期　第１四半期決算短信〔日本基準〕（非連結）,"First quarter financial results for the fiscal year ending March 31, 2027 [Japanese GAAP] (non-consolidated)",2026-08-07 16:00,https://www.release.tdnet.info/inbs/140120260806513113.pdf,
9746,ＴＫＣ,TKC Corporation,令和８年９月期  第３四半期決算短信〔日本基準〕（連結）,Notice Regarding Revision of Dividend Forecast (Dividend Increase) for the Fiscal Year Ending September 2026,2026-08-07 16:00,https://www.release.tdnet.info/inbs/140120260806512599.pdf,https://www.release.tdnet.info/inbs/ek/140120260806513020.pdf
9746,ＴＫＣ,TKC Corporation,令和８年９月期 第３四半期決算説明資料,Notice Regarding Revision of Dividend Forecast (Dividend Increase) for the Fiscal Year Ending September 2026,2026-08-07 16:00,https://www.release.tdnet.info/inbs/140120260806512962.pdf,https://www.release.tdnet.info/inbs/ek/140120260806513020.pdf
9746,ＴＫＣ,TKC Corporation,令和８年９月期　配当予想の修正（増配）に関するお知らせ,Notice Regarding Revision of Dividend Forecast (Dividend Increase) for the Fiscal Year Ending September 2026,2026-08-07 16:00,https://www.release.tdnet.info/inbs/140120260806512984.pdf,https://www.release.tdnet.info/inbs/ek/140120260806513020.pdf
9799,旭情報,,株式会社スィンクの株式取得（子会社化）に関するお知らせ,"Notice regarding stock acquisition of Sink Co., Ltd. (making it a subsidiary)",2026-08-07 16:00,https://www.release.tdnet.info/inbs/140120260806511558.pdf,
9827,リリカラ,,2026年12月期 第２四半期（中間期）決算短信〔日本基準〕(非連結),Summary of financial results for the second quarter (interim period) of the fiscal year ending December 2026 [Japanese GAAP] (non-consolidated),2026-08-07 16:00,https://www.release.tdnet.info/inbs/140120260805510119.pdf,
9827,リリカラ,,2026年12月期第２四半期(中間期)業績予想と実績値との差異に関するお知らせ,Notice regarding the difference between the forecast and actual results for the second quarter (interim period) of the fiscal year ending December 2026,2026-08-07 16:00,https://www.release.tdnet.info/inbs/140120260805510148.pdf,
9827,リリカラ,,2026年12月期第２四半期決算説明資料,Financial results briefing for the second quarter of the fiscal year ending December 2026,2026-08-07 16:00,https://www.release.tdnet.info/inbs/140120260807513946.pdf,
9895,コンセック,,2027年３月期第１四半期決算短信〔日本基準〕（連結）,Summary of financial results for the first quarter of the fiscal year ending March 2027 [Japanese GAAP] (consolidated),2026-08-07 16:00,https://www.release.tdnet.info/inbs/140120260728500488.pdf,
9960,東テク,TOTECH CORPORATION,2027年３月期 第１四半期決算短信［日本基準］(連結),TOTECH Group Supplementary Material for Q1 FY3/27,2026-08-07 16:00,https://www.release.tdnet.info/inbs/140120260806511781.pdf,https://www.release.tdnet.info/inbs/ek/140120260806511841.pdf
9960,東テク,TOTECH CORPORATION,東テクグループ 2027年3月期 第1四半期 決算補足資料,TOTECH Group Supplementary Material for Q1 FY3/27,2026-08-07 16:00,https://www.release.tdnet.info/inbs/140120260806511730.pdf,https://www.release.tdnet.info/inbs/ek/140120260806511841.pdf
6227,ＡＩメカテック,,2026年６月期 決算短信〔日本基準〕（連結）,Summary of financial results for the fiscal year ending June 2026 [Japanese standards] (consolidated),2026-08-07 15:55,https://www.release.tdnet.info/inbs/140120260806512810.pdf,
6227,ＡＩメカテック,,2026年６月期 決算短信補足説明資料,Supplementary explanatory materials for financial results for the fiscal year ending June 2026,2026-08-07 15:55,https://www.release.tdnet.info/inbs/140120260806512836.pdf,
6227,ＡＩメカテック,,特別損失及び法人税等調整額（益）の計上に関するお知らせ,Notice regarding recording of extraordinary loss and corporate tax adjustment (gain),2026-08-07 15:55,https://www.release.tdnet.info/inbs/140120260806512849.pdf,
6227,ＡＩメカテック,,中期経営計画見直しに関するお知らせ,Notice regarding review of medium-term management plan,2026-08-07 15:55,https://www.release.tdnet.info/inbs/140120260806512855.pdf,
6227,ＡＩメカテック,,大手半導体関連メーカーより大口受注のお知らせ,Announcement of large order from major semiconductor related manufacturer,2026-08-07 15:55,https://www.release.tdnet.info/inbs/140120260806512861.pdf,
1822,大豊建,,2027年3月期第1四半期決算短信〔日本基準〕（連結）,"Summary of financial results for the first quarter of the fiscal year ending March 31, 2027 [Japanese GAAP] (consolidated)",2026-08-07 15:50,https://www.release.tdnet.info/inbs/140120260807515083.pdf,
5356,美濃窯業,,2027年３月期　第１四半期決算短信〔日本基準〕(連結),"First quarter financial results for the fiscal year ending March 31, 2027 [Japanese GAAP] (consolidated)",2026-08-07 15:50,https://www.release.tdnet.info/inbs/140120260731504463.pdf,
6580,Ｇ－ライトアップ,,2027年３月期 第１四半期決算短信〔日本基準〕（連結）,"Summary of financial results for the first quarter of the fiscal year ending March 31, 2027 [Japanese GAAP] (consolidated)",2026-08-07 15:50,https://www.release.tdnet.info/inbs/140120260807514485.pdf,
2819,エバラ食品工業,,2027年3月期 第1四半期決算短信〔日本基準〕（連結）,"Summary of financial results for the first quarter of the fiscal year ending March 31, 2027 [Japanese GAAP] (consolidated)",2026-08-07 15:45,https://www.release.tdnet.info/inbs/140120260806512839.pdf,
2819,エバラ食品工業,,2027年3月期 第1四半期決算短信補足資料,Supplementary materials for the first quarter financial results for the fiscal year ending March 2027,2026-08-07 15:45,https://www.release.tdnet.info/inbs/140120260807514736.pdf,
2819,エバラ食品工業,,譲渡制限付株式報酬としての自己株式の処分の割当完了に関するお知らせ,Notice regarding completion of allotment of disposal of treasury stock as restricted stock compensation,2026-08-07 15:45,https://www.release.tdnet.info/inbs/140120260806511084.pdf,
3374,内外テック,,2027年３月期 第１四半期決算短信〔日本基準〕（連結）,"Summary of financial results for the first quarter of the fiscal year ending March 31, 2027 [Japanese GAAP] (consolidated)",2026-08-07 15:45,https://www.release.tdnet.info/inbs/140120260806511943.pdf,
3374,内外テック,,業績予想の修正および配当予想の修正に関するお知らせ,Notice regarding revisions to earnings forecasts and dividend forecasts,2026-08-07 15:45,https://www.release.tdnet.info/inbs/140120260807513939.pdf,
3374,内外テック,,2027年3月期第1四半期決算説明資料,Financial results briefing for the first quarter of the fiscal year ending March 2027,2026-08-07 15:45,https://www.release.tdnet.info/inbs/140120260807513988.pdf,
3771,システムリサーチ,"SYSTEM RESEARCH CO.,LTD.",譲渡制限付株式報酬としての自己株式の処分の払込完了に関するお知らせ,Notice Regarding Completion of Payment for Treasury Shares Disposed of as Restricted Share Remuneration,2026-08-07 15:45,https://www.release.tdnet.info/inbs/140120260804507864.pdf,https://www.release.tdnet.info/inbs/ek/140120260804507988.pdf
4629,大伸化学,,2027年３月期　第１四半期決算短信〔日本基準〕（連結）,"First quarter financial results for the fiscal year ending March 31, 2027 [Japanese standards] (consolidated)",2026-08-07 15:45,https://www.release.tdnet.info/inbs/140120260803507424.pdf,
4629,大伸化学,,連結業績予想の修正に関するお知らせ,Notice regarding revisions to consolidated performance forecasts,2026-08-07 15:45,https://www.release.tdnet.info/inbs/140120260715594456.pdf,
4976,ドライルーブ,,2026年６月期 決算短信〔日本基準〕（連結）,Summary of financial results for the fiscal year ending June 2026 [Japanese standards] (consolidated),2026-08-07 15:45,https://www.release.tdnet.info/inbs/140120260807515135.pdf,
4976,ドライルーブ,,剰余金の配当(期末配当)に関するお知らせ,Notice regarding dividend of surplus (year-end dividend),2026-08-07 15:45,https://www.release.tdnet.info/inbs/140120260807515165.pdf,
4976,ドライルーブ,,取締役候補者の選任に関するお知らせ,Notice regarding appointment of director candidates,2026-08-07 15:45,https://www.release.tdnet.info/inbs/140120260807515174.pdf,
6637,寺崎電気,,2027年３月期 第１四半期決算短信〔日本基準〕（連結）,"Summary of financial results for the first quarter of the fiscal year ending March 31, 2027 [Japanese GAAP] (consolidated)",2026-08-07 15:45,https://www.release.tdnet.info/inbs/140120260806512090.pdf,
6637,寺崎電気,,2027年３月期 第１四半期決算短信補足資料,"Supplementary materials for the first quarter financial results for the fiscal year ending March 31, 2027",2026-08-07 15:45,https://www.release.tdnet.info/inbs/140120260806512497.pdf,
7509,アイエーＧ,,2027年３月期 第１四半期決算短信〔日本基準〕（連結）,"Summary of financial results for the first quarter of the fiscal year ending March 31, 2027 [Japanese GAAP] (consolidated)",2026-08-07 15:45,https://www.release.tdnet.info/inbs/140120260806511572.pdf,
7634,星医療,,2027年３月期第１四半期決算短信［日本基準］(連結),Summary of financial results for the first quarter of the fiscal year ending March 2027 [Japanese GAAP] (consolidated),2026-08-07 15:45,https://www.release.tdnet.info/inbs/140120260806512719.pdf,
8214,ＡＯＫＩ　ＨＤ,AOKI Holdings Inc.,2027年３月期　第１四半期決算短信〔日本基準〕（連結）,"Supplementary Materials for the First Quarter of the Fiscal Year Ending March 31, 2027",2026-08-07 15:45,https://www.release.tdnet.info/inbs/140120260806513247.pdf,https://www.release.tdnet.info/inbs/ek/140120260806513311.pdf
8214,ＡＯＫＩ　ＨＤ,AOKI Holdings Inc.,2027年３月期　第１四半期　決算補足説明資料,"Supplementary Materials for the First Quarter of the Fiscal Year Ending March 31, 2027",2026-08-07 15:45,https://www.release.tdnet.info/inbs/140120260806513305.pdf,https://www.release.tdnet.info/inbs/ek/140120260806513311.pdf
8742,小林洋行,,2027年３月期　第１四半期決算短信〔日本基準〕（連結）,"First quarter financial results for the fiscal year ending March 31, 2027 [Japanese standards] (consolidated)",2026-08-07 15:45,https://www.release.tdnet.info/inbs/140120260807514121.pdf,
9348,Ｇ－ｉｓｐａｃｅ,"ispace,inc.",営業外収益（為替差益）の計上に関するお知らせ,"Consolidated Financial Results for the First Quarter of the Fiscal Year Ending March 31,2027[Japanese GAAP]",2026-08-07 15:45,https://www.release.tdnet.info/inbs/140120260806511062.pdf,https://www.release.tdnet.info/inbs/ek/140120260806511069.pdf
9348,Ｇ－ｉｓｐａｃｅ,"ispace,inc.",2027年3月期Q1 決算説明資料,"Consolidated Financial Results for the First Quarter of the Fiscal Year Ending March 31,2027[Japanese GAAP]",2026-08-07 15:45,https://www.release.tdnet.info/inbs/140120260806511064.pdf,https://www.release.tdnet.info/inbs/ek/140120260806511069.pdf
9348,Ｇ－ｉｓｐａｃｅ,"ispace,inc.",（開示事項の経過）宇宙戦略基金第二期（月極域における高精度着陸技術）補助金交付決定のお知らせ,"Consolidated Financial Results for the First Quarter of the Fiscal Year Ending March 31,2027[Japanese GAAP]",2026-08-07 15:45,https://www.release.tdnet.info/inbs/140120260806511066.pdf,https://www.release.tdnet.info/inbs/ek/140120260806511069.pdf
9348,Ｇ－ｉｓｐａｃｅ,"ispace,inc.",2027年３月期 第１四半期決算短信〔日本基準〕（連結）,"Consolidated Financial Results for the First Quarter of the Fiscal Year Ending March 31,2027[Japanese GAAP]",2026-08-07 15:45,https://www.release.tdnet.info/inbs/140120260806511068.pdf,https://www.release.tdnet.info/inbs/ek/140120260806511069.pdf
9433,ＫＤＤＩ,KDDI CORPORATION,業績連動型株式報酬制度の継続に伴う自己株式処分に関するお知らせ,Data Book for the 1st Quarter of FY2027.3,2026-08-07 15:45,https://www.release.tdnet.info/inbs/140120260806512616.pdf,https://www.release.tdnet.info/inbs/ek/140120260806512721.pdf
9433,ＫＤＤＩ,KDDI CORPORATION,自己株式の取得状況に関するお知らせ,Data Book for the 1st Quarter of FY2027.3,2026-08-07 15:45,https://www.release.tdnet.info/inbs/140120260806512648.pdf,https://www.release.tdnet.info/inbs/ek/140120260806512721.pdf
9433,ＫＤＤＩ,KDDI CORPORATION,2027年3月期　第1四半期決算短信〔IFRS〕（連結）,Data Book for the 1st Quarter of FY2027.3,2026-08-07 15:45,https://www.release.tdnet.info/inbs/140120260806511956.pdf,https://www.release.tdnet.info/inbs/ek/140120260806512721.pdf
9433,ＫＤＤＩ,KDDI CORPORATION,2027年3月期　第1四半期決算説明会資料,Data Book for the 1st Quarter of FY2027.3,2026-08-07 15:45,https://www.release.tdnet.info/inbs/140120260806512701.pdf,https://www.release.tdnet.info/inbs/ek/140120260806512721.pdf
9433,ＫＤＤＩ,KDDI CORPORATION,2027年3月期　第1四半期決算詳細資料（データブック）,Data Book for the 1st Quarter of FY2027.3,2026-08-07 15:45,https://www.release.tdnet.info/inbs/140120260806512716.pdf,https://www.release.tdnet.info/inbs/ek/140120260806512721.pdf
1420,サンヨーＨ,,従業員向けインセンティブ・プランにおける株式取得に係る事項の決定に関するお知らせ,Notice regarding decisions regarding stock acquisition under the employee incentive plan,2026-08-07 15:40,https://www.release.tdnet.info/inbs/140120260807514068.pdf,
1420,サンヨーＨ,,従業員向けインセンティブ・プランの継続に伴う自己株式の処分に関するお知らせ,Notice regarding disposal of treasury stock due to continuation of employee incentive plan,2026-08-07 15:40,https://www.release.tdnet.info/inbs/140120260807514454.pdf,
2209,井村屋Ｇ,"IMURAYA GROUP CO.,LTD.",2027年3月期　第1四半期決算短信〔日本基準〕（連結）,"[Summary]Consolidated Financial Results for the Three Months Ended June 30, 2026[Under Japanese GAAP]",2026-08-07 15:40,https://www.release.tdnet.info/inbs/140120260727500196.pdf,https://www.release.tdnet.info/inbs/ek/140120260727500226.pdf
2282,日ハム,NH Foods Ltd.,2027 年３月期 第１四半期決算短信〔ＩＦＲＳ〕（連結）（公認会計士等による期中レビューの完了）,Notice of Partial Changes to the Shareholder Special Benefit Plan,2026-08-07 15:40,https://www.release.tdnet.info/inbs/140120260806513332.pdf,https://www.release.tdnet.info/inbs/ek/140120260807514300.pdf
2282,日ハム,NH Foods Ltd.,株主優待制度の一部変更に関するお知らせ,Notice of Partial Changes to the Shareholder Special Benefit Plan,2026-08-07 15:40,https://www.release.tdnet.info/inbs/140120260807514284.pdf,https://www.release.tdnet.info/inbs/ek/140120260807514300.pdf
2376,サイネックス,,令和９年３月期  第１四半期決算短信〔日本基準〕（連結）,"Summary of financial results for the first quarter of the fiscal year ending March 31, 2020 [Japanese standards] (consolidated)",2026-08-07 15:40,https://www.release.tdnet.info/inbs/140120260805510609.pdf,
3174,ハピネス＆Ｄ,,月次売上高前年比等（速報）に関するお知らせ,Notice regarding monthly sales year-on-year comparison (flash report),2026-08-07 15:40,https://www.release.tdnet.info/inbs/140120260807513898.pdf,
3895,ハビックス,,2027年３月期　通期業績予想に関するお知らせ,Notice regarding full-year performance forecast for the fiscal year ending March 2027,2026-08-07 15:40,https://www.release.tdnet.info/inbs/140120260728500501.pdf,
3895,ハビックス,,2027年3月期 第1四半期決算短信〔日本基準〕(非連結),"Summary of financial results for the first quarter of the fiscal year ending March 31, 2027 [Japanese GAAP] (non-consolidated)",2026-08-07 15:40,https://www.release.tdnet.info/inbs/140120260728500500.pdf,
4406,新日本理化,,2027年３月期　第１四半期決算短信〔日本基準〕（連結）,"First quarter financial results for the fiscal year ending March 31, 2027 [Japanese standards] (consolidated)",2026-08-07 15:40,https://www.release.tdnet.info/inbs/140120260806512017.pdf,
4406,新日本理化,,2027年３月期連結業績予想の修正に関するお知らせ,Notice regarding revisions to consolidated financial forecasts for the fiscal year ending March 2027,2026-08-07 15:40,https://www.release.tdnet.info/inbs/140120260806512197.pdf,
4406,新日本理化,,天然高級アルコール事業からの撤退に関するお知らせ,Notice regarding withdrawal from natural high alcohol business,2026-08-07 15:40,https://www.release.tdnet.info/inbs/140120260806512206.pdf,
4406,新日本理化,,持分法適用関連会社の異動（株式譲渡及び合弁解消）並びに特別損失の計上に関するお知らせ,Notice regarding changes in equity method affiliates (stock transfer and dissolution of joint venture) and recording of extraordinary losses,2026-08-07 15:40,https://www.release.tdnet.info/inbs/140120260806512226.pdf,
4769,ＩＣ,,2026年９月期 第３四半期決算短信〔日本基準〕(連結),Summary of financial results for the third quarter of the fiscal year ending September 2026 [Japanese GAAP] (consolidated),2026-08-07 15:40,https://www.release.tdnet.info/inbs/140120260806512902.pdf,
5216,倉元,,2026年12月期　第２四半期（中間期）決算短信〔日本基準〕（連結）,Summary of financial results for the second quarter (interim period) of the fiscal year ending December 2026 [Japanese GAAP] (consolidated),2026-08-07 15:40,https://www.release.tdnet.info/inbs/140120260806512254.pdf,
5216,倉元,,2026年12月期　第２四半期決算説明資料,Second quarter financial results explanatory material for the fiscal year ending December 2026,2026-08-07 15:40,https://www.release.tdnet.info/inbs/140120260806512277.pdf,
5216,倉元,,営業外費用の計上に関するお知らせ,Notice regarding recording of non-operating expenses,2026-08-07 15:40,https://www.release.tdnet.info/inbs/140120260806512350.pdf,
5971,共和工業,,（開示事項の経過）新工場建設における投資総額の変更および補助金交付決定に関するお知らせ,(Progress of disclosure matters) Notice regarding changes in total investment in new factory construction and decision to issue subsidies,2026-08-07 15:40,https://www.release.tdnet.info/inbs/140120260807515094.pdf,
5971,共和工業,,資本コストや株価を意識した経営の実現に向けた対応について,Measures to realize management that is conscious of capital costs and stock prices,2026-08-07 15:40,https://www.release.tdnet.info/inbs/140120260807515129.pdf,
6339,新東工,"Sintokogio,Ltd.",2027年3月期第1四半期決算短信〔日本基準〕（連結）,Notice Concerning Determination of Matters Related to Acquisition of Own Shares,2026-08-07 15:40,https://www.release.tdnet.info/inbs/140120260720596301.pdf,https://www.release.tdnet.info/inbs/ek/140120260805510633.pdf
6339,新東工,"Sintokogio,Ltd.",2027年3月期 第1四半期 決算資料（概要）,Notice Concerning Determination of Matters Related to Acquisition of Own Shares,2026-08-07 15:40,https://www.release.tdnet.info/inbs/140120260720596294.pdf,https://www.release.tdnet.info/inbs/ek/140120260805510633.pdf
6339,新東工,"Sintokogio,Ltd.",自己株式取得に係る事項の決定に関するお知らせ,Notice Concerning Determination of Matters Related to Acquisition of Own Shares,2026-08-07 15:40,https://www.release.tdnet.info/inbs/140120260805510628.pdf,https://www.release.tdnet.info/inbs/ek/140120260805510633.pdf
6777,ｓａｎｔｅｃＨＤ,,2027年３月期　第１四半期決算短信〔日本基準〕（連結）,"First quarter financial results for the fiscal year ending March 31, 2027 [Japanese standards] (consolidated)",2026-08-07 15:40,https://www.release.tdnet.info/inbs/140120260806513067.pdf,
6777,ｓａｎｔｅｃＨＤ,,2027年３月期　第１四半期決算説明資料,First quarter financial results explanatory material for the fiscal year ending March 2027,2026-08-07 15:40,https://www.release.tdnet.info/inbs/140120260806513103.pdf,
7531,清和中央,,2026年12月期　第2四半期（中間期）決算短信〔日本基準〕（連結）,Summary of financial results for the second quarter (interim period) of the fiscal year ending December 2026 [Japanese GAAP] (consolidated),2026-08-07 15:40,https://www.release.tdnet.info/inbs/140120260806512799.pdf,
7531,清和中央,,2026年12月期中間連結会計期間の業績予想と実績値との差異及び配当予想の修正に関するお知らせ,Notice regarding the difference between the performance forecast and actual results for the interim consolidated accounting period ending December 2026 and the revision of the dividend forecast,2026-08-07 15:40,https://www.release.tdnet.info/inbs/140120260806512971.pdf,
7709,クボテック,,2027年3月期　第１四半期決算短信〔日本基準〕（連結）,"First quarter financial results for the fiscal year ending March 31, 2027 [Japanese standards] (consolidated)",2026-08-07 15:40,https://www.release.tdnet.info/inbs/140120260714593616.pdf,
7709,クボテック,,2027年3月期第１四半期の四半期連結財務諸表に係る期中レビュー報告書の結論の不表明に関するお知らせ,"Notice regarding the non-statement of the conclusion of the interim review report regarding the quarterly consolidated financial statements for the first quarter of the fiscal year ending March 31, 2027",2026-08-07 15:40,https://www.release.tdnet.info/inbs/140120260714593619.pdf,
9082,大和自交,,当社取締役及び従業員並びに当社子会社取締役及び従業員に対する譲渡制限付株式報酬としての自己株式の処分の払込完了及び一部失権に関するお知らせ,Notice regarding completion of payment and partial forfeiture of treasury stock as restricted stock compensation for directors and employees of the Company and directors and employees of the Company's subsidiaries,2026-08-07 15:40,https://www.release.tdnet.info/inbs/140120260805509794.pdf,
9249,日本エコシステム,"Japan Ecosystem Co.,Ltd.",2026年９月期第３四半期決算短信〔日本基準〕(連結),"Consolidated Financial Results for the Nine Months Ended June 30, 2026 (Under Japanese GAAP)",2026-08-07 15:40,https://www.release.tdnet.info/inbs/140120260806511582.pdf,https://www.release.tdnet.info/inbs/ek/140120260806512305.pdf
9249,日本エコシステム,"Japan Ecosystem Co.,Ltd.",2026年９月期第３四半期 決算説明資料,"Consolidated Financial Results for the Nine Months Ended June 30, 2026 (Under Japanese GAAP)",2026-08-07 15:40,https://www.release.tdnet.info/inbs/140120260806512265.pdf,https://www.release.tdnet.info/inbs/ek/140120260806512305.pdf
9753,ＩＸナレッジ,,2027年3月期 第1四半期決算短信〔日本基準〕（連結）,"Summary of financial results for the first quarter of the fiscal year ending March 31, 2027 [Japanese GAAP] (consolidated)",2026-08-07 15:40,https://www.release.tdnet.info/inbs/140120260727500325.pdf,
9753,ＩＸナレッジ,,2027年3月期 第1四半期決算短信補足説明資料,"Supplementary materials for the first quarter financial results for the fiscal year ending March 31, 2027",2026-08-07 15:40,https://www.release.tdnet.info/inbs/140120260806512489.pdf,
9753,ＩＸナレッジ,,取締役に対する譲渡制限付株式報酬としての自己株式処分の割当完了に関するお知らせ,Notice regarding completion of allotment of treasury stock as restricted stock compensation to directors,2026-08-07 15:40,https://www.release.tdnet.info/inbs/140120260806513173.pdf,
4392,ＦＩＧ,"Future Innovation Group,Inc.",2026年12月期 第２四半期（中間期）決算短信〔日本基準〕(連結),FY2026 Q2 Financial Results Presentation,2026-08-07 15:35,https://www.release.tdnet.info/inbs/140120260806512467.pdf,https://www.release.tdnet.info/inbs/ek/140120260806512500.pdf
4392,ＦＩＧ,"Future Innovation Group,Inc.",2026年12月期 第２四半期決算説明資料,FY2026 Q2 Financial Results Presentation,2026-08-07 15:35,https://www.release.tdnet.info/inbs/140120260806512494.pdf,https://www.release.tdnet.info/inbs/ek/140120260806512500.pdf
4586,Ｇ－メドレック,,2026年12月期 第２四半期（中間期）決算短信〔日本基準〕(連結),Summary of financial results for the second quarter (interim period) of the fiscal year ending December 2026 [Japanese GAAP] (consolidated),2026-08-07 15:35,https://www.release.tdnet.info/inbs/140120260807514972.pdf,
4586,Ｇ－メドレック,,業績予想の修正に関するお知らせ,Notice regarding revisions to performance forecasts,2026-08-07 15:35,https://www.release.tdnet.info/inbs/140120260807515014.pdf,
4586,Ｇ－メドレック,,第三者割当による行使価額修正条項付第32回及び第35回新株予約権調達資金の支出予定時期変更に関するお知らせ,Notice regarding change in the scheduled disbursement timing of the 32nd and 35th stock acquisition rights procurement funds with exercise price revision provisions through third-party allotment,2026-08-07 15:35,https://www.release.tdnet.info/inbs/140120260807515033.pdf,
4586,Ｇ－メドレック,,東京証券取引所「スタンダード市場」への市場区分変更申請に関するお知らせ,Notice regarding application for market classification change to Tokyo Stock Exchange “Standard Market”,2026-08-07 15:35,https://www.release.tdnet.info/inbs/140120260807514854.pdf,
4586,Ｇ－メドレック,,営業外費用の計上に関するお知らせ,Notice regarding recording of non-operating expenses,2026-08-07 15:35,https://www.release.tdnet.info/inbs/140120260807515125.pdf,
4598,Ｇ－ＤＥＬＴＡ－Ｐ,,2027年３月期第１四半期決算短信〔日本基準〕(非連結),Summary of financial results for the first quarter of the fiscal year ending March 2027 [Japanese GAAP] (non-consolidated),2026-08-07 15:35,https://www.release.tdnet.info/inbs/140120260807514524.pdf,
4598,Ｇ－ＤＥＬＴＡ－Ｐ,,2027年３月期第１四半期決算補足説明資料,Supplementary materials for the first quarter of the fiscal year ending March 2027,2026-08-07 15:35,https://www.release.tdnet.info/inbs/140120260807514522.pdf,
4598,Ｇ－ＤＥＬＴＡ－Ｐ,,第三者割当による第12回新株予約権（行使価額修正条項付）の発行価額の払込完了に関するお知らせ,Notice regarding the completion of payment of the issue price of the 12th stock acquisition rights (with exercise price revision clause) through third-party allotment,2026-08-07 15:35,https://www.release.tdnet.info/inbs/140120260807514633.pdf,
9612,ラックランド,"LUCKLAND CO.,LTD.",2026年12月期第２四半期（中間期）の連結業績予想の修正に関するお知らせ,"Revision of Consolidated Earnings Forecast for the First Half of the Fiscal Year Ending December 31, 2026",2026-08-07 15:35,https://www.release.tdnet.info/inbs/140120260807513923.pdf,https://www.release.tdnet.info/inbs/ek/140120260807514136.pdf
1345,上場Ｊリート,,投資信託約款の一部変更に関するお知らせ,Notice regarding partial changes to investment trust terms and conditions,2026-08-07 15:30,https://www.release.tdnet.info/inbs/140120260807515283.pdf,
1381,アクシーズ,,2026年6月期決算短信〔日本基準〕(連結),Summary of financial results for the fiscal year ending June 2026 [Japanese standards] (consolidated),2026-08-07 15:30,https://www.release.tdnet.info/inbs/140120260807514346.pdf,
1381,アクシーズ,,剰余金の配当(増配)に関するお知らせ,Notice regarding dividend (increase) of surplus,2026-08-07 15:30,https://www.release.tdnet.info/inbs/140120260807515042.pdf,
1382,ホーブ,,札幌証券取引所への重複上場申請の取り下げのお知らせ,Notice of withdrawal of application for dual listing on Sapporo Stock Exchange,2026-08-07 15:30,https://www.release.tdnet.info/inbs/140120260804508722.pdf,
1382,ホーブ,,2026年６月期決算短信〔日本基準〕（連結）,Summary of financial results for the fiscal year ending June 2026 [Japanese standards] (consolidated),2026-08-07 15:30,https://www.release.tdnet.info/inbs/140120260703587784.pdf,
1382,ホーブ,,新任取締役候補者の選任に関するお知らせ,Notice regarding the selection of new director candidates,2026-08-07 15:30,https://www.release.tdnet.info/inbs/140120260804508727.pdf,
1382,ホーブ,,公益財団法人財務会計基準機構への加入状況及び加入に関する考え方等に関するお知らせ,"Notice regarding the status of membership in the Financial Accounting Standards Institute, a public interest incorporated foundation, and our approach regarding membership, etc.",2026-08-07 15:30,https://www.release.tdnet.info/inbs/140120260731505758.pdf,
1429,日本アクア,"Nippon Aqua Co.,Ltd.",2026年12月期第２四半期（中間期）決算短信〔日本基準〕(非連結),"Business Results for the Six Months Ended June 30, 2026",2026-08-07 15:30,https://www.release.tdnet.info/inbs/140120260807514203.pdf,https://www.release.tdnet.info/inbs/ek/140120260807514518.pdf
1429,日本アクア,"Nippon Aqua Co.,Ltd.",2026年12月期第２四半期（中間期）決算説明会資料,"Business Results for the Six Months Ended June 30, 2026",2026-08-07 15:30,https://www.release.tdnet.info/inbs/140120260807514351.pdf,https://www.release.tdnet.info/inbs/ek/140120260807514518.pdf
1438,岐阜造園,,2026年９月期　第３四半期決算短信〔日本基準〕（連結）,Financial results for the third quarter of the fiscal year ending September 2026 [Japanese standards] (consolidated),2026-08-07 15:30,https://www.release.tdnet.info/inbs/140120260806513556.pdf,
1446,キャンディル,,2026年９月期 第３四半期決算短信〔日本基準〕（連結）,Summary of financial results for the third quarter of the fiscal year ending September 2026 [Japanese GAAP] (consolidated),2026-08-07 15:30,https://www.release.tdnet.info/inbs/140120260806513568.pdf,
1446,キャンディル,,2026年９月期 第３四半期 決算補足説明資料,Supplementary materials for financial results for the third quarter of the fiscal year ending September 2026,2026-08-07 15:30,https://www.release.tdnet.info/inbs/140120260806513588.pdf,
1605,ＩＮＰＥＸ,INPEX CORPORATION,2026年12月期 第２四半期（中間期）決算短信〔ＩＦＲＳ〕（連結）,Announcement Concerning Resolution on Acquisition of Treasury Stock,2026-08-07 15:30,https://www.release.tdnet.info/inbs/140120260806512941.pdf,https://www.release.tdnet.info/inbs/ek/140120260806513029.pdf
1605,ＩＮＰＥＸ,INPEX CORPORATION,2026年12月期第2四半期（中間期）決算説明会,Announcement Concerning Resolution on Acquisition of Treasury Stock,2026-08-07 15:30,https://www.release.tdnet.info/inbs/140120260806512953.pdf,https://www.release.tdnet.info/inbs/ek/140120260806513029.pdf
1605,ＩＮＰＥＸ,INPEX CORPORATION,2026年12月期第２四半期（累計）連結業績予想と実績の差異及び通期連結業績予想の修正に関するお知らせ,Announcement Concerning Resolution on Acquisition of Treasury Stock,2026-08-07 15:30,https://www.release.tdnet.info/inbs/140120260806513002.pdf,https://www.release.tdnet.info/inbs/ek/140120260806513029.pdf
1605,ＩＮＰＥＸ,INPEX CORPORATION,剰余金の配当（中間配当）及び期末配当予想の修正に関するお知らせ,Announcement Concerning Resolution on Acquisition of Treasury Stock,2026-08-07 15:30,https://www.release.tdnet.info/inbs/140120260806513015.pdf,https://www.release.tdnet.info/inbs/ek/140120260806513029.pdf
1605,ＩＮＰＥＸ,INPEX CORPORATION,自己株式の取得に係る事項の決定に関するお知らせ,Announcement Concerning Resolution on Acquisition of Treasury Stock,2026-08-07 15:30,https://www.release.tdnet.info/inbs/140120260806513021.pdf,https://www.release.tdnet.info/inbs/ek/140120260806513029.pdf
1736,オーテック,,2027年３月期  第１四半期決算短信〔日本基準〕（連結）,"Summary of financial results for the first quarter of the fiscal year ending March 31, 2027 [Japanese GAAP] (consolidated)",2026-08-07 15:30,https://www.release.tdnet.info/inbs/140120260806513608.pdf,
1771,日本乾溜,,2026年９月期　第３四半期決算短信〔日本基準〕（連結）,Financial results for the third quarter of the fiscal year ending September 2026 [Japanese standards] (consolidated),2026-08-07 15:30,https://www.release.tdnet.info/inbs/140120260806512430.pdf,
1861,熊谷組,"Kumagai Gumi Co.,Ltd.",2027年3月期 第1四半期決算短信〔日本基準〕(連結),"[Summary]Consolidated Financial Results for the Three Months Ended June 30,2026〔Japanese GAAP〕",2026-08-07 15:30,https://www.release.tdnet.info/inbs/140120260729502597.pdf,https://www.release.tdnet.info/inbs/ek/140120260806513083.pdf
1893,五洋建,"PENTA-OCEAN CONSTRUCTION CO.,LTD.",2027年３月期 第１四半期決算短信〔日本基準〕(連結),[Summary]Consolidated Financial Results for the First Quarter of Fiscal Year Ending March 2027(Under Japanese GAAP),2026-08-07 15:30,https://www.release.tdnet.info/inbs/140120260807515027.pdf,https://www.release.tdnet.info/inbs/ek/140120260807515079.pdf
1911,住友林,"Sumitomo Forestry Co.,Ltd.",2026年12月期第２四半期（中間期）決算短信〔日本基準〕（連結）,Notice on Issuance of Publicly Offered Hybrid Bonds (Subordinated Bonds),2026-08-07 15:30,https://www.release.tdnet.info/inbs/140120260806512802.pdf,https://www.release.tdnet.info/inbs/ek/140120260807515178.pdf
1911,住友林,"Sumitomo Forestry Co.,Ltd.",業績予想の修正に関するお知らせ,Notice on Issuance of Publicly Offered Hybrid Bonds (Subordinated Bonds),2026-08-07 15:30,https://www.release.tdnet.info/inbs/140120260807515012.pdf,https://www.release.tdnet.info/inbs/ek/140120260807515178.pdf
1911,住友林,"Sumitomo Forestry Co.,Ltd.",公募ハイブリッド社債（劣後特約付社債）発行に関するお知らせ,Notice on Issuance of Publicly Offered Hybrid Bonds (Subordinated Bonds),2026-08-07 15:30,https://www.release.tdnet.info/inbs/140120260807515130.pdf,https://www.release.tdnet.info/inbs/ek/140120260807515178.pdf
1942,関電工,"KANDENKO CO.,LTD.",譲渡制限付株式報酬としての自己株式の処分の払込完了に関するお知らせ,Notice Concerning Completion of Payment for Disposal of Treasury Stock as Restricted Stock-Based Compensation,2026-08-07 15:30,https://www.release.tdnet.info/inbs/140120260807514161.pdf,https://www.release.tdnet.info/inbs/ek/140120260807514214.pdf
7203,トヨタ自,TOYOTA MOTOR CORPORATION,2027年３月期 第１四半期決算 投資家向け決算説明会　質疑応答（要旨）,Q&A Summary of the First-Quarter Financial Results Briefing for Investors for the FY2027,2026-08-04 19:30,https://www.release.tdnet.info/inbs/140120260804507895.pdf,https://www.release.tdnet.info/inbs/ek/140120260804507923.pdf
4813,ＡＣＣＥＳＳ,"ACCESS CO.,LTD.",主要株主の異動に関するお知らせ,Notice Regarding Change in Major Shareholder,2026-08-04 19:00,https://www.release.tdnet.info/inbs/140120260804508756.pdf,https://www.release.tdnet.info/inbs/ek/140120260804508936.pdf
4543,テルモ,,譲渡制限付株式報酬としての自己株式の処分の払込完了に関するお知らせ,Notice regarding completion of payment for disposal of treasury stock as restricted stock compensation,2026-08-04 18:15,https://www.release.tdnet.info/inbs/140120260804508917.pdf,
4543,テルモ,,ストックオプション（新株予約権）の発行内容確定に関するお知らせ,Notice regarding confirmation of issuance details of stock options (stock acquisition rights),2026-08-04 18:15,https://www.release.tdnet.info/inbs/140120260804508939.pdf,
8798,アドバンスクリエイト,"Advance Create Co.,Ltd.",第三者委員会の調査報告書の公表に関するお知らせ,[Summary] Notice Regarding the Publication of the Third-Party Committee Investigation Report,2026-08-04 18:15,https://www.release.tdnet.info/inbs/140120260804508510.pdf,https://www.release.tdnet.info/inbs/ek/140120260804508930.pdf
7729,東精密,"TOKYO SEIMITSU CO.,LTD.",2026年度(2027年3月期）第1四半期 決算説明会（ノート付）,Earnings Conference for FY2027/3 1Q (with notes),2026-08-04 18:00,https://www.release.tdnet.info/inbs/140120260804508092.pdf,https://www.release.tdnet.info/inbs/ek/140120260804508098.pdf
4221,大倉工,,2026年12月期 第２四半期（中間期）決算説明資料,2nd quarter (interim period) financial results explanatory material for the fiscal year ending December 2026,2026-08-04 17:45,https://www.release.tdnet.info/inbs/140120260804508729.pdf,
3069,ＪＦＬＡＨＤ,,令和８年熊本地震の影響に関するお知らせ,Notice regarding the impact of the 2020 Kumamoto Earthquake,2026-08-04 17:30,https://www.release.tdnet.info/inbs/140120260804508832.pdf,
9310,トランスシティ,Japan Transcity Corporation,自己株式の取得状況に関するお知らせ,Notice Regarding Status of Acquisition of Own Shares,2026-08-04 17:15,https://www.release.tdnet.info/inbs/140120260804508787.pdf,https://www.release.tdnet.info/inbs/ek/140120260804508792.pdf
1787,ナカボーテック,,（訂正）資本業務提携契約の締結、資本技術提携の解消、自己株式の取得並びに主要株主である筆頭株主及びその他の関係会社の異動に関するお知らせの一部訂正,"(Correction) Partial corrections to notice regarding conclusion of capital and business alliance agreement, dissolution of capital and technology alliance, acquisition of treasury stock, and changes in the largest shareholder and other affiliated companies",2026-08-04 17:10,https://www.release.tdnet.info/inbs/140120260804508757.pdf,
4310,ＤＩ,Dream Incubator Inc.,2027年３月期 第１四半期決算短信〔日本基準〕（連結）,[Summary]Supplementary Materials for Consolidated Financial Results,2026-08-04 17:00,https://www.release.tdnet.info/inbs/140120260731504511.pdf,https://www.release.tdnet.info/inbs/ek/140120260731504773.pdf
4310,ＤＩ,Dream Incubator Inc.,2027年３月期 第１四半期決算補足説明資料,[Summary]Supplementary Materials for Consolidated Financial Results,2026-08-04 17:00,https://www.release.tdnet.info/inbs/140120260731504703.pdf,https://www.release.tdnet.info/inbs/ek/140120260731504773.pdf
5301,東海カーボン,"TOKAI CARBON CO.,LTD.",コミットメント型自己株式取得（FCSR）における事後調整完了のお知らせ,Notice of the Completion of Ex Post Facto Adjustment for Fully Committed Share Repurchase (FCSR),2026-08-04 17:00,https://www.release.tdnet.info/inbs/140120260804508705.pdf,https://www.release.tdnet.info/inbs/ek/140120260804508710.pdf
6349,小森,KOMORI CORPORATION,2027年３月期　第１四半期決算説明資料,First Quarter of Fiscal Year 2027 Summary Result Presentation,2026-08-04 17:00,https://www.release.tdnet.info/inbs/140120260804508693.pdf,https://www.release.tdnet.info/inbs/ek/140120260804508694.pdf
7231,トピー工,"TOPY INDUSTRIES,LIMITED",自己株式の取得及び自己株式立会外買付取引（ToSTNeT-3）による自己株式の買付けに関するお知らせ,Notice Regarding the Acquisition of Treasury Stock and Purchase of Treasury Stock through Off-Auction Own Share Repurchase Trading System (ToSTNeT-3),2026-08-04 17:00,https://www.release.tdnet.info/inbs/140120260804507765.pdf,https://www.release.tdnet.info/inbs/ek/140120260804507766.pdf
7419,ノジマ,"Nojima Co.,Ltd.",新株予約権発行内容の一部変更および確定について,Notice Regarding Partial Changes and Determination of Issuance Details of Stock Options (Stock Acquisition Rights),2026-08-04 17:00,https://www.release.tdnet.info/inbs/140120260804508774.pdf,https://www.release.tdnet.info/inbs/ek/140120260804508777.pdf
3800,ユニリタ,,譲渡制限付株式報酬としての自己株式の処分の払込完了に関するお知らせ,Notice regarding completion of payment for disposal of treasury stock as restricted stock compensation,2026-08-04 16:45,https://www.release.tdnet.info/inbs/140120260730503180.pdf,
2331,ＡＬＳＯＫ,"ALSOK CO.,LTD.",自己株式立会外買付取引（ToSTNeT-3）による自己株式の買付けに関するお知らせ,Notice Concerning the Repurchase of Treasury Stock through ToSTNeT-3,2026-08-04 16:30,https://www.release.tdnet.info/inbs/140120260803507650.pdf,https://www.release.tdnet.info/inbs/ek/140120260804508379.pdf
3361,トーエル,,譲渡制限付株式報酬としての新株式の発行に関するお知らせ,Notice regarding issuance of new shares as restricted stock compensation,2026-08-04 16:30,https://www.release.tdnet.info/inbs/140120260727500064.pdf,
3544,サツドラＨＤ,,テラ株式会社による当社株式に対する公開買付けの結果並びに親会社、主要株主である筆頭株主及び主要株主の異動に関するお知らせ,"Announcement regarding the results of the tender offer for the Company's shares by Terra Co., Ltd. and changes in the parent company, the largest shareholder who is a major shareholder, and major shareholders",2026-08-04 16:30,https://www.release.tdnet.info/inbs/140120260804508662.pdf,
5446,北越メタル,,自己株式の取得および自己株式立会外買付取引（ToSTNet-3）による自己株式の買付けに関するお知らせ,Notice regarding acquisition of treasury stock and purchase of treasury stock through off-auction treasury stock repurchase transaction (ToSTNet-3),2026-08-04 16:30,https://www.release.tdnet.info/inbs/140120260731504928.pdf,
6047,Ｇｕｎｏｓｙ,Gunosy Inc.,自己株式の取得及び自己株式立会外買付取引（ToSTNeT-3）による自己株式の買付けに関するお知らせ,Notice Regarding Acquisition of Treasury Shares and Repurchase of Treasury Shares Through Off-Auction Own Share Repurchase Trading System (ToSTNeT-3),2026-08-04 16:30,https://www.release.tdnet.info/inbs/140120260804508701.pdf,https://www.release.tdnet.info/inbs/ek/140120260804508714.pdf
6381,アネスト岩田,ANEST IWATA Corporation,自己株式の取得状況に関するお知らせ,Notice Concerning the Status of Acquisition of Own Shares,2026-08-04 16:30,https://www.release.tdnet.info/inbs/140120260804508597.pdf,https://www.release.tdnet.info/inbs/ek/140120260804508633.pdf
6925,ウシオ電,USHIO INC.,2027年3月期第1四半期決算短信〔日本基準〕（連結）,"Consolidated Financial Results for the First Three Months of the Fiscal Year Ending March 31, 2027",2026-08-04 16:30,https://www.release.tdnet.info/inbs/140120260714593527.pdf,https://www.release.tdnet.info/inbs/ek/140120260804508310.pdf
7273,イクヨ,,事業譲受に関するお知らせ,Notice regarding business transfer,2026-08-04 16:30,https://www.release.tdnet.info/inbs/140120260804508582.pdf,
7273,イクヨ,,業績連動型株式報酬制度に基づくPSU（ユニット）の付与に関するお知らせ,Notice regarding grant of PSU (units) based on performance-linked stock compensation plan,2026-08-04 16:30,https://www.release.tdnet.info/inbs/140120260804508586.pdf,
8252,丸井Ｇ,,2027年３月期 第１四半期決算概要(決算補足資料),"Summary of first quarter financial results for the fiscal year ending March 31, 2027 (supplementary materials for financial results)",2026-08-04 16:30,https://www.release.tdnet.info/inbs/140120260803507659.pdf,
9065,山九,SANKYU INC.,自己株式の取得状況に関するお知らせ,Notice Regarding the Status of Acquire of Treasury Stock,2026-08-04 16:30,https://www.release.tdnet.info/inbs/140120260804508615.pdf,https://www.release.tdnet.info/inbs/ek/140120260804508728.pdf
1898,世紀東急,"SEIKITOKYU KOGYO CO.,LTD.",2027年３月期　第１四半期決算短信〔日本基準〕（連結）,"[Summary] Consolidated Financial Results for the Three Months Ended June 30, 2026 [Japanese GAAP]",2026-08-04 16:00,https://www.release.tdnet.info/inbs/140120260803507600.pdf,https://www.release.tdnet.info/inbs/ek/140120260803507186.pdf
1975,朝日工,"ASAHI KOGYOSHA CO.,LTD.",2027年３月期　第１四半期決算短信〔日本基準〕（連結）,"[Summary] Financial Results for the First Quarter of the Fiscal Year Ending March 31, 2027",2026-08-04 16:00,https://www.release.tdnet.info/inbs/140120260803507621.pdf,https://www.release.tdnet.info/inbs/ek/140120260803507626.pdf
2146,ＵＴグループ,"UT Group Co.,Ltd.",自己株式の取得状況に関するお知らせ,Notice regarding the Status of Stock Acquisition,2026-08-04 16:00,https://www.release.tdnet.info/inbs/140120260804508022.pdf,https://www.release.tdnet.info/inbs/ek/140120260804508026.pdf
2270,雪印メグ,"MEGMILK SNOW BRAND Co.,Ltd.",自己株式の取得状況に関するお知らせ （会社法第 165 条第２項の規定による定款の定めに基づく自己株式の取得）,Notice regarding Results of Repurchase of Own Shares,2026-08-04 16:00,https://www.release.tdnet.info/inbs/140120260804507734.pdf,https://www.release.tdnet.info/inbs/ek/140120260804507739.pdf
2937,Ｇ－サンクゼール,"St.Cousair CO.,LTD.",2027年３月期　第１四半期決算短信〔日本基準〕（連結）,Q1 FY Ending March 2027 Financial Results Briefing Materials,2026-08-04 16:00,https://www.release.tdnet.info/inbs/140120260803506373.pdf,https://www.release.tdnet.info/inbs/ek/140120260804508525.pdf
2937,Ｇ－サンクゼール,"St.Cousair CO.,LTD.",2027年３月期第１四半期　決算説明資料,Q1 FY Ending March 2027 Financial Results Briefing Materials,2026-08-04 16:00,https://www.release.tdnet.info/inbs/140120260803506428.pdf,https://www.release.tdnet.info/inbs/ek/140120260804508525.pdf
5133,テリロジーＨＤ,,ESG寄付型「世界が進むチカラになる私募債」発行予定のお知らせ,Announcement of scheduled issuance of ESG donation-type “private placement bonds that will help the world move forward”,2026-08-04 16:00,https://www.release.tdnet.info/inbs/140120260728500596.pdf,
5697,サンユウ,,2027年3月期 第1四半期決算短信〔日本基準〕(連結),"Summary of financial results for the first quarter of the fiscal year ending March 31, 2027 [Japanese GAAP] (consolidated)",2026-08-04 16:00,https://www.release.tdnet.info/inbs/140120260723597970.pdf,
5930,文化シヤター,"Bunka Shutter Co.,Ltd.",2027年3月期 第1四半期決算短信〔日本基準〕（連結）,"Supplementary Materials for the First Quarter of the Fiscal Year Ending March 31, 2027",2026-08-04 16:00,https://www.release.tdnet.info/inbs/140120260725599628.pdf,https://www.release.tdnet.info/inbs/ek/140120260803507380.pdf
5930,文化シヤター,"Bunka Shutter Co.,Ltd.",2027年3月期 第1四半期決算補足資料,"Supplementary Materials for the First Quarter of the Fiscal Year Ending March 31, 2027",2026-08-04 16:00,https://www.release.tdnet.info/inbs/140120260803507378.pdf,https://www.release.tdnet.info/inbs/ek/140120260803507380.pdf
5940,不二サッシ,,2027年３月期 第１四半期決算短信〔日本基準〕（連結）,"Summary of financial results for the first quarter of the fiscal year ending March 31, 2027 [Japanese GAAP] (consolidated)",2026-08-04 16:00,https://www.release.tdnet.info/inbs/140120260722597874.pdf,
6013,タクマ,"TAKUMA CO.,LTD.",自己株式の取得状況に関するお知らせ,Notice Regarding the Status of Share Repurchase,2026-08-04 16:00,https://www.release.tdnet.info/inbs/140120260804508116.pdf,https://www.release.tdnet.info/inbs/ek/140120260804508149.pdf
6088,シグマクシスＨＤ,SIGMAXYZ Holdings Inc.,2027年３月期 第１四半期決算短信〔日本基準〕（連結）,"Consolidated Financial Results Supplementary Document for the First Three Months of the Fiscal Year Ending March 31, 2027",2026-08-04 16:00,https://www.release.tdnet.info/inbs/140120260803507034.pdf,https://www.release.tdnet.info/inbs/ek/140120260803507061.pdf
6088,シグマクシスＨＤ,SIGMAXYZ Holdings Inc.,2027年３月期 第１四半期決算補足資料,"Consolidated Financial Results Supplementary Document for the First Three Months of the Fiscal Year Ending March 31, 2027",2026-08-04 16:00,https://www.release.tdnet.info/inbs/140120260803507035.pdf,https://www.release.tdnet.info/inbs/ek/140120260803507061.pdf
6174,Ｐ－デンタス,,連結子会社における固定資産の取得に関するお知らせ,Notice regarding acquisition of fixed assets by consolidated subsidiary,2026-08-04 16:00,https://www.release.tdnet.info/inbs/140120260804507905.pdf,
6472,ＮＴＮ,NTN CORPORATION,2027年3月期 第1四半期決算短信〔日本基準〕(連結）,"Business Results For the Three Months Ended June 30,2026",2026-08-04 16:00,https://www.release.tdnet.info/inbs/140120260731505246.pdf,https://www.release.tdnet.info/inbs/ek/140120260731505296.pdf
6472,ＮＴＮ,NTN CORPORATION,2027年3月期 第1四半期 決算説明会資料,"Business Results For the Three Months Ended June 30,2026",2026-08-04 16:00,https://www.release.tdnet.info/inbs/140120260731505294.pdf,https://www.release.tdnet.info/inbs/ek/140120260731505296.pdf
6493,ＮＩＴＴＡＮ,,譲渡制限付株式報酬としての自己株式の処分の払込完了に関するお知らせ,Notice regarding completion of payment for disposal of treasury stock as restricted stock compensation,2026-08-04 16:00,https://www.release.tdnet.info/inbs/140120260804508218.pdf,
6806,ヒロセ電,"HIROSE ELECTRIC CO.,LTD.",2027年３月期 第１四半期決算短信〔ＩＦＲＳ〕（連結）,Notice Concerning Share Buyback Program,2026-08-04 16:00,https://www.release.tdnet.info/inbs/140120260804508515.pdf,https://www.release.tdnet.info/inbs/ek/140120260804508557.pdf
6806,ヒロセ電,"HIROSE ELECTRIC CO.,LTD.",2027年3月期第2四半期（中間期）及び通期連結業績予想の修正に関するお知らせ,Notice Concerning Share Buyback Program,2026-08-04 16:00,https://www.release.tdnet.info/inbs/140120260804508543.pdf,https://www.release.tdnet.info/inbs/ek/140120260804508557.pdf
6806,ヒロセ電,"HIROSE ELECTRIC CO.,LTD.",自己株式の取得結果および取得終了に関するお知らせ,Notice Concerning Share Buyback Program,2026-08-04 16:00,https://www.release.tdnet.info/inbs/140120260804508554.pdf,https://www.release.tdnet.info/inbs/ek/140120260804508557.pdf
6806,ヒロセ電,"HIROSE ELECTRIC CO.,LTD.",自己株式の取得に係る事項の決定に関するお知らせ,Notice Concerning Share Buyback Program,2026-08-04 16:00,https://www.release.tdnet.info/inbs/140120260804508556.pdf,https://www.release.tdnet.info/inbs/ek/140120260804508557.pdf
6848,東亜ディーケーケー,,譲渡制限付株式報酬としての自己株式処分の払込完了に関するお知らせ,Notice regarding completion of payment for disposal of treasury stock as restricted stock compensation,2026-08-04 16:00,https://www.release.tdnet.info/inbs/140120260804508450.pdf,
6927,ヘリオステクノＨ,,2027年３月期第１四半期決算短信〔日本基準〕(連結),Summary of financial results for the first quarter of the fiscal year ending March 2027 [Japanese GAAP] (consolidated),2026-08-04 16:00,https://www.release.tdnet.info/inbs/140120260730504064.pdf,
9376,ユーラシア,,業績予想の修正に関するお知らせ,Notice regarding revisions to performance forecasts,2026-08-04 16:00,https://www.release.tdnet.info/inbs/140120260727500398.pdf,
9376,ユーラシア,,2026年9月期　第3四半期決算短信〔日本基準〕（連結）,Financial results for the third quarter of the fiscal year ending September 2026 [Japanese GAAP] (consolidated),2026-08-04 16:00,https://www.release.tdnet.info/inbs/140120260703587827.pdf,
9376,ユーラシア,,中期経営計画（補足アップデート版）の追加公表に関するお知らせ,Notice regarding additional publication of medium-term management plan (supplementary updated version),2026-08-04 16:00,https://www.release.tdnet.info/inbs/140120260804508233.pdf,
4062,イビデン,"IBIDEN CO.,LTD.",2027年3月期 第1四半期決算短信〔日本基準〕（連結）,"Stock Split, Amendments to the Articles of Incorporation, CB Conversion Price Adjustment, Change to Year-end Dividend Forecast and Dividend Policy",2026-08-04 15:40,https://www.release.tdnet.info/inbs/140120260731504718.pdf,https://www.release.tdnet.info/inbs/ek/140120260803507088.pdf
4062,イビデン,"IBIDEN CO.,LTD.",決算短信補足資料（2027年3月期 第1四半期）,"Stock Split, Amendments to the Articles of Incorporation, CB Conversion Price Adjustment, Change to Year-end Dividend Forecast and Dividend Policy",2026-08-04 15:40,https://www.release.tdnet.info/inbs/140120260803507041.pdf,https://www.release.tdnet.info/inbs/ek/140120260803507088.pdf
4062,イビデン,"IBIDEN CO.,LTD.",業績予想の修正に関するお知らせ,"Stock Split, Amendments to the Articles of Incorporation, CB Conversion Price Adjustment, Change to Year-end Dividend Forecast and Dividend Policy",2026-08-04 15:40,https://www.release.tdnet.info/inbs/140120260803507042.pdf,https://www.release.tdnet.info/inbs/ek/140120260803507088.pdf
4062,イビデン,"IBIDEN CO.,LTD.",株式分割、株式分割に伴う定款の一部変更、転換社債型新株予約権付社債の転換価額の調整及び期末配当予想の修正並びに配当方針の変更に関するお知らせ,"Stock Split, Amendments to the Articles of Incorporation, CB Conversion Price Adjustment, Change to Year-end Dividend Forecast and Dividend Policy",2026-08-04 15:40,https://www.release.tdnet.info/inbs/140120260803507046.pdf,https://www.release.tdnet.info/inbs/ek/140120260803507088.pdf
4732,ＵＳＳ,"USS Co.,Ltd.",2027年３月期  第１四半期決算短信〔日本基準〕（連結）,Notice of Revisions to Consolidated Earnings Forecasts and Dividend Forecast,2026-08-04 15:40,https://www.release.tdnet.info/inbs/140120260804508176.pdf,https://www.release.tdnet.info/inbs/ek/140120260804508362.pdf
4732,ＵＳＳ,"USS Co.,Ltd.",連結業績予想および配当予想の修正に関するお知らせ,Notice of Revisions to Consolidated Earnings Forecasts and Dividend Forecast,2026-08-04 15:40,https://www.release.tdnet.info/inbs/140120260804508133.pdf,https://www.release.tdnet.info/inbs/ek/140120260804508362.pdf
6622,ダイヘン,DAIHEN CORPORATION,2027年３月期 第１四半期決算短信〔日本基準〕(連結),"Notice Concerning Share Split, Partial Amendments to Articles of Incorporation Resulting from Share Split, and Revision of Dividend Forecasts",2026-08-04 15:40,https://www.release.tdnet.info/inbs/140120260803507027.pdf,https://www.release.tdnet.info/inbs/ek/140120260803507639.pdf
6622,ダイヘン,DAIHEN CORPORATION,株式分割および株式分割に伴う定款の一部変更ならびに配当予想の修正に関するお知らせ,"Notice Concerning Share Split, Partial Amendments to Articles of Incorporation Resulting from Share Split, and Revision of Dividend Forecasts",2026-08-04 15:40,https://www.release.tdnet.info/inbs/140120260803507636.pdf,https://www.release.tdnet.info/inbs/ek/140120260803507639.pdf
6644,大崎電,"Osaki Electric Co.,Ltd.",2027年3月期 第1四半期決算短信〔日本基準〕(連結),FY2026 Q1 Financial Results Presentation,2026-08-04 15:35,https://www.release.tdnet.info/inbs/140120260804508271.pdf,https://www.release.tdnet.info/inbs/ek/140120260804508627.pdf
6644,大崎電,"Osaki Electric Co.,Ltd.",2026年度1Q（第1四半期）決算説明資料,FY2026 Q1 Financial Results Presentation,2026-08-04 15:35,https://www.release.tdnet.info/inbs/140120260804508493.pdf,https://www.release.tdnet.info/inbs/ek/140120260804508627.pdf
7625,Ｇダイニング,,月次売上速報（2026年7月度）,Monthly sales report (July 2026),2026-08-04 15:35,https://www.release.tdnet.info/inbs/140120260804508634.pdf,
2901,ウェルディッシュ,,独立調査委員会の調査報告書受領に関するお知らせ,Notice regarding receipt of independent investigation committee investigation report,2026-08-04 15:31,https://www.release.tdnet.info/inbs/140120260804508527.pdf,
1333,Ｕｍｉｏｓ,Umios Corporation,2027年３月期　第１四半期決算短信〔日本基準〕（連結）,Supplementary Materials Consolidated Financial Results for Q1 of the Fiscal Year Ending 2027,2026-08-04 15:30,https://www.release.tdnet.info/inbs/140120260803507147.pdf,https://www.release.tdnet.info/inbs/ek/140120260804508154.pdf
1333,Ｕｍｉｏｓ,Umios Corporation,2027年３月期 第１四半期 決算補足資料,Supplementary Materials Consolidated Financial Results for Q1 of the Fiscal Year Ending 2027,2026-08-04 15:30,https://www.release.tdnet.info/inbs/140120260804508075.pdf,https://www.release.tdnet.info/inbs/ek/140120260804508154.pdf
1799,第一建設,,2027年3月期 第1四半期決算短信〔日本基準〕（非連結）,"Summary of financial results for the first quarter of the fiscal year ending March 31, 2027 [Japanese GAAP] (non-consolidated)",2026-08-04 15:30,https://www.release.tdnet.info/inbs/140120260803507086.pdf,
2207,ｍｅｉｔｏ,"MEITO CO.,LTD.",自己株式の取得状況に関するお知らせ,Notice Regarding the Status of Acquisition of Own Shares,2026-08-04 15:30,https://www.release.tdnet.info/inbs/140120260804507702.pdf,https://www.release.tdnet.info/inbs/ek/140120260804507704.pdf
2331,ＡＬＳＯＫ,"ALSOK CO.,LTD.",2027年3月期第1四半期　決算短信〔日本基準〕（連結）,"Summary of Selected Financial Data First Quarter Ended June 30, 2026",2026-08-04 15:30,https://www.release.tdnet.info/inbs/140120260731505596.pdf,https://www.release.tdnet.info/inbs/ek/140120260803507649.pdf
2331,ＡＬＳＯＫ,"ALSOK CO.,LTD.",2027年3月期第1四半期　決算参考資料,"Summary of Selected Financial Data First Quarter Ended June 30, 2026",2026-08-04 15:30,https://www.release.tdnet.info/inbs/140120260803507648.pdf,https://www.release.tdnet.info/inbs/ek/140120260803507649.pdf
2579,コカ・コーラＢＪＨ,Coca-Cola Bottlers Japan Holdings Inc.,自己株式の取得状況に関するお知らせ,Announcement related to acquisition status of treasury shares,2026-08-04 15:30,https://www.release.tdnet.info/inbs/140120260804507837.pdf,https://www.release.tdnet.info/inbs/ek/140120260804507865.pdf
2670,ＡＢＣマート,"ABC-MART,INC.",2027年2月期　7月度概況について　[国内],"Monthly Sales Report for July 2026, FY 2027 [Domestic]",2026-08-04 15:30,https://www.release.tdnet.info/inbs/140120260804507966.pdf,https://www.release.tdnet.info/inbs/ek/140120260804507969.pdf
2685,アンドエスティＨＤ,"and ST HD Co.,Ltd.",月次売上高前年比に関するお知らせ,Monthly Sales Figures,2026-08-04 15:30,https://www.release.tdnet.info/inbs/140120260729502378.pdf,https://www.release.tdnet.info/inbs/ek/140120260729502401.pdf
2778,パレモ・ＨＤ,,自己株式の取得状況に関するお知らせ,Notice regarding the status of acquisition of treasury stock,2026-08-04 15:30,https://www.release.tdnet.info/inbs/140120260804508276.pdf,
2789,カルラ,,(第55期）　2026年７月の売上推移速報に関するお知らせ,(55th period) Notice regarding preliminary sales trends for July 2026,2026-08-04 15:30,https://www.release.tdnet.info/inbs/140120260804507802.pdf,
2801,キッコマン,KIKKOMAN CORPORATION,自己株式の取得状況に関するお知らせ,Kikkoman Announces Status of Acquisition of Own Shares,2026-08-04 15:30,https://www.release.tdnet.info/inbs/140120260804507880.pdf,https://www.release.tdnet.info/inbs/ek/140120260804507942.pdf
2802,味の素,"Ajinomoto Co.,Inc.",自己株式の取得状況に関するお知らせ,Notice Concerning Progress on Repurchase of Own Shares,2026-08-04 15:30,https://www.release.tdnet.info/inbs/140120260803507622.pdf,https://www.release.tdnet.info/inbs/ek/140120260803507624.pdf
2897,日清食ＨＤ,"NISSIN FOODS HOLDINGS CO.,LTD.",株式給付信託（BBT）に係る追加拠出に伴う 自己株式の処分に関するお知らせ,Notice of Disposal of Treasury Stock in Connection With Additional Contribution to the Board Benefit Trust (BBT),2026-08-04 15:30,https://www.release.tdnet.info/inbs/140120260804508055.pdf,https://www.release.tdnet.info/inbs/ek/140120260804508058.pdf
3064,ＭＲＯ,"MonotaRO Co.,Ltd.",2026年12月期 第２四半期決算説明資料,"[Summary]Consolidated Financial Results for the First Six Months of Fiscal Year Ending December 31, 2026(Six Months Ended June 30, 2026)",2026-08-04 15:30,https://www.release.tdnet.info/inbs/140120260804508280.pdf,https://www.release.tdnet.info/inbs/ek/140120260804507728.pdf
3064,ＭＲＯ,"MonotaRO Co.,Ltd.",2026年12月期第２四半期（中間期）決算短信〔日本基準〕(連結),"[Summary]Consolidated Financial Results for the First Six Months of Fiscal Year Ending December 31, 2026(Six Months Ended June 30, 2026)",2026-08-04 15:30,https://www.release.tdnet.info/inbs/140120260804507726.pdf,https://www.release.tdnet.info/inbs/ek/140120260804507728.pdf
3092,ＺＯＺＯ,"ZOZO,Inc.",自己株式の取得状況に関するお知らせ,Notice Concerning Status of Repurchase of Shares,2026-08-04 15:30,https://www.release.tdnet.info/inbs/140120260803506583.pdf,https://www.release.tdnet.info/inbs/ek/140120260803506585.pdf
3183,ウイン・パートナーズ,"WIN-Partners Co.,Ltd.",2027年３月期 第１四半期決算短信〔日本基準〕(連結),"[Summary]Consolidated Financial Results for the Three Months Ended June 30, 2026",2026-08-04 15:30,https://www.release.tdnet.info/inbs/140120260803506354.pdf,https://www.release.tdnet.info/inbs/ek/140120260803506411.pdf
3409,北紡,,子会社設立に関するお知らせ,Notice regarding establishment of subsidiary,2026-08-04 15:30,https://www.release.tdnet.info/inbs/140120260804507847.pdf,
3415,トウキョウベース,"TOKYO BASE Co.,Ltd.",【2027年1月期】2026年7月度月次売上速報,Monthly Sales Report for July 2026,2026-08-04 15:30,https://www.release.tdnet.info/inbs/140120260803507632.pdf,https://www.release.tdnet.info/inbs/ek/140120260804507937.pdf
3469,デュアルタップ,,通期連結業績予想の修正に関するお知らせ,Notice regarding revisions to full-year consolidated performance forecasts,2026-08-04 15:30,https://www.release.tdnet.info/inbs/140120260804508009.pdf,
3762,テクマト,TECHMATRIX CORPORATION,取締役に対する株式報酬型ストック・オプションの発行内容確定に関するお知らせ,Notice Concerning the Determination of Details of Issuance of Stock Compensation-Type Stock Options to Operating Officers,2026-08-04 15:30,https://www.release.tdnet.info/inbs/140120260804508386.pdf,https://www.release.tdnet.info/inbs/ek/140120260804508452.pdf
3762,テクマト,TECHMATRIX CORPORATION,執行役員に対する株式報酬型ストック・オプションの発行内容確定に関するお知らせ,Notice Concerning the Determination of Details of Issuance of Stock Compensation-Type Stock Options to Operating Officers,2026-08-04 15:30,https://www.release.tdnet.info/inbs/140120260804508448.pdf,https://www.release.tdnet.info/inbs/ek/140120260804508452.pdf
3791,ＩＧポート,,自己株式の取得状況に関するお知らせ,Notice regarding the status of acquisition of treasury stock,2026-08-04 15:30,https://www.release.tdnet.info/inbs/140120260804507830.pdf,
3793,Ｇ－ドリコム,,自己株式の取得状況に関するお知らせ（2026年７月度）,Notice regarding the status of acquisition of treasury stock (July 2026),2026-08-04 15:30,https://www.release.tdnet.info/inbs/140120260804508255.pdf,
3950,ザ・パック,THE PACK CORPORATION,自己株式の取得状況に関するお知らせ,Notice Regarding the Status of Purchase of Treasury Stock,2026-08-04 15:30,https://www.release.tdnet.info/inbs/140120260804508290.pdf,https://www.release.tdnet.info/inbs/ek/140120260804508292.pdf
3964,オークネット,AUCNET INC.,2026年12月期第2四半期決算説明資料,Notice Concerning the Implementation of Special Shareholder Benefits,2026-08-04 15:30,https://www.release.tdnet.info/inbs/140120260803507562.pdf,https://www.release.tdnet.info/inbs/ek/140120260803507570.pdf
3964,オークネット,AUCNET INC.,2026年12月期連結業績予想の修正及び配当予想（増配・特別配当）に関するお知らせ,Notice Concerning the Implementation of Special Shareholder Benefits,2026-08-04 15:30,https://www.release.tdnet.info/inbs/140120260803507563.pdf,https://www.release.tdnet.info/inbs/ek/140120260803507570.pdf
3964,オークネット,AUCNET INC.,特別株主優待の実施に関するお知らせ,Notice Concerning the Implementation of Special Shareholder Benefits,2026-08-04 15:30,https://www.release.tdnet.info/inbs/140120260803507564.pdf,https://www.release.tdnet.info/inbs/ek/140120260803507570.pdf
3964,オークネット,AUCNET INC.,2026年12月期第2四半期（中間期）決算短信〔日本基準〕(連結),Notice Concerning the Implementation of Special Shareholder Benefits,2026-08-04 15:30,https://www.release.tdnet.info/inbs/140120260803507534.pdf,https://www.release.tdnet.info/inbs/ek/140120260803507570.pdf
3984,ユーザーローカル,"User Local,Inc.",自己株式の取得状況に関するお知らせ,Notice Regarding Status of Purchase of Treasury Stock,2026-08-04 15:30,https://www.release.tdnet.info/inbs/140120260804507910.pdf,https://www.release.tdnet.info/inbs/ek/140120260804507922.pdf
3987,Ｇ－エコモット,,株主優待制度の一部変更に関するお知らせ,Notice regarding partial changes to shareholder benefit system,2026-08-04 15:30,https://www.release.tdnet.info/inbs/140120260804508551.pdf,
4021,日産化,Nissan Chemical Corporation,自己株式の取得状況に関するお知らせ,Notice Regarding Status of Repurchase of the Company’s Own Shares,2026-08-04 15:30,https://www.release.tdnet.info/inbs/140120260804508005.pdf,https://www.release.tdnet.info/inbs/ek/140120260804508012.pdf
4027,テイカ,TAYCA CORPORATION,自己株式の取得状況に関するお知らせ,Notice Regarding the Status of Purchase of Treasury Stock,2026-08-04 15:30,https://www.release.tdnet.info/inbs/140120260803507510.pdf,https://www.release.tdnet.info/inbs/ek/140120260803507513.pdf
4206,アイカ工,"Aica Kogyo Company,Limited",株式給付信託（J-ESOP）に係る追加拠出に伴う自己株式の処分に関するお知らせ,Notice Regarding Disposal of Treasury Stock in Connection with Additional Contribution to the Stock Benefit Trust (J-ESOP),2026-08-04 15:30,https://www.release.tdnet.info/inbs/140120260804508327.pdf,https://www.release.tdnet.info/inbs/ek/140120260804508335.pdf
4444,Ｇ－インフォネット,,通期連結業績予想の修正に関するお知らせ,Notice regarding revisions to full-year consolidated performance forecasts,2026-08-04 15:30,https://www.release.tdnet.info/inbs/140120260804508325.pdf,
4475,Ｇ－ＨＥＮＮＧＥ,HENNGE K.K.,2026年9月期第3四半期 決算説明資料,"Consolidated Financial Results for the Nine Months Ended June 30, 2026",2026-08-04 15:30,https://www.release.tdnet.info/inbs/140120260803507614.pdf,https://www.release.tdnet.info/inbs/ek/140120260803507613.pdf
4475,Ｇ－ＨＥＮＮＧＥ,HENNGE K.K.,2026年9月期 第3四半期決算短信〔日本基準〕(連結),"Consolidated Financial Results for the Nine Months Ended June 30, 2026",2026-08-04 15:30,https://www.release.tdnet.info/inbs/140120260803507607.pdf,https://www.release.tdnet.info/inbs/ek/140120260803507613.pdf
4496,Ｇ－コマースワン,,自己株式の取得状況に関するお知らせ,Notice regarding the status of acquisition of treasury stock,2026-08-04 15:30,https://www.release.tdnet.info/inbs/140120260804508099.pdf,
4496,Ｇ－コマースワン,,自己株式の取得結果及び取得終了に関するお知らせ,Notice regarding the results and completion of acquisition of treasury stock,2026-08-04 15:30,https://www.release.tdnet.info/inbs/140120260804508123.pdf,
4651,サニックスＨＤ,,（訂正）「連結子会社の吸収合併（簡易合併・略式合併）に関するお知らせ」の一部修正について,(Correction) Regarding partial amendments to “Notice regarding absorption-type merger (simple merger/informal merger) of consolidated subsidiaries”,2026-08-04 15:30,https://www.release.tdnet.info/inbs/140120260804508370.pdf,
4676,フジＨＤ,"FUJI MEDIA HOLDINGS,INC.",2027年３月期 第１四半期決算短信〔日本基準〕(連結),Notice Regarding the Disposal of Treasury Shares as Restricted Shares for the Employees Shareholding Association,2026-08-04 15:30,https://www.release.tdnet.info/inbs/140120260804508509.pdf,https://www.release.tdnet.info/inbs/ek/140120260804508505.pdf
4676,フジＨＤ,"FUJI MEDIA HOLDINGS,INC.",2027年３月期　第１四半期　決算説明資料,Notice Regarding the Disposal of Treasury Shares as Restricted Shares for the Employees Shareholding Association,2026-08-04 15:30,https://www.release.tdnet.info/inbs/140120260804508573.pdf,https://www.release.tdnet.info/inbs/ek/140120260804508505.pdf
4676,フジＨＤ,"FUJI MEDIA HOLDINGS,INC.",従業員持株会に対する譲渡制限付株式としての自己株式処分に関するお知らせ,Notice Regarding the Disposal of Treasury Shares as Restricted Shares for the Employees Shareholding Association,2026-08-04 15:30,https://www.release.tdnet.info/inbs/140120260804508061.pdf,https://www.release.tdnet.info/inbs/ek/140120260804508505.pdf
4886,あすか製薬ＨＤ,"ASKA Pharmaceutical Holdings Co.,Ltd.",2027年3月期第1四半期決算短信,Supplementary Documents of Consolidated Financial Results for the First Quarter of FY2026,2026-08-04 15:30,https://www.release.tdnet.info/inbs/140120260804508100.pdf,https://www.release.tdnet.info/inbs/ek/140120260804508168.pdf
4886,あすか製薬ＨＤ,"ASKA Pharmaceutical Holdings Co.,Ltd.",2027年3月期 第1四半期決算短信補足資料,Supplementary Documents of Consolidated Financial Results for the First Quarter of FY2026,2026-08-04 15:30,https://www.release.tdnet.info/inbs/140120260804508138.pdf,https://www.release.tdnet.info/inbs/ek/140120260804508168.pdf
4980,デクセリアルズ,Dexerials Corporation,2027年３月期 第１四半期決算短信〔ＩＦＲＳ〕（連結）,"Consolidated Financial Results for the Three Months Ended June 30, 2026 [Under IFRS]",2026-08-04 15:30,https://www.release.tdnet.info/inbs/140120260804508132.pdf,https://www.release.tdnet.info/inbs/ek/140120260804508165.pdf
5108,ブリヂス,BRIDGESTONE CORPORATION,自己株式の取得状況に関するお知らせ,Notice regarding Status of Acquisition of Treasury Stock,2026-08-04 15:30,https://www.release.tdnet.info/inbs/140120260803506928.pdf,https://www.release.tdnet.info/inbs/ek/140120260803506929.pdf
5393,ニチアス,NICHIAS CORPORATION,2027年３月期　第１四半期決算短信〔日本基準〕（連結）,Notice Concerning Status and Completion of Purchase of Treasury Stock,2026-08-04 15:30,https://www.release.tdnet.info/inbs/140120260803506985.pdf,https://www.release.tdnet.info/inbs/ek/140120260804508353.pdf
5393,ニチアス,NICHIAS CORPORATION,業績予想の修正に関するお知らせ,Notice Concerning Status and Completion of Purchase of Treasury Stock,2026-08-04 15:30,https://www.release.tdnet.info/inbs/140120260804508142.pdf,https://www.release.tdnet.info/inbs/ek/140120260804508353.pdf
5393,ニチアス,NICHIAS CORPORATION,2027年3月期 第1四半期 決算補足資料,Notice Concerning Status and Completion of Purchase of Treasury Stock,2026-08-04 15:30,https://www.release.tdnet.info/inbs/140120260804508193.pdf,https://www.release.tdnet.info/inbs/ek/140120260804508353.pdf
5393,ニチアス,NICHIAS CORPORATION,自己株式の取得状況および取得終了に関するお知らせ,Notice Concerning Status and Completion of Purchase of Treasury Stock,2026-08-04 15:30,https://www.release.tdnet.info/inbs/140120260804508352.pdf,https://www.release.tdnet.info/inbs/ek/140120260804508353.pdf
5401,日本製鉄,NIPPON STEEL CORPORATION,2027年3月期第1四半期決算短信〔ＩＦＲＳ〕（連結）,Announcement of Revision in Forecasts for Performance,2026-08-04 15:30,https://www.release.tdnet.info/inbs/140120260728501102.pdf,https://www.release.tdnet.info/inbs/ek/140120260728501143.pdf
5401,日本製鉄,NIPPON STEEL CORPORATION,2026年度第１四半期決算について,Announcement of Revision in Forecasts for Performance,2026-08-04 15:30,https://www.release.tdnet.info/inbs/140120260728501104.pdf,https://www.release.tdnet.info/inbs/ek/140120260728501143.pdf
5401,日本製鉄,NIPPON STEEL CORPORATION,業績予想の修正に関するお知らせ,Announcement of Revision in Forecasts for Performance,2026-08-04 15:30,https://www.release.tdnet.info/inbs/140120260728501123.pdf,https://www.release.tdnet.info/inbs/ek/140120260728501143.pdf
5446,北越メタル,,2027年3月期第1四半期決算短信〔日本基準〕(連結),Summary of financial results for the first quarter of the fiscal year ending March 2027 [Japanese GAAP] (consolidated),2026-08-04 15:30,https://www.release.tdnet.info/inbs/140120260731504906.pdf,
5531,Ｐ－エヌバイテクノ,,資金の借入れに関するお知らせ,Notice regarding borrowing of funds,2026-08-04 15:30,https://www.release.tdnet.info/inbs/140120260804508649.pdf,
5574,Ｇ－ＡＢＥＪＡ,,NEDOの採択を受け、一般社団法人AIデータ主権共創機構（CODAS）が進める「データの秘匿性を考慮した効率的なAI学習手法の開発」に参画,"Following adoption by NEDO, we will participate in the ``Development of efficient AI learning methods that take data confidentiality into account'' promoted by the Co-creation Organization for AI and Data Sovereignty (CODAS), a general incorporated association.",2026-08-04 15:30,https://www.release.tdnet.info/inbs/140120260804508346.pdf,
5707,東邦鉛,"Toho Zinc Co.,Ltd.",第三者割当により発行された行使価額修正条項付第１回新株予約権の月間行使状況に関するお知らせ,Notice Regarding the Monthly Exercise Status of the 1st Series of Share Acquisition Rights with Exercise Price Reset Provision by Way of Third-Party,2026-08-04 15:30,https://www.release.tdnet.info/inbs/140120260804508439.pdf,https://www.release.tdnet.info/inbs/ek/140120260804508482.pdf
5801,古河電工,"Furukawa Electric Co.,Ltd.",光ファイバおよび光ファイバケーブルの生産に係る固定資産の取得に関するお知らせ,Notice Regarding the Acquisition of Fixed Assets for the Production of Optical Fibers and Optical Fiber Cables,2026-08-04 15:30,https://www.release.tdnet.info/inbs/140120260731505603.pdf,https://www.release.tdnet.info/inbs/ek/140120260804507869.pdf
5857,ＡＲＥＨＤ,"ARE Holdings,Inc.",2027年３月期 第１四半期決算短信〔ＩＦＲＳ〕（連結）,"Consolidated Financial Results for the Three Months Ended June 30, 2026 ARE Holdings, Inc. [IFRS]",2026-08-04 15:30,https://www.release.tdnet.info/inbs/140120260804508422.pdf,https://www.release.tdnet.info/inbs/ek/140120260804508433.pdf
5911,横河ブＨＤ,Yokogawa Bridge Holdings Corp.,自己株式の取得状況に関するお知らせ,Notice Concerning the Status of the Acquisition of Treasury Shares,2026-08-04 15:30,https://www.release.tdnet.info/inbs/140120260803507608.pdf,https://www.release.tdnet.info/inbs/ek/140120260803507610.pdf
6090,ＨＭＴ,,自己株式の取得状況に関するお知らせ,Notice regarding the status of acquisition of treasury stock,2026-08-04 15:30,https://www.release.tdnet.info/inbs/140120260804507933.pdf,
6141,ＤＭＧ森精機,"DMG MORI CO.,LTD.",2026年12月期 第２四半期（中間期）決算短信〔ＩＦＲＳ〕（連結）,Announcement of Revision of Financial Forecast for the FY2026,2026-08-04 15:30,https://www.release.tdnet.info/inbs/140120260804508150.pdf,https://www.release.tdnet.info/inbs/ek/140120260804508186.pdf
6141,ＤＭＧ森精機,"DMG MORI CO.,LTD.",連結業績予想の修正に関するお知らせ,Announcement of Revision of Financial Forecast for the FY2026,2026-08-04 15:30,https://www.release.tdnet.info/inbs/140120260804508183.pdf,https://www.release.tdnet.info/inbs/ek/140120260804508186.pdf
6367,ダイキン工,"DAIKIN INDUSTRIES,LTD.",2027年3月期 第1四半期決算短信〔日本基準〕（連結）,"[Summary] Financial Results for the Three Months Ended June 30, 2026",2026-08-04 15:30,https://www.release.tdnet.info/inbs/140120260803506711.pdf,https://www.release.tdnet.info/inbs/ek/140120260804508437.pdf
6395,タダノ,TADANO LTD.,2026年12月期 第２四半期（中間期）決算短信〔日本基準〕(連結),Notice Concerning Personnel Changes,2026-08-04 15:30,https://www.release.tdnet.info/inbs/140120260731505002.pdf,https://www.release.tdnet.info/inbs/ek/140120260804508194.pdf
6395,タダノ,TADANO LTD.,2026年第2四半期(1-6月)決算説明資料,Notice Concerning Personnel Changes,2026-08-04 15:30,https://www.release.tdnet.info/inbs/140120260804508147.pdf,https://www.release.tdnet.info/inbs/ek/140120260804508194.pdf
6395,タダノ,TADANO LTD.,役員人事に関するお知らせ,Notice Concerning Personnel Changes,2026-08-04 15:30,https://www.release.tdnet.info/inbs/140120260804508192.pdf,https://www.release.tdnet.info/inbs/ek/140120260804508194.pdf
6465,ホシザキ,HOSHIZAKI CORPORATION,自己株式の取得状況に関するお知らせ,Notice Concerning the Status of the Acquisition of Treasury Shares,2026-08-04 15:30,https://www.release.tdnet.info/inbs/140120260803507389.pdf,https://www.release.tdnet.info/inbs/ek/140120260804508548.pdf
6501,日立,"Hitachi,Ltd.",自己株式の取得状況に関するお知らせ(会社法第459条第1項の規定による定款の定めに基づく自己株式の取得),Notification regarding the status of repurchase of shares of common stock,2026-08-04 15:30,https://www.release.tdnet.info/inbs/140120260804508474.pdf,https://www.release.tdnet.info/inbs/ek/140120260804508503.pdf
6571,キュービーネットＨＤ,"QB Net Holdings Co.,Ltd.",国内店舗売上高前年比（2026年7月）についてのお知らせ,[Summary] Monthly Data（July 2026）,2026-08-04 15:30,https://www.release.tdnet.info/inbs/140120260803507079.pdf,https://www.release.tdnet.info/inbs/ek/140120260803507101.pdf
6594,ニデック,NIDEC CORPORATION,当社海外子会社サーバーへの不正アクセスによるランサムウェア被害と情報流出の可能性に関するお知らせ（第２報）,Second Report on Ransomware-caused Damage to and Possibility of Information Leak at an Overseas Subsidiary of Nidec Corporation,2026-08-04 15:30,https://www.release.tdnet.info/inbs/140120260804508481.pdf,https://www.release.tdnet.info/inbs/ek/140120260804508488.pdf
6702,富士通,Fujitsu Limited,自己株式の取得状況に関するお知らせ,Notice regarding the status of repurchase of its own shares,2026-08-04 15:30,https://www.release.tdnet.info/inbs/140120260804508496.pdf,https://www.release.tdnet.info/inbs/ek/140120260804508521.pdf
6718,アイホン,"AIPHONE CO.,LTD.",2027年3月期第1四半期決算短信〔日本基準〕（連結）,"［Summary］Consolidated Financial Results for the Three Months Ended June 30,2026（Under Japanese GAAP）",2026-08-04 15:30,https://www.release.tdnet.info/inbs/140120260730503233.pdf,https://www.release.tdnet.info/inbs/ek/140120260730503278.pdf
6809,ＴＯＡ,TOA CORPORATION,2027年３月期 第１四半期決算短信〔日本基準〕（連結）,"〔Summary〕Consolidated Financial Results for the Three Months Ended June 30,2026(Under Japanese GAAP)",2026-08-04 15:30,https://www.release.tdnet.info/inbs/140120260730504097.pdf,https://www.release.tdnet.info/inbs/ek/140120260804507989.pdf
6841,横河電,YOKOGAWA ELECTRIC CORPORATION,2027年３月期 第１四半期 決算説明会資料,"Consolidated Financial Results for the Three Months Ended June 30, 2026  (Japan GAAP)",2026-08-04 15:30,https://www.release.tdnet.info/inbs/140120260803506834.pdf,https://www.release.tdnet.info/inbs/ek/140120260803506612.pdf
6841,横河電,YOKOGAWA ELECTRIC CORPORATION,2027年３月期  第１四半期決算短信〔日本基準〕（連結）,"Consolidated Financial Results for the Three Months Ended June 30, 2026  (Japan GAAP)",2026-08-04 15:30,https://www.release.tdnet.info/inbs/140120260803506510.pdf,https://www.release.tdnet.info/inbs/ek/140120260803506612.pdf
7047,Ｇ－ポート,,投資家Q&amp;A（2026年７月）,Investor Q&A (July 2026),2026-08-04 15:30,https://www.release.tdnet.info/inbs/140120260803506461.pdf,
7049,Ｇ－識学,,財務上の特約が付された金銭消費貸借契約の締結に関するお知らせ,Notice regarding conclusion of monetary loan agreement with special financial provisions,2026-08-04 15:30,https://www.release.tdnet.info/inbs/140120260804507870.pdf,
7203,トヨタ自,TOYOTA MOTOR CORPORATION,従業員に対する株式交付制度の継続及び従業員に対する新たな株式交付制度の導入に関するお知らせ,Notice Concerning the Disposition of Treasury Stock under the Share-Based Compensation Plan for Employees,2026-08-04 15:30,https://www.release.tdnet.info/inbs/140120260804507853.pdf,https://www.release.tdnet.info/inbs/ek/140120260804508124.pdf
7203,トヨタ自,TOYOTA MOTOR CORPORATION,従業員に対する株式交付制度としての自己株式の処分に関するお知らせ,Notice Concerning the Disposition of Treasury Stock under the Share-Based Compensation Plan for Employees,2026-08-04 15:30,https://www.release.tdnet.info/inbs/140120260804507884.pdf,https://www.release.tdnet.info/inbs/ek/140120260804508124.pdf
7426,山大,,ナイス株式会社による当社株式に対する公開買付けの結果並びに親会社及び主要株主である筆頭株主の異動に関するお知らせ,"Announcement regarding the results of the tender offer for our shares by Nice Co., Ltd. and changes in the parent company and the largest major shareholder",2026-08-04 15:30,https://www.release.tdnet.info/inbs/140120260804508494.pdf,
7513,コジマ,"Kojima Co.,Ltd.",自己株式の取得状況に関するお知らせ,Notice Regarding the Status of Acquisition of Treasury Shares,2026-08-04 15:30,https://www.release.tdnet.info/inbs/140120260804508131.pdf,https://www.release.tdnet.info/inbs/ek/140120260804508166.pdf
7521,ムサシ,,2027年３月期 第１四半期決算短信〔日本基準〕(連結),"Summary of financial results for the first quarter of the fiscal year ending March 31, 2027 [Japanese GAAP] (consolidated)",2026-08-04 15:30,https://www.release.tdnet.info/inbs/140120260731505857.pdf,
7606,Ｕアローズ,UNITED ARROWS LTD.,2026年7月度月次売上概況（速報）〔2027年3月決算期〕,"Monthly Sales Report for July 2026, FY 2027",2026-08-04 15:30,https://www.release.tdnet.info/inbs/140120260804508338.pdf,https://www.release.tdnet.info/inbs/ek/140120260804508340.pdf
7640,トップカルチャ,,2026年10月期7月度月次売上動向,"Monthly sales trends for July, October 2026",2026-08-04 15:30,https://www.release.tdnet.info/inbs/140120260803507640.pdf,
7729,東精密,"TOKYO SEIMITSU CO.,LTD.",2026年度（2027年3月期）第1四半期 決算説明会,Notice Regarding Revision of Dividend Projection for FY2027/3,2026-08-04 15:30,https://www.release.tdnet.info/inbs/140120260804507970.pdf,https://www.release.tdnet.info/inbs/ek/140120260804508048.pdf
7729,東精密,"TOKYO SEIMITSU CO.,LTD.",2027年3月期 第1四半期決算短信〔日本基準〕（連結）,Notice Regarding Revision of Dividend Projection for FY2027/3,2026-08-04 15:30,https://www.release.tdnet.info/inbs/140120260803507651.pdf,https://www.release.tdnet.info/inbs/ek/140120260804508048.pdf
7729,東精密,"TOKYO SEIMITSU CO.,LTD.",2027年3月期配当予想の修正に関するお知らせ,Notice Regarding Revision of Dividend Projection for FY2027/3,2026-08-04 15:30,https://www.release.tdnet.info/inbs/140120260804508007.pdf,https://www.release.tdnet.info/inbs/ek/140120260804508048.pdf
7806,Ｇ－ＭＴＧ,,2026年９月期　第３四半期決算短信〔日本基準〕（連結）,Financial results for the third quarter of the fiscal year ending September 2026 [Japanese standards] (consolidated),2026-08-04 15:30,https://www.release.tdnet.info/inbs/140120260803506610.pdf,
7806,Ｇ－ＭＴＧ,,通期業績予想及び配当予想の修正（上方修正）に関するお知らせ,Notice regarding revisions (upward revisions) to full-year earnings forecasts and dividend forecasts,2026-08-04 15:30,https://www.release.tdnet.info/inbs/140120260803506664.pdf,
7806,Ｇ－ＭＴＧ,,2026年９月期株主優待制度の詳細決定に関するお知らせ,Notice regarding detailed determination of shareholder benefit plan for the fiscal year ending September 2026,2026-08-04 15:30,https://www.release.tdnet.info/inbs/140120260803506683.pdf,
7806,Ｇ－ＭＴＧ,,2027年９月期株主優待制度の実施に関するお知らせ,Notice regarding implementation of shareholder benefit plan for September 2027,2026-08-04 15:30,https://www.release.tdnet.info/inbs/140120260803506694.pdf,
7859,アルメディオ,,2027年3月期 第1四半期決算短信〔日本基準〕（連結）,"Summary of financial results for the first quarter of the fiscal year ending March 31, 2027 [Japanese GAAP] (consolidated)",2026-08-04 15:30,https://www.release.tdnet.info/inbs/140120260727599897.pdf,
7867,タカラトミー,"TOMY COMPANY,LTD.",2027年３月期  第１四半期決算短信〔日本基準〕（連結）,"[Summary]CONSOLIDATED FINANCIAL RESULTS  for the First Three Months of the Fiscal Year Ending March 31, 2027  <under Japanese GAAP>",2026-08-04 15:30,https://www.release.tdnet.info/inbs/140120260803507498.pdf,https://www.release.tdnet.info/inbs/ek/140120260804508226.pdf
7915,ＮＩＳＳＨＡ,"Nissha Co.,Ltd.",2026年12月期第2四半期（中間期）決算発表の延期および半期報告書の提出期限延長申請の検討に関するお知らせ,Notice Regarding Postponement of Announcement of Q2 FY2026 Financial Results and Potential Filing Deadline Extension for the Semi-Annual Securities,2026-08-04 15:30,https://www.release.tdnet.info/inbs/140120260803507217.pdf,https://www.release.tdnet.info/inbs/ek/140120260803507255.pdf
7951,ヤマハ,YAMAHA CORPORATION,2027年３月期 第１四半期決算短信〔ＩＦＲＳ〕（連結）,Presentation of Analyst and Investor Briefing on First Quarter of FY2027.3,2026-08-04 15:30,https://www.release.tdnet.info/inbs/140120260803506718.pdf,https://www.release.tdnet.info/inbs/ek/140120260804507715.pdf
7951,ヤマハ,YAMAHA CORPORATION,2027年3月期 第1四半期業績の概要と通期業績予想について[IFRS],Presentation of Analyst and Investor Briefing on First Quarter of FY2027.3,2026-08-04 15:30,https://www.release.tdnet.info/inbs/140120260804507742.pdf,https://www.release.tdnet.info/inbs/ek/140120260804507715.pdf
7951,ヤマハ,YAMAHA CORPORATION,2027年3月期第1四半期決算説明会資料,Presentation of Analyst and Investor Briefing on First Quarter of FY2027.3,2026-08-04 15:30,https://www.release.tdnet.info/inbs/140120260804507712.pdf,https://www.release.tdnet.info/inbs/ek/140120260804507715.pdf
8012,長瀬産,"NAGASE & CO.,LTD.",2027年3月期 第1四半期決算短信〔日本基準〕（連結）,Notice Regarding Repurchase of Own Shares,2026-08-04 15:30,https://www.release.tdnet.info/inbs/140120260803506638.pdf,https://www.release.tdnet.info/inbs/ek/140120260804508059.pdf
8012,長瀬産,"NAGASE & CO.,LTD.",2027年3月期 第1四半期決算説明資料,Notice Regarding Repurchase of Own Shares,2026-08-04 15:30,https://www.release.tdnet.info/inbs/140120260804508081.pdf,https://www.release.tdnet.info/inbs/ek/140120260804508059.pdf
8012,長瀬産,"NAGASE & CO.,LTD.",自己株式取得に係る事項の決定に関するお知らせ,Notice Regarding Repurchase of Own Shares,2026-08-04 15:30,https://www.release.tdnet.info/inbs/140120260804508056.pdf,https://www.release.tdnet.info/inbs/ek/140120260804508059.pdf
8018,三共生興,,自己株式の取得状況に関するお知らせ（会社法165条第２項の規定による定款の定めに基づく自己株式の取得）,"Notice regarding the status of acquisition of treasury stock (acquisition of treasury stock based on the provisions of the articles of incorporation pursuant to the provisions of Article 165, Paragraph 2 of the Companies Act)",2026-08-04 15:30,https://www.release.tdnet.info/inbs/140120260803507541.pdf,
8089,ナイス,,株式会社山大（証券コード：7426）に対する公開買付けの結果及び子会社の異動に関するお知らせ,"Notice regarding results of tender offer and change in subsidiary for Yamadai Co., Ltd. (Securities code: 7426)",2026-08-04 15:30,https://www.release.tdnet.info/inbs/140120260804508008.pdf,
8103,明和産,Meiwa Corporation,自己株式の取得状況及び取得終了並びに消却株式数に関するお知らせ,Notice Concerning Status and Completion of Repurchase of Treasury Shares and Number of Shares to be Canceled,2026-08-04 15:30,https://www.release.tdnet.info/inbs/140120260804508274.pdf,https://www.release.tdnet.info/inbs/ek/140120260804508278.pdf
8252,丸井Ｇ,"MARUI GROUP CO.,LTD.",2027年３月期 第１四半期決算短信〔日本基準〕(連結),Notice Regarding the Establishment of a Limit for the Acquisition of Treasury Shares,2026-08-04 15:30,https://www.release.tdnet.info/inbs/140120260803507652.pdf,https://www.release.tdnet.info/inbs/ek/140120260804508049.pdf
8252,丸井Ｇ,"MARUI GROUP CO.,LTD.",2027年３月期 第１四半期 FACT BOOK(決算補足資料),Notice Regarding the Establishment of a Limit for the Acquisition of Treasury Shares,2026-08-04 15:30,https://www.release.tdnet.info/inbs/140120260803507656.pdf,https://www.release.tdnet.info/inbs/ek/140120260804508049.pdf
8252,丸井Ｇ,"MARUI GROUP CO.,LTD.",自己株式の取得枠設定に関するお知らせ,Notice Regarding the Establishment of a Limit for the Acquisition of Treasury Shares,2026-08-04 15:30,https://www.release.tdnet.info/inbs/140120260803507654.pdf,https://www.release.tdnet.info/inbs/ek/140120260804508049.pdf
8331,千葉銀,"The Chiba Bank,Ltd.",2027年3月期　第1四半期決算短信［日本基準］（連結）,Announcement regarding acquisition of own shares,2026-08-04 15:30,https://www.release.tdnet.info/inbs/140120260731504689.pdf,https://www.release.tdnet.info/inbs/ek/140120260804507980.pdf
8331,千葉銀,"The Chiba Bank,Ltd.",自己株式取得に係る事項の決定に関するお知らせ,Announcement regarding acquisition of own shares,2026-08-04 15:30,https://www.release.tdnet.info/inbs/140120260804507968.pdf,https://www.release.tdnet.info/inbs/ek/140120260804507980.pdf
8336,武蔵野銀,"The Musashino Bank,Ltd.",自己株式の取得状況に関するお知らせ,Notice Regarding the Status of Repurchase of Shares of Common Stock,2026-08-04 15:30,https://www.release.tdnet.info/inbs/140120260804507841.pdf,https://www.release.tdnet.info/inbs/ek/140120260804507848.pdf
8344,山形銀,"The Yamagata Bank,Ltd.",自己株式の取得状況に関するお知らせ,Notice Concerning Situation for Acquisition of Treasury Shares,2026-08-04 15:30,https://www.release.tdnet.info/inbs/140120260730503411.pdf,https://www.release.tdnet.info/inbs/ek/140120260730503413.pdf
8558,東和銀,"THE TOWA BANK,LTD.",（訂正・数値データ訂正）「2026年３月期決算短信〔日本基準〕（連結）」の一部訂正について,"Notice Concerning Unrealized Losses on Securities as of the End of the First Quarter of the Fiscal Year Ending March 31, 2027",2026-08-04 15:30,https://www.release.tdnet.info/inbs/140120260804508354.pdf,https://www.release.tdnet.info/inbs/ek/140120260804508547.pdf
8558,東和銀,"THE TOWA BANK,LTD.",2027年３月期　第１四半期決算短信〔日本基準〕（連結）,"Notice Concerning Unrealized Losses on Securities as of the End of the First Quarter of the Fiscal Year Ending March 31, 2027",2026-08-04 15:30,https://www.release.tdnet.info/inbs/140120260804508392.pdf,https://www.release.tdnet.info/inbs/ek/140120260804508547.pdf
8558,東和銀,"THE TOWA BANK,LTD.",2027年３月期第１四半期末の有価証券含み損に関するお知らせ,"Notice Concerning Unrealized Losses on Securities as of the End of the First Quarter of the Fiscal Year Ending March 31, 2027",2026-08-04 15:30,https://www.release.tdnet.info/inbs/140120260804508520.pdf,https://www.release.tdnet.info/inbs/ek/140120260804508547.pdf
8729,ソニーＦＧ,Sony Financial Group Inc.,自己株式の取得状況に関するお知らせ,Notice Regarding the Status of Repurchase of Shares of Common Stock,2026-08-04 15:30,https://www.release.tdnet.info/inbs/140120260804507997.pdf,https://www.release.tdnet.info/inbs/ek/140120260804508028.pdf
8841,テーオーシー,,2027年３月期　第1四半期決算短信〔日本基準〕（連結）,"First quarter financial results for the fiscal year ending March 31, 2027 [Japanese GAAP] (consolidated)",2026-08-04 15:30,https://www.release.tdnet.info/inbs/140120260730503766.pdf,
9001,東武,"TOBU RAILWAY CO.,LTD.",2027年３月期 第１四半期決算短信〔日本基準〕(連結),"Supplementary Material for Consolidated Financial Results for the Three Months Ended June 30, 2026",2026-08-04 15:30,https://www.release.tdnet.info/inbs/140120260803506757.pdf,https://www.release.tdnet.info/inbs/ek/140120260803507032.pdf
9001,東武,"TOBU RAILWAY CO.,LTD.",2027年３月期　第１四半期決算補足説明資料,"Supplementary Material for Consolidated Financial Results for the Three Months Ended June 30, 2026",2026-08-04 15:30,https://www.release.tdnet.info/inbs/140120260803506981.pdf,https://www.release.tdnet.info/inbs/ek/140120260803507032.pdf
9006,京急,Keikyu Corporation,自己株式の取得状況に関するお知らせ,Notice on the Acquisition Status of Treasury Shares,2026-08-04 15:30,https://www.release.tdnet.info/inbs/140120260804507852.pdf,https://www.release.tdnet.info/inbs/ek/140120260804507899.pdf
9107,川崎船,"Kawasaki Kisen Kaisha,Ltd.",2027年３月期　第１四半期決算短信〔日本基準〕（連結）,Financial Highlights for 1st Quarter FY2026,2026-08-04 15:30,https://www.release.tdnet.info/inbs/140120260803506455.pdf,https://www.release.tdnet.info/inbs/ek/140120260803506584.pdf
9107,川崎船,"Kawasaki Kisen Kaisha,Ltd.",2026年度第１四半期 決算説明会資料,Financial Highlights for 1st Quarter FY2026,2026-08-04 15:30,https://www.release.tdnet.info/inbs/140120260729502088.pdf,https://www.release.tdnet.info/inbs/ek/140120260803506584.pdf
9142,ＪＲ九州,Kyushu Railway Company,2027年３月期　第１四半期決算短信[日本基準]（連結）,"Financial Results Presentation Materials for the First Quarter, FY2027.3",2026-08-04 15:30,https://www.release.tdnet.info/inbs/140120260804507956.pdf,https://www.release.tdnet.info/inbs/ek/140120260804508458.pdf
9142,ＪＲ九州,Kyushu Railway Company,2027年３月期　第１四半期決算説明会資料,"Financial Results Presentation Materials for the First Quarter, FY2027.3",2026-08-04 15:30,https://www.release.tdnet.info/inbs/140120260804508451.pdf,https://www.release.tdnet.info/inbs/ek/140120260804508458.pdf
9252,Ｇ－ラストワンマイル,,自己株式の取得状況に関するお知らせ,Notice regarding the status of acquisition of treasury stock,2026-08-04 15:30,https://www.release.tdnet.info/inbs/140120260804508590.pdf,
9301,三菱倉,Mitsubishi Logistics Corporation,自己株式の取得状況に関するお知らせ,Notice Concerning the Status of the Acquisition of Treasury Shares,2026-08-04 15:30,https://www.release.tdnet.info/inbs/140120260803507427.pdf,https://www.release.tdnet.info/inbs/ek/140120260803507428.pdf
9302,三井倉ＨＤ,"MITSUI-SOKO HOLDINGS Co.,Ltd.",2027年３月期 第１四半期決算短信〔日本基準〕（連結）,"[Summary] Consolidated Financial Results for the Three Months Ended June 30, 2026 (Under Japanese GAAP)",2026-08-04 15:30,https://www.release.tdnet.info/inbs/140120260803507163.pdf,https://www.release.tdnet.info/inbs/ek/140120260804508299.pdf
9332,ＮＩＳＳＯＨＤ,"NISSO HOLDINGS Co.,Ltd.",譲渡制限付株式報酬としての自己株式処分の払込完了に関するお知らせ,Notice of Completion of Payment of Disposal of Treasury Shares as Restricted Share Remuneration,2026-08-04 15:30,https://www.release.tdnet.info/inbs/140120260728500783.pdf,https://www.release.tdnet.info/inbs/ek/140120260728500784.pdf
9399,ビート,Beat Holdings Limited,ビットコインETFの月次報告に関するお知らせ,Monthly Report of Bitcoin ETF,2026-08-04 15:30,https://www.release.tdnet.info/inbs/140120260804508309.pdf,https://www.release.tdnet.info/inbs/ek/140120260804508312.pdf
9405,朝日放送グループＨＤ,ASAHI BROADCASTING GROUP HOLDINGS CORPORATION,自己株式の取得状況に関するお知らせ,Notice Concerning the Status of Acquisition of Own Shares,2026-08-04 15:30,https://www.release.tdnet.info/inbs/140120260803506358.pdf,https://www.release.tdnet.info/inbs/ek/140120260803506405.pdf
9434,ソフトバンク,SoftBank Corp.,2027年３月期 第１四半期決算短信〔ＩＦＲＳ〕（連結）,"Consolidated Financial Report For the Three Months Ended June 30, 2026 (IFRS)",2026-08-04 15:30,https://www.release.tdnet.info/inbs/140120260804508086.pdf,https://www.release.tdnet.info/inbs/ek/140120260804508090.pdf
9691,両毛システム,,株式併合並びに単元株式数の定めの廃止及び定款の一部変更に関する臨時株主総会開催のお知らせ,"Notice of holding an extraordinary general meeting of shareholders regarding reverse stock split, abolition of regulations on the number of shares constituting one unit, and partial amendments to the articles of incorporation",2026-08-04 15:30,https://www.release.tdnet.info/inbs/140120260803507476.pdf,
9691,両毛システム,,自己株式の消却に関するお知らせ,Notice regarding cancellation of treasury stock,2026-08-04 15:30,https://www.release.tdnet.info/inbs/140120260803507478.pdf,
9692,シーイーシー,COMPUTER ENGINEERING & CONSULTING LTD.,自己株式の取得状況に関するお知らせ,Notice Concerning Status of Acquisition of Treasury Shares,2026-08-04 15:30,https://www.release.tdnet.info/inbs/140120260803507364.pdf,https://www.release.tdnet.info/inbs/ek/140120260803507372.pdf
9849,共同紙,,2027年３月期　第１四半期決算短信〔日本基準〕（連結）,"First quarter financial results for the fiscal year ending March 31, 2027 [Japanese standards] (consolidated)",2026-08-04 15:30,https://www.release.tdnet.info/inbs/140120260804507945.pdf,
9878,セキド,,2027年３月期 第１四半期決算短信〔日本基準〕（非連結）,Summary of financial results for the first quarter of the fiscal year ending March 2027 [Japanese GAAP] (non-consolidated),2026-08-04 15:30,https://www.release.tdnet.info/inbs/140120260804508513.pdf,
9880,イノテック,INNOTECH CORPORATION,自己株式の取得状況に関するお知らせ,Notice of the Status of Acquisition of Treasury Stock,2026-08-04 15:30,https://www.release.tdnet.info/inbs/140120260804508096.pdf,https://www.release.tdnet.info/inbs/ek/140120260804508140.pdf
9882,イエローハット,YELLOW HAT LTD.,自己株式の取得状況に関するお知らせ,Notice Concerning the Status of the Acquisition of Treasury Shares,2026-08-04 15:30,https://www.release.tdnet.info/inbs/140120260803506252.pdf,https://www.release.tdnet.info/inbs/ek/140120260803506282.pdf
9980,ＭＲＫ　ＨＬＤ,,自己株式の取得状況に関するお知らせ,Notice regarding the status of acquisition of treasury stock,2026-08-04 15:30,https://www.release.tdnet.info/inbs/140120260804508085.pdf,
9990,サックスバーＨＤ,SAC'S BAR HOLDINGS INC.,(株)東京デリカの月次売上情報等のお知らせ,"[Summary] Financial Results for the Three Months Ended June 30, 2026",2026-08-04 15:30,https://www.release.tdnet.info/inbs/140120260804508294.pdf,https://www.release.tdnet.info/inbs/ek/140120260804508348.pdf
9990,サックスバーＨＤ,SAC'S BAR HOLDINGS INC.,2027年３月期第１四半期決算短信〔日本基準〕(連結),"[Summary] Financial Results for the Three Months Ended June 30, 2026",2026-08-04 15:30,https://www.release.tdnet.info/inbs/140120260804508298.pdf,https://www.release.tdnet.info/inbs/ek/140120260804508348.pdf
8043,スターゼン,Starzen Company Limited,自己株式の取得状況に関するお知らせ,Notice Regarding the Status of Acquisition of Treasury Shares,2026-08-04 15:20,https://www.release.tdnet.info/inbs/140120260804508591.pdf,https://www.release.tdnet.info/inbs/ek/140120260804508594.pdf
3189,ＡＮＡＰ,,（訂正）「第三者割当により発行された第９回新株予約権（行使価額修正条項付）の月間行使状況に関するお知らせ」の一部訂正について,"(Correction) Regarding a partial correction to ""Notice regarding the monthly exercise status of the 9th stock acquisition rights issued through third-party allotment (with exercise price revision clause)""",2026-08-04 15:00,https://www.release.tdnet.info/inbs/140120260803507630.pdf,
3276,ＪＰＭＣ,,（数値データ追加）「2026年12月期の中間配当及び期末配当予想の修正（無配）に関するお知らせ」におけるXBRLデータ追加について,"(Numerical data added) Regarding addition of XBRL data in ""Notice regarding revision (no dividend) of interim and year-end dividend forecasts for the fiscal year ending December 2026""",2026-08-04 15:00,https://www.release.tdnet.info/inbs/140120260804508208.pdf,
3276,ＪＰＭＣ,,（数値データ追加）「2026年12月期　第２四半期（中間期）決算速報値（連結）に関するお知らせ」におけるXBRLデータ追加について,"(Numerical data added) Regarding the addition of XBRL data in ""Notice regarding preliminary financial results (consolidated) for the second quarter (interim period) of the fiscal year ending December 2026""",2026-08-04 15:00,https://www.release.tdnet.info/inbs/140120260804508374.pdf,
6859,エスペック,ESPEC CORP.,自己株式の取得状況および取得終了に関するお知らせ,Notice Concerning the Status and Completion of Acquisition of Own Shares,2026-08-04 15:00,https://www.release.tdnet.info/inbs/140120260804508445.pdf,https://www.release.tdnet.info/inbs/ek/140120260804508508.pdf
7296,ＦＣＣ,"F.C.C.CO.,LTD.",2027年３月期　第１四半期決算短信〔IFRS〕（連結）,Notice Concerning Revision to Earnings Forecast and Dividend Forecast,2026-08-04 15:00,https://www.release.tdnet.info/inbs/140120260804508231.pdf,https://www.release.tdnet.info/inbs/ek/140120260804508275.pdf
7296,ＦＣＣ,"F.C.C.CO.,LTD.",業績予想および配当予想の修正に関するお知らせ,Notice Concerning Revision to Earnings Forecast and Dividend Forecast,2026-08-04 15:00,https://www.release.tdnet.info/inbs/140120260804508261.pdf,https://www.release.tdnet.info/inbs/ek/140120260804508275.pdf
7380,十六ＦＧ,"Juroku Financial Group,Inc.",2027年3月期 第1四半期決算短信〔日本基準〕(連結),"Consolidated Financial Results for the Three Months Ended June 30, 2026 (Under Japanese GAAP)",2026-08-04 15:00,https://www.release.tdnet.info/inbs/140120260803507154.pdf,https://www.release.tdnet.info/inbs/ek/140120260803507294.pdf
7565,萬世電機,,2027年3月期 第1四半期決算短信[日本基準]（連結）,"Summary of financial results for the first quarter of the fiscal year ending March 31, 2027 [Japanese GAAP] (consolidated)",2026-08-04 15:00,https://www.release.tdnet.info/inbs/140120260804507983.pdf,
7565,萬世電機,,業績予想に関するお知らせ,Notice regarding business forecasts,2026-08-04 15:00,https://www.release.tdnet.info/inbs/140120260804508032.pdf,
8747,豊トラスティ証券,,連結総資産の減少に関するお知らせ,Notice regarding decrease in consolidated total assets,2026-08-04 15:00,https://www.release.tdnet.info/inbs/140120260804508314.pdf,
9324,安田倉,Yasuda Logistics Corporation,2027年3月期第2四半期（累計）連結業績予想の修正に関するお知らせ,"[Summary]Consolidated Financial Results for the Three Months Ended June 30, 2026 [Japanese GAAP]",2026-08-04 15:00,https://www.release.tdnet.info/inbs/140120260804508359.pdf,https://www.release.tdnet.info/inbs/ek/140120260804508475.pdf
9324,安田倉,Yasuda Logistics Corporation,2027年３月期第１四半期決算短信〔日本基準〕（連結）,"[Summary]Consolidated Financial Results for the Three Months Ended June 30, 2026 [Japanese GAAP]",2026-08-04 15:00,https://www.release.tdnet.info/inbs/140120260804508428.pdf,https://www.release.tdnet.info/inbs/ek/140120260804508475.pdf
1897,金下建設,,営業外収益（受取配当金）の計上に関するお知らせ,Notice regarding recording of non-operating income (dividends received),2026-08-04 14:45,https://www.release.tdnet.info/inbs/140120260804508415.pdf,
2810,ハウス食Ｇ,House Foods Group Inc.,2027年３月期 第１四半期決算短信〔日本基準〕（連結）,Notice of Status of Acquisition of Company’s Own Shares,2026-08-04 14:30,https://www.release.tdnet.info/inbs/140120260804507932.pdf,https://www.release.tdnet.info/inbs/ek/140120260804508044.pdf
2810,ハウス食Ｇ,House Foods Group Inc.,2027年３月期 第１四半期決算説明資料,Notice of Status of Acquisition of Company’s Own Shares,2026-08-04 14:30,https://www.release.tdnet.info/inbs/140120260804507990.pdf,https://www.release.tdnet.info/inbs/ek/140120260804508044.pdf
2810,ハウス食Ｇ,House Foods Group Inc.,自己株式の取得状況に関するお知らせ,Notice of Status of Acquisition of Company’s Own Shares,2026-08-04 14:30,https://www.release.tdnet.info/inbs/140120260804508018.pdf,https://www.release.tdnet.info/inbs/ek/140120260804508044.pdf
4005,住友化,,当社グループに関するレポート,Report on our group,2026-08-04 14:30,https://www.release.tdnet.info/inbs/140120260804508502.pdf,
4008,住友精化,"Sumitomo Seika Chemicals Company,Limited.",自己株式の取得状況に関するお知らせ,Notice Regarding the Status of Acquisition of Treasury Shares,2026-08-04 14:30,https://www.release.tdnet.info/inbs/140120260803507523.pdf,https://www.release.tdnet.info/inbs/ek/140120260803507542.pdf
5232,住友大阪,"Sumitomo Osaka Cement Co.,Ltd.",株式分割、定款の一部変更、配当予想の修正等に関するお知らせ,Notice Concerning Disposal of Treasury Shares in Connection with Continuation of the Share-Based Remuneration System,2026-08-04 14:30,https://www.release.tdnet.info/inbs/140120260804507785.pdf,https://www.release.tdnet.info/inbs/ek/140120260804507838.pdf
5232,住友大阪,"Sumitomo Osaka Cement Co.,Ltd.",2027年３月期 第１四半期決算短信〔日本基準〕(連結),Notice Concerning Disposal of Treasury Shares in Connection with Continuation of the Share-Based Remuneration System,2026-08-04 14:30,https://www.release.tdnet.info/inbs/140120260803507511.pdf,https://www.release.tdnet.info/inbs/ek/140120260804507838.pdf
5232,住友大阪,"Sumitomo Osaka Cement Co.,Ltd.",2026年度（2027年3月期）第１四半期決算説明資料,Notice Concerning Disposal of Treasury Shares in Connection with Continuation of the Share-Based Remuneration System,2026-08-04 14:30,https://www.release.tdnet.info/inbs/140120260803507533.pdf,https://www.release.tdnet.info/inbs/ek/140120260804507838.pdf
5232,住友大阪,"Sumitomo Osaka Cement Co.,Ltd.",株式報酬制度における株式取得に係る事項の決定に関するお知らせ,Notice Concerning Disposal of Treasury Shares in Connection with Continuation of the Share-Based Remuneration System,2026-08-04 14:30,https://www.release.tdnet.info/inbs/140120260804507811.pdf,https://www.release.tdnet.info/inbs/ek/140120260804507838.pdf
5232,住友大阪,"Sumitomo Osaka Cement Co.,Ltd.",株式報酬制度の継続に伴う自己株式の処分に関するお知らせ,Notice Concerning Disposal of Treasury Shares in Connection with Continuation of the Share-Based Remuneration System,2026-08-04 14:30,https://www.release.tdnet.info/inbs/140120260804507833.pdf,https://www.release.tdnet.info/inbs/ek/140120260804507838.pdf
7337,ひろぎんＨＤ,"Hirogin Holdings,Inc.",2027年3月期 第1四半期決算短信〔日本基準〕(連結),"[Summary]Consolidated Financial Results for the Three Months Ended June 30, 2026",2026-08-04 14:30,https://www.release.tdnet.info/inbs/140120260803506700.pdf,https://www.release.tdnet.info/inbs/ek/140120260803506756.pdf
8365,富山銀行,,2027年３月期 第1四半期決算短信[日本基準](連結),Summary of financial results for the first quarter of the fiscal year ending March 2027 [Japanese GAAP] (consolidated),2026-08-04 14:30,https://www.release.tdnet.info/inbs/140120260804508217.pdf,
4506,住友ファーマ,,当社に関するレポートについて,About reports about our company,2026-08-04 14:22,https://www.release.tdnet.info/inbs/140120260804508141.pdf,
4189,ＫＨネオケム,"KH Neochem Co.,Ltd.",2026年12月期　第２四半期（中間期）決算短信〔日本基準〕（連結）,Notice Concerning Changes to Dividend Policy and Revision to Year-End Dividend Forecasts (Dividend Increase),2026-08-04 14:00,https://www.release.tdnet.info/inbs/140120260514532840.pdf,https://www.release.tdnet.info/inbs/ek/140120260804508145.pdf
4189,ＫＨネオケム,"KH Neochem Co.,Ltd.",2026年12月期第２四半期（中間期）連結業績予想と実績値との差異に関するお知らせ,Notice Concerning Changes to Dividend Policy and Revision to Year-End Dividend Forecasts (Dividend Increase),2026-08-04 14:00,https://www.release.tdnet.info/inbs/140120260722597556.pdf,https://www.release.tdnet.info/inbs/ek/140120260804508145.pdf
4189,ＫＨネオケム,"KH Neochem Co.,Ltd.",配当方針の変更及び配当予想の修正（増配）に関するお知らせ,Notice Concerning Changes to Dividend Policy and Revision to Year-End Dividend Forecasts (Dividend Increase),2026-08-04 14:00,https://www.release.tdnet.info/inbs/140120260722597562.pdf,https://www.release.tdnet.info/inbs/ek/140120260804508145.pdf
6302,住友重,"SUMITOMO HEAVY INDUSTRIES,LTD.",2026年12月期　第２四半期（中間期）決算短信〔日本基準〕(連結),Consolidated Financial Report for the 2nd Quarter of FY 2026,2026-08-04 14:00,https://www.release.tdnet.info/inbs/140120260804507994.pdf,https://www.release.tdnet.info/inbs/ek/140120260804508202.pdf
6326,クボタ,KUBOTA CORPORATION,2026年12月期 第２四半期（中間期）決算短信〔IFRS〕（連結）,Notice Concerning the Determination of Matters Related to the Repurchase of Own Shares,2026-08-04 14:00,https://www.release.tdnet.info/inbs/140120260730504048.pdf,https://www.release.tdnet.info/inbs/ek/140120260730504121.pdf
6326,クボタ,KUBOTA CORPORATION,2026年12月期 第２四半期連結業績予想と実績値との差異および通期連結業績予想の修正に関するお知らせ,Notice Concerning the Determination of Matters Related to the Repurchase of Own Shares,2026-08-04 14:00,https://www.release.tdnet.info/inbs/140120260730504063.pdf,https://www.release.tdnet.info/inbs/ek/140120260730504121.pdf
6326,クボタ,KUBOTA CORPORATION,剰余金の配当（中間配当）に関するお知らせ,Notice Concerning the Determination of Matters Related to the Repurchase of Own Shares,2026-08-04 14:00,https://www.release.tdnet.info/inbs/140120260730504076.pdf,https://www.release.tdnet.info/inbs/ek/140120260730504121.pdf
6326,クボタ,KUBOTA CORPORATION,自己株式取得に係る事項の決定に関するお知らせ,Notice Concerning the Determination of Matters Related to the Repurchase of Own Shares,2026-08-04 14:00,https://www.release.tdnet.info/inbs/140120260730504079.pdf,https://www.release.tdnet.info/inbs/ek/140120260730504121.pdf
6617,東光高岳,"TAKAOKA TOKO CO.,LTD.",自己株式の取得状況に関するお知らせ,Notice Concerning the Status of Acquisition of Treasury Shares,2026-08-04 14:00,https://www.release.tdnet.info/inbs/140120260804507668.pdf,https://www.release.tdnet.info/inbs/ek/140120260804507670.pdf
6888,アクモス,,2026年6月期 決算短信〔日本基準〕（連結）,Summary of financial results for the fiscal year ending June 2026 [Japanese standards] (consolidated),2026-08-04 14:00,https://www.release.tdnet.info/inbs/140120260803506285.pdf,
6888,アクモス,,2026年6月期（第35期）決算補足説明資料　2027年6月期（第36期）経営計画,Supplementary materials for financial results for the period ending June 2026 (35th period) Management plan for the period ending June 2027 (36th period),2026-08-04 14:00,https://www.release.tdnet.info/inbs/140120260803507592.pdf,
6888,アクモス,,剰余金の配当に関するお知らせ,Notice regarding dividend of surplus,2026-08-04 14:00,https://www.release.tdnet.info/inbs/140120260803507590.pdf,
7203,トヨタ自,TOYOTA MOTOR CORPORATION,2027年3月期 第1四半期決算短信〔IFRS〕（連結),FY2027 First Quarter Financial Results Presentation,2026-08-04 14:00,https://www.release.tdnet.info/inbs/140120260730503849.pdf,https://www.release.tdnet.info/inbs/ek/140120260804507890.pdf
7203,トヨタ自,TOYOTA MOTOR CORPORATION,2027年3月期第１四半期決算報告プレゼンテーション資料,FY2027 First Quarter Financial Results Presentation,2026-08-04 14:00,https://www.release.tdnet.info/inbs/140120260804507860.pdf,https://www.release.tdnet.info/inbs/ek/140120260804507890.pdf
7203,トヨタ自,TOYOTA MOTOR CORPORATION,自己株式取得に係る事項の決定および自己株式の消却に関するお知らせ,FY2027 First Quarter Financial Results Presentation,2026-08-04 14:00,https://www.release.tdnet.info/inbs/140120260804507846.pdf,https://www.release.tdnet.info/inbs/ek/140120260804507890.pdf
7989,立川ブライ,TACHIKAWA CORPORATION,2026年12月期 第２四半期（中間期）決算短信〔日本基準〕(連結),"[Summary]Consolidated Financial Results for the Six Months Ended June 30, 2026",2026-08-04 14:00,https://www.release.tdnet.info/inbs/140120260804508315.pdf,https://www.release.tdnet.info/inbs/ek/140120260804508321.pdf
7989,立川ブライ,TACHIKAWA CORPORATION,2026年12月期 第２四半期 決算説明資料,"[Summary]Consolidated Financial Results for the Six Months Ended June 30, 2026",2026-08-04 14:00,https://www.release.tdnet.info/inbs/140120260804507979.pdf,https://www.release.tdnet.info/inbs/ek/140120260804508321.pdf
8020,兼松,KANEMATSU CORPORATION,2027年３月期 第１四半期決算短信〔ＩＦＲＳ〕（連結）,Supplementary Material First Quarter Results for FY2027,2026-08-04 14:00,https://www.release.tdnet.info/inbs/140120260731505724.pdf,https://www.release.tdnet.info/inbs/ek/140120260804508341.pdf
8020,兼松,KANEMATSU CORPORATION,2027年３月期 第１四半期 決算補足説明資料,Supplementary Material First Quarter Results for FY2027,2026-08-04 14:00,https://www.release.tdnet.info/inbs/140120260731505731.pdf,https://www.release.tdnet.info/inbs/ek/140120260804508341.pdf
8242,Ｈ２Ｏリテイル,H2O RETAILING CORPORATION,2027年3月期 第1四半期決算短信〔日本基準〕（連結）,Presentation Materials to Financial Results for the First Quarter of the FYE Mar. 2027（FY2026）,2026-08-04 14:00,https://www.release.tdnet.info/inbs/140120260728500805.pdf,https://www.release.tdnet.info/inbs/ek/140120260728500825.pdf
8242,Ｈ２Ｏリテイル,H2O RETAILING CORPORATION,2027年3月期 第1四半期 決算補足資料,Presentation Materials to Financial Results for the First Quarter of the FYE Mar. 2027（FY2026）,2026-08-04 14:00,https://www.release.tdnet.info/inbs/140120260728500808.pdf,https://www.release.tdnet.info/inbs/ek/140120260728500825.pdf
8242,Ｈ２Ｏリテイル,H2O RETAILING CORPORATION,2027年3月期 第1四半期 決算説明資料,Presentation Materials to Financial Results for the First Quarter of the FYE Mar. 2027（FY2026）,2026-08-04 14:00,https://www.release.tdnet.info/inbs/140120260728500810.pdf,https://www.release.tdnet.info/inbs/ek/140120260728500825.pdf
8542,トマト銀,,2027年3月期　第1四半期決算短信〔日本基準〕(連結),"First quarter financial results for the fiscal year ending March 31, 2027 [Japanese standards] (consolidated)",2026-08-04 14:00,https://www.release.tdnet.info/inbs/140120260803506473.pdf,
9119,飯野海,"IINO KAIUN KAISHA,LTD.",2027年３月期　第１四半期決算短信〔日本基準〕（連結）,"Announcement of Revisions to Financial Forecast and Dividend Forecast for the Fiscal Year ending March 31, 2027",2026-08-04 14:00,https://www.release.tdnet.info/inbs/140120260803507450.pdf,https://www.release.tdnet.info/inbs/ek/140120260804508204.pdf
9119,飯野海,"IINO KAIUN KAISHA,LTD.",2027年３月期連結業績予想の修正及び配当予想の修正(増配)に関するお知らせ,"Announcement of Revisions to Financial Forecast and Dividend Forecast for the Fiscal Year ending March 31, 2027",2026-08-04 14:00,https://www.release.tdnet.info/inbs/140120260804508191.pdf,https://www.release.tdnet.info/inbs/ek/140120260804508204.pdf
9531,東瓦斯,"TOKYO GAS CO.,LTD.",自己株式の取得状況に関するお知らせ,Notice of Shares Buyback (Progress Report),2026-08-04 14:00,https://www.release.tdnet.info/inbs/140120260804507934.pdf,https://www.release.tdnet.info/inbs/ek/140120260804507939.pdf
8031,三井物産,"MITSUI & CO.,LTD.",従業員向け株式報酬制度の継続,Continuation of Share-Based Compensation Plan for Employees,2026-08-04 13:45,https://www.release.tdnet.info/inbs/140120260803507403.pdf,https://www.release.tdnet.info/inbs/ek/140120260803507404.pdf
4005,住友化,"SUMITOMO CHEMICAL COMPANY,LIMITED",2027年３月期第１四半期決算短信〔ＩＦＲＳ〕（連結）,Summary of Consolidated Financial Results for First Quarter Fiscal Year 2026,2026-08-04 13:30,https://www.release.tdnet.info/inbs/140120260803506556.pdf,https://www.release.tdnet.info/inbs/ek/140120260803507462.pdf
7011,三菱重,"Mitsubishi Heavy Industries,Ltd.",2027年３月期 第１四半期決算短信〔ＩＦＲＳ〕（連結）,Presentation Materials of Q1 FY2026 Financial Results,2026-08-04 13:30,https://www.release.tdnet.info/inbs/140120260726599663.pdf,https://www.release.tdnet.info/inbs/ek/140120260804507685.pdf
7011,三菱重,"Mitsubishi Heavy Industries,Ltd.",2026年度第1四半期決算説明資料,Presentation Materials of Q1 FY2026 Financial Results,2026-08-04 13:30,https://www.release.tdnet.info/inbs/140120260726599668.pdf,https://www.release.tdnet.info/inbs/ek/140120260804507685.pdf
7231,トピー工,"TOPY INDUSTRIES,LIMITED",2027年３月期 第１四半期決算短信〔日本基準〕（連結）,"Notice of Revision to Consolidated Earnings Forecast for the Second Quarter (the First Half) of the Fiscal Year Ending March 31, 2027",2026-08-04 13:30,https://www.release.tdnet.info/inbs/140120260803507058.pdf,https://www.release.tdnet.info/inbs/ek/140120260804507901.pdf
7231,トピー工,"TOPY INDUSTRIES,LIMITED",2027年３月期 第２四半期（中間期）連結業績予想の修正に関するお知らせ,"Notice of Revision to Consolidated Earnings Forecast for the Second Quarter (the First Half) of the Fiscal Year Ending March 31, 2027",2026-08-04 13:30,https://www.release.tdnet.info/inbs/140120260803507087.pdf,https://www.release.tdnet.info/inbs/ek/140120260804507901.pdf
7261,マツダ,Mazda Motor Corporation,2027年３月期 第1四半期決算短信〔日本基準〕(連結),FY March 2027 First Quarter Financial Results Presentation Documents,2026-08-04 13:30,https://www.release.tdnet.info/inbs/140120260730503923.pdf,https://www.release.tdnet.info/inbs/ek/140120260730503988.pdf
7261,マツダ,Mazda Motor Corporation,2027年３月期 第1四半期決算 プレゼンテーション資料,FY March 2027 First Quarter Financial Results Presentation Documents,2026-08-04 13:30,https://www.release.tdnet.info/inbs/140120260730503934.pdf,https://www.release.tdnet.info/inbs/ek/140120260730503988.pdf
2226,湖池屋,,2027年3月期 第1四半期決算短信〔日本基準〕(連結),"Summary of financial results for the first quarter of the fiscal year ending March 31, 2027 [Japanese GAAP] (consolidated)",2026-08-04 13:15,https://www.release.tdnet.info/inbs/140120260715594037.pdf,
2897,日清食ＨＤ,"NISSIN FOODS HOLDINGS CO.,LTD.",2027年3月期 第1四半期決算短信〔IFRS〕（連結）,Financial Results for FY 3/2027 Q1,2026-08-04 13:15,https://www.release.tdnet.info/inbs/140120260707589058.pdf,https://www.release.tdnet.info/inbs/ek/140120260804507967.pdf
2897,日清食ＨＤ,"NISSIN FOODS HOLDINGS CO.,LTD.",2027年3月期 第1四半期 決算補足資料,Financial Results for FY 3/2027 Q1,2026-08-04 13:15,https://www.release.tdnet.info/inbs/140120260803506716.pdf,https://www.release.tdnet.info/inbs/ek/140120260804507967.pdf
2897,日清食ＨＤ,"NISSIN FOODS HOLDINGS CO.,LTD.",2026年度 第1四半期 決算報告,Financial Results for FY 3/2027 Q1,2026-08-04 13:15,https://www.release.tdnet.info/inbs/140120260803506679.pdf,https://www.release.tdnet.info/inbs/ek/140120260804507967.pdf
2488,ＪＴＰ,,自己株式の取得状況に関するお知らせ,Notice regarding the status of acquisition of treasury stock,2026-08-04 13:00,https://www.release.tdnet.info/inbs/140120260804507992.pdf,
4042,東ソー,TOSOH CORPORATION,2027年３月期　第1四半期決算短信〔日本基準〕（連結）,Cumulative Financial Results for The First Three Months of Fiscal Year 2027,2026-08-04 13:00,https://www.release.tdnet.info/inbs/140120260803507517.pdf,https://www.release.tdnet.info/inbs/ek/140120260804508263.pdf
4042,東ソー,TOSOH CORPORATION,連結業績予想の修正に関するお知らせ,Cumulative Financial Results for The First Three Months of Fiscal Year 2027,2026-08-04 13:00,https://www.release.tdnet.info/inbs/140120260803507556.pdf,https://www.release.tdnet.info/inbs/ek/140120260804508263.pdf
4042,東ソー,TOSOH CORPORATION,2026年度第1四半期 決算説明資料,Cumulative Financial Results for The First Three Months of Fiscal Year 2027,2026-08-04 13:00,https://www.release.tdnet.info/inbs/140120260804508238.pdf,https://www.release.tdnet.info/inbs/ek/140120260804508263.pdf
5201,ＡＧＣ,AGC Inc.,2026年12月期 第2四半期（中間期）決算短信〔ＩＦＲＳ〕（連結）,"Presentations of Financial Results for the Six Months ended June 30, FY2026",2026-08-04 13:00,https://www.release.tdnet.info/inbs/140120260803506752.pdf,https://www.release.tdnet.info/inbs/ek/140120260804507819.pdf
5201,ＡＧＣ,AGC Inc.,2026年12月期　第2四半期　業績説明会資料,"Presentations of Financial Results for the Six Months ended June 30, FY2026",2026-08-04 13:00,https://www.release.tdnet.info/inbs/140120260803506795.pdf,https://www.release.tdnet.info/inbs/ek/140120260804507819.pdf
6101,ツガミ,TSUGAMI CORPORATION,自己株式の取得状況に関するお知らせ,Notice of Status of Acquisition of Treasury Shares,2026-08-04 13:00,https://www.release.tdnet.info/inbs/140120260803506830.pdf,https://www.release.tdnet.info/inbs/ek/140120260803506832.pdf
6364,ＡＩＲＭＡＮ,AIRMAN CORPORATION,自己株式の取得状況に関するお知らせ,Notice Concerning the Status of Purchase of Treasury Shares,2026-08-04 13:00,https://www.release.tdnet.info/inbs/140120260804507705.pdf,https://www.release.tdnet.info/inbs/ek/140120260804507789.pdf
6440,ＪＵＫＩ,JUKI CORPORATION,2026年12月期第２四半期（中間期）決算短信〔日本基準〕(連結),"Consolidated Financial Results for the Six Months Ended June 30, 2026 (Under Japanese GAAP)",2026-08-04 13:00,https://www.release.tdnet.info/inbs/140120260803506995.pdf,https://www.release.tdnet.info/inbs/ek/140120260803507166.pdf
6741,日信号,"Nippon Signal Company,Limited",2027年３月期第１四半期決算短信〔日本基準〕(連結),"Consolidated Financial Results for the Three Months Ended June 30, 2026 [Japanese GAAP]",2026-08-04 13:00,https://www.release.tdnet.info/inbs/140120260730502761.pdf,https://www.release.tdnet.info/inbs/ek/140120260804507943.pdf
7272,ヤマハ発,"Yamaha Motor Co.,Ltd.",2026年12月期第２四半期（中間期）決算短信〔ＩＦＲＳ〕（連結）,Notice Regarding Structural Reforms of the OLV Business,2026-08-04 13:00,https://www.release.tdnet.info/inbs/140120260731505942.pdf,https://www.release.tdnet.info/inbs/ek/140120260804507916.pdf
7272,ヤマハ発,"Yamaha Motor Co.,Ltd.",2026年12月期通期連結業績予想の修正に関するお知らせ,Notice Regarding Structural Reforms of the OLV Business,2026-08-04 13:00,https://www.release.tdnet.info/inbs/140120260804508030.pdf,https://www.release.tdnet.info/inbs/ek/140120260804507916.pdf
7272,ヤマハ発,"Yamaha Motor Co.,Ltd.",2026年12月期中間期 連結業績の概要について,Notice Regarding Structural Reforms of the OLV Business,2026-08-04 13:00,https://www.release.tdnet.info/inbs/140120260804507737.pdf,https://www.release.tdnet.info/inbs/ek/140120260804507916.pdf
7272,ヤマハ発,"Yamaha Motor Co.,Ltd.",OLV事業の構造改革に関するお知らせ,Notice Regarding Structural Reforms of the OLV Business,2026-08-04 13:00,https://www.release.tdnet.info/inbs/140120260803506873.pdf,https://www.release.tdnet.info/inbs/ek/140120260804507916.pdf
8085,ナラサキ,,業績予想の修正に関するお知らせ,Notice regarding revisions to performance forecasts,2026-08-04 13:00,https://www.release.tdnet.info/inbs/140120260731504592.pdf,
8085,ナラサキ,,2027年３月期　第１四半期決算短信〔日本基準〕（連結）,"First quarter financial results for the fiscal year ending March 31, 2027 [Japanese standards] (consolidated)",2026-08-04 13:00,https://www.release.tdnet.info/inbs/140120260730504104.pdf,
8095,アステナＨＤ,"Astena Holdings Co.,Ltd.",財務上の特約が付された金銭消費貸借契約の締結に関するお知らせ,Notice Regarding Conclusion of a Monetary Loan Agreement with Financial Covenants,2026-08-04 13:00,https://www.release.tdnet.info/inbs/140120260804508223.pdf,https://www.release.tdnet.info/inbs/ek/140120260804508228.pdf
1787,ナカボーテック,,自己株式立会外買付取引（ＴｏＳＴＮｅＴ－３）による自己株式の取得結果及び自己株式取得終了に関するお知らせ,Announcement regarding the results of repurchasing treasury stock through off-auction treasury stock repurchase transaction (ToSTNeT-3) and completion of treasury stock repurchase,2026-08-04 12:30,https://www.release.tdnet.info/inbs/140120260804508283.pdf,
3719,ＡＩストーム,,第三者割当により発行された行使価額修正条項付第10回新株予約権の月間行使状況に関するお知らせ,Notice regarding the monthly exercise status of the 10th stock acquisition rights with exercise price revision provisions issued through third-party allotment,2026-08-04 12:30,https://www.release.tdnet.info/inbs/140120260804508128.pdf,
6200,インソース,"Insource Co.,Ltd.",(訂正)「自己株式の取得状況に関するお知らせ」の数値訂正について,(Correction) Correction of Numerical Figures in the “Notice: Concerning the Status of Acquisition of Treasury Shares”,2026-08-04 12:30,https://www.release.tdnet.info/inbs/140120260804507958.pdf,https://www.release.tdnet.info/inbs/ek/140120260804508115.pdf
8173,Ｊｏｓｈｉｎ,Joshin Corporation,2027年３月期第２四半期（中間期）連結業績予想の修正に関するお知らせ,"Consolidated Financial Results for the First Quarter of Fiscal Year Ending March 31, 2027",2026-08-04 12:30,https://www.release.tdnet.info/inbs/140120260731505878.pdf,https://www.release.tdnet.info/inbs/ek/140120260802506009.pdf
8173,Ｊｏｓｈｉｎ,Joshin Corporation,2027年３月期第１四半期決算短信〔日本基準〕(連結),"Consolidated Financial Results for the First Quarter of Fiscal Year Ending March 31, 2027",2026-08-04 12:30,https://www.release.tdnet.info/inbs/140120260802506006.pdf,https://www.release.tdnet.info/inbs/ek/140120260802506009.pdf
8173,Ｊｏｓｈｉｎ,Joshin Corporation,2026年度（2027年3月期）第1四半期決算説明資料,"Consolidated Financial Results for the First Quarter of Fiscal Year Ending March 31, 2027",2026-08-04 12:30,https://www.release.tdnet.info/inbs/140120260802506008.pdf,https://www.release.tdnet.info/inbs/ek/140120260802506009.pdf
1557,Ｅ－ＳＳＧＡＴＣ,,State Street SPDR S&amp;P500 ETFに関する日々の開示事項,Daily disclosures for the State Street SPDR S&P500 ETF,2026-08-04 12:15,https://www.release.tdnet.info/inbs/140120260804508169.pdf,
1326,Ｅ－ワールド,,SPDRゴールド・シェアに関する日々の開示事項,Daily disclosures regarding SPDR Gold Shares,2026-08-04 12:10,https://www.release.tdnet.info/inbs/140120260804508189.pdf,
6522,Ｇ－アスタリスク,,RFIDソリューション販売開始。次世代RFIDソリューション『AsReader BOX-Type』、「coca」旗艦店への導入のお知らせ,"Started selling RFID solutions. Announcement of introduction of next-generation RFID solution ""AsReader BOX-Type"" to ""coca"" flagship store",2026-08-04 12:00,https://www.release.tdnet.info/inbs/140120260729502525.pdf,
8031,三井物産,"MITSUI & CO.,LTD.",2027年3月期 第1四半期決算短信〔ＩＦＲＳ〕（連結）,Share Repurchase and Cancellation of Treasury Stock,2026-08-04 12:00,https://www.release.tdnet.info/inbs/140120260729502559.pdf,https://www.release.tdnet.info/inbs/ek/140120260803507376.pdf
8031,三井物産,"MITSUI & CO.,LTD.",自己株式取得に係る事項の決定及び自己株式消却に係る事項の決定,Share Repurchase and Cancellation of Treasury Stock,2026-08-04 12:00,https://www.release.tdnet.info/inbs/140120260731505429.pdf,https://www.release.tdnet.info/inbs/ek/140120260803507376.pdf
8742,小林洋行,,2026年７月の月間売買実績（速報値）に関するお知らせ,Notice regarding monthly trading results (preliminary figures) for July 2026,2026-08-04 12:00,https://www.release.tdnet.info/inbs/140120260804507755.pdf,
8956,Ｒ－ＮＴＴ都市開発Ｒ,NTT UD REIT Investment Corporation,自己投資口の取得状況及び取得終了並びに消却に関するお知らせ,"Notice Concerning Status of Acquisition, Completion of Acquisition, and Cancellation of Own Investment Units",2026-08-04 12:00,https://www.release.tdnet.info/inbs/140120260804507921.pdf,https://www.release.tdnet.info/inbs/ek/140120260804507946.pdf
1349,Ｅ－ＳＳＧＡ－ＳＩＮ,,アジア国債・公債ＥＴＦ（正式名称：ＡＢＦ汎アジア債券インデックス・ファンド）に関する日々の開示事項,Daily disclosures regarding the Asian Government Bond/Government ETF (official name: ABF Pan-Asian Bond Index Fund),2026-08-04 11:55,https://www.release.tdnet.info/inbs/140120260804508095.pdf,
2070,Ｎ－三菱ＵＦＪ証ＨＤ,,上場ETN（発行者：三菱UFJ証券ホールディングス株式会社）に関する日々の開示事項,"Daily disclosure regarding listed ETN (issuer: Mitsubishi UFJ Securities Holdings Co., Ltd.)",2026-08-04 11:30,https://www.release.tdnet.info/inbs/140120260804508046.pdf,
3401,帝人,TEIJIN LIMITED,2027年3月期 第1四半期決算短信〔ＩＦＲＳ〕（連結）,Results of FY2026 1Q & Outlook for FY2026,2026-08-04 11:30,https://www.release.tdnet.info/inbs/140120260803507190.pdf,https://www.release.tdnet.info/inbs/ek/140120260803507229.pdf
3401,帝人,TEIJIN LIMITED,2026年度第1四半期決算 および 2026年度業績見通し,Results of FY2026 1Q & Outlook for FY2026,2026-08-04 11:30,https://www.release.tdnet.info/inbs/140120260803507228.pdf,https://www.release.tdnet.info/inbs/ek/140120260803507229.pdf
4206,アイカ工,"Aica Kogyo Company,Limited",2027年３月期　第１四半期決算短信〔日本基準〕（連結）,Notice Concerning the First-Half Consolidated Financial Results Forecast and Revision to the Full-Year Consolidated Financial Results Forecast,2026-08-04 11:30,https://www.release.tdnet.info/inbs/140120260803507441.pdf,https://www.release.tdnet.info/inbs/ek/140120260803507488.pdf
4206,アイカ工,"Aica Kogyo Company,Limited",2027年３月期　第１四半期決算短信補足資料,Notice Concerning the First-Half Consolidated Financial Results Forecast and Revision to the Full-Year Consolidated Financial Results Forecast,2026-08-04 11:30,https://www.release.tdnet.info/inbs/140120260803507457.pdf,https://www.release.tdnet.info/inbs/ek/140120260803507488.pdf
4206,アイカ工,"Aica Kogyo Company,Limited",配当予想の修正（増配）に関するお知らせ,Notice Concerning the First-Half Consolidated Financial Results Forecast and Revision to the Full-Year Consolidated Financial Results Forecast,2026-08-04 11:30,https://www.release.tdnet.info/inbs/140120260803507482.pdf,https://www.release.tdnet.info/inbs/ek/140120260803507488.pdf
4206,アイカ工,"Aica Kogyo Company,Limited",2027年３月期　第２四半期（累計）業績予想の公表及び通期業績予想の修正に関するお知らせ,Notice Concerning the First-Half Consolidated Financial Results Forecast and Revision to the Full-Year Consolidated Financial Results Forecast,2026-08-04 11:30,https://www.release.tdnet.info/inbs/140120260803507485.pdf,https://www.release.tdnet.info/inbs/ek/140120260803507488.pdf
8255,アクシアル,Axial Retailing Inc.,2027年３月期 第１四半期決算短信〔日本基準〕（連結）,"[Summary] Consolidated Financial Results for the Three Months Ended June 30, 2026 (Based on Japanese GAAP)",2026-08-04 11:30,https://www.release.tdnet.info/inbs/140120260720596296.pdf,https://www.release.tdnet.info/inbs/ek/140120260720596297.pdf
4992,北興化,,自己株式の取得状況に関するお知らせ,Notice regarding the status of acquisition of treasury stock,2026-08-04 11:00,https://www.release.tdnet.info/inbs/140120260804507900.pdf,
8560,宮崎太銀,,自己株式の取得状況に関するお知らせ,Notice regarding the status of acquisition of treasury stock,2026-08-04 11:00,https://www.release.tdnet.info/inbs/140120260804508001.pdf,
8766,東京海上,"Tokio Marine Holdings,Inc.",自己株式の取得状況に関するお知らせ（2026年5月20日開催の取締役会決議分）,"Announcement regarding progress and completion of the share repurchases(Based on the resolution made by the board of directors held on March 23, 2026)",2026-08-04 11:00,https://www.release.tdnet.info/inbs/140120260803507381.pdf,https://www.release.tdnet.info/inbs/ek/140120260803507358.pdf
8766,東京海上,"Tokio Marine Holdings,Inc.",自己株式の取得状況および取得終了に関するお知らせ（2026年3月23日開催の取締役会決議分）,"Announcement regarding progress and completion of the share repurchases(Based on the resolution made by the board of directors held on March 23, 2026)",2026-08-04 11:00,https://www.release.tdnet.info/inbs/140120260803507347.pdf,https://www.release.tdnet.info/inbs/ek/140120260803507358.pdf
9475,昭文社ＨＤ,,自己株式の取得状況に関するお知らせ,Notice regarding the status of acquisition of treasury stock,2026-08-04 11:00,https://www.release.tdnet.info/inbs/140120260804507915.pdf,
2185,シイエム・シイ,,自己株式の取得状況に関するお知らせ,Notice regarding the status of acquisition of treasury stock,2026-08-04 10:30,https://www.release.tdnet.info/inbs/140120260803506630.pdf,
4624,イサム塗料,,当社滋賀工場における落雷の影響に関するお知らせ,Notice regarding the impact of lightning at our Shiga factory,2026-08-04 10:30,https://www.release.tdnet.info/inbs/140120260804507843.pdf,
5285,ヤマックス,,令和８年熊本地震の影響に関するお知らせ（第2報）,Notice regarding the impact of the 2020 Kumamoto Earthquake (2nd report),2026-08-04 10:30,https://www.release.tdnet.info/inbs/140120260804507667.pdf,
1329,Ｅ－ブラックロック,,上場ETF（管理会社：ブラックロック・ジャパン）に関する日々の開示事項,Daily disclosures regarding listed ETFs (management company: BlackRock Japan),2026-08-04 10:00,https://www.release.tdnet.info/inbs/140120260804507768.pdf,
1671,Ｅ－シンプレクス,,上場ＥＴＦ(管理会社：シンプレクス・アセット・マネジメント)に関する日々の開示事項,Daily disclosures regarding listed ETFs (management company: Simplex Asset Management),2026-08-04 10:00,https://www.release.tdnet.info/inbs/140120260804507738.pdf,
8141,新光商,"Shinko Shoji Co.,Ltd.",加賀電子株式会社による当社株式に対する公開買付けの結果並びに親会社及び主要株主である筆頭株主の異動に関するお知らせ,"Notice Concerning Results of the Tender Offer for the Company Shares by Kaga Electronics Co.,Ltd.and Changes in Parent Company and Largest Shareholder",2026-08-04 10:00,https://www.release.tdnet.info/inbs/140120260804507727.pdf,https://www.release.tdnet.info/inbs/ek/140120260804507730.pdf
8154,加賀電子,"KAGA ELECTRONICS CO.,LTD.",新光商事株式会社（証券コード：8141）の普通株式に対する公開買付けの結果及び子会社の異動（特定子会社の異動）に関するお知らせ,"Notice Regarding Results of Tender Offer for Common S0hares of Shinko Shoji Co., Ltd.(Securities Code:8141) and Change in Subsidiary",2026-08-04 10:00,https://www.release.tdnet.info/inbs/140120260804507714.pdf,https://www.release.tdnet.info/inbs/ek/140120260804507719.pdf
1672,Ｅ－ＷｉｓｄｏｍＴｒ,,上場ETF（管理会社：WisdomTree、外国投資法人：CSL）に関する日々の開示事項,"Daily disclosures regarding listed ETFs (management company: WisdomTree, foreign investment corporation: CSL)",2026-08-04 09:00,https://www.release.tdnet.info/inbs/140120260730502690.pdf,
1672,Ｅ－ＷｉｓｄｏｍＴｒ,,上場ETF（管理会社：WisdomTree、外国投資法人：MSL）に関する日々の開示事項,"Daily disclosures regarding listed ETFs (management company: WisdomTree, foreign investment corporation: MSL)",2026-08-04 09:00,https://www.release.tdnet.info/inbs/140120260730502689.pdf,
4578,大塚ＨＤ,"Otsuka Holdings Co.,Ltd.",IgA腎症治療薬「VOYXACT（シベプレンリマブ）」フェーズ3試験における2年間のeGFR（推算糸球体濾過量）データを発表,Otsuka Unveils Phase3 VISIONARY Two-Year eGFR Results Demonstrating VOYXACT(sibeprenlimab-szsi) Stabilizes Kidney Function Decline in IgAN,2026-08-04 06:00,https://www.release.tdnet.info/inbs/140120260803507303.pdf,https://www.release.tdnet.info/inbs/ek/140120260803507307.pdf
